experiment_id,operation_id,assigned_at,proyecto,asesor_id,canal,prioridad,riesgo_caida,risk_band,valor_esperado_en_riesgo,accion_recomendada,eligible,experiment_arm,assignment_score,holdout_reason,data_mode
riesgo_caida_action_impact_v1,OP_0DF523E128,2026-07-05T01:23:32.267615+00:00,Torre Nápoles,ASESOR_233077BA7F,sin_clasificar,P1,0.673588,high,17782.73,Contactar en 24h y confirmar siguiente hito de cierre.,True,treatment,0.422506,,real_source:ranking_operaciones_riesgo_caida.parquet
riesgo_caida_action_impact_v1,OP_FC97E54B70,2026-07-05T01:23:32.267615+00:00,Edificio Mariategui,ASESOR_9FCF63DC91,sin_clasificar,P1,0.663772,high,62557.15,Contactar en 24h y confirmar siguiente hito de cierre.,True,control,0.828214,holdout_control_para_medir_impacto,real_source:ranking_operaciones_riesgo_caida.parquet
riesgo_caida_action_impact_v1,OP_36D3972FAB,2026-07-05T01:23:32.267615+00:00,Torre Nápoles,ASESOR_233077BA7F,sin_clasificar,P1,0.6484,high,20327.34,Contactar en 24h y confirmar siguiente hito de cierre.,True,treatment,0.035325,,real_source:ranking_operaciones_riesgo_caida.parquet
riesgo_caida_action_impact_v1,OP_E8DDFEA8D8,2026-07-05T01:23:32.267615+00:00,Tizón y Bueno,ASESOR_7B5A7F5FB0,sin_clasificar,P1,0.647325,high,83516.62,Contactar en 24h y confirmar siguiente hito de cierre.,True,control,0.982946,holdout_control_para_medir_impacto,real_source:ranking_operaciones_riesgo_caida.parquet
riesgo_caida_action_impact_v1,OP_5AEB7D7EDD,2026-07-05T01:23:32.267615+00:00,Edificio Mariategui,ASESOR_950BED165C,sin_clasificar,P1,0.634461,high,60432.4,Contactar en 24h y confirmar siguiente hito de cierre.,True,control,0.897911,holdout_control_para_medir_impacto,real_source:ranking_operaciones_riesgo_caida.parquet
riesgo_caida_action_impact_v1,OP_117AFDD23F,2026-07-05T01:23:32.267615+00:00,Tizón y Bueno,ASESOR_7B5A7F5FB0,sin_clasificar,P1,0.633747,high,80980.05,Contactar en 24h y confirmar siguiente hito de cierre.,True,treatment,0.065019,,real_source:ranking_operaciones_riesgo_caida.parquet
riesgo_caida_action_impact_v1,OP_DDB7EC200E,2026-07-05T01:23:32.267615+00:00,Tizón y Bueno,ASESOR_C6B4E60323,sin_clasificar,P1,0.632871,high,50980.16,Contactar en 24h y confirmar siguiente hito de cierre.,True,control,0.97033,holdout_control_para_medir_impacto,real_source:ranking_operaciones_riesgo_caida.parquet
riesgo_caida_action_impact_v1,OP_B68FE0C2B9,2026-07-05T01:23:32.267615+00:00,Tizón y Bueno,ASESOR_950BED165C,sin_clasificar,P1,0.632729,high,63968.9,Contactar en 24h y confirmar siguiente hito de cierre.,True,treatment,0.032821,,real_source:ranking_operaciones_riesgo_caida.parquet
riesgo_caida_action_impact_v1,OP_1507DC4B18,2026-07-05T01:23:32.267615+00:00,Tradiciones Prime,ASESOR_9FCF63DC91,sin_clasificar,P1,0.632289,high,111842.97,Contactar en 24h y confirmar siguiente hito de cierre.,True,treatment,0.418847,,real_source:ranking_operaciones_riesgo_caida.parquet
riesgo_caida_action_impact_v1,OP_0D8471BF1F,2026-07-05T01:23:32.267615+00:00,Torre Nápoles,ASESOR_233077BA7F,sin_clasificar,P1,0.631147,high,20051.54,Contactar en 24h y confirmar siguiente hito de cierre.,True,treatment,0.571255,,real_source:ranking_operaciones_riesgo_caida.parquet
riesgo_caida_action_impact_v1,OP_CBB58858C0,2026-07-05T01:23:32.267615+00:00,Sialia,ASESOR_9FCF63DC91,sin_clasificar,P1,0.630866,high,57311.32,Contactar en 24h y confirmar siguiente hito de cierre.,True,treatment,0.615128,,real_source:ranking_operaciones_riesgo_caida.parquet
riesgo_caida_action_impact_v1,OP_F0479D1991,2026-07-05T01:23:32.267615+00:00,Modena,ASESOR_E5897908D5,sin_clasificar,P1,0.629682,high,24085.34,Contactar en 24h y confirmar siguiente hito de cierre.,True,treatment,0.424897,,real_source:ranking_operaciones_riesgo_caida.parquet
riesgo_caida_action_impact_v1,OP_3BFCF51AF3,2026-07-05T01:23:32.267615+00:00,Sialia,ASESOR_1265C8A465,sin_clasificar,P1,0.628892,high,74721.85,Contactar en 24h y confirmar siguiente hito de cierre.,True,control,0.991864,holdout_control_para_medir_impacto,real_source:ranking_operaciones_riesgo_caida.parquet
riesgo_caida_action_impact_v1,OP_23E0210ACE,2026-07-05T01:23:32.267615+00:00,Torre Nápoles,ASESOR_C6B4E60323,sin_clasificar,P1,0.627211,high,16525.92,Contactar en 24h y confirmar siguiente hito de cierre.,True,treatment,0.630759,,real_source:ranking_operaciones_riesgo_caida.parquet
riesgo_caida_action_impact_v1,OP_FFB5E8B1BF,2026-07-05T01:23:32.267615+00:00,Tradiciones Prime,ASESOR_9FCF63DC91,sin_clasificar,P1,0.626983,high,93577.18,Contactar en 24h y confirmar siguiente hito de cierre.,True,treatment,0.585724,,real_source:ranking_operaciones_riesgo_caida.parquet
riesgo_caida_action_impact_v1,OP_2D6D8726D2,2026-07-05T01:23:32.267615+00:00,Torre Nápoles,ASESOR_950BED165C,sin_clasificar,P1,0.625434,high,18763.03,Contactar en 24h y confirmar siguiente hito de cierre.,True,treatment,0.222974,,real_source:ranking_operaciones_riesgo_caida.parquet
riesgo_caida_action_impact_v1,OP_85D626EEE5,2026-07-05T01:23:32.267615+00:00,Torre Nápoles,ASESOR_950BED165C,sin_clasificar,P1,0.625434,high,18293.96,Contactar en 24h y confirmar siguiente hito de cierre.,True,control,0.832294,holdout_control_para_medir_impacto,real_source:ranking_operaciones_riesgo_caida.parquet
riesgo_caida_action_impact_v1,OP_ECE239F814,2026-07-05T01:23:32.267615+00:00,Tizón y Bueno,ASESOR_950BED165C,sin_clasificar,P1,0.624462,high,47998.04,Contactar en 24h y confirmar siguiente hito de cierre.,True,treatment,0.667288,,real_source:ranking_operaciones_riesgo_caida.parquet
riesgo_caida_action_impact_v1,OP_17A2083F16,2026-07-05T01:23:32.267615+00:00,Edificio Mariategui,ASESOR_9FCF63DC91,sin_clasificar,P1,0.62442,high,53594.52,Contactar en 24h y confirmar siguiente hito de cierre.,True,control,0.889045,holdout_control_para_medir_impacto,real_source:ranking_operaciones_riesgo_caida.parquet
riesgo_caida_action_impact_v1,OP_AF5BD5B2DB,2026-07-05T01:23:32.267615+00:00,Fenix,ASESOR_7B5A7F5FB0,sin_clasificar,P1,0.624305,high,67068.74,Contactar en 24h y confirmar siguiente hito de cierre.,True,treatment,0.394219,,real_source:ranking_operaciones_riesgo_caida.parquet
riesgo_caida_action_impact_v1,OP_4A9C11399A,2026-07-05T01:23:32.267615+00:00,Sialia,ASESOR_233077BA7F,sin_clasificar,P1,0.622671,high,22042.54,Contactar en 24h y confirmar siguiente hito de cierre.,True,treatment,0.126771,,real_source:ranking_operaciones_riesgo_caida.parquet
riesgo_caida_action_impact_v1,OP_4B5069507B,2026-07-05T01:23:32.267615+00:00,Fenix,ASESOR_E05C20E0FE,sin_clasificar,P1,0.621939,high,70630.45,Contactar en 24h y confirmar siguiente hito de cierre.,True,treatment,0.653287,,real_source:ranking_operaciones_riesgo_caida.parquet
riesgo_caida_action_impact_v1,OP_55C17E6036,2026-07-05T01:23:32.267615+00:00,Tizón y Bueno,ASESOR_9FCF63DC91,sin_clasificar,P1,0.618214,high,56972.73,Contactar en 24h y confirmar siguiente hito de cierre.,True,treatment,0.198844,,real_source:ranking_operaciones_riesgo_caida.parquet
riesgo_caida_action_impact_v1,OP_BBB80946E0,2026-07-05T01:23:32.267615+00:00,Edificio Mariategui,ASESOR_950BED165C,sin_clasificar,P1,0.617538,high,52737.83,Contactar en 24h y confirmar siguiente hito de cierre.,True,control,0.711221,holdout_control_para_medir_impacto,real_source:ranking_operaciones_riesgo_caida.parquet
riesgo_caida_action_impact_v1,OP_8A5B405982,2026-07-05T01:23:32.267615+00:00,Sialia,ASESOR_950BED165C,sin_clasificar,P1,0.617486,high,54435.52,Contactar en 24h y confirmar siguiente hito de cierre.,True,control,0.743322,holdout_control_para_medir_impacto,real_source:ranking_operaciones_riesgo_caida.parquet
riesgo_caida_action_impact_v1,OP_A5B24DFB71,2026-07-05T01:23:32.267615+00:00,Capadocia,ASESOR_E5897908D5,sin_clasificar,P1,0.616564,high,69363.5,Contactar en 24h y confirmar siguiente hito de cierre.,True,treatment,0.166804,,real_source:ranking_operaciones_riesgo_caida.parquet
riesgo_caida_action_impact_v1,OP_09354A32FF,2026-07-05T01:23:32.267615+00:00,Alicanto,ASESOR_950BED165C,sin_clasificar,P1,0.615247,high,56970.86,Contactar en 24h y confirmar siguiente hito de cierre.,True,treatment,0.480756,,real_source:ranking_operaciones_riesgo_caida.parquet
riesgo_caida_action_impact_v1,OP_B9CA6C83C4,2026-07-05T01:23:32.267615+00:00,Tradiciones Prime,ASESOR_950BED165C,sin_clasificar,P1,0.615231,high,75845.0,Contactar en 24h y confirmar siguiente hito de cierre.,True,treatment,0.175351,,real_source:ranking_operaciones_riesgo_caida.parquet
riesgo_caida_action_impact_v1,OP_9ECA90CCDD,2026-07-05T01:23:32.267615+00:00,Sialia,ASESOR_9FCF63DC91,sin_clasificar,P1,0.615124,high,22720.21,Contactar en 24h y confirmar siguiente hito de cierre.,True,control,0.953528,holdout_control_para_medir_impacto,real_source:ranking_operaciones_riesgo_caida.parquet
riesgo_caida_action_impact_v1,OP_679136536C,2026-07-05T01:23:32.267615+00:00,Tizón y Bueno,ASESOR_233077BA7F,sin_clasificar,P1,0.614582,high,55128.03,Contactar en 24h y confirmar siguiente hito de cierre.,True,control,0.90944,holdout_control_para_medir_impacto,real_source:ranking_operaciones_riesgo_caida.parquet
riesgo_caida_action_impact_v1,OP_FB49869900,2026-07-05T01:23:32.267615+00:00,Edificio Mariategui,ASESOR_1265C8A465,sin_clasificar,P1,0.613096,high,59155.19,Contactar en 24h y confirmar siguiente hito de cierre.,True,treatment,0.180197,,real_source:ranking_operaciones_riesgo_caida.parquet
riesgo_caida_action_impact_v1,OP_FE6B6F5197,2026-07-05T01:23:32.267615+00:00,Tizón y Bueno,ASESOR_E5897908D5,sin_clasificar,P1,0.609551,high,54139.93,Contactar en 24h y confirmar siguiente hito de cierre.,True,control,0.794817,holdout_control_para_medir_impacto,real_source:ranking_operaciones_riesgo_caida.parquet
riesgo_caida_action_impact_v1,OP_87FFD2B963,2026-07-05T01:23:32.267615+00:00,Capadocia,ASESOR_E5897908D5,sin_clasificar,P1,0.609292,high,78141.68,Contactar en 24h y confirmar siguiente hito de cierre.,True,treatment,0.651842,,real_source:ranking_operaciones_riesgo_caida.parquet
riesgo_caida_action_impact_v1,OP_BCEFB0FE03,2026-07-05T01:23:32.267615+00:00,Edificio Mariategui,ASESOR_1265C8A465,sin_clasificar,P1,0.606134,high,53184.77,Contactar en 24h y confirmar siguiente hito de cierre.,True,control,0.715587,holdout_control_para_medir_impacto,real_source:ranking_operaciones_riesgo_caida.parquet
riesgo_caida_action_impact_v1,OP_C737755DF3,2026-07-05T01:23:32.267615+00:00,Edificio Valdizan,ASESOR_7B5A7F5FB0,sin_clasificar,P1,0.602727,high,47455.73,Contactar en 24h y confirmar siguiente hito de cierre.,True,treatment,0.262101,,real_source:ranking_operaciones_riesgo_caida.parquet
riesgo_caida_action_impact_v1,OP_6827351FF8,2026-07-05T01:23:32.267615+00:00,Torre Nápoles,ASESOR_9FCF63DC91,sin_clasificar,P1,0.599748,high,21535.32,Contactar en 24h y confirmar siguiente hito de cierre.,True,treatment,0.371805,,real_source:ranking_operaciones_riesgo_caida.parquet
riesgo_caida_action_impact_v1,OP_09E99E9638,2026-07-05T01:23:32.267615+00:00,Torre Nápoles,ASESOR_9FCF63DC91,sin_clasificar,P1,0.599748,high,19783.43,Contactar en 24h y confirmar siguiente hito de cierre.,True,treatment,0.604774,,real_source:ranking_operaciones_riesgo_caida.parquet
riesgo_caida_action_impact_v1,OP_FB774326D4,2026-07-05T01:23:32.267615+00:00,Sialia,ASESOR_E5897908D5,sin_clasificar,P1,0.598869,high,22008.44,Contactar en 24h y confirmar siguiente hito de cierre.,True,control,0.847223,holdout_control_para_medir_impacto,real_source:ranking_operaciones_riesgo_caida.parquet
riesgo_caida_action_impact_v1,OP_8FC2612D8D,2026-07-05T01:23:32.267615+00:00,Sialia,ASESOR_950BED165C,sin_clasificar,P1,0.597807,high,23447.19,Contactar en 24h y confirmar siguiente hito de cierre.,True,control,0.810095,holdout_control_para_medir_impacto,real_source:ranking_operaciones_riesgo_caida.parquet
riesgo_caida_action_impact_v1,OP_AE51023B0C,2026-07-05T01:23:32.267615+00:00,Alicanto,ASESOR_233077BA7F,sin_clasificar,P1,0.596297,high,47960.18,Contactar en 24h y confirmar siguiente hito de cierre.,True,treatment,0.164088,,real_source:ranking_operaciones_riesgo_caida.parquet
riesgo_caida_action_impact_v1,OP_3ECF71FAC4,2026-07-05T01:23:32.267615+00:00,Tizón y Bueno,ASESOR_C6B4E60323,sin_clasificar,P1,0.596205,high,48203.17,Contactar en 24h y confirmar siguiente hito de cierre.,True,control,0.716093,holdout_control_para_medir_impacto,real_source:ranking_operaciones_riesgo_caida.parquet
riesgo_caida_action_impact_v1,OP_1EB3A6F13A,2026-07-05T01:23:32.267615+00:00,Tizón y Bueno,ASESOR_1265C8A465,sin_clasificar,P1,0.592285,high,45567.02,Contactar en 24h y confirmar siguiente hito de cierre.,True,treatment,0.27844,,real_source:ranking_operaciones_riesgo_caida.parquet
riesgo_caida_action_impact_v1,OP_709AB61855,2026-07-05T01:23:32.267615+00:00,Modena,ASESOR_E5897908D5,sin_clasificar,P1,0.591933,high,22197.48,Contactar en 24h y confirmar siguiente hito de cierre.,True,treatment,0.430031,,real_source:ranking_operaciones_riesgo_caida.parquet
riesgo_caida_action_impact_v1,OP_C758B19EEC,2026-07-05T01:23:32.267615+00:00,Edificio Valdizan,ASESOR_1265C8A465,sin_clasificar,P1,0.589331,high,54122.65,Contactar en 24h y confirmar siguiente hito de cierre.,True,control,0.848404,holdout_control_para_medir_impacto,real_source:ranking_operaciones_riesgo_caida.parquet
riesgo_caida_action_impact_v1,OP_5AA8050BB5,2026-07-05T01:23:32.267615+00:00,Torre Nápoles,ASESOR_E5897908D5,sin_clasificar,P1,0.588824,high,19872.82,Contactar en 24h y confirmar siguiente hito de cierre.,True,treatment,0.670928,,real_source:ranking_operaciones_riesgo_caida.parquet
riesgo_caida_action_impact_v1,OP_8A2CA303BF,2026-07-05T01:23:32.267615+00:00,Sialia,ASESOR_7B5A7F5FB0,sin_clasificar,P1,0.588774,high,44806.02,Contactar en 24h y confirmar siguiente hito de cierre.,True,treatment,0.068192,,real_source:ranking_operaciones_riesgo_caida.parquet
riesgo_caida_action_impact_v1,OP_C05595CD26,2026-07-05T01:23:32.267615+00:00,Edificio Valdizan,ASESOR_7B5A7F5FB0,sin_clasificar,P1,0.588358,high,44126.81,Contactar en 24h y confirmar siguiente hito de cierre.,True,treatment,0.50998,,real_source:ranking_operaciones_riesgo_caida.parquet
riesgo_caida_action_impact_v1,OP_9E2ECB1AC5,2026-07-05T01:23:32.267615+00:00,Alicanto,ASESOR_7B5A7F5FB0,sin_clasificar,P1,0.588203,high,45210.63,Contactar en 24h y confirmar siguiente hito de cierre.,True,control,0.70115,holdout_control_para_medir_impacto,real_source:ranking_operaciones_riesgo_caida.parquet
riesgo_caida_action_impact_v1,OP_F5A9EB3521,2026-07-05T01:23:32.267615+00:00,Torre Nápoles,ASESOR_E5897908D5,sin_clasificar,P1,0.587668,high,16572.23,Contactar en 24h y confirmar siguiente hito de cierre.,True,treatment,0.131362,,real_source:ranking_operaciones_riesgo_caida.parquet
riesgo_caida_action_impact_v1,OP_3F8D96FFBF,2026-07-05T01:23:32.267615+00:00,Sialia,ASESOR_7B5A7F5FB0,sin_clasificar,P1,0.587456,high,23424.01,Contactar en 24h y confirmar siguiente hito de cierre.,True,treatment,0.238541,,real_source:ranking_operaciones_riesgo_caida.parquet
riesgo_caida_action_impact_v1,OP_AC1930B795,2026-07-05T01:23:32.267615+00:00,Sialia,ASESOR_950BED165C,sin_clasificar,P1,0.587446,high,21123.38,Contactar en 24h y confirmar siguiente hito de cierre.,True,treatment,0.141593,,real_source:ranking_operaciones_riesgo_caida.parquet
riesgo_caida_action_impact_v1,OP_76D2A9D606,2026-07-05T01:23:32.267615+00:00,Edificio Mariategui,ASESOR_7B5A7F5FB0,sin_clasificar,P1,0.587383,high,54363.92,Contactar en 24h y confirmar siguiente hito de cierre.,True,treatment,0.531279,,real_source:ranking_operaciones_riesgo_caida.parquet
riesgo_caida_action_impact_v1,OP_FC8EC50993,2026-07-05T01:23:32.267615+00:00,Torre Nápoles,ASESOR_C6B4E60323,sin_clasificar,P1,0.586452,high,20785.05,Contactar en 24h y confirmar siguiente hito de cierre.,True,treatment,0.34307,,real_source:ranking_operaciones_riesgo_caida.parquet
riesgo_caida_action_impact_v1,OP_4D054A6F1F,2026-07-05T01:23:32.267615+00:00,Tizón y Bueno,ASESOR_F59A4378D8,sin_clasificar,P1,0.584755,high,48740.99,Contactar en 24h y confirmar siguiente hito de cierre.,True,treatment,0.257758,,real_source:ranking_operaciones_riesgo_caida.parquet
riesgo_caida_action_impact_v1,OP_B60346AD96,2026-07-05T01:23:32.267615+00:00,Fenix,ASESOR_7B5A7F5FB0,sin_clasificar,P1,0.58468,high,47905.56,Contactar en 24h y confirmar siguiente hito de cierre.,True,treatment,0.363148,,real_source:ranking_operaciones_riesgo_caida.parquet
riesgo_caida_action_impact_v1,OP_14688E949B,2026-07-05T01:23:32.267615+00:00,Torre Nápoles,ASESOR_F59A4378D8,sin_clasificar,P1,0.584224,high,17964.87,Contactar en 24h y confirmar siguiente hito de cierre.,True,control,0.885045,holdout_control_para_medir_impacto,real_source:ranking_operaciones_riesgo_caida.parquet
riesgo_caida_action_impact_v1,OP_C258C88379,2026-07-05T01:23:32.267615+00:00,Alicanto,ASESOR_9FCF63DC91,sin_clasificar,P1,0.583324,high,22308.68,Contactar en 24h y confirmar siguiente hito de cierre.,True,treatment,0.359764,,real_source:ranking_operaciones_riesgo_caida.parquet
riesgo_caida_action_impact_v1,OP_A9977185F0,2026-07-05T01:23:32.267615+00:00,Torre Nápoles,ASESOR_DA48A4F817,sin_clasificar,P1,0.582543,high,17781.04,Contactar en 24h y confirmar siguiente hito de cierre.,True,treatment,0.476293,,real_source:ranking_operaciones_riesgo_caida.parquet
riesgo_caida_action_impact_v1,OP_C889EAA3D7,2026-07-05T01:23:32.267615+00:00,Edificio Valdizan,ASESOR_1265C8A465,sin_clasificar,P1,0.582534,high,50116.88,Contactar en 24h y confirmar siguiente hito de cierre.,True,treatment,0.13344,,real_source:ranking_operaciones_riesgo_caida.parquet
riesgo_caida_action_impact_v1,OP_1EB8C654B0,2026-07-05T01:23:32.267615+00:00,Capadocia,ASESOR_C6B4E60323,sin_clasificar,P1,0.580165,high,57488.5,Contactar en 24h y confirmar siguiente hito de cierre.,True,treatment,0.580792,,real_source:ranking_operaciones_riesgo_caida.parquet
riesgo_caida_action_impact_v1,OP_C0FDDD0D09,2026-07-05T01:23:32.267615+00:00,Fenix,ASESOR_7B5A7F5FB0,sin_clasificar,P1,0.579692,high,54341.07,Contactar en 24h y confirmar siguiente hito de cierre.,True,treatment,0.30605,,real_source:ranking_operaciones_riesgo_caida.parquet
riesgo_caida_action_impact_v1,OP_1B6E4BF153,2026-07-05T01:23:32.267615+00:00,Fenix,ASESOR_950BED165C,sin_clasificar,P1,0.579213,high,46047.44,Contactar en 24h y confirmar siguiente hito de cierre.,True,treatment,0.065072,,real_source:ranking_operaciones_riesgo_caida.parquet
riesgo_caida_action_impact_v1,OP_564BEC7E7D,2026-07-05T01:23:32.267615+00:00,Torre Nápoles,ASESOR_DA48A4F817,sin_clasificar,P1,0.579039,high,22164.89,Contactar en 24h y confirmar siguiente hito de cierre.,True,treatment,0.310173,,real_source:ranking_operaciones_riesgo_caida.parquet
riesgo_caida_action_impact_v1,OP_F7CFE0334C,2026-07-05T01:23:32.267615+00:00,Modena,ASESOR_233077BA7F,sin_clasificar,P1,0.57712,high,55516.02,Contactar en 24h y confirmar siguiente hito de cierre.,True,treatment,0.514344,,real_source:ranking_operaciones_riesgo_caida.parquet
riesgo_caida_action_impact_v1,OP_0CFE894900,2026-07-05T01:23:32.267615+00:00,Torre Nápoles,ASESOR_233077BA7F,sin_clasificar,P1,0.576425,high,24953.72,Contactar en 24h y confirmar siguiente hito de cierre.,True,treatment,0.130242,,real_source:ranking_operaciones_riesgo_caida.parquet
riesgo_caida_action_impact_v1,OP_92E3DE0EB6,2026-07-05T01:23:32.267615+00:00,Torre Nápoles,ASESOR_7B5A7F5FB0,sin_clasificar,P1,0.576008,high,19872.29,Contactar en 24h y confirmar siguiente hito de cierre.,True,treatment,0.150291,,real_source:ranking_operaciones_riesgo_caida.parquet
riesgo_caida_action_impact_v1,OP_CBE53D06E6,2026-07-05T01:23:32.267615+00:00,Alicanto,ASESOR_E5897908D5,sin_clasificar,P1,0.575545,high,43942.87,Contactar en 24h y confirmar siguiente hito de cierre.,True,treatment,0.36478,,real_source:ranking_operaciones_riesgo_caida.parquet
riesgo_caida_action_impact_v1,OP_7470459E1D,2026-07-05T01:23:32.267615+00:00,Alicanto,ASESOR_950BED165C,sin_clasificar,P1,0.574343,high,21489.9,Contactar en 24h y confirmar siguiente hito de cierre.,True,control,0.716433,holdout_control_para_medir_impacto,real_source:ranking_operaciones_riesgo_caida.parquet
riesgo_caida_action_impact_v1,OP_2E2096824F,2026-07-05T01:23:32.267615+00:00,Torre Nápoles,ASESOR_7B5A7F5FB0,sin_clasificar,P1,0.57403,high,19669.36,Contactar en 24h y confirmar siguiente hito de cierre.,True,treatment,0.16611,,real_source:ranking_operaciones_riesgo_caida.parquet
riesgo_caida_action_impact_v1,OP_21DB6B88EA,2026-07-05T01:23:32.267615+00:00,Edificio Mariategui,ASESOR_1265C8A465,sin_clasificar,P1,0.572706,high,50157.85,Contactar en 24h y confirmar siguiente hito de cierre.,True,treatment,0.469945,,real_source:ranking_operaciones_riesgo_caida.parquet
riesgo_caida_action_impact_v1,OP_B453623583,2026-07-05T01:23:32.267615+00:00,Alicanto,ASESOR_7B5A7F5FB0,sin_clasificar,P1,0.571085,high,48085.62,Contactar en 24h y confirmar siguiente hito de cierre.,True,treatment,0.610891,,real_source:ranking_operaciones_riesgo_caida.parquet
riesgo_caida_action_impact_v1,OP_01B558E5E9,2026-07-05T01:23:32.267615+00:00,Edificio Urbanzen,ASESOR_950BED165C,sin_clasificar,P1,0.571034,high,59958.58,Contactar en 24h y confirmar siguiente hito de cierre.,True,treatment,0.130059,,real_source:ranking_operaciones_riesgo_caida.parquet
riesgo_caida_action_impact_v1,OP_B2B32E0AE3,2026-07-05T01:23:32.267615+00:00,Modena,ASESOR_9FCF63DC91,sin_clasificar,P1,0.570184,high,49948.84,Contactar en 24h y confirmar siguiente hito de cierre.,True,control,0.831413,holdout_control_para_medir_impacto,real_source:ranking_operaciones_riesgo_caida.parquet
riesgo_caida_action_impact_v1,OP_032FA878F6,2026-07-05T01:23:32.267615+00:00,Alicanto,ASESOR_E5897908D5,sin_clasificar,P1,0.564971,high,44358.07,Contactar en 24h y confirmar siguiente hito de cierre.,True,control,0.842622,holdout_control_para_medir_impacto,real_source:ranking_operaciones_riesgo_caida.parquet
riesgo_caida_action_impact_v1,OP_EF2CCA85D4,2026-07-05T01:23:32.267615+00:00,Tizón y Bueno,ASESOR_E5897908D5,sin_clasificar,P1,0.564583,high,38109.33,Contactar en 24h y confirmar siguiente hito de cierre.,True,treatment,0.646975,,real_source:ranking_operaciones_riesgo_caida.parquet
riesgo_caida_action_impact_v1,OP_FE727ACC29,2026-07-05T01:23:32.267615+00:00,Torre Nápoles,ASESOR_DA48A4F817,sin_clasificar,P1,0.563962,high,19119.37,Contactar en 24h y confirmar siguiente hito de cierre.,True,treatment,0.130796,,real_source:ranking_operaciones_riesgo_caida.parquet
riesgo_caida_action_impact_v1,OP_E58CCEBB9C,2026-07-05T01:23:32.267615+00:00,Edificio Mariategui,ASESOR_1265C8A465,sin_clasificar,P1,0.563334,high,51401.38,Contactar en 24h y confirmar siguiente hito de cierre.,True,treatment,0.368429,,real_source:ranking_operaciones_riesgo_caida.parquet
riesgo_caida_action_impact_v1,OP_B22BFAB2D3,2026-07-05T01:23:32.267615+00:00,Capadocia,ASESOR_233077BA7F,sin_clasificar,P1,0.561924,high,52196.71,Contactar en 24h y confirmar siguiente hito de cierre.,True,control,0.834159,holdout_control_para_medir_impacto,real_source:ranking_operaciones_riesgo_caida.parquet
riesgo_caida_action_impact_v1,OP_884FD4A870,2026-07-05T01:23:32.267615+00:00,Modena,ASESOR_7B5A7F5FB0,sin_clasificar,P1,0.561108,high,45709.28,Contactar en 24h y confirmar siguiente hito de cierre.,True,control,0.71076,holdout_control_para_medir_impacto,real_source:ranking_operaciones_riesgo_caida.parquet
riesgo_caida_action_impact_v1,OP_F1E04B5623,2026-07-05T01:23:32.267615+00:00,Alicanto,ASESOR_E5897908D5,sin_clasificar,P1,0.561072,high,24406.62,Contactar en 24h y confirmar siguiente hito de cierre.,True,treatment,0.085892,,real_source:ranking_operaciones_riesgo_caida.parquet
riesgo_caida_action_impact_v1,OP_2584CF737D,2026-07-05T01:23:32.267615+00:00,Sialia,ASESOR_DA48A4F817,sin_clasificar,P1,0.560033,high,44482.97,Contactar en 24h y confirmar siguiente hito de cierre.,True,treatment,0.490132,,real_source:ranking_operaciones_riesgo_caida.parquet
riesgo_caida_action_impact_v1,OP_B84F4F8F5B,2026-07-05T01:23:32.267615+00:00,Torre Nápoles,ASESOR_1265C8A465,sin_clasificar,P1,0.559626,high,53643.76,Contactar en 24h y confirmar siguiente hito de cierre.,True,treatment,0.543621,,real_source:ranking_operaciones_riesgo_caida.parquet
riesgo_caida_action_impact_v1,OP_63739842E9,2026-07-05T01:23:32.267615+00:00,Edificio Urbanzen,ASESOR_E5897908D5,sin_clasificar,P1,0.55739,high,54562.89,Contactar en 24h y confirmar siguiente hito de cierre.,True,control,0.946201,holdout_control_para_medir_impacto,real_source:ranking_operaciones_riesgo_caida.parquet
riesgo_caida_action_impact_v1,OP_72AA546B39,2026-07-05T01:23:32.267615+00:00,Edificio Urbanzen,ASESOR_950BED165C,sin_clasificar,P1,0.557238,high,53876.06,Contactar en 24h y confirmar siguiente hito de cierre.,True,treatment,0.315872,,real_source:ranking_operaciones_riesgo_caida.parquet
riesgo_caida_action_impact_v1,OP_0F34610CF5,2026-07-05T01:23:32.267615+00:00,Edificio Urbanzen,ASESOR_CF9D39A66F,sin_clasificar,P1,0.55696,high,50349.91,Contactar en 24h y confirmar siguiente hito de cierre.,True,treatment,0.405753,,real_source:ranking_operaciones_riesgo_caida.parquet
riesgo_caida_action_impact_v1,OP_C0BA29CAE8,2026-07-05T01:23:32.267615+00:00,Edificio Urbanzen,ASESOR_950BED165C,sin_clasificar,P1,0.556764,high,48909.9,Contactar en 24h y confirmar siguiente hito de cierre.,True,treatment,0.591881,,real_source:ranking_operaciones_riesgo_caida.parquet
riesgo_caida_action_impact_v1,OP_66C78BE34A,2026-07-05T01:23:32.267615+00:00,Capadocia,ASESOR_7B5A7F5FB0,sin_clasificar,P1,0.5565,high,53582.57,Contactar en 24h y confirmar siguiente hito de cierre.,True,treatment,0.413175,,real_source:ranking_operaciones_riesgo_caida.parquet
riesgo_caida_action_impact_v1,OP_72F9F254EF,2026-07-05T01:23:32.267615+00:00,Tizón y Bueno,ASESOR_233077BA7F,sin_clasificar,P1,0.555031,high,36994.62,Contactar en 24h y confirmar siguiente hito de cierre.,True,treatment,0.336824,,real_source:ranking_operaciones_riesgo_caida.parquet
riesgo_caida_action_impact_v1,OP_D29B8F2BB3,2026-07-05T01:23:32.267615+00:00,Modena,ASESOR_233077BA7F,sin_clasificar,P1,0.553879,high,23678.34,Contactar en 24h y confirmar siguiente hito de cierre.,True,control,0.947165,holdout_control_para_medir_impacto,real_source:ranking_operaciones_riesgo_caida.parquet
riesgo_caida_action_impact_v1,OP_1B023CBF7E,2026-07-05T01:23:32.267615+00:00,Modena,ASESOR_E05C20E0FE,sin_clasificar,P1,0.553028,high,47283.92,Contactar en 24h y confirmar siguiente hito de cierre.,True,treatment,0.364102,,real_source:ranking_operaciones_riesgo_caida.parquet
riesgo_caida_action_impact_v1,OP_081DD41E60,2026-07-05T01:23:32.267615+00:00,Capadocia,ASESOR_7B5A7F5FB0,sin_clasificar,P1,0.552801,high,43755.93,Contactar en 24h y confirmar siguiente hito de cierre.,True,treatment,0.142607,,real_source:ranking_operaciones_riesgo_caida.parquet
riesgo_caida_action_impact_v1,OP_DEABCEF19C,2026-07-05T01:23:32.267615+00:00,Torre Nápoles,ASESOR_F59A4378D8,sin_clasificar,P1,0.552649,high,18188.27,Contactar en 24h y confirmar siguiente hito de cierre.,True,treatment,0.404748,,real_source:ranking_operaciones_riesgo_caida.parquet
riesgo_caida_action_impact_v1,OP_4FDC41FAFB,2026-07-05T01:23:32.267615+00:00,Edificio Urbanzen,ASESOR_C6B4E60323,sin_clasificar,P1,0.552478,high,48875.36,Contactar en 24h y confirmar siguiente hito de cierre.,True,treatment,0.070465,,real_source:ranking_operaciones_riesgo_caida.parquet
riesgo_caida_action_impact_v1,OP_2D72F6E1AD,2026-07-05T01:23:32.267615+00:00,Capadocia,ASESOR_7B5A7F5FB0,sin_clasificar,P1,0.552474,high,52163.57,Contactar en 24h y confirmar siguiente hito de cierre.,True,treatment,0.63698,,real_source:ranking_operaciones_riesgo_caida.parquet
riesgo_caida_action_impact_v1,OP_9ED30AEC5F,2026-07-05T01:23:32.267615+00:00,Modena,ASESOR_E05C20E0FE,sin_clasificar,P1,0.552433,high,48890.3,Contactar en 24h y confirmar siguiente hito de cierre.,True,treatment,0.677406,,real_source:ranking_operaciones_riesgo_caida.parquet
riesgo_caida_action_impact_v1,OP_78583102FF,2026-07-05T01:23:32.267615+00:00,Alicanto,ASESOR_CF9D39A66F,sin_clasificar,P1,0.551645,high,21754.1,Contactar en 24h y confirmar siguiente hito de cierre.,True,treatment,0.273917,,real_source:ranking_operaciones_riesgo_caida.parquet
riesgo_caida_action_impact_v1,OP_F60717332F,2026-07-05T01:23:32.267615+00:00,Modena,ASESOR_7B5A7F5FB0,sin_clasificar,P1,0.550766,high,23844.96,Contactar en 24h y confirmar siguiente hito de cierre.,True,treatment,0.455982,,real_source:ranking_operaciones_riesgo_caida.parquet
riesgo_caida_action_impact_v1,OP_8B515C529C,2026-07-05T01:23:32.267615+00:00,Modena,ASESOR_E5897908D5,sin_clasificar,P1,0.549489,high,54316.95,Contactar en 24h y confirmar siguiente hito de cierre.,True,treatment,0.296415,,real_source:ranking_operaciones_riesgo_caida.parquet
riesgo_caida_action_impact_v1,OP_F6D4FF0E86,2026-07-05T01:23:32.267615+00:00,Tizón y Bueno,ASESOR_7B5A7F5FB0,sin_clasificar,P1,0.549094,high,39355.53,Contactar en 24h y confirmar siguiente hito de cierre.,True,control,0.782329,holdout_control_para_medir_impacto,real_source:ranking_operaciones_riesgo_caida.parquet
riesgo_caida_action_impact_v1,OP_3AB3A2317E,2026-07-05T01:23:32.267615+00:00,Tizón y Bueno,ASESOR_9FCF63DC91,sin_clasificar,P1,0.548901,high,33157.19,Contactar en 24h y confirmar siguiente hito de cierre.,True,control,0.859715,holdout_control_para_medir_impacto,real_source:ranking_operaciones_riesgo_caida.parquet
riesgo_caida_action_impact_v1,OP_92977BE029,2026-07-05T01:23:32.267615+00:00,Alicanto,ASESOR_9FCF63DC91,sin_clasificar,P1,0.548609,high,21272.15,Contactar en 24h y confirmar siguiente hito de cierre.,True,treatment,0.397244,,real_source:ranking_operaciones_riesgo_caida.parquet
riesgo_caida_action_impact_v1,OP_D33D3526F1,2026-07-05T01:23:32.267615+00:00,Capadocia,ASESOR_E5897908D5,sin_clasificar,P1,0.548602,high,53050.69,Contactar en 24h y confirmar siguiente hito de cierre.,True,treatment,0.584331,,real_source:ranking_operaciones_riesgo_caida.parquet
riesgo_caida_action_impact_v1,OP_99E7EFF06E,2026-07-05T01:23:32.267615+00:00,Capadocia,ASESOR_E5897908D5,sin_clasificar,P1,0.548096,high,52123.89,Contactar en 24h y confirmar siguiente hito de cierre.,True,treatment,0.011517,,real_source:ranking_operaciones_riesgo_caida.parquet
riesgo_caida_action_impact_v1,OP_D378D379DD,2026-07-05T01:23:32.267615+00:00,Tizón y Bueno,ASESOR_9FCF63DC91,sin_clasificar,P1,0.548007,high,34288.89,Contactar en 24h y confirmar siguiente hito de cierre.,True,treatment,0.133179,,real_source:ranking_operaciones_riesgo_caida.parquet
riesgo_caida_action_impact_v1,OP_2EACE88E0D,2026-07-05T01:23:32.267615+00:00,Capadocia,ASESOR_1265C8A465,sin_clasificar,P1,0.546627,high,53050.15,Contactar en 24h y confirmar siguiente hito de cierre.,True,control,0.877377,holdout_control_para_medir_impacto,real_source:ranking_operaciones_riesgo_caida.parquet
riesgo_caida_action_impact_v1,OP_79F694258C,2026-07-05T01:23:32.267615+00:00,Matera,ASESOR_950BED165C,sin_clasificar,P1,0.545589,high,76219.75,Contactar en 24h y confirmar siguiente hito de cierre.,True,treatment,0.224468,,real_source:ranking_operaciones_riesgo_caida.parquet
riesgo_caida_action_impact_v1,OP_3FFC11E754,2026-07-05T01:23:32.267615+00:00,Torre Nápoles,ASESOR_E5897908D5,sin_clasificar,P1,0.544986,high,24033.88,Contactar en 24h y confirmar siguiente hito de cierre.,True,treatment,0.006209,,real_source:ranking_operaciones_riesgo_caida.parquet
riesgo_caida_action_impact_v1,OP_9D3BBD6DB9,2026-07-05T01:23:32.267615+00:00,Tizón y Bueno,ASESOR_C6B4E60323,sin_clasificar,P1,0.544408,high,39319.9,Contactar en 24h y confirmar siguiente hito de cierre.,True,control,0.916326,holdout_control_para_medir_impacto,real_source:ranking_operaciones_riesgo_caida.parquet
riesgo_caida_action_impact_v1,OP_CFD03D3E0B,2026-07-05T01:23:32.267615+00:00,Sialia,ASESOR_233077BA7F,sin_clasificar,P1,0.544365,high,33070.17,Contactar en 24h y confirmar siguiente hito de cierre.,True,treatment,0.191023,,real_source:ranking_operaciones_riesgo_caida.parquet
riesgo_caida_action_impact_v1,OP_CEEA3B5AEF,2026-07-05T01:23:32.267615+00:00,Capadocia,ASESOR_7B5A7F5FB0,sin_clasificar,P1,0.544168,high,48566.89,Contactar en 24h y confirmar siguiente hito de cierre.,True,treatment,0.519696,,real_source:ranking_operaciones_riesgo_caida.parquet
riesgo_caida_action_impact_v1,OP_09F493191B,2026-07-05T01:23:32.267615+00:00,Edificio Urbanzen,ASESOR_C6B4E60323,sin_clasificar,P1,0.543457,high,45780.84,Contactar en 24h y confirmar siguiente hito de cierre.,True,treatment,0.529933,,real_source:ranking_operaciones_riesgo_caida.parquet
riesgo_caida_action_impact_v1,OP_51DBAD0494,2026-07-05T01:23:32.267615+00:00,Capadocia,ASESOR_950BED165C,sin_clasificar,P1,0.542917,high,44017.59,Contactar en 24h y confirmar siguiente hito de cierre.,True,treatment,0.4093,,real_source:ranking_operaciones_riesgo_caida.parquet
riesgo_caida_action_impact_v1,OP_24395CB4B5,2026-07-05T01:23:32.267615+00:00,Edificio Urbanzen,ASESOR_233077BA7F,sin_clasificar,P1,0.542569,high,51679.7,Contactar en 24h y confirmar siguiente hito de cierre.,True,control,0.710861,holdout_control_para_medir_impacto,real_source:ranking_operaciones_riesgo_caida.parquet
riesgo_caida_action_impact_v1,OP_D255F416AA,2026-07-05T01:23:32.267615+00:00,Sialia,ASESOR_233077BA7F,sin_clasificar,P1,0.54253,high,31819.4,Contactar en 24h y confirmar siguiente hito de cierre.,True,treatment,0.630045,,real_source:ranking_operaciones_riesgo_caida.parquet
riesgo_caida_action_impact_v1,OP_089436D81C,2026-07-05T01:23:32.267615+00:00,Tizón y Bueno,ASESOR_E05C20E0FE,sin_clasificar,P1,0.541755,high,32674.58,Contactar en 24h y confirmar siguiente hito de cierre.,True,treatment,0.507799,,real_source:ranking_operaciones_riesgo_caida.parquet
riesgo_caida_action_impact_v1,OP_7AD73554C7,2026-07-05T01:23:32.267615+00:00,Tizón y Bueno,ASESOR_1265C8A465,sin_clasificar,P1,0.541107,high,43802.12,Contactar en 24h y confirmar siguiente hito de cierre.,True,control,0.835576,holdout_control_para_medir_impacto,real_source:ranking_operaciones_riesgo_caida.parquet
riesgo_caida_action_impact_v1,OP_B87CB710E2,2026-07-05T01:23:32.267615+00:00,Tizón y Bueno,ASESOR_1265C8A465,sin_clasificar,P1,0.540988,high,41953.63,Contactar en 24h y confirmar siguiente hito de cierre.,True,control,0.80025,holdout_control_para_medir_impacto,real_source:ranking_operaciones_riesgo_caida.parquet
riesgo_caida_action_impact_v1,OP_C87598B86B,2026-07-05T01:23:32.267615+00:00,Sialia,ASESOR_233077BA7F,sin_clasificar,P1,0.540439,high,33593.67,Contactar en 24h y confirmar siguiente hito de cierre.,True,treatment,0.412695,,real_source:ranking_operaciones_riesgo_caida.parquet
riesgo_caida_action_impact_v1,OP_2EF88ABD0B,2026-07-05T01:23:32.267615+00:00,Sialia,ASESOR_7B5A7F5FB0,sin_clasificar,P1,0.540174,high,37624.27,Contactar en 24h y confirmar siguiente hito de cierre.,True,treatment,0.676939,,real_source:ranking_operaciones_riesgo_caida.parquet
riesgo_caida_action_impact_v1,OP_35B63EF665,2026-07-05T01:23:32.267615+00:00,Tizón y Bueno,ASESOR_9FCF63DC91,sin_clasificar,P1,0.539624,high,36408.26,Contactar en 24h y confirmar siguiente hito de cierre.,True,control,0.789077,holdout_control_para_medir_impacto,real_source:ranking_operaciones_riesgo_caida.parquet
riesgo_caida_action_impact_v1,OP_D2CB056E7D,2026-07-05T01:23:32.267615+00:00,Edificio Urbanzen,ASESOR_4A5D5CDFC6,sin_clasificar,P1,0.539477,high,24276.48,Contactar en 24h y confirmar siguiente hito de cierre.,True,treatment,0.643429,,real_source:ranking_operaciones_riesgo_caida.parquet
riesgo_caida_action_impact_v1,OP_16B4D17600,2026-07-05T01:23:32.267615+00:00,Edificio Urbanzen,ASESOR_7B5A7F5FB0,sin_clasificar,P1,0.53826,high,48233.51,Contactar en 24h y confirmar siguiente hito de cierre.,True,treatment,0.114538,,real_source:ranking_operaciones_riesgo_caida.parquet
riesgo_caida_action_impact_v1,OP_A48AF23367,2026-07-05T01:23:32.267615+00:00,Sialia,ASESOR_7B5A7F5FB0,sin_clasificar,P1,0.538229,high,39659.16,Contactar en 24h y confirmar siguiente hito de cierre.,True,control,0.75466,holdout_control_para_medir_impacto,real_source:ranking_operaciones_riesgo_caida.parquet
riesgo_caida_action_impact_v1,OP_4B09E9F2B1,2026-07-05T01:23:32.267615+00:00,Sialia,ASESOR_233077BA7F,sin_clasificar,P1,0.538078,high,30026.44,Contactar en 24h y confirmar siguiente hito de cierre.,True,treatment,0.072313,,real_source:ranking_operaciones_riesgo_caida.parquet
riesgo_caida_action_impact_v1,OP_03462BB7AE,2026-07-05T01:23:32.267615+00:00,Modena,ASESOR_7B5A7F5FB0,sin_clasificar,P1,0.537358,high,22686.18,Contactar en 24h y confirmar siguiente hito de cierre.,True,treatment,0.498061,,real_source:ranking_operaciones_riesgo_caida.parquet
riesgo_caida_action_impact_v1,OP_1B2C988B38,2026-07-05T01:23:32.267615+00:00,Edificio Urbanzen,ASESOR_DA48A4F817,sin_clasificar,P1,0.536889,high,54521.12,Contactar en 24h y confirmar siguiente hito de cierre.,True,treatment,0.033819,,real_source:ranking_operaciones_riesgo_caida.parquet
riesgo_caida_action_impact_v1,OP_FAA6850277,2026-07-05T01:23:32.267615+00:00,Sialia,ASESOR_233077BA7F,sin_clasificar,P1,0.536864,high,26091.57,Contactar en 24h y confirmar siguiente hito de cierre.,True,treatment,0.30117,,real_source:ranking_operaciones_riesgo_caida.parquet
riesgo_caida_action_impact_v1,OP_C13F7D41B6,2026-07-05T01:23:32.267615+00:00,Edificio Urbanzen,ASESOR_7B5A7F5FB0,sin_clasificar,P1,0.536238,high,51719.73,Contactar en 24h y confirmar siguiente hito de cierre.,True,treatment,0.209765,,real_source:ranking_operaciones_riesgo_caida.parquet
riesgo_caida_action_impact_v1,OP_1D079D8CC5,2026-07-05T01:23:32.267615+00:00,Tizón y Bueno,ASESOR_7B5A7F5FB0,sin_clasificar,P1,0.534494,high,34571.07,Contactar en 24h y confirmar siguiente hito de cierre.,True,control,0.892595,holdout_control_para_medir_impacto,real_source:ranking_operaciones_riesgo_caida.parquet
riesgo_caida_action_impact_v1,OP_54A61E6C35,2026-07-05T01:23:32.267615+00:00,Tizón y Bueno,ASESOR_233077BA7F,sin_clasificar,P1,0.534261,high,34988.73,Contactar en 24h y confirmar siguiente hito de cierre.,True,treatment,0.307697,,real_source:ranking_operaciones_riesgo_caida.parquet
riesgo_caida_action_impact_v1,OP_0450F8D5CA,2026-07-05T01:23:32.267615+00:00,Modena,ASESOR_7B5A7F5FB0,sin_clasificar,P1,0.534091,high,21701.92,Contactar en 24h y confirmar siguiente hito de cierre.,True,treatment,0.239526,,real_source:ranking_operaciones_riesgo_caida.parquet
riesgo_caida_action_impact_v1,OP_7F56B0356E,2026-07-05T01:23:32.267615+00:00,Edificio Valdizan,ASESOR_8618B6BE3A,sin_clasificar,P1,0.53378,high,40369.81,Contactar en 24h y confirmar siguiente hito de cierre.,True,treatment,0.428565,,real_source:ranking_operaciones_riesgo_caida.parquet
riesgo_caida_action_impact_v1,OP_D731B8B255,2026-07-05T01:23:32.267615+00:00,Sialia,ASESOR_E5897908D5,sin_clasificar,P1,0.533717,high,38039.6,Contactar en 24h y confirmar siguiente hito de cierre.,True,treatment,0.204911,,real_source:ranking_operaciones_riesgo_caida.parquet
riesgo_caida_action_impact_v1,OP_D3CDD9FAA5,2026-07-05T01:23:32.267615+00:00,Sialia,ASESOR_7B5A7F5FB0,sin_clasificar,P1,0.533682,high,35233.38,Contactar en 24h y confirmar siguiente hito de cierre.,True,treatment,0.208587,,real_source:ranking_operaciones_riesgo_caida.parquet
riesgo_caida_action_impact_v1,OP_79667A3C1D,2026-07-05T01:23:32.267615+00:00,Torre Nápoles,ASESOR_233077BA7F,sin_clasificar,P1,0.533032,high,27184.64,Contactar en 24h y confirmar siguiente hito de cierre.,True,treatment,0.141508,,real_source:ranking_operaciones_riesgo_caida.parquet
riesgo_caida_action_impact_v1,OP_68EB423A2F,2026-07-05T01:23:32.267615+00:00,Capadocia,ASESOR_7B5A7F5FB0,sin_clasificar,P1,0.532992,high,47266.66,Contactar en 24h y confirmar siguiente hito de cierre.,True,control,0.83826,holdout_control_para_medir_impacto,real_source:ranking_operaciones_riesgo_caida.parquet
riesgo_caida_action_impact_v1,OP_5AA7DFEEFE,2026-07-05T01:23:32.267615+00:00,Tizón y Bueno,ASESOR_E05C20E0FE,sin_clasificar,P1,0.531498,high,31148.76,Contactar en 24h y confirmar siguiente hito de cierre.,True,treatment,0.202066,,real_source:ranking_operaciones_riesgo_caida.parquet
riesgo_caida_action_impact_v1,OP_4C8BD3787F,2026-07-05T01:23:32.267615+00:00,Tizón y Bueno,ASESOR_7B5A7F5FB0,sin_clasificar,P1,0.531027,high,34106.59,Contactar en 24h y confirmar siguiente hito de cierre.,True,treatment,0.264852,,real_source:ranking_operaciones_riesgo_caida.parquet
riesgo_caida_action_impact_v1,OP_E2B08FC308,2026-07-05T01:23:32.267615+00:00,Modena,ASESOR_7B5A7F5FB0,sin_clasificar,P1,0.530747,high,42361.3,Contactar en 24h y confirmar siguiente hito de cierre.,True,treatment,0.452317,,real_source:ranking_operaciones_riesgo_caida.parquet
riesgo_caida_action_impact_v1,OP_EB85B49182,2026-07-05T01:23:32.267615+00:00,Tizón y Bueno,ASESOR_950BED165C,sin_clasificar,P1,0.529674,high,37269.59,Contactar en 24h y confirmar siguiente hito de cierre.,True,treatment,0.401469,,real_source:ranking_operaciones_riesgo_caida.parquet
riesgo_caida_action_impact_v1,OP_CDB0D51AF7,2026-07-05T01:23:32.267615+00:00,Tizón y Bueno,ASESOR_950BED165C,sin_clasificar,P1,0.52947,high,35993.35,Contactar en 24h y confirmar siguiente hito de cierre.,True,control,0.96584,holdout_control_para_medir_impacto,real_source:ranking_operaciones_riesgo_caida.parquet
riesgo_caida_action_impact_v1,OP_EB78FDABB5,2026-07-05T01:23:32.267615+00:00,Edificio Valdizan,ASESOR_1265C8A465,sin_clasificar,P1,0.528891,high,39666.85,Contactar en 24h y confirmar siguiente hito de cierre.,True,treatment,0.474861,,real_source:ranking_operaciones_riesgo_caida.parquet
riesgo_caida_action_impact_v1,OP_A2C58AC1A8,2026-07-05T01:23:32.267615+00:00,Alicanto,ASESOR_1265C8A465,sin_clasificar,P1,0.528832,high,41985.66,Contactar en 24h y confirmar siguiente hito de cierre.,True,control,0.710708,holdout_control_para_medir_impacto,real_source:ranking_operaciones_riesgo_caida.parquet
riesgo_caida_action_impact_v1,OP_3E69FD5F7A,2026-07-05T01:23:32.267615+00:00,Alicanto,ASESOR_E5897908D5,sin_clasificar,P1,0.528707,high,39764.06,Contactar en 24h y confirmar siguiente hito de cierre.,True,treatment,0.131252,,real_source:ranking_operaciones_riesgo_caida.parquet
riesgo_caida_action_impact_v1,OP_CA17668DD9,2026-07-05T01:23:32.267615+00:00,Edificio Urbanzen,ASESOR_7B5A7F5FB0,sin_clasificar,P1,0.528048,high,48316.36,Contactar en 24h y confirmar siguiente hito de cierre.,True,control,0.883307,holdout_control_para_medir_impacto,real_source:ranking_operaciones_riesgo_caida.parquet
riesgo_caida_action_impact_v1,OP_A4FCAF976A,2026-07-05T01:23:32.267615+00:00,Edificio Urbanzen,ASESOR_233077BA7F,sin_clasificar,P1,0.527206,high,43099.08,Contactar en 24h y confirmar siguiente hito de cierre.,True,treatment,0.441336,,real_source:ranking_operaciones_riesgo_caida.parquet
riesgo_caida_action_impact_v1,OP_2B12120F0A,2026-07-05T01:23:32.267615+00:00,Edificio Urbanzen,ASESOR_7B5A7F5FB0,sin_clasificar,P1,0.527035,high,43862.5,Contactar en 24h y confirmar siguiente hito de cierre.,True,control,0.94112,holdout_control_para_medir_impacto,real_source:ranking_operaciones_riesgo_caida.parquet
riesgo_caida_action_impact_v1,OP_620550A5AC,2026-07-05T01:23:32.267615+00:00,Edificio Urbanzen,ASESOR_950BED165C,sin_clasificar,P1,0.526197,high,47902.35,Contactar en 24h y confirmar siguiente hito de cierre.,True,treatment,0.216916,,real_source:ranking_operaciones_riesgo_caida.parquet
riesgo_caida_action_impact_v1,OP_2DD88BC53F,2026-07-05T01:23:32.267615+00:00,Sialia,ASESOR_233077BA7F,sin_clasificar,P1,0.525872,high,33942.43,Contactar en 24h y confirmar siguiente hito de cierre.,True,treatment,0.529555,,real_source:ranking_operaciones_riesgo_caida.parquet
riesgo_caida_action_impact_v1,OP_B9CFC1704D,2026-07-05T01:23:32.267615+00:00,Edificio Mariategui,ASESOR_7B5A7F5FB0,sin_clasificar,P1,0.525591,high,40702.43,Contactar en 24h y confirmar siguiente hito de cierre.,True,treatment,0.407748,,real_source:ranking_operaciones_riesgo_caida.parquet
riesgo_caida_action_impact_v1,OP_107A664595,2026-07-05T01:23:32.267615+00:00,Tizón y Bueno,ASESOR_7B5A7F5FB0,sin_clasificar,P1,0.525585,high,37201.15,Contactar en 24h y confirmar siguiente hito de cierre.,True,treatment,0.376947,,real_source:ranking_operaciones_riesgo_caida.parquet
riesgo_caida_action_impact_v1,OP_B6F3D67436,2026-07-05T01:23:32.267615+00:00,Tizón y Bueno,ASESOR_233077BA7F,sin_clasificar,P1,0.525571,high,24833.25,Contactar en 24h y confirmar siguiente hito de cierre.,True,treatment,0.512228,,real_source:ranking_operaciones_riesgo_caida.parquet
riesgo_caida_action_impact_v1,OP_B4234B73AA,2026-07-05T01:23:32.267615+00:00,Edificio Urbanzen,ASESOR_3646DCCAA1,sin_clasificar,P1,0.524776,high,44766.64,Contactar en 24h y confirmar siguiente hito de cierre.,True,treatment,0.26953,,real_source:ranking_operaciones_riesgo_caida.parquet
riesgo_caida_action_impact_v1,OP_D488795671,2026-07-05T01:23:32.267615+00:00,Edificio Mariategui,ASESOR_7B5A7F5FB0,sin_clasificar,P1,0.524198,high,41314.84,Contactar en 24h y confirmar siguiente hito de cierre.,True,treatment,0.554179,,real_source:ranking_operaciones_riesgo_caida.parquet
riesgo_caida_action_impact_v1,OP_B113934D9C,2026-07-05T01:23:32.267615+00:00,Modena,ASESOR_7B5A7F5FB0,sin_clasificar,P1,0.524041,high,44019.43,Contactar en 24h y confirmar siguiente hito de cierre.,True,treatment,0.415029,,real_source:ranking_operaciones_riesgo_caida.parquet
riesgo_caida_action_impact_v1,OP_CE03659638,2026-07-05T01:23:32.267615+00:00,Sialia,ASESOR_9FCF63DC91,sin_clasificar,P1,0.523828,high,37047.68,Contactar en 24h y confirmar siguiente hito de cierre.,True,treatment,0.373767,,real_source:ranking_operaciones_riesgo_caida.parquet
riesgo_caida_action_impact_v1,OP_27D7FBFDD7,2026-07-05T01:23:32.267615+00:00,Tizón y Bueno,ASESOR_233077BA7F,sin_clasificar,P1,0.52332,high,27866.81,Contactar en 24h y confirmar siguiente hito de cierre.,True,control,0.741853,holdout_control_para_medir_impacto,real_source:ranking_operaciones_riesgo_caida.parquet
riesgo_caida_action_impact_v1,OP_69CE3A582A,2026-07-05T01:23:32.267615+00:00,Tizón y Bueno,ASESOR_233077BA7F,sin_clasificar,P1,0.522807,high,29800.01,Contactar en 24h y confirmar siguiente hito de cierre.,True,control,0.85151,holdout_control_para_medir_impacto,real_source:ranking_operaciones_riesgo_caida.parquet
riesgo_caida_action_impact_v1,OP_191D926E75,2026-07-05T01:23:32.267615+00:00,Edificio Urbanzen,ASESOR_233077BA7F,sin_clasificar,P1,0.522375,high,25544.13,Contactar en 24h y confirmar siguiente hito de cierre.,True,treatment,0.382886,,real_source:ranking_operaciones_riesgo_caida.parquet
riesgo_caida_action_impact_v1,OP_8ECEF72401,2026-07-05T01:23:32.267615+00:00,Sialia,ASESOR_7B5A7F5FB0,sin_clasificar,P1,0.522344,high,25594.88,Contactar en 24h y confirmar siguiente hito de cierre.,True,control,0.823241,holdout_control_para_medir_impacto,real_source:ranking_operaciones_riesgo_caida.parquet
riesgo_caida_action_impact_v1,OP_A8DD9508FC,2026-07-05T01:23:32.267615+00:00,Sialia,ASESOR_233077BA7F,sin_clasificar,P1,0.521441,high,36475.87,Contactar en 24h y confirmar siguiente hito de cierre.,True,treatment,0.312821,,real_source:ranking_operaciones_riesgo_caida.parquet
riesgo_caida_action_impact_v1,OP_BBCEB95195,2026-07-05T01:23:32.267615+00:00,Modena,ASESOR_E5897908D5,sin_clasificar,P1,0.521317,high,41862.17,Contactar en 24h y confirmar siguiente hito de cierre.,True,control,0.750327,holdout_control_para_medir_impacto,real_source:ranking_operaciones_riesgo_caida.parquet
riesgo_caida_action_impact_v1,OP_5345E7F98A,2026-07-05T01:23:32.267615+00:00,Sialia,ASESOR_7B5A7F5FB0,sin_clasificar,P1,0.520696,high,31241.77,Contactar en 24h y confirmar siguiente hito de cierre.,True,treatment,0.347931,,real_source:ranking_operaciones_riesgo_caida.parquet
riesgo_caida_action_impact_v1,OP_1AFB5AC111,2026-07-05T01:23:32.267615+00:00,Alicanto,ASESOR_233077BA7F,sin_clasificar,P1,0.520528,high,38961.5,Contactar en 24h y confirmar siguiente hito de cierre.,True,treatment,0.427382,,real_source:ranking_operaciones_riesgo_caida.parquet
riesgo_caida_action_impact_v1,OP_A9AF4B782D,2026-07-05T01:23:32.267615+00:00,Tizón y Bueno,ASESOR_E05C20E0FE,sin_clasificar,P1,0.52025,high,37857.28,Contactar en 24h y confirmar siguiente hito de cierre.,True,treatment,0.329711,,real_source:ranking_operaciones_riesgo_caida.parquet
riesgo_caida_action_impact_v1,OP_EC636377A9,2026-07-05T01:23:32.267615+00:00,Edificio Mariategui,ASESOR_7B5A7F5FB0,sin_clasificar,P1,0.520134,high,42809.91,Contactar en 24h y confirmar siguiente hito de cierre.,True,treatment,0.526003,,real_source:ranking_operaciones_riesgo_caida.parquet
riesgo_caida_action_impact_v1,OP_86C8A46E3A,2026-07-05T01:23:32.267615+00:00,Edificio Urbanzen,ASESOR_7B5A7F5FB0,sin_clasificar,P1,0.519842,high,48988.94,Contactar en 24h y confirmar siguiente hito de cierre.,True,treatment,0.53535,,real_source:ranking_operaciones_riesgo_caida.parquet
riesgo_caida_action_impact_v1,OP_CFBE825681,2026-07-05T01:23:32.267615+00:00,Fenix,ASESOR_9FCF63DC91,sin_clasificar,P1,0.519421,high,38956.6,Contactar en 24h y confirmar siguiente hito de cierre.,True,control,0.942079,holdout_control_para_medir_impacto,real_source:ranking_operaciones_riesgo_caida.parquet
riesgo_caida_action_impact_v1,OP_75B2346037,2026-07-05T01:23:32.267615+00:00,Sialia,ASESOR_9FCF63DC91,sin_clasificar,P1,0.519131,high,32206.64,Contactar en 24h y confirmar siguiente hito de cierre.,True,control,0.864253,holdout_control_para_medir_impacto,real_source:ranking_operaciones_riesgo_caida.parquet
riesgo_caida_action_impact_v1,OP_55D8F118A6,2026-07-05T01:23:32.267615+00:00,Tizón y Bueno,ASESOR_7B5A7F5FB0,sin_clasificar,P1,0.518732,high,22492.92,Contactar en 24h y confirmar siguiente hito de cierre.,True,treatment,0.186584,,real_source:ranking_operaciones_riesgo_caida.parquet
riesgo_caida_action_impact_v1,OP_0D4CAF3EF9,2026-07-05T01:23:32.267615+00:00,Modena,ASESOR_9FCF63DC91,sin_clasificar,P1,0.518726,high,30112.88,Contactar en 24h y confirmar siguiente hito de cierre.,True,treatment,0.280277,,real_source:ranking_operaciones_riesgo_caida.parquet
riesgo_caida_action_impact_v1,OP_ED88C9D01E,2026-07-05T01:23:32.267615+00:00,Tizón y Bueno,ASESOR_9FCF63DC91,sin_clasificar,P1,0.518476,high,32251.78,Contactar en 24h y confirmar siguiente hito de cierre.,True,treatment,0.579643,,real_source:ranking_operaciones_riesgo_caida.parquet
riesgo_caida_action_impact_v1,OP_EEF776CDA5,2026-07-05T01:23:32.267615+00:00,Sialia,ASESOR_9FCF63DC91,sin_clasificar,P1,0.518324,high,33131.18,Contactar en 24h y confirmar siguiente hito de cierre.,True,treatment,0.613933,,real_source:ranking_operaciones_riesgo_caida.parquet
riesgo_caida_action_impact_v1,OP_C418FB2F6E,2026-07-05T01:23:32.267615+00:00,Edificio Urbanzen,ASESOR_7B5A7F5FB0,sin_clasificar,P1,0.518252,high,22932.67,Contactar en 24h y confirmar siguiente hito de cierre.,True,treatment,0.086088,,real_source:ranking_operaciones_riesgo_caida.parquet
riesgo_caida_action_impact_v1,OP_7901FBB760,2026-07-05T01:23:32.267615+00:00,Tizón y Bueno,ASESOR_4A5D5CDFC6,sin_clasificar,P1,0.518115,high,35422.91,Contactar en 24h y confirmar siguiente hito de cierre.,True,control,0.88667,holdout_control_para_medir_impacto,real_source:ranking_operaciones_riesgo_caida.parquet
riesgo_caida_action_impact_v1,OP_AD7F6D18C4,2026-07-05T01:23:32.267615+00:00,Sialia,ASESOR_7B5A7F5FB0,sin_clasificar,P1,0.518047,high,31771.0,Contactar en 24h y confirmar siguiente hito de cierre.,True,treatment,0.061308,,real_source:ranking_operaciones_riesgo_caida.parquet
riesgo_caida_action_impact_v1,OP_A382D19A92,2026-07-05T01:23:32.267615+00:00,Capadocia,ASESOR_233077BA7F,sin_clasificar,P1,0.517333,high,39106.48,Contactar en 24h y confirmar siguiente hito de cierre.,True,control,0.773649,holdout_control_para_medir_impacto,real_source:ranking_operaciones_riesgo_caida.parquet
riesgo_caida_action_impact_v1,OP_BE6401AB7F,2026-07-05T01:23:32.267615+00:00,Capadocia,ASESOR_950BED165C,sin_clasificar,P1,0.51613,high,25836.2,Contactar en 24h y confirmar siguiente hito de cierre.,True,treatment,0.658496,,real_source:ranking_operaciones_riesgo_caida.parquet
riesgo_caida_action_impact_v1,OP_CB9D6296E3,2026-07-05T01:23:32.267615+00:00,Tizón y Bueno,ASESOR_950BED165C,sin_clasificar,P1,0.515913,high,24658.74,Contactar en 24h y confirmar siguiente hito de cierre.,True,treatment,0.341244,,real_source:ranking_operaciones_riesgo_caida.parquet
riesgo_caida_action_impact_v1,OP_631326DC3B,2026-07-05T01:23:32.267615+00:00,Tizón y Bueno,ASESOR_950BED165C,sin_clasificar,P1,0.515842,high,31700.2,Contactar en 24h y confirmar siguiente hito de cierre.,True,treatment,0.522851,,real_source:ranking_operaciones_riesgo_caida.parquet
riesgo_caida_action_impact_v1,OP_65E72C441D,2026-07-05T01:23:32.267615+00:00,Modena,ASESOR_9FCF63DC91,sin_clasificar,P1,0.515795,high,32260.67,Contactar en 24h y confirmar siguiente hito de cierre.,True,treatment,0.215544,,real_source:ranking_operaciones_riesgo_caida.parquet
riesgo_caida_action_impact_v1,OP_283E92744D,2026-07-05T01:23:32.267615+00:00,Modena,ASESOR_233077BA7F,sin_clasificar,P1,0.515725,high,30309.16,Contactar en 24h y confirmar siguiente hito de cierre.,True,control,0.918502,holdout_control_para_medir_impacto,real_source:ranking_operaciones_riesgo_caida.parquet
riesgo_caida_action_impact_v1,OP_BB035FFF05,2026-07-05T01:23:32.267615+00:00,Modena,ASESOR_233077BA7F,sin_clasificar,P1,0.515725,high,30169.92,Contactar en 24h y confirmar siguiente hito de cierre.,True,treatment,0.112691,,real_source:ranking_operaciones_riesgo_caida.parquet
riesgo_caida_action_impact_v1,OP_2D642DD8E4,2026-07-05T01:23:32.267615+00:00,Torre Nápoles,ASESOR_950BED165C,sin_clasificar,P1,0.515473,high,22943.25,Contactar en 24h y confirmar siguiente hito de cierre.,True,control,0.999721,holdout_control_para_medir_impacto,real_source:ranking_operaciones_riesgo_caida.parquet
riesgo_caida_action_impact_v1,OP_636E12CE16,2026-07-05T01:23:32.267615+00:00,Tizón y Bueno,ASESOR_9FCF63DC91,sin_clasificar,P1,0.514528,high,31573.15,Contactar en 24h y confirmar siguiente hito de cierre.,True,treatment,0.438303,,real_source:ranking_operaciones_riesgo_caida.parquet
riesgo_caida_action_impact_v1,OP_24A6B51C76,2026-07-05T01:23:32.267615+00:00,Edificio Urbanzen,ASESOR_7B5A7F5FB0,sin_clasificar,P1,0.51415,high,45641.29,Contactar en 24h y confirmar siguiente hito de cierre.,True,treatment,0.545689,,real_source:ranking_operaciones_riesgo_caida.parquet
riesgo_caida_action_impact_v1,OP_509DC418E1,2026-07-05T01:23:32.267615+00:00,Tizón y Bueno,ASESOR_9FCF63DC91,sin_clasificar,P1,0.513955,high,37207.54,Contactar en 24h y confirmar siguiente hito de cierre.,True,control,0.897347,holdout_control_para_medir_impacto,real_source:ranking_operaciones_riesgo_caida.parquet
riesgo_caida_action_impact_v1,OP_5520347C84,2026-07-05T01:23:32.267615+00:00,Sialia,ASESOR_DA48A4F817,sin_clasificar,P1,0.513863,high,29395.0,Contactar en 24h y confirmar siguiente hito de cierre.,True,treatment,0.001192,,real_source:ranking_operaciones_riesgo_caida.parquet
riesgo_caida_action_impact_v1,OP_1DB0BB88AC,2026-07-05T01:23:32.267615+00:00,Sialia,ASESOR_950BED165C,sin_clasificar,P1,0.5138,high,30851.18,Contactar en 24h y confirmar siguiente hito de cierre.,True,treatment,0.068853,,real_source:ranking_operaciones_riesgo_caida.parquet
riesgo_caida_action_impact_v1,OP_0CDA497E63,2026-07-05T01:23:32.267615+00:00,Tizón y Bueno,ASESOR_233077BA7F,sin_clasificar,P1,0.512563,high,24690.53,Contactar en 24h y confirmar siguiente hito de cierre.,True,control,0.767848,holdout_control_para_medir_impacto,real_source:ranking_operaciones_riesgo_caida.parquet
riesgo_caida_action_impact_v1,OP_E0FCD09E81,2026-07-05T01:23:32.267615+00:00,Capadocia,ASESOR_1265C8A465,sin_clasificar,P1,0.512517,high,55445.76,Contactar en 24h y confirmar siguiente hito de cierre.,True,treatment,0.246066,,real_source:ranking_operaciones_riesgo_caida.parquet
riesgo_caida_action_impact_v1,OP_2909E361A7,2026-07-05T01:23:32.267615+00:00,Tizón y Bueno,ASESOR_9FCF63DC91,sin_clasificar,P1,0.510135,high,34382.84,Contactar en 24h y confirmar siguiente hito de cierre.,True,treatment,0.100055,,real_source:ranking_operaciones_riesgo_caida.parquet
riesgo_caida_action_impact_v1,OP_95B8A3AB74,2026-07-05T01:23:32.267615+00:00,Tizón y Bueno,ASESOR_9FCF63DC91,sin_clasificar,P1,0.510135,high,33350.66,Contactar en 24h y confirmar siguiente hito de cierre.,True,control,0.709877,holdout_control_para_medir_impacto,real_source:ranking_operaciones_riesgo_caida.parquet
riesgo_caida_action_impact_v1,OP_9898E496BE,2026-07-05T01:23:32.267615+00:00,Torre Nápoles,ASESOR_DA48A4F817,sin_clasificar,P1,0.509681,high,23088.52,Contactar en 24h y confirmar siguiente hito de cierre.,True,treatment,0.137696,,real_source:ranking_operaciones_riesgo_caida.parquet
riesgo_caida_action_impact_v1,OP_EC5B9C831A,2026-07-05T01:23:32.267615+00:00,Edificio Urbanzen,ASESOR_E5897908D5,sin_clasificar,P1,0.509573,high,43121.32,Contactar en 24h y confirmar siguiente hito de cierre.,True,control,0.749542,holdout_control_para_medir_impacto,real_source:ranking_operaciones_riesgo_caida.parquet
riesgo_caida_action_impact_v1,OP_E0C7A9664C,2026-07-05T01:23:32.267615+00:00,Tizón y Bueno,ASESOR_9FCF63DC91,sin_clasificar,P1,0.508664,high,31213.3,Contactar en 24h y confirmar siguiente hito de cierre.,True,control,0.800353,holdout_control_para_medir_impacto,real_source:ranking_operaciones_riesgo_caida.parquet
riesgo_caida_action_impact_v1,OP_7F3B42473C,2026-07-05T01:23:32.267615+00:00,Fenix,ASESOR_E05C20E0FE,sin_clasificar,P1,0.508514,high,22501.76,Contactar en 24h y confirmar siguiente hito de cierre.,True,treatment,0.564558,,real_source:ranking_operaciones_riesgo_caida.parquet
riesgo_caida_action_impact_v1,OP_F553232B63,2026-07-05T01:23:32.267615+00:00,Edificio Mariategui,ASESOR_7B5A7F5FB0,sin_clasificar,P1,0.508455,high,40557.28,Contactar en 24h y confirmar siguiente hito de cierre.,True,control,0.901682,holdout_control_para_medir_impacto,real_source:ranking_operaciones_riesgo_caida.parquet
riesgo_caida_action_impact_v1,OP_A286602016,2026-07-05T01:23:32.267615+00:00,Torre Nápoles,ASESOR_E5897908D5,sin_clasificar,P1,0.508196,high,23783.59,Contactar en 24h y confirmar siguiente hito de cierre.,True,control,0.706492,holdout_control_para_medir_impacto,real_source:ranking_operaciones_riesgo_caida.parquet
riesgo_caida_action_impact_v1,OP_DBD976B586,2026-07-05T01:23:32.267615+00:00,Torre Nápoles,ASESOR_E5897908D5,sin_clasificar,P1,0.508196,high,23631.14,Contactar en 24h y confirmar siguiente hito de cierre.,True,control,0.712363,holdout_control_para_medir_impacto,real_source:ranking_operaciones_riesgo_caida.parquet
riesgo_caida_action_impact_v1,OP_D342989E2A,2026-07-05T01:23:32.267615+00:00,Sialia,ASESOR_9FCF63DC91,sin_clasificar,P1,0.507759,high,33318.46,Contactar en 24h y confirmar siguiente hito de cierre.,True,treatment,0.053595,,real_source:ranking_operaciones_riesgo_caida.parquet
riesgo_caida_action_impact_v1,OP_42DC9F5AC8,2026-07-05T01:23:32.267615+00:00,Alicanto,ASESOR_233077BA7F,sin_clasificar,P1,0.507614,high,34492.38,Contactar en 24h y confirmar siguiente hito de cierre.,True,control,0.996644,holdout_control_para_medir_impacto,real_source:ranking_operaciones_riesgo_caida.parquet
riesgo_caida_action_impact_v1,OP_5D66F3D9F6,2026-07-05T01:23:32.267615+00:00,Tizón y Bueno,ASESOR_9FCF63DC91,sin_clasificar,P1,0.507536,high,35354.38,Contactar en 24h y confirmar siguiente hito de cierre.,True,control,0.787521,holdout_control_para_medir_impacto,real_source:ranking_operaciones_riesgo_caida.parquet
riesgo_caida_action_impact_v1,OP_94C634AD64,2026-07-05T01:23:32.267615+00:00,Edificio Urbanzen,ASESOR_7B5A7F5FB0,sin_clasificar,P1,0.507341,high,44653.5,Contactar en 24h y confirmar siguiente hito de cierre.,True,treatment,0.386298,,real_source:ranking_operaciones_riesgo_caida.parquet
riesgo_caida_action_impact_v1,OP_3D762BCC1B,2026-07-05T01:23:32.267615+00:00,Torre Nápoles,ASESOR_9FCF63DC91,sin_clasificar,P1,0.506442,high,23771.93,Contactar en 24h y confirmar siguiente hito de cierre.,True,treatment,0.017019,,real_source:ranking_operaciones_riesgo_caida.parquet
riesgo_caida_action_impact_v1,OP_DD1436CAC7,2026-07-05T01:23:32.267615+00:00,Torre Nápoles,ASESOR_E5897908D5,sin_clasificar,P1,0.506331,high,23924.15,Contactar en 24h y confirmar siguiente hito de cierre.,True,control,0.772523,holdout_control_para_medir_impacto,real_source:ranking_operaciones_riesgo_caida.parquet
riesgo_caida_action_impact_v1,OP_6EDF1238BF,2026-07-05T01:23:32.267615+00:00,Modena,ASESOR_233077BA7F,sin_clasificar,P1,0.505913,high,32631.39,Contactar en 24h y confirmar siguiente hito de cierre.,True,control,0.928231,holdout_control_para_medir_impacto,real_source:ranking_operaciones_riesgo_caida.parquet
riesgo_caida_action_impact_v1,OP_38012BFBD6,2026-07-05T01:23:32.267615+00:00,Matera,ASESOR_7B5A7F5FB0,sin_clasificar,P1,0.505531,high,43516.63,Contactar en 24h y confirmar siguiente hito de cierre.,True,treatment,0.142386,,real_source:ranking_operaciones_riesgo_caida.parquet
riesgo_caida_action_impact_v1,OP_09E35D8212,2026-07-05T01:23:32.267615+00:00,Sialia,ASESOR_9FCF63DC91,sin_clasificar,P1,0.505357,high,31610.07,Contactar en 24h y confirmar siguiente hito de cierre.,True,treatment,0.308099,,real_source:ranking_operaciones_riesgo_caida.parquet
riesgo_caida_action_impact_v1,OP_B4E7FD7ABA,2026-07-05T01:23:32.267615+00:00,Modena,ASESOR_E05C20E0FE,sin_clasificar,P1,0.505014,high,23744.58,Contactar en 24h y confirmar siguiente hito de cierre.,True,treatment,0.28755,,real_source:ranking_operaciones_riesgo_caida.parquet
riesgo_caida_action_impact_v1,OP_C9508289D7,2026-07-05T01:23:32.267615+00:00,Tizón y Bueno,ASESOR_7B5A7F5FB0,sin_clasificar,P1,0.505001,high,35191.64,Contactar en 24h y confirmar siguiente hito de cierre.,True,treatment,0.253596,,real_source:ranking_operaciones_riesgo_caida.parquet
riesgo_caida_action_impact_v1,OP_4CB073CA83,2026-07-05T01:23:32.267615+00:00,Fenix,ASESOR_233077BA7F,sin_clasificar,P1,0.504457,high,31016.54,Contactar en 24h y confirmar siguiente hito de cierre.,True,control,0.917635,holdout_control_para_medir_impacto,real_source:ranking_operaciones_riesgo_caida.parquet
riesgo_caida_action_impact_v1,OP_732038CA42,2026-07-05T01:23:32.267615+00:00,Torre Nápoles,ASESOR_9FCF63DC91,sin_clasificar,P1,0.50438,high,29931.4,Contactar en 24h y confirmar siguiente hito de cierre.,True,treatment,0.249837,,real_source:ranking_operaciones_riesgo_caida.parquet
riesgo_caida_action_impact_v1,OP_C302662E13,2026-07-05T01:23:32.267615+00:00,Modena,ASESOR_F59A4378D8,sin_clasificar,P1,0.503506,high,39500.03,Contactar en 24h y confirmar siguiente hito de cierre.,True,control,0.905625,holdout_control_para_medir_impacto,real_source:ranking_operaciones_riesgo_caida.parquet
riesgo_caida_action_impact_v1,OP_E631EDE32C,2026-07-05T01:23:32.267615+00:00,Fenix,ASESOR_233077BA7F,sin_clasificar,P1,0.502488,high,30119.14,Contactar en 24h y confirmar siguiente hito de cierre.,True,treatment,0.421228,,real_source:ranking_operaciones_riesgo_caida.parquet
riesgo_caida_action_impact_v1,OP_E01F054C44,2026-07-05T01:23:32.267615+00:00,Tizón y Bueno,ASESOR_CA5A1E2E4E,sin_clasificar,P1,0.502476,high,25788.17,Contactar en 24h y confirmar siguiente hito de cierre.,True,treatment,0.047991,,real_source:ranking_operaciones_riesgo_caida.parquet
riesgo_caida_action_impact_v1,OP_29E81F1DB0,2026-07-05T01:23:32.267615+00:00,Tizón y Bueno,ASESOR_233077BA7F,sin_clasificar,P1,0.502433,high,24116.78,Contactar en 24h y confirmar siguiente hito de cierre.,True,control,0.801339,holdout_control_para_medir_impacto,real_source:ranking_operaciones_riesgo_caida.parquet
riesgo_caida_action_impact_v1,OP_F5B0B41111,2026-07-05T01:23:32.267615+00:00,Edificio Urbanzen,ASESOR_7B5A7F5FB0,sin_clasificar,P1,0.502285,high,23763.54,Contactar en 24h y confirmar siguiente hito de cierre.,True,control,0.854817,holdout_control_para_medir_impacto,real_source:ranking_operaciones_riesgo_caida.parquet
riesgo_caida_action_impact_v1,OP_4026068223,2026-07-05T01:23:32.267615+00:00,Torre Nápoles,ASESOR_DA48A4F817,sin_clasificar,P1,0.501574,high,21442.27,Contactar en 24h y confirmar siguiente hito de cierre.,True,treatment,0.371926,,real_source:ranking_operaciones_riesgo_caida.parquet
riesgo_caida_action_impact_v1,OP_DAE4FDE2D5,2026-07-05T01:23:32.267615+00:00,Capadocia,ASESOR_7B5A7F5FB0,sin_clasificar,P1,0.500846,high,37915.81,Contactar en 24h y confirmar siguiente hito de cierre.,True,treatment,0.307124,,real_source:ranking_operaciones_riesgo_caida.parquet
riesgo_caida_action_impact_v1,OP_4D3AD9049E,2026-07-05T01:23:32.267615+00:00,Torre Nápoles,ASESOR_E5897908D5,sin_clasificar,P1,0.500183,high,27760.17,Contactar en 24h y confirmar siguiente hito de cierre.,True,control,0.947129,holdout_control_para_medir_impacto,real_source:ranking_operaciones_riesgo_caida.parquet
riesgo_caida_action_impact_v1,OP_52727DF709,2026-07-05T01:23:32.267615+00:00,Torre Nápoles,ASESOR_DA48A4F817,sin_clasificar,P2,0.49978,medium,20602.11,Monitorear en 72h y actualizar estado comercial.,False,not_eligible,0.412632,prioridad_no_elegible,real_source:ranking_operaciones_riesgo_caida.parquet
riesgo_caida_action_impact_v1,OP_40C8506FDD,2026-07-05T01:23:32.267615+00:00,Alicanto,ASESOR_233077BA7F,sin_clasificar,P2,0.499101,medium,27101.16,Monitorear en 72h y actualizar estado comercial.,False,not_eligible,0.62838,prioridad_no_elegible,real_source:ranking_operaciones_riesgo_caida.parquet
riesgo_caida_action_impact_v1,OP_81FD980005,2026-07-05T01:23:32.267615+00:00,Modena,ASESOR_9FCF63DC91,sin_clasificar,P2,0.498151,medium,25513.62,Monitorear en 72h y actualizar estado comercial.,False,not_eligible,0.312856,prioridad_no_elegible,real_source:ranking_operaciones_riesgo_caida.parquet
riesgo_caida_action_impact_v1,OP_7BCDCF55F6,2026-07-05T01:23:32.267615+00:00,Edificio Urbanzen,ASESOR_9FCF63DC91,sin_clasificar,P2,0.497278,medium,25314.96,Monitorear en 72h y actualizar estado comercial.,False,not_eligible,0.153118,prioridad_no_elegible,real_source:ranking_operaciones_riesgo_caida.parquet
riesgo_caida_action_impact_v1,OP_92EB2BA669,2026-07-05T01:23:32.267615+00:00,Edificio Urbanzen,ASESOR_9FCF63DC91,sin_clasificar,P2,0.497278,medium,24988.24,Monitorear en 72h y actualizar estado comercial.,False,not_eligible,0.648208,prioridad_no_elegible,real_source:ranking_operaciones_riesgo_caida.parquet
riesgo_caida_action_impact_v1,OP_4588246761,2026-07-05T01:23:32.267615+00:00,Fenix,ASESOR_9FCF63DC91,sin_clasificar,P2,0.497048,medium,29936.76,Monitorear en 72h y actualizar estado comercial.,False,not_eligible,0.622575,prioridad_no_elegible,real_source:ranking_operaciones_riesgo_caida.parquet
riesgo_caida_action_impact_v1,OP_F47BC4CAF0,2026-07-05T01:23:32.267615+00:00,Modena,ASESOR_233077BA7F,sin_clasificar,P2,0.496976,medium,31294.57,Monitorear en 72h y actualizar estado comercial.,False,not_eligible,0.037405,prioridad_no_elegible,real_source:ranking_operaciones_riesgo_caida.parquet
riesgo_caida_action_impact_v1,OP_F8133E1188,2026-07-05T01:23:32.267615+00:00,Edificio Urbanzen,ASESOR_E5897908D5,sin_clasificar,P2,0.496174,medium,40934.37,Monitorear en 72h y actualizar estado comercial.,False,not_eligible,0.239436,prioridad_no_elegible,real_source:ranking_operaciones_riesgo_caida.parquet
riesgo_caida_action_impact_v1,OP_41477A2210,2026-07-05T01:23:32.267615+00:00,Sialia,ASESOR_DA48A4F817,sin_clasificar,P2,0.496165,medium,24960.45,Monitorear en 72h y actualizar estado comercial.,False,not_eligible,0.290416,prioridad_no_elegible,real_source:ranking_operaciones_riesgo_caida.parquet
riesgo_caida_action_impact_v1,OP_A195EE7D59,2026-07-05T01:23:32.267615+00:00,Modena,ASESOR_E05C20E0FE,sin_clasificar,P2,0.495906,medium,30298.84,Monitorear en 72h y actualizar estado comercial.,False,not_eligible,0.072405,prioridad_no_elegible,real_source:ranking_operaciones_riesgo_caida.parquet
riesgo_caida_action_impact_v1,OP_F52FCCEEDE,2026-07-05T01:23:32.267615+00:00,Torre Nápoles,ASESOR_7B5A7F5FB0,sin_clasificar,P2,0.495676,medium,22954.18,Monitorear en 72h y actualizar estado comercial.,False,not_eligible,0.107945,prioridad_no_elegible,real_source:ranking_operaciones_riesgo_caida.parquet
riesgo_caida_action_impact_v1,OP_366D0D3DBE,2026-07-05T01:23:32.267615+00:00,Sialia,ASESOR_C6B4E60323,sin_clasificar,P2,0.495517,medium,23948.35,Monitorear en 72h y actualizar estado comercial.,False,not_eligible,0.91149,prioridad_no_elegible,real_source:ranking_operaciones_riesgo_caida.parquet
riesgo_caida_action_impact_v1,OP_F2D4EA85E9,2026-07-05T01:23:32.267615+00:00,Tizón y Bueno,ASESOR_950BED165C,sin_clasificar,P2,0.494916,medium,29101.06,Monitorear en 72h y actualizar estado comercial.,False,not_eligible,0.671593,prioridad_no_elegible,real_source:ranking_operaciones_riesgo_caida.parquet
riesgo_caida_action_impact_v1,OP_70FBB348BF,2026-07-05T01:23:32.267615+00:00,Fenix,ASESOR_233077BA7F,sin_clasificar,P2,0.494288,medium,25579.43,Monitorear en 72h y actualizar estado comercial.,False,not_eligible,0.125657,prioridad_no_elegible,real_source:ranking_operaciones_riesgo_caida.parquet
riesgo_caida_action_impact_v1,OP_33ABA3E4B9,2026-07-05T01:23:32.267615+00:00,Tizón y Bueno,ASESOR_E05C20E0FE,sin_clasificar,P2,0.494008,medium,34901.63,Monitorear en 72h y actualizar estado comercial.,False,not_eligible,0.427452,prioridad_no_elegible,real_source:ranking_operaciones_riesgo_caida.parquet
riesgo_caida_action_impact_v1,OP_957C43D168,2026-07-05T01:23:32.267615+00:00,Edificio Urbanzen,ASESOR_9FCF63DC91,sin_clasificar,P2,0.493641,medium,37198.21,Monitorear en 72h y actualizar estado comercial.,False,not_eligible,0.17551,prioridad_no_elegible,real_source:ranking_operaciones_riesgo_caida.parquet
riesgo_caida_action_impact_v1,OP_FFE9B3FED4,2026-07-05T01:23:32.267615+00:00,Tizón y Bueno,ASESOR_950BED165C,sin_clasificar,P2,0.493424,medium,34046.26,Monitorear en 72h y actualizar estado comercial.,False,not_eligible,0.230328,prioridad_no_elegible,real_source:ranking_operaciones_riesgo_caida.parquet
riesgo_caida_action_impact_v1,OP_13E285AA8B,2026-07-05T01:23:32.267615+00:00,Fenix,ASESOR_7B5A7F5FB0,sin_clasificar,P2,0.492585,medium,31929.38,Monitorear en 72h y actualizar estado comercial.,False,not_eligible,0.598249,prioridad_no_elegible,real_source:ranking_operaciones_riesgo_caida.parquet
riesgo_caida_action_impact_v1,OP_56CD112657,2026-07-05T01:23:32.267615+00:00,Edificio Urbanzen,ASESOR_7B5A7F5FB0,sin_clasificar,P2,0.492575,medium,26083.28,Monitorear en 72h y actualizar estado comercial.,False,not_eligible,0.041943,prioridad_no_elegible,real_source:ranking_operaciones_riesgo_caida.parquet
riesgo_caida_action_impact_v1,OP_17EE13F2AE,2026-07-05T01:23:32.267615+00:00,Edificio Urbanzen,ASESOR_DA48A4F817,sin_clasificar,P2,0.491705,medium,45175.38,Monitorear en 72h y actualizar estado comercial.,False,not_eligible,0.749792,prioridad_no_elegible,real_source:ranking_operaciones_riesgo_caida.parquet
riesgo_caida_action_impact_v1,OP_45B93E8CEE,2026-07-05T01:23:32.267615+00:00,Alicanto,ASESOR_E05C20E0FE,sin_clasificar,P2,0.491674,medium,36657.92,Monitorear en 72h y actualizar estado comercial.,False,not_eligible,0.291153,prioridad_no_elegible,real_source:ranking_operaciones_riesgo_caida.parquet
riesgo_caida_action_impact_v1,OP_F7B1CCD39E,2026-07-05T01:23:32.267615+00:00,Sialia,ASESOR_C6B4E60323,sin_clasificar,P2,0.491659,medium,24093.75,Monitorear en 72h y actualizar estado comercial.,False,not_eligible,0.120091,prioridad_no_elegible,real_source:ranking_operaciones_riesgo_caida.parquet
riesgo_caida_action_impact_v1,OP_B9C197D792,2026-07-05T01:23:32.267615+00:00,Tizón y Bueno,ASESOR_950BED165C,sin_clasificar,P2,0.49164,medium,33677.6,Monitorear en 72h y actualizar estado comercial.,False,not_eligible,0.078152,prioridad_no_elegible,real_source:ranking_operaciones_riesgo_caida.parquet
riesgo_caida_action_impact_v1,OP_187F2EA101,2026-07-05T01:23:32.267615+00:00,Tizón y Bueno,ASESOR_233077BA7F,sin_clasificar,P2,0.491559,medium,25636.68,Monitorear en 72h y actualizar estado comercial.,False,not_eligible,0.129374,prioridad_no_elegible,real_source:ranking_operaciones_riesgo_caida.parquet
riesgo_caida_action_impact_v1,OP_B7D068D30D,2026-07-05T01:23:32.267615+00:00,Tizón y Bueno,ASESOR_9FCF63DC91,sin_clasificar,P2,0.490731,medium,30916.04,Monitorear en 72h y actualizar estado comercial.,False,not_eligible,0.037161,prioridad_no_elegible,real_source:ranking_operaciones_riesgo_caida.parquet
riesgo_caida_action_impact_v1,OP_1182DBBE38,2026-07-05T01:23:32.267615+00:00,Matera,ASESOR_F59A4378D8,sin_clasificar,P2,0.489627,medium,47618.57,Monitorear en 72h y actualizar estado comercial.,False,not_eligible,0.271516,prioridad_no_elegible,real_source:ranking_operaciones_riesgo_caida.parquet
riesgo_caida_action_impact_v1,OP_04CB816228,2026-07-05T01:23:32.267615+00:00,Tizón y Bueno,ASESOR_9FCF63DC91,sin_clasificar,P2,0.489531,medium,32309.04,Monitorear en 72h y actualizar estado comercial.,False,not_eligible,0.634761,prioridad_no_elegible,real_source:ranking_operaciones_riesgo_caida.parquet
riesgo_caida_action_impact_v1,OP_3E9BC98FB4,2026-07-05T01:23:32.267615+00:00,Sialia,ASESOR_C6B4E60323,sin_clasificar,P2,0.489452,medium,27190.29,Monitorear en 72h y actualizar estado comercial.,False,not_eligible,0.821006,prioridad_no_elegible,real_source:ranking_operaciones_riesgo_caida.parquet
riesgo_caida_action_impact_v1,OP_051F24C2D1,2026-07-05T01:23:32.267615+00:00,Modena,ASESOR_E05C20E0FE,sin_clasificar,P2,0.489241,medium,36693.06,Monitorear en 72h y actualizar estado comercial.,False,not_eligible,0.714003,prioridad_no_elegible,real_source:ranking_operaciones_riesgo_caida.parquet
riesgo_caida_action_impact_v1,OP_AABC294093,2026-07-05T01:23:32.267615+00:00,Sialia,ASESOR_7B5A7F5FB0,sin_clasificar,P2,0.489038,medium,24427.47,Monitorear en 72h y actualizar estado comercial.,False,not_eligible,0.966998,prioridad_no_elegible,real_source:ranking_operaciones_riesgo_caida.parquet
riesgo_caida_action_impact_v1,OP_FBF707F689,2026-07-05T01:23:32.267615+00:00,Sialia,ASESOR_E5897908D5,sin_clasificar,P2,0.488425,medium,27473.91,Monitorear en 72h y actualizar estado comercial.,False,not_eligible,0.675795,prioridad_no_elegible,real_source:ranking_operaciones_riesgo_caida.parquet
riesgo_caida_action_impact_v1,OP_5BB7FF064C,2026-07-05T01:23:32.267615+00:00,Sialia,ASESOR_E5897908D5,sin_clasificar,P2,0.487569,medium,25597.39,Monitorear en 72h y actualizar estado comercial.,False,not_eligible,0.185454,prioridad_no_elegible,real_source:ranking_operaciones_riesgo_caida.parquet
riesgo_caida_action_impact_v1,OP_2F19B2DB34,2026-07-05T01:23:32.267615+00:00,Sialia,ASESOR_C6B4E60323,sin_clasificar,P2,0.486797,medium,24808.41,Monitorear en 72h y actualizar estado comercial.,False,not_eligible,0.174143,prioridad_no_elegible,real_source:ranking_operaciones_riesgo_caida.parquet
riesgo_caida_action_impact_v1,OP_D171317A17,2026-07-05T01:23:32.267615+00:00,Tizón y Bueno,ASESOR_7B5A7F5FB0,sin_clasificar,P2,0.486685,medium,26103.61,Monitorear en 72h y actualizar estado comercial.,False,not_eligible,0.531215,prioridad_no_elegible,real_source:ranking_operaciones_riesgo_caida.parquet
riesgo_caida_action_impact_v1,OP_7711C622FA,2026-07-05T01:23:32.267615+00:00,Tizón y Bueno,ASESOR_950BED165C,sin_clasificar,P2,0.486611,medium,24091.49,Monitorear en 72h y actualizar estado comercial.,False,not_eligible,0.075147,prioridad_no_elegible,real_source:ranking_operaciones_riesgo_caida.parquet
riesgo_caida_action_impact_v1,OP_396B7AA030,2026-07-05T01:23:32.267615+00:00,Tizón y Bueno,ASESOR_7B5A7F5FB0,sin_clasificar,P2,0.485853,medium,23504.18,Monitorear en 72h y actualizar estado comercial.,False,not_eligible,0.771627,prioridad_no_elegible,real_source:ranking_operaciones_riesgo_caida.parquet
riesgo_caida_action_impact_v1,OP_A6ED3E1D93,2026-07-05T01:23:32.267615+00:00,Fenix,ASESOR_E05C20E0FE,sin_clasificar,P2,0.485802,medium,21861.07,Monitorear en 72h y actualizar estado comercial.,False,not_eligible,0.760707,prioridad_no_elegible,real_source:ranking_operaciones_riesgo_caida.parquet
riesgo_caida_action_impact_v1,OP_95728EABF3,2026-07-05T01:23:32.267615+00:00,Fenix,ASESOR_E05C20E0FE,sin_clasificar,P2,0.485287,medium,21837.93,Monitorear en 72h y actualizar estado comercial.,False,not_eligible,0.741869,prioridad_no_elegible,real_source:ranking_operaciones_riesgo_caida.parquet
riesgo_caida_action_impact_v1,OP_51503058D5,2026-07-05T01:23:32.267615+00:00,Matera,ASESOR_1265C8A465,sin_clasificar,P2,0.484324,medium,37777.28,Monitorear en 72h y actualizar estado comercial.,False,not_eligible,0.520194,prioridad_no_elegible,real_source:ranking_operaciones_riesgo_caida.parquet
riesgo_caida_action_impact_v1,OP_BD7D02DF74,2026-07-05T01:23:32.267615+00:00,Fenix,ASESOR_4A5D5CDFC6,sin_clasificar,P2,0.484117,medium,31909.43,Monitorear en 72h y actualizar estado comercial.,False,not_eligible,0.320649,prioridad_no_elegible,real_source:ranking_operaciones_riesgo_caida.parquet
riesgo_caida_action_impact_v1,OP_56F8BD64B9,2026-07-05T01:23:32.267615+00:00,Tizón y Bueno,ASESOR_9FCF63DC91,sin_clasificar,P2,0.483824,medium,33819.29,Monitorear en 72h y actualizar estado comercial.,False,not_eligible,0.863473,prioridad_no_elegible,real_source:ranking_operaciones_riesgo_caida.parquet
riesgo_caida_action_impact_v1,OP_957C00E44B,2026-07-05T01:23:32.267615+00:00,Matera,ASESOR_7B5A7F5FB0,sin_clasificar,P2,0.483587,medium,46189.01,Monitorear en 72h y actualizar estado comercial.,False,not_eligible,0.14894,prioridad_no_elegible,real_source:ranking_operaciones_riesgo_caida.parquet
riesgo_caida_action_impact_v1,OP_65FD3CE15A,2026-07-05T01:23:32.267615+00:00,Modena,ASESOR_7B5A7F5FB0,sin_clasificar,P2,0.483361,medium,27497.66,Monitorear en 72h y actualizar estado comercial.,False,not_eligible,0.32561,prioridad_no_elegible,real_source:ranking_operaciones_riesgo_caida.parquet
riesgo_caida_action_impact_v1,OP_F55B7B6301,2026-07-05T01:23:32.267615+00:00,Capadocia,ASESOR_950BED165C,sin_clasificar,P2,0.483092,medium,24224.08,Monitorear en 72h y actualizar estado comercial.,False,not_eligible,0.489486,prioridad_no_elegible,real_source:ranking_operaciones_riesgo_caida.parquet
riesgo_caida_action_impact_v1,OP_8710F5883A,2026-07-05T01:23:32.267615+00:00,Tizón y Bueno,ASESOR_7B5A7F5FB0,sin_clasificar,P2,0.482705,medium,23839.63,Monitorear en 72h y actualizar estado comercial.,False,not_eligible,0.001893,prioridad_no_elegible,real_source:ranking_operaciones_riesgo_caida.parquet
riesgo_caida_action_impact_v1,OP_6F7FCDC174,2026-07-05T01:23:32.267615+00:00,Modena,ASESOR_233077BA7F,sin_clasificar,P2,0.481916,medium,35488.95,Monitorear en 72h y actualizar estado comercial.,False,not_eligible,0.782939,prioridad_no_elegible,real_source:ranking_operaciones_riesgo_caida.parquet
riesgo_caida_action_impact_v1,OP_5255583249,2026-07-05T01:23:32.267615+00:00,Sialia,ASESOR_DA48A4F817,sin_clasificar,P2,0.481691,medium,28440.77,Monitorear en 72h y actualizar estado comercial.,False,not_eligible,0.499492,prioridad_no_elegible,real_source:ranking_operaciones_riesgo_caida.parquet
riesgo_caida_action_impact_v1,OP_2BD43A3853,2026-07-05T01:23:32.267615+00:00,Tizón y Bueno,ASESOR_7B5A7F5FB0,sin_clasificar,P2,0.481284,medium,25383.38,Monitorear en 72h y actualizar estado comercial.,False,not_eligible,0.447138,prioridad_no_elegible,real_source:ranking_operaciones_riesgo_caida.parquet
riesgo_caida_action_impact_v1,OP_89B5FF0784,2026-07-05T01:23:32.267615+00:00,Tizón y Bueno,ASESOR_950BED165C,sin_clasificar,P2,0.48126,medium,25634.33,Monitorear en 72h y actualizar estado comercial.,False,not_eligible,0.34945,prioridad_no_elegible,real_source:ranking_operaciones_riesgo_caida.parquet
riesgo_caida_action_impact_v1,OP_A060DB3360,2026-07-05T01:23:32.267615+00:00,Edificio Saenz,ASESOR_1265C8A465,sin_clasificar,P2,0.480795,medium,44119.99,Monitorear en 72h y actualizar estado comercial.,False,not_eligible,0.162407,prioridad_no_elegible,real_source:ranking_operaciones_riesgo_caida.parquet
riesgo_caida_action_impact_v1,OP_6184053C4A,2026-07-05T01:23:32.267615+00:00,Edificio Urbanzen,ASESOR_F59A4378D8,sin_clasificar,P2,0.480359,medium,41745.13,Monitorear en 72h y actualizar estado comercial.,False,not_eligible,0.701507,prioridad_no_elegible,real_source:ranking_operaciones_riesgo_caida.parquet
riesgo_caida_action_impact_v1,OP_4CB0723BA4,2026-07-05T01:23:32.267615+00:00,Edificio Urbanzen,ASESOR_7B5A7F5FB0,sin_clasificar,P2,0.479961,medium,23398.1,Monitorear en 72h y actualizar estado comercial.,False,not_eligible,0.754105,prioridad_no_elegible,real_source:ranking_operaciones_riesgo_caida.parquet
riesgo_caida_action_impact_v1,OP_73DF8B0CF6,2026-07-05T01:23:32.267615+00:00,Tizón y Bueno,ASESOR_9FCF63DC91,sin_clasificar,P2,0.47907,medium,23077.13,Monitorear en 72h y actualizar estado comercial.,False,not_eligible,0.48252,prioridad_no_elegible,real_source:ranking_operaciones_riesgo_caida.parquet
riesgo_caida_action_impact_v1,OP_7ADC756C54,2026-07-05T01:23:32.267615+00:00,Modena,ASESOR_950BED165C,sin_clasificar,P2,0.478128,medium,30230.53,Monitorear en 72h y actualizar estado comercial.,False,not_eligible,0.775734,prioridad_no_elegible,real_source:ranking_operaciones_riesgo_caida.parquet
riesgo_caida_action_impact_v1,OP_9891E12C42,2026-07-05T01:23:32.267615+00:00,Capadocia,ASESOR_7B5A7F5FB0,sin_clasificar,P2,0.477777,medium,35833.29,Monitorear en 72h y actualizar estado comercial.,False,not_eligible,0.730111,prioridad_no_elegible,real_source:ranking_operaciones_riesgo_caida.parquet
riesgo_caida_action_impact_v1,OP_E0598381F1,2026-07-05T01:23:32.267615+00:00,Fenix,ASESOR_950BED165C,sin_clasificar,P2,0.477758,medium,27991.82,Monitorear en 72h y actualizar estado comercial.,False,not_eligible,0.226249,prioridad_no_elegible,real_source:ranking_operaciones_riesgo_caida.parquet
riesgo_caida_action_impact_v1,OP_6A4B653473,2026-07-05T01:23:32.267615+00:00,Tizón y Bueno,ASESOR_9FCF63DC91,sin_clasificar,P2,0.476996,medium,22802.47,Monitorear en 72h y actualizar estado comercial.,False,not_eligible,0.136003,prioridad_no_elegible,real_source:ranking_operaciones_riesgo_caida.parquet
riesgo_caida_action_impact_v1,OP_179BF10FAF,2026-07-05T01:23:32.267615+00:00,Torre Nápoles,ASESOR_E5897908D5,sin_clasificar,P2,0.476666,medium,25382.49,Monitorear en 72h y actualizar estado comercial.,False,not_eligible,0.935717,prioridad_no_elegible,real_source:ranking_operaciones_riesgo_caida.parquet
riesgo_caida_action_impact_v1,OP_A643F1EFFE,2026-07-05T01:23:32.267615+00:00,Torre Nápoles,ASESOR_E5897908D5,sin_clasificar,P2,0.476568,medium,25663.17,Monitorear en 72h y actualizar estado comercial.,False,not_eligible,0.768312,prioridad_no_elegible,real_source:ranking_operaciones_riesgo_caida.parquet
riesgo_caida_action_impact_v1,OP_6B1AAB63FD,2026-07-05T01:23:32.267615+00:00,Modena,ASESOR_C6B4E60323,sin_clasificar,P2,0.474582,medium,25342.67,Monitorear en 72h y actualizar estado comercial.,False,not_eligible,0.270999,prioridad_no_elegible,real_source:ranking_operaciones_riesgo_caida.parquet
riesgo_caida_action_impact_v1,OP_B6C702B463,2026-07-05T01:23:32.267615+00:00,Fenix,ASESOR_9FCF63DC91,sin_clasificar,P2,0.474537,medium,30164.63,Monitorear en 72h y actualizar estado comercial.,False,not_eligible,0.589846,prioridad_no_elegible,real_source:ranking_operaciones_riesgo_caida.parquet
riesgo_caida_action_impact_v1,OP_C484112CF5,2026-07-05T01:23:32.267615+00:00,Modena,ASESOR_E05C20E0FE,sin_clasificar,P2,0.474118,medium,34117.21,Monitorear en 72h y actualizar estado comercial.,False,not_eligible,0.138069,prioridad_no_elegible,real_source:ranking_operaciones_riesgo_caida.parquet
riesgo_caida_action_impact_v1,OP_CA6249CF4D,2026-07-05T01:23:32.267615+00:00,Tizón y Bueno,ASESOR_E05C20E0FE,sin_clasificar,P2,0.474093,medium,25979.87,Monitorear en 72h y actualizar estado comercial.,False,not_eligible,0.730408,prioridad_no_elegible,real_source:ranking_operaciones_riesgo_caida.parquet
riesgo_caida_action_impact_v1,OP_547F4CF93E,2026-07-05T01:23:32.267615+00:00,Fenix,ASESOR_E5897908D5,sin_clasificar,P2,0.474061,medium,32496.85,Monitorear en 72h y actualizar estado comercial.,False,not_eligible,0.836954,prioridad_no_elegible,real_source:ranking_operaciones_riesgo_caida.parquet
riesgo_caida_action_impact_v1,OP_3E04CC4787,2026-07-05T01:23:32.267615+00:00,Modena,ASESOR_E5897908D5,sin_clasificar,P2,0.473766,medium,24162.05,Monitorear en 72h y actualizar estado comercial.,False,not_eligible,0.855576,prioridad_no_elegible,real_source:ranking_operaciones_riesgo_caida.parquet
riesgo_caida_action_impact_v1,OP_0A73398294,2026-07-05T01:23:32.267615+00:00,Modena,ASESOR_950BED165C,sin_clasificar,P2,0.473619,medium,23508.6,Monitorear en 72h y actualizar estado comercial.,False,not_eligible,0.525006,prioridad_no_elegible,real_source:ranking_operaciones_riesgo_caida.parquet
riesgo_caida_action_impact_v1,OP_D26B0BD59B,2026-07-05T01:23:32.267615+00:00,Fenix,ASESOR_9FCF63DC91,sin_clasificar,P2,0.473047,medium,30405.69,Monitorear en 72h y actualizar estado comercial.,False,not_eligible,0.151248,prioridad_no_elegible,real_source:ranking_operaciones_riesgo_caida.parquet
riesgo_caida_action_impact_v1,OP_D63FDCB06D,2026-07-05T01:23:32.267615+00:00,Capadocia,ASESOR_9FCF63DC91,sin_clasificar,P2,0.473022,medium,32254.16,Monitorear en 72h y actualizar estado comercial.,False,not_eligible,0.347274,prioridad_no_elegible,real_source:ranking_operaciones_riesgo_caida.parquet
riesgo_caida_action_impact_v1,OP_376BBEAE75,2026-07-05T01:23:32.267615+00:00,Modena,ASESOR_C6B4E60323,sin_clasificar,P2,0.472939,medium,26248.14,Monitorear en 72h y actualizar estado comercial.,False,not_eligible,0.785033,prioridad_no_elegible,real_source:ranking_operaciones_riesgo_caida.parquet
riesgo_caida_action_impact_v1,OP_CD076CB063,2026-07-05T01:23:32.267615+00:00,Edificio Urbanzen,ASESOR_1265C8A465,sin_clasificar,P2,0.472791,medium,42380.97,Monitorear en 72h y actualizar estado comercial.,False,not_eligible,0.115639,prioridad_no_elegible,real_source:ranking_operaciones_riesgo_caida.parquet
riesgo_caida_action_impact_v1,OP_B21994DFAC,2026-07-05T01:23:32.267615+00:00,Torre Nápoles,ASESOR_CF9D39A66F,sin_clasificar,P2,0.472479,medium,25652.58,Monitorear en 72h y actualizar estado comercial.,False,not_eligible,0.551092,prioridad_no_elegible,real_source:ranking_operaciones_riesgo_caida.parquet
riesgo_caida_action_impact_v1,OP_96136E2247,2026-07-05T01:23:32.267615+00:00,Fenix,ASESOR_E5897908D5,sin_clasificar,P2,0.471855,medium,33195.01,Monitorear en 72h y actualizar estado comercial.,False,not_eligible,0.876773,prioridad_no_elegible,real_source:ranking_operaciones_riesgo_caida.parquet
riesgo_caida_action_impact_v1,OP_2F54F924BD,2026-07-05T01:23:32.267615+00:00,Fenix,ASESOR_E05C20E0FE,sin_clasificar,P2,0.471689,medium,33259.38,Monitorear en 72h y actualizar estado comercial.,False,not_eligible,0.08929,prioridad_no_elegible,real_source:ranking_operaciones_riesgo_caida.parquet
riesgo_caida_action_impact_v1,OP_38661B0307,2026-07-05T01:23:32.267615+00:00,Fenix,ASESOR_E05C20E0FE,sin_clasificar,P2,0.471034,medium,27555.51,Monitorear en 72h y actualizar estado comercial.,False,not_eligible,0.458419,prioridad_no_elegible,real_source:ranking_operaciones_riesgo_caida.parquet
riesgo_caida_action_impact_v1,OP_BC0A48A213,2026-07-05T01:23:32.267615+00:00,Matera,ASESOR_7B5A7F5FB0,sin_clasificar,P2,0.47099,medium,43095.63,Monitorear en 72h y actualizar estado comercial.,False,not_eligible,0.491871,prioridad_no_elegible,real_source:ranking_operaciones_riesgo_caida.parquet
riesgo_caida_action_impact_v1,OP_5D059C1FAC,2026-07-05T01:23:32.267615+00:00,Torre Nápoles,ASESOR_E5897908D5,sin_clasificar,P2,0.470723,medium,27396.08,Monitorear en 72h y actualizar estado comercial.,False,not_eligible,0.937081,prioridad_no_elegible,real_source:ranking_operaciones_riesgo_caida.parquet
riesgo_caida_action_impact_v1,OP_35D811B233,2026-07-05T01:23:32.267615+00:00,Edificio Santa Cruz Infinite,ASESOR_7B5A7F5FB0,sin_clasificar,P2,0.470344,medium,37359.88,Monitorear en 72h y actualizar estado comercial.,False,not_eligible,0.318667,prioridad_no_elegible,real_source:ranking_operaciones_riesgo_caida.parquet
riesgo_caida_action_impact_v1,OP_5E96F5F548,2026-07-05T01:23:32.267615+00:00,Edificio Santa Cruz Infinite,ASESOR_7B5A7F5FB0,sin_clasificar,P2,0.470344,medium,37200.72,Monitorear en 72h y actualizar estado comercial.,False,not_eligible,0.67466,prioridad_no_elegible,real_source:ranking_operaciones_riesgo_caida.parquet
riesgo_caida_action_impact_v1,OP_0BC1F940FA,2026-07-05T01:23:32.267615+00:00,Fenix,ASESOR_9FCF63DC91,sin_clasificar,P2,0.469782,medium,32162.68,Monitorear en 72h y actualizar estado comercial.,False,not_eligible,0.521321,prioridad_no_elegible,real_source:ranking_operaciones_riesgo_caida.parquet
riesgo_caida_action_impact_v1,OP_B316342305,2026-07-05T01:23:32.267615+00:00,Edificio Urbanzen,ASESOR_1265C8A465,sin_clasificar,P2,0.46896,medium,38841.15,Monitorear en 72h y actualizar estado comercial.,False,not_eligible,0.784656,prioridad_no_elegible,real_source:ranking_operaciones_riesgo_caida.parquet
riesgo_caida_action_impact_v1,OP_0E311E3131,2026-07-05T01:23:32.267615+00:00,Edificio Urbanzen,ASESOR_1265C8A465,sin_clasificar,P2,0.468682,medium,43942.35,Monitorear en 72h y actualizar estado comercial.,False,not_eligible,0.388878,prioridad_no_elegible,real_source:ranking_operaciones_riesgo_caida.parquet
riesgo_caida_action_impact_v1,OP_D207CCBDC0,2026-07-05T01:23:32.267615+00:00,Modena,ASESOR_950BED165C,sin_clasificar,P2,0.468596,medium,24295.25,Monitorear en 72h y actualizar estado comercial.,False,not_eligible,0.010125,prioridad_no_elegible,real_source:ranking_operaciones_riesgo_caida.parquet
riesgo_caida_action_impact_v1,OP_13AE898CCC,2026-07-05T01:23:32.267615+00:00,Fenix,ASESOR_E05C20E0FE,sin_clasificar,P2,0.468476,medium,21960.31,Monitorear en 72h y actualizar estado comercial.,False,not_eligible,0.570311,prioridad_no_elegible,real_source:ranking_operaciones_riesgo_caida.parquet
riesgo_caida_action_impact_v1,OP_ECAC634815,2026-07-05T01:23:32.267615+00:00,Tizón y Bueno,ASESOR_E05C20E0FE,sin_clasificar,P2,0.468325,medium,24040.72,Monitorear en 72h y actualizar estado comercial.,False,not_eligible,0.89279,prioridad_no_elegible,real_source:ranking_operaciones_riesgo_caida.parquet
riesgo_caida_action_impact_v1,OP_B7C135C5AE,2026-07-05T01:23:32.267615+00:00,Torre Nápoles,ASESOR_7B5A7F5FB0,sin_clasificar,P2,0.467488,medium,25454.72,Monitorear en 72h y actualizar estado comercial.,False,not_eligible,0.355089,prioridad_no_elegible,real_source:ranking_operaciones_riesgo_caida.parquet
riesgo_caida_action_impact_v1,OP_88F4A3F4EA,2026-07-05T01:23:32.267615+00:00,Modena,ASESOR_1265C8A465,sin_clasificar,P2,0.467196,medium,35740.53,Monitorear en 72h y actualizar estado comercial.,False,not_eligible,0.999401,prioridad_no_elegible,real_source:ranking_operaciones_riesgo_caida.parquet
riesgo_caida_action_impact_v1,OP_10DBFAD245,2026-07-05T01:23:32.267615+00:00,Torre Nápoles,ASESOR_7B5A7F5FB0,sin_clasificar,P2,0.467191,medium,24022.41,Monitorear en 72h y actualizar estado comercial.,False,not_eligible,0.288661,prioridad_no_elegible,real_source:ranking_operaciones_riesgo_caida.parquet
riesgo_caida_action_impact_v1,OP_4C1E9160BE,2026-07-05T01:23:32.267615+00:00,Alicanto,ASESOR_9FCF63DC91,sin_clasificar,P2,0.467154,medium,33548.83,Monitorear en 72h y actualizar estado comercial.,False,not_eligible,0.928843,prioridad_no_elegible,real_source:ranking_operaciones_riesgo_caida.parquet
riesgo_caida_action_impact_v1,OP_22ADCA0F22,2026-07-05T01:23:32.267615+00:00,Fenix,ASESOR_E05C20E0FE,sin_clasificar,P2,0.466422,medium,26500.1,Monitorear en 72h y actualizar estado comercial.,False,not_eligible,0.893814,prioridad_no_elegible,real_source:ranking_operaciones_riesgo_caida.parquet
riesgo_caida_action_impact_v1,OP_02905C10C4,2026-07-05T01:23:32.267615+00:00,Torre Nápoles,ASESOR_950BED165C,sin_clasificar,P2,0.466198,medium,23969.29,Monitorear en 72h y actualizar estado comercial.,False,not_eligible,0.017805,prioridad_no_elegible,real_source:ranking_operaciones_riesgo_caida.parquet
riesgo_caida_action_impact_v1,OP_8CABBA0AC3,2026-07-05T01:23:32.267615+00:00,Fenix,ASESOR_7B5A7F5FB0,sin_clasificar,P2,0.46595,medium,30648.49,Monitorear en 72h y actualizar estado comercial.,False,not_eligible,0.207856,prioridad_no_elegible,real_source:ranking_operaciones_riesgo_caida.parquet
riesgo_caida_action_impact_v1,OP_B75B0F324B,2026-07-05T01:23:32.267615+00:00,Capadocia,ASESOR_E5897908D5,sin_clasificar,P2,0.465387,medium,34904.03,Monitorear en 72h y actualizar estado comercial.,False,not_eligible,0.93652,prioridad_no_elegible,real_source:ranking_operaciones_riesgo_caida.parquet
riesgo_caida_action_impact_v1,OP_177368C3BF,2026-07-05T01:23:32.267615+00:00,Fenix,ASESOR_7B5A7F5FB0,sin_clasificar,P2,0.465343,medium,32248.3,Monitorear en 72h y actualizar estado comercial.,False,not_eligible,0.335071,prioridad_no_elegible,real_source:ranking_operaciones_riesgo_caida.parquet
riesgo_caida_action_impact_v1,OP_2A8A376DB8,2026-07-05T01:23:32.267615+00:00,Torre Nápoles,ASESOR_E05C20E0FE,sin_clasificar,P2,0.464817,medium,25795.86,Monitorear en 72h y actualizar estado comercial.,False,not_eligible,0.807379,prioridad_no_elegible,real_source:ranking_operaciones_riesgo_caida.parquet
riesgo_caida_action_impact_v1,OP_CF02092142,2026-07-05T01:23:32.267615+00:00,Matera,ASESOR_7B5A7F5FB0,sin_clasificar,P2,0.464703,medium,39316.61,Monitorear en 72h y actualizar estado comercial.,False,not_eligible,0.329582,prioridad_no_elegible,real_source:ranking_operaciones_riesgo_caida.parquet
riesgo_caida_action_impact_v1,OP_DB9265E50A,2026-07-05T01:23:32.267615+00:00,Edificio Urbanzen,ASESOR_233077BA7F,sin_clasificar,P2,0.46451,medium,22993.27,Monitorear en 72h y actualizar estado comercial.,False,not_eligible,0.050671,prioridad_no_elegible,real_source:ranking_operaciones_riesgo_caida.parquet
riesgo_caida_action_impact_v1,OP_6AA604D14F,2026-07-05T01:23:32.267615+00:00,Modena,ASESOR_C6B4E60323,sin_clasificar,P2,0.4637,medium,29469.04,Monitorear en 72h y actualizar estado comercial.,False,not_eligible,0.851105,prioridad_no_elegible,real_source:ranking_operaciones_riesgo_caida.parquet
riesgo_caida_action_impact_v1,OP_0CF5C1B193,2026-07-05T01:23:32.267615+00:00,Modena,ASESOR_950BED165C,sin_clasificar,P2,0.463501,medium,27978.28,Monitorear en 72h y actualizar estado comercial.,False,not_eligible,0.209565,prioridad_no_elegible,real_source:ranking_operaciones_riesgo_caida.parquet
riesgo_caida_action_impact_v1,OP_2B7AEAB657,2026-07-05T01:23:32.267615+00:00,Edificio Valdizan,ASESOR_7B5A7F5FB0,sin_clasificar,P2,0.46315,medium,45035.53,Monitorear en 72h y actualizar estado comercial.,False,not_eligible,0.980715,prioridad_no_elegible,real_source:ranking_operaciones_riesgo_caida.parquet
riesgo_caida_action_impact_v1,OP_B6AAAA525B,2026-07-05T01:23:32.267615+00:00,Modena,ASESOR_1265C8A465,sin_clasificar,P2,0.463136,medium,35313.95,Monitorear en 72h y actualizar estado comercial.,False,not_eligible,0.872834,prioridad_no_elegible,real_source:ranking_operaciones_riesgo_caida.parquet
riesgo_caida_action_impact_v1,OP_81DD04B6C2,2026-07-05T01:23:32.267615+00:00,Torre Nápoles,ASESOR_9FCF63DC91,sin_clasificar,P2,0.463113,medium,25456.87,Monitorear en 72h y actualizar estado comercial.,False,not_eligible,0.090983,prioridad_no_elegible,real_source:ranking_operaciones_riesgo_caida.parquet
riesgo_caida_action_impact_v1,OP_94FE69ECAD,2026-07-05T01:23:32.267615+00:00,Modena,ASESOR_950BED165C,sin_clasificar,P2,0.463062,medium,28079.87,Monitorear en 72h y actualizar estado comercial.,False,not_eligible,0.240594,prioridad_no_elegible,real_source:ranking_operaciones_riesgo_caida.parquet
riesgo_caida_action_impact_v1,OP_60EDA12A8E,2026-07-05T01:23:32.267615+00:00,Fenix,ASESOR_E5897908D5,sin_clasificar,P2,0.46235,medium,24273.38,Monitorear en 72h y actualizar estado comercial.,False,not_eligible,0.726494,prioridad_no_elegible,real_source:ranking_operaciones_riesgo_caida.parquet
riesgo_caida_action_impact_v1,OP_40C23D1E8F,2026-07-05T01:23:32.267615+00:00,Fenix,ASESOR_7B5A7F5FB0,sin_clasificar,P2,0.461731,medium,32706.2,Monitorear en 72h y actualizar estado comercial.,False,not_eligible,0.660066,prioridad_no_elegible,real_source:ranking_operaciones_riesgo_caida.parquet
riesgo_caida_action_impact_v1,OP_B8F14C9C1B,2026-07-05T01:23:32.267615+00:00,Capadocia,ASESOR_E05C20E0FE,sin_clasificar,P2,0.461381,medium,30174.3,Monitorear en 72h y actualizar estado comercial.,False,not_eligible,0.050027,prioridad_no_elegible,real_source:ranking_operaciones_riesgo_caida.parquet
riesgo_caida_action_impact_v1,OP_5C59AAF0B0,2026-07-05T01:23:32.267615+00:00,Torre Nápoles,ASESOR_7B5A7F5FB0,sin_clasificar,P2,0.461221,medium,27916.0,Monitorear en 72h y actualizar estado comercial.,False,not_eligible,0.204662,prioridad_no_elegible,real_source:ranking_operaciones_riesgo_caida.parquet
riesgo_caida_action_impact_v1,OP_7AE0E56611,2026-07-05T01:23:32.267615+00:00,Modena,ASESOR_7B5A7F5FB0,sin_clasificar,P2,0.460869,medium,34027.78,Monitorear en 72h y actualizar estado comercial.,False,not_eligible,0.5794,prioridad_no_elegible,real_source:ranking_operaciones_riesgo_caida.parquet
riesgo_caida_action_impact_v1,OP_7C52254F64,2026-07-05T01:23:32.267615+00:00,Fenix,ASESOR_7B5A7F5FB0,sin_clasificar,P2,0.460659,medium,31094.47,Monitorear en 72h y actualizar estado comercial.,False,not_eligible,0.662891,prioridad_no_elegible,real_source:ranking_operaciones_riesgo_caida.parquet
riesgo_caida_action_impact_v1,OP_7A4E96D7E5,2026-07-05T01:23:32.267615+00:00,Tizón y Bueno,ASESOR_950BED165C,sin_clasificar,P2,0.460131,medium,23466.02,Monitorear en 72h y actualizar estado comercial.,False,not_eligible,0.097136,prioridad_no_elegible,real_source:ranking_operaciones_riesgo_caida.parquet
riesgo_caida_action_impact_v1,OP_4B67CBDAAA,2026-07-05T01:23:32.267615+00:00,Edificio Valdizan,ASESOR_8618B6BE3A,sin_clasificar,P2,0.459946,medium,44337.68,Monitorear en 72h y actualizar estado comercial.,False,not_eligible,0.396063,prioridad_no_elegible,real_source:ranking_operaciones_riesgo_caida.parquet
riesgo_caida_action_impact_v1,OP_90D30F280F,2026-07-05T01:23:32.267615+00:00,Edificio Urbanzen,ASESOR_1265C8A465,sin_clasificar,P2,0.459759,medium,41187.56,Monitorear en 72h y actualizar estado comercial.,False,not_eligible,0.029896,prioridad_no_elegible,real_source:ranking_operaciones_riesgo_caida.parquet
riesgo_caida_action_impact_v1,OP_8AC5ABA6A3,2026-07-05T01:23:32.267615+00:00,Modena,ASESOR_C6B4E60323,sin_clasificar,P2,0.459634,medium,22682.93,Monitorear en 72h y actualizar estado comercial.,False,not_eligible,0.121979,prioridad_no_elegible,real_source:ranking_operaciones_riesgo_caida.parquet
riesgo_caida_action_impact_v1,OP_F86FBF212B,2026-07-05T01:23:32.267615+00:00,Torre Nápoles,ASESOR_E5897908D5,sin_clasificar,P2,0.45957,medium,25499.23,Monitorear en 72h y actualizar estado comercial.,False,not_eligible,0.245901,prioridad_no_elegible,real_source:ranking_operaciones_riesgo_caida.parquet
riesgo_caida_action_impact_v1,OP_0E8F48EC57,2026-07-05T01:23:32.267615+00:00,Fenix,ASESOR_E05C20E0FE,sin_clasificar,P2,0.459504,medium,30485.78,Monitorear en 72h y actualizar estado comercial.,False,not_eligible,0.551537,prioridad_no_elegible,real_source:ranking_operaciones_riesgo_caida.parquet
riesgo_caida_action_impact_v1,OP_A4911EA0F1,2026-07-05T01:23:32.267615+00:00,Alicanto,ASESOR_7B5A7F5FB0,sin_clasificar,P2,0.459368,medium,22407.13,Monitorear en 72h y actualizar estado comercial.,False,not_eligible,0.810717,prioridad_no_elegible,real_source:ranking_operaciones_riesgo_caida.parquet
riesgo_caida_action_impact_v1,OP_79012A39D1,2026-07-05T01:23:32.267615+00:00,Torre Nápoles,ASESOR_E5897908D5,sin_clasificar,P2,0.459199,medium,25829.94,Monitorear en 72h y actualizar estado comercial.,False,not_eligible,0.326457,prioridad_no_elegible,real_source:ranking_operaciones_riesgo_caida.parquet
riesgo_caida_action_impact_v1,OP_C435352640,2026-07-05T01:23:32.267615+00:00,Alicanto,ASESOR_7B5A7F5FB0,sin_clasificar,P2,0.457573,medium,31572.56,Monitorear en 72h y actualizar estado comercial.,False,not_eligible,0.281529,prioridad_no_elegible,real_source:ranking_operaciones_riesgo_caida.parquet
riesgo_caida_action_impact_v1,OP_47BD82D03C,2026-07-05T01:23:32.267615+00:00,Tizón y Bueno,ASESOR_9FCF63DC91,sin_clasificar,P2,0.457304,medium,24351.43,Monitorear en 72h y actualizar estado comercial.,False,not_eligible,0.359824,prioridad_no_elegible,real_source:ranking_operaciones_riesgo_caida.parquet
riesgo_caida_action_impact_v1,OP_060C32BB91,2026-07-05T01:23:32.267615+00:00,Fenix,ASESOR_950BED165C,sin_clasificar,P2,0.45713,medium,24066.33,Monitorear en 72h y actualizar estado comercial.,False,not_eligible,0.227253,prioridad_no_elegible,real_source:ranking_operaciones_riesgo_caida.parquet
riesgo_caida_action_impact_v1,OP_53DB27B083,2026-07-05T01:23:32.267615+00:00,Tizón y Bueno,ASESOR_9FCF63DC91,sin_clasificar,P2,0.457087,medium,25784.41,Monitorear en 72h y actualizar estado comercial.,False,not_eligible,0.611673,prioridad_no_elegible,real_source:ranking_operaciones_riesgo_caida.parquet
riesgo_caida_action_impact_v1,OP_4DB7E01CB4,2026-07-05T01:23:32.267615+00:00,Edificio Mariategui,ASESOR_1265C8A465,sin_clasificar,P2,0.456982,medium,18963.19,Monitorear en 72h y actualizar estado comercial.,False,not_eligible,0.371887,prioridad_no_elegible,real_source:ranking_operaciones_riesgo_caida.parquet
riesgo_caida_action_impact_v1,OP_327E5856F2,2026-07-05T01:23:32.267615+00:00,Torre Nápoles,ASESOR_C6B4E60323,sin_clasificar,P2,0.456521,medium,23422.79,Monitorear en 72h y actualizar estado comercial.,False,not_eligible,0.261168,prioridad_no_elegible,real_source:ranking_operaciones_riesgo_caida.parquet
riesgo_caida_action_impact_v1,OP_53EB969C2F,2026-07-05T01:23:32.267615+00:00,Modena,ASESOR_C6B4E60323,sin_clasificar,P2,0.456372,medium,25549.76,Monitorear en 72h y actualizar estado comercial.,False,not_eligible,0.421921,prioridad_no_elegible,real_source:ranking_operaciones_riesgo_caida.parquet
riesgo_caida_action_impact_v1,OP_EC8097D503,2026-07-05T01:23:32.267615+00:00,Alicanto,ASESOR_950BED165C,sin_clasificar,P2,0.455524,medium,22035.97,Monitorear en 72h y actualizar estado comercial.,False,not_eligible,0.038757,prioridad_no_elegible,real_source:ranking_operaciones_riesgo_caida.parquet
riesgo_caida_action_impact_v1,OP_B00D9169A1,2026-07-05T01:23:32.267615+00:00,Edificio Urbanzen,ASESOR_950BED165C,sin_clasificar,P2,0.455008,medium,34108.62,Monitorear en 72h y actualizar estado comercial.,False,not_eligible,0.495935,prioridad_no_elegible,real_source:ranking_operaciones_riesgo_caida.parquet
riesgo_caida_action_impact_v1,OP_F7A00BAE88,2026-07-05T01:23:32.267615+00:00,Capadocia,ASESOR_7B5A7F5FB0,sin_clasificar,P2,0.454741,medium,33154.81,Monitorear en 72h y actualizar estado comercial.,False,not_eligible,0.524715,prioridad_no_elegible,real_source:ranking_operaciones_riesgo_caida.parquet
riesgo_caida_action_impact_v1,OP_035360786C,2026-07-05T01:23:32.267615+00:00,Tizón y Bueno,ASESOR_E05C20E0FE,sin_clasificar,P2,0.454526,medium,37498.42,Monitorear en 72h y actualizar estado comercial.,False,not_eligible,0.949874,prioridad_no_elegible,real_source:ranking_operaciones_riesgo_caida.parquet
riesgo_caida_action_impact_v1,OP_F945C5B5CF,2026-07-05T01:23:32.267615+00:00,Modena,ASESOR_7B5A7F5FB0,sin_clasificar,P2,0.454034,medium,24450.97,Monitorear en 72h y actualizar estado comercial.,False,not_eligible,0.255344,prioridad_no_elegible,real_source:ranking_operaciones_riesgo_caida.parquet
riesgo_caida_action_impact_v1,OP_95E9EF6B36,2026-07-05T01:23:32.267615+00:00,Tizón y Bueno,ASESOR_1265C8A465,sin_clasificar,P2,0.45348,medium,23171.29,Monitorear en 72h y actualizar estado comercial.,False,not_eligible,0.614247,prioridad_no_elegible,real_source:ranking_operaciones_riesgo_caida.parquet
riesgo_caida_action_impact_v1,OP_34E27E582A,2026-07-05T01:23:32.267615+00:00,Capadocia,ASESOR_9FCF63DC91,sin_clasificar,P2,0.453367,medium,31486.37,Monitorear en 72h y actualizar estado comercial.,False,not_eligible,0.239451,prioridad_no_elegible,real_source:ranking_operaciones_riesgo_caida.parquet
riesgo_caida_action_impact_v1,OP_033848E6B1,2026-07-05T01:23:32.267615+00:00,Modena,ASESOR_E5897908D5,sin_clasificar,P2,0.453121,medium,29403.01,Monitorear en 72h y actualizar estado comercial.,False,not_eligible,0.747978,prioridad_no_elegible,real_source:ranking_operaciones_riesgo_caida.parquet
riesgo_caida_action_impact_v1,OP_2210B54A9B,2026-07-05T01:23:32.267615+00:00,Tizón y Bueno,ASESOR_E05C20E0FE,sin_clasificar,P2,0.452349,medium,24793.46,Monitorear en 72h y actualizar estado comercial.,False,not_eligible,0.75241,prioridad_no_elegible,real_source:ranking_operaciones_riesgo_caida.parquet
riesgo_caida_action_impact_v1,OP_B433A1F9F3,2026-07-05T01:23:32.267615+00:00,Capadocia,ASESOR_7B5A7F5FB0,sin_clasificar,P2,0.452193,medium,30398.65,Monitorear en 72h y actualizar estado comercial.,False,not_eligible,0.75743,prioridad_no_elegible,real_source:ranking_operaciones_riesgo_caida.parquet
riesgo_caida_action_impact_v1,OP_DE26CA7819,2026-07-05T01:23:32.267615+00:00,Tizón y Bueno,ASESOR_9FCF63DC91,sin_clasificar,P2,0.452072,medium,24002.58,Monitorear en 72h y actualizar estado comercial.,False,not_eligible,0.683609,prioridad_no_elegible,real_source:ranking_operaciones_riesgo_caida.parquet
riesgo_caida_action_impact_v1,OP_DD591B0804,2026-07-05T01:23:32.267615+00:00,Alicanto,ASESOR_9FCF63DC91,sin_clasificar,P2,0.451865,medium,23911.58,Monitorear en 72h y actualizar estado comercial.,False,not_eligible,0.614105,prioridad_no_elegible,real_source:ranking_operaciones_riesgo_caida.parquet
riesgo_caida_action_impact_v1,OP_6F5A872BC8,2026-07-05T01:23:32.267615+00:00,Alicanto,ASESOR_E05C20E0FE,sin_clasificar,P2,0.451465,medium,25259.49,Monitorear en 72h y actualizar estado comercial.,False,not_eligible,0.254583,prioridad_no_elegible,real_source:ranking_operaciones_riesgo_caida.parquet
riesgo_caida_action_impact_v1,OP_EDF45731C1,2026-07-05T01:23:32.267615+00:00,Fenix,ASESOR_C6B4E60323,sin_clasificar,P2,0.451129,medium,25579.04,Monitorear en 72h y actualizar estado comercial.,False,not_eligible,0.00876,prioridad_no_elegible,real_source:ranking_operaciones_riesgo_caida.parquet
riesgo_caida_action_impact_v1,OP_9AEC306A55,2026-07-05T01:23:32.267615+00:00,Matera,ASESOR_E5897908D5,sin_clasificar,P2,0.451056,medium,17523.54,Monitorear en 72h y actualizar estado comercial.,False,not_eligible,0.13534,prioridad_no_elegible,real_source:ranking_operaciones_riesgo_caida.parquet
riesgo_caida_action_impact_v1,OP_DC98AFBBA5,2026-07-05T01:23:32.267615+00:00,Fenix,ASESOR_E5897908D5,sin_clasificar,P2,0.450264,medium,28447.7,Monitorear en 72h y actualizar estado comercial.,False,not_eligible,0.889355,prioridad_no_elegible,real_source:ranking_operaciones_riesgo_caida.parquet
riesgo_caida_action_impact_v1,OP_82E05EC618,2026-07-05T01:23:32.267615+00:00,Alicanto,ASESOR_950BED165C,sin_clasificar,P2,0.449855,medium,26451.49,Monitorear en 72h y actualizar estado comercial.,False,not_eligible,0.960928,prioridad_no_elegible,real_source:ranking_operaciones_riesgo_caida.parquet
riesgo_caida_action_impact_v1,OP_0AE8F208B8,2026-07-05T01:23:32.267615+00:00,Edificio Mariategui,ASESOR_7B5A7F5FB0,sin_clasificar,P2,0.449396,medium,19079.94,Monitorear en 72h y actualizar estado comercial.,False,not_eligible,0.107234,prioridad_no_elegible,real_source:ranking_operaciones_riesgo_caida.parquet
riesgo_caida_action_impact_v1,OP_468E10C4D9,2026-07-05T01:23:32.267615+00:00,Torre Nápoles,ASESOR_950BED165C,sin_clasificar,P2,0.449375,medium,25011.67,Monitorear en 72h y actualizar estado comercial.,False,not_eligible,0.67525,prioridad_no_elegible,real_source:ranking_operaciones_riesgo_caida.parquet
riesgo_caida_action_impact_v1,OP_58CB919275,2026-07-05T01:23:32.267615+00:00,Torre Nápoles,ASESOR_E5897908D5,sin_clasificar,P2,0.449167,medium,23763.71,Monitorear en 72h y actualizar estado comercial.,False,not_eligible,0.239333,prioridad_no_elegible,real_source:ranking_operaciones_riesgo_caida.parquet
riesgo_caida_action_impact_v1,OP_AC8606524C,2026-07-05T01:23:32.267615+00:00,Torre Nápoles,ASESOR_E5897908D5,sin_clasificar,P2,0.449068,medium,24377.66,Monitorear en 72h y actualizar estado comercial.,False,not_eligible,0.876748,prioridad_no_elegible,real_source:ranking_operaciones_riesgo_caida.parquet
riesgo_caida_action_impact_v1,OP_22E7A8D071,2026-07-05T01:23:32.267615+00:00,Sialia,ASESOR_F59A4378D8,sin_clasificar,P2,0.448941,medium,23465.02,Monitorear en 72h y actualizar estado comercial.,False,not_eligible,0.751385,prioridad_no_elegible,real_source:ranking_operaciones_riesgo_caida.parquet
riesgo_caida_action_impact_v1,OP_816EE1923F,2026-07-05T01:23:32.267615+00:00,Sialia,ASESOR_F59A4378D8,sin_clasificar,P2,0.448941,medium,22421.91,Monitorear en 72h y actualizar estado comercial.,False,not_eligible,0.289765,prioridad_no_elegible,real_source:ranking_operaciones_riesgo_caida.parquet
riesgo_caida_action_impact_v1,OP_AD7FCA509E,2026-07-05T01:23:32.267615+00:00,Alicanto,ASESOR_950BED165C,sin_clasificar,P2,0.448742,medium,27142.74,Monitorear en 72h y actualizar estado comercial.,False,not_eligible,0.935367,prioridad_no_elegible,real_source:ranking_operaciones_riesgo_caida.parquet
riesgo_caida_action_impact_v1,OP_1E4F84D9BF,2026-07-05T01:23:32.267615+00:00,Alicanto,ASESOR_950BED165C,sin_clasificar,P2,0.448742,medium,26480.5,Monitorear en 72h y actualizar estado comercial.,False,not_eligible,0.371147,prioridad_no_elegible,real_source:ranking_operaciones_riesgo_caida.parquet
riesgo_caida_action_impact_v1,OP_5BC7421903,2026-07-05T01:23:32.267615+00:00,Torre Nápoles,ASESOR_DA48A4F817,sin_clasificar,P2,0.44854,medium,24055.89,Monitorear en 72h y actualizar estado comercial.,False,not_eligible,0.196732,prioridad_no_elegible,real_source:ranking_operaciones_riesgo_caida.parquet
riesgo_caida_action_impact_v1,OP_BCDB7C086F,2026-07-05T01:23:32.267615+00:00,Tizón y Bueno,ASESOR_E05C20E0FE,sin_clasificar,P2,0.448074,medium,23368.76,Monitorear en 72h y actualizar estado comercial.,False,not_eligible,0.86195,prioridad_no_elegible,real_source:ranking_operaciones_riesgo_caida.parquet
riesgo_caida_action_impact_v1,OP_525C1B556A,2026-07-05T01:23:32.267615+00:00,Matera,ASESOR_233077BA7F,sin_clasificar,P2,0.447716,medium,18166.07,Monitorear en 72h y actualizar estado comercial.,False,not_eligible,0.775009,prioridad_no_elegible,real_source:ranking_operaciones_riesgo_caida.parquet
riesgo_caida_action_impact_v1,OP_3D732A8E4B,2026-07-05T01:23:32.267615+00:00,Alicanto,ASESOR_950BED165C,sin_clasificar,P2,0.447367,medium,26325.56,Monitorear en 72h y actualizar estado comercial.,False,not_eligible,0.791537,prioridad_no_elegible,real_source:ranking_operaciones_riesgo_caida.parquet
riesgo_caida_action_impact_v1,OP_DA15DAFACD,2026-07-05T01:23:32.267615+00:00,Edificio Mariategui,ASESOR_1265C8A465,sin_clasificar,P2,0.446884,medium,33522.99,Monitorear en 72h y actualizar estado comercial.,False,not_eligible,0.422404,prioridad_no_elegible,real_source:ranking_operaciones_riesgo_caida.parquet
riesgo_caida_action_impact_v1,OP_CC7AB885B4,2026-07-05T01:23:32.267615+00:00,Capadocia,ASESOR_E05C20E0FE,sin_clasificar,P2,0.446116,medium,29711.33,Monitorear en 72h y actualizar estado comercial.,False,not_eligible,0.726546,prioridad_no_elegible,real_source:ranking_operaciones_riesgo_caida.parquet
riesgo_caida_action_impact_v1,OP_1AE908E5CE,2026-07-05T01:23:32.267615+00:00,Fenix,ASESOR_C6B4E60323,sin_clasificar,P2,0.445901,medium,21643.35,Monitorear en 72h y actualizar estado comercial.,False,not_eligible,0.28056,prioridad_no_elegible,real_source:ranking_operaciones_riesgo_caida.parquet
riesgo_caida_action_impact_v1,OP_1C93F8B78A,2026-07-05T01:23:32.267615+00:00,Alicanto,ASESOR_E05C20E0FE,sin_clasificar,P2,0.445711,medium,22107.01,Monitorear en 72h y actualizar estado comercial.,False,not_eligible,0.104954,prioridad_no_elegible,real_source:ranking_operaciones_riesgo_caida.parquet
riesgo_caida_action_impact_v1,OP_FE9E82E1C6,2026-07-05T01:23:32.267615+00:00,Edificio Mariategui,ASESOR_1265C8A465,sin_clasificar,P2,0.445082,medium,19554.39,Monitorear en 72h y actualizar estado comercial.,False,not_eligible,0.450755,prioridad_no_elegible,real_source:ranking_operaciones_riesgo_caida.parquet
riesgo_caida_action_impact_v1,OP_BAB35E9692,2026-07-05T01:23:32.267615+00:00,Modena,ASESOR_1265C8A465,sin_clasificar,P2,0.443797,medium,34420.68,Monitorear en 72h y actualizar estado comercial.,False,not_eligible,0.888005,prioridad_no_elegible,real_source:ranking_operaciones_riesgo_caida.parquet
riesgo_caida_action_impact_v1,OP_D35C3410C8,2026-07-05T01:23:32.267615+00:00,Fenix,ASESOR_DA48A4F817,sin_clasificar,P2,0.443767,medium,30370.18,Monitorear en 72h y actualizar estado comercial.,False,not_eligible,0.998766,prioridad_no_elegible,real_source:ranking_operaciones_riesgo_caida.parquet
riesgo_caida_action_impact_v1,OP_021945A1E5,2026-07-05T01:23:32.267615+00:00,Tizón y Bueno,ASESOR_1265C8A465,sin_clasificar,P2,0.442805,medium,27166.08,Monitorear en 72h y actualizar estado comercial.,False,not_eligible,0.735993,prioridad_no_elegible,real_source:ranking_operaciones_riesgo_caida.parquet
riesgo_caida_action_impact_v1,OP_3FB0706BFC,2026-07-05T01:23:32.267615+00:00,Matera,ASESOR_233077BA7F,sin_clasificar,P2,0.442366,medium,17925.99,Monitorear en 72h y actualizar estado comercial.,False,not_eligible,0.443841,prioridad_no_elegible,real_source:ranking_operaciones_riesgo_caida.parquet
riesgo_caida_action_impact_v1,OP_2DEDE1B28F,2026-07-05T01:23:32.267615+00:00,Fenix,ASESOR_7B5A7F5FB0,sin_clasificar,P2,0.44196,medium,24528.8,Monitorear en 72h y actualizar estado comercial.,False,not_eligible,0.522475,prioridad_no_elegible,real_source:ranking_operaciones_riesgo_caida.parquet
riesgo_caida_action_impact_v1,OP_74BD80FD44,2026-07-05T01:23:32.267615+00:00,Fenix,ASESOR_7B5A7F5FB0,sin_clasificar,P2,0.44196,medium,23983.93,Monitorear en 72h y actualizar estado comercial.,False,not_eligible,0.89667,prioridad_no_elegible,real_source:ranking_operaciones_riesgo_caida.parquet
riesgo_caida_action_impact_v1,OP_FB1550918D,2026-07-05T01:23:32.267615+00:00,Capadocia,ASESOR_E5897908D5,sin_clasificar,P2,0.44156,medium,30798.8,Monitorear en 72h y actualizar estado comercial.,False,not_eligible,0.109705,prioridad_no_elegible,real_source:ranking_operaciones_riesgo_caida.parquet
riesgo_caida_action_impact_v1,OP_C5E64FEF72,2026-07-05T01:23:32.267615+00:00,Torre Nápoles,ASESOR_F59A4378D8,sin_clasificar,P2,0.441515,medium,23643.12,Monitorear en 72h y actualizar estado comercial.,False,not_eligible,0.521635,prioridad_no_elegible,real_source:ranking_operaciones_riesgo_caida.parquet
riesgo_caida_action_impact_v1,OP_78F7BCAEFE,2026-07-05T01:23:32.267615+00:00,Fenix,ASESOR_950BED165C,sin_clasificar,P2,0.440656,medium,23664.8,Monitorear en 72h y actualizar estado comercial.,False,not_eligible,0.422794,prioridad_no_elegible,real_source:ranking_operaciones_riesgo_caida.parquet
riesgo_caida_action_impact_v1,OP_94491972D6,2026-07-05T01:23:32.267615+00:00,Capadocia,ASESOR_CF9D39A66F,sin_clasificar,P2,0.440368,medium,23472.63,Monitorear en 72h y actualizar estado comercial.,False,not_eligible,0.089736,prioridad_no_elegible,real_source:ranking_operaciones_riesgo_caida.parquet
riesgo_caida_action_impact_v1,OP_319981A5DD,2026-07-05T01:23:32.267615+00:00,Capadocia,ASESOR_9FCF63DC91,sin_clasificar,P2,0.439798,medium,23566.16,Monitorear en 72h y actualizar estado comercial.,False,not_eligible,0.426487,prioridad_no_elegible,real_source:ranking_operaciones_riesgo_caida.parquet
riesgo_caida_action_impact_v1,OP_8B70A2EAAE,2026-07-05T01:23:32.267615+00:00,Alicanto,ASESOR_950BED165C,sin_clasificar,P2,0.439754,medium,21417.92,Monitorear en 72h y actualizar estado comercial.,False,not_eligible,0.41824,prioridad_no_elegible,real_source:ranking_operaciones_riesgo_caida.parquet
riesgo_caida_action_impact_v1,OP_487875C538,2026-07-05T01:23:32.267615+00:00,Modena,ASESOR_F59A4378D8,sin_clasificar,P2,0.439349,medium,25855.54,Monitorear en 72h y actualizar estado comercial.,False,not_eligible,0.12377,prioridad_no_elegible,real_source:ranking_operaciones_riesgo_caida.parquet
riesgo_caida_action_impact_v1,OP_624CE0B43D,2026-07-05T01:23:32.267615+00:00,Edificio Saenz,ASESOR_1265C8A465,sin_clasificar,P2,0.43905,medium,34825.34,Monitorear en 72h y actualizar estado comercial.,False,not_eligible,0.812528,prioridad_no_elegible,real_source:ranking_operaciones_riesgo_caida.parquet
riesgo_caida_action_impact_v1,OP_60CD6EAD89,2026-07-05T01:23:32.267615+00:00,Alicanto,ASESOR_E5897908D5,sin_clasificar,P2,0.438528,medium,22364.9,Monitorear en 72h y actualizar estado comercial.,False,not_eligible,0.905609,prioridad_no_elegible,real_source:ranking_operaciones_riesgo_caida.parquet
riesgo_caida_action_impact_v1,OP_8B89CADEED,2026-07-05T01:23:32.267615+00:00,Alicanto,ASESOR_7B5A7F5FB0,sin_clasificar,P2,0.4379,medium,24608.2,Monitorear en 72h y actualizar estado comercial.,False,not_eligible,0.759134,prioridad_no_elegible,real_source:ranking_operaciones_riesgo_caida.parquet
riesgo_caida_action_impact_v1,OP_0FC031AB38,2026-07-05T01:23:32.267615+00:00,Alicanto,ASESOR_E5897908D5,sin_clasificar,P2,0.43717,medium,21712.07,Monitorear en 72h y actualizar estado comercial.,False,not_eligible,0.171644,prioridad_no_elegible,real_source:ranking_operaciones_riesgo_caida.parquet
riesgo_caida_action_impact_v1,OP_CB0E64045F,2026-07-05T01:23:32.267615+00:00,Alicanto,ASESOR_7B5A7F5FB0,sin_clasificar,P2,0.435215,medium,22195.97,Monitorear en 72h y actualizar estado comercial.,False,not_eligible,0.765921,prioridad_no_elegible,real_source:ranking_operaciones_riesgo_caida.parquet
riesgo_caida_action_impact_v1,OP_2ECAA0A8EF,2026-07-05T01:23:32.267615+00:00,Alicanto,ASESOR_950BED165C,sin_clasificar,P2,0.43487,medium,21617.82,Monitorear en 72h y actualizar estado comercial.,False,not_eligible,0.923357,prioridad_no_elegible,real_source:ranking_operaciones_riesgo_caida.parquet
riesgo_caida_action_impact_v1,OP_D60D1A66C2,2026-07-05T01:23:32.267615+00:00,Edificio Mariategui,ASESOR_D49965A644,sin_clasificar,P2,0.434621,medium,34307.25,Monitorear en 72h y actualizar estado comercial.,False,not_eligible,0.882262,prioridad_no_elegible,real_source:ranking_operaciones_riesgo_caida.parquet
riesgo_caida_action_impact_v1,OP_542FC517BB,2026-07-05T01:23:32.267615+00:00,Edificio Cuba Connect,ASESOR_E05C20E0FE,sin_clasificar,P2,0.433258,medium,34797.76,Monitorear en 72h y actualizar estado comercial.,False,not_eligible,0.948685,prioridad_no_elegible,real_source:ranking_operaciones_riesgo_caida.parquet
riesgo_caida_action_impact_v1,OP_DD9715415F,2026-07-05T01:23:32.267615+00:00,Edificio Mariategui,ASESOR_9A684EC3F0,sin_clasificar,P2,0.43316,medium,35419.94,Monitorear en 72h y actualizar estado comercial.,False,not_eligible,0.249907,prioridad_no_elegible,real_source:ranking_operaciones_riesgo_caida.parquet
riesgo_caida_action_impact_v1,OP_3120F30DB2,2026-07-05T01:23:32.267615+00:00,Fenix,ASESOR_E5897908D5,sin_clasificar,P2,0.432894,medium,24350.31,Monitorear en 72h y actualizar estado comercial.,False,not_eligible,0.173259,prioridad_no_elegible,real_source:ranking_operaciones_riesgo_caida.parquet
riesgo_caida_action_impact_v1,OP_16CEC37BE6,2026-07-05T01:23:32.267615+00:00,Edificio Cuba Connect,ASESOR_7B5A7F5FB0,sin_clasificar,P2,0.432823,medium,39652.9,Monitorear en 72h y actualizar estado comercial.,False,not_eligible,0.89187,prioridad_no_elegible,real_source:ranking_operaciones_riesgo_caida.parquet
riesgo_caida_action_impact_v1,OP_2E4FB8AD14,2026-07-05T01:23:32.267615+00:00,Modena,ASESOR_1265C8A465,sin_clasificar,P2,0.432085,medium,25854.38,Monitorear en 72h y actualizar estado comercial.,False,not_eligible,0.249372,prioridad_no_elegible,real_source:ranking_operaciones_riesgo_caida.parquet
riesgo_caida_action_impact_v1,OP_AA3F27355C,2026-07-05T01:23:32.267615+00:00,Capadocia,ASESOR_F59A4378D8,sin_clasificar,P2,0.432036,medium,30293.57,Monitorear en 72h y actualizar estado comercial.,False,not_eligible,0.779548,prioridad_no_elegible,real_source:ranking_operaciones_riesgo_caida.parquet
riesgo_caida_action_impact_v1,OP_8AB83E4DCA,2026-07-05T01:23:32.267615+00:00,Edificio Valdizan,ASESOR_9A684EC3F0,sin_clasificar,P2,0.431918,medium,39533.5,Monitorear en 72h y actualizar estado comercial.,False,not_eligible,0.938978,prioridad_no_elegible,real_source:ranking_operaciones_riesgo_caida.parquet
riesgo_caida_action_impact_v1,OP_B783956D21,2026-07-05T01:23:32.267615+00:00,Edificio Valdizan,ASESOR_9A684EC3F0,sin_clasificar,P2,0.431669,medium,37445.09,Monitorear en 72h y actualizar estado comercial.,False,not_eligible,0.265952,prioridad_no_elegible,real_source:ranking_operaciones_riesgo_caida.parquet
riesgo_caida_action_impact_v1,OP_7789B9F066,2026-07-05T01:23:32.267615+00:00,Tizón y Bueno,ASESOR_1265C8A465,sin_clasificar,P2,0.431596,medium,30994.36,Monitorear en 72h y actualizar estado comercial.,False,not_eligible,0.542932,prioridad_no_elegible,real_source:ranking_operaciones_riesgo_caida.parquet
riesgo_caida_action_impact_v1,OP_A4493361AE,2026-07-05T01:23:32.267615+00:00,Alicanto,ASESOR_950BED165C,sin_clasificar,P2,0.431227,medium,22203.76,Monitorear en 72h y actualizar estado comercial.,False,not_eligible,0.823013,prioridad_no_elegible,real_source:ranking_operaciones_riesgo_caida.parquet
riesgo_caida_action_impact_v1,OP_0DC3BA349B,2026-07-05T01:23:32.267615+00:00,Modena,ASESOR_F59A4378D8,sin_clasificar,P2,0.430406,medium,25123.67,Monitorear en 72h y actualizar estado comercial.,False,not_eligible,0.991565,prioridad_no_elegible,real_source:ranking_operaciones_riesgo_caida.parquet
riesgo_caida_action_impact_v1,OP_DB2BE655AC,2026-07-05T01:23:32.267615+00:00,Edificio Valdizan,ASESOR_9A684EC3F0,sin_clasificar,P2,0.429711,medium,42028.96,Monitorear en 72h y actualizar estado comercial.,False,not_eligible,0.658709,prioridad_no_elegible,real_source:ranking_operaciones_riesgo_caida.parquet
riesgo_caida_action_impact_v1,OP_3117D1E2E4,2026-07-05T01:23:32.267615+00:00,Alicanto,ASESOR_E5897908D5,sin_clasificar,P2,0.429427,medium,24179.68,Monitorear en 72h y actualizar estado comercial.,False,not_eligible,0.160582,prioridad_no_elegible,real_source:ranking_operaciones_riesgo_caida.parquet
riesgo_caida_action_impact_v1,OP_9109FB8819,2026-07-05T01:23:32.267615+00:00,Matera,ASESOR_233077BA7F,sin_clasificar,P2,0.426219,medium,17271.66,Monitorear en 72h y actualizar estado comercial.,False,not_eligible,0.394299,prioridad_no_elegible,real_source:ranking_operaciones_riesgo_caida.parquet
riesgo_caida_action_impact_v1,OP_49B7DBEFA8,2026-07-05T01:23:32.267615+00:00,Matera,ASESOR_233077BA7F,sin_clasificar,P2,0.426063,medium,23422.82,Monitorear en 72h y actualizar estado comercial.,False,not_eligible,0.017453,prioridad_no_elegible,real_source:ranking_operaciones_riesgo_caida.parquet
riesgo_caida_action_impact_v1,OP_45BC839E59,2026-07-05T01:23:32.267615+00:00,Matera,ASESOR_C6B4E60323,sin_clasificar,P2,0.425232,medium,28830.74,Monitorear en 72h y actualizar estado comercial.,False,not_eligible,0.352357,prioridad_no_elegible,real_source:ranking_operaciones_riesgo_caida.parquet
riesgo_caida_action_impact_v1,OP_E55955923B,2026-07-05T01:23:32.267615+00:00,Alicanto,ASESOR_233077BA7F,sin_clasificar,P2,0.424145,medium,32466.19,Monitorear en 72h y actualizar estado comercial.,False,not_eligible,0.769362,prioridad_no_elegible,real_source:ranking_operaciones_riesgo_caida.parquet
riesgo_caida_action_impact_v1,OP_A66FDAA085,2026-07-05T01:23:32.267615+00:00,Matera,ASESOR_950BED165C,sin_clasificar,P2,0.424111,medium,19721.17,Monitorear en 72h y actualizar estado comercial.,False,not_eligible,0.194868,prioridad_no_elegible,real_source:ranking_operaciones_riesgo_caida.parquet
riesgo_caida_action_impact_v1,OP_C2298E2AEA,2026-07-05T01:23:32.267615+00:00,Capadocia,ASESOR_E5897908D5,sin_clasificar,P2,0.42391,medium,22763.96,Monitorear en 72h y actualizar estado comercial.,False,not_eligible,0.588733,prioridad_no_elegible,real_source:ranking_operaciones_riesgo_caida.parquet
riesgo_caida_action_impact_v1,OP_D1B37F3536,2026-07-05T01:23:32.267615+00:00,Capadocia,ASESOR_950BED165C,sin_clasificar,P2,0.423879,medium,22826.17,Monitorear en 72h y actualizar estado comercial.,False,not_eligible,0.679537,prioridad_no_elegible,real_source:ranking_operaciones_riesgo_caida.parquet
riesgo_caida_action_impact_v1,OP_A19DCABE2E,2026-07-05T01:23:32.267615+00:00,Edificio Mariategui,ASESOR_1265C8A465,sin_clasificar,P2,0.423767,medium,39035.27,Monitorear en 72h y actualizar estado comercial.,False,not_eligible,0.294556,prioridad_no_elegible,real_source:ranking_operaciones_riesgo_caida.parquet
riesgo_caida_action_impact_v1,OP_A4D2A15D5D,2026-07-05T01:23:32.267615+00:00,Matera,ASESOR_F59A4378D8,sin_clasificar,P2,0.423161,medium,32207.1,Monitorear en 72h y actualizar estado comercial.,False,not_eligible,0.871012,prioridad_no_elegible,real_source:ranking_operaciones_riesgo_caida.parquet
riesgo_caida_action_impact_v1,OP_50D724227F,2026-07-05T01:23:32.267615+00:00,Edificio Mariategui,ASESOR_D49965A644,sin_clasificar,P2,0.421711,medium,35233.92,Monitorear en 72h y actualizar estado comercial.,False,not_eligible,0.448361,prioridad_no_elegible,real_source:ranking_operaciones_riesgo_caida.parquet
riesgo_caida_action_impact_v1,OP_69931B86A0,2026-07-05T01:23:32.267615+00:00,Edificio Cuba Connect,ASESOR_7B5A7F5FB0,sin_clasificar,P2,0.421037,medium,34103.97,Monitorear en 72h y actualizar estado comercial.,False,not_eligible,0.735744,prioridad_no_elegible,real_source:ranking_operaciones_riesgo_caida.parquet
riesgo_caida_action_impact_v1,OP_D6BEA11F24,2026-07-05T01:23:32.267615+00:00,Edificio Santa Cruz Infinite,ASESOR_7B5A7F5FB0,sin_clasificar,P2,0.418786,medium,31706.38,Monitorear en 72h y actualizar estado comercial.,False,not_eligible,0.017814,prioridad_no_elegible,real_source:ranking_operaciones_riesgo_caida.parquet
riesgo_caida_action_impact_v1,OP_51308C7246,2026-07-05T01:23:32.267615+00:00,Edificio Cuba Connect,ASESOR_7B5A7F5FB0,sin_clasificar,P2,0.417199,medium,33892.83,Monitorear en 72h y actualizar estado comercial.,False,not_eligible,0.280944,prioridad_no_elegible,real_source:ranking_operaciones_riesgo_caida.parquet
riesgo_caida_action_impact_v1,OP_9EE3F55A02,2026-07-05T01:23:32.267615+00:00,Tizón y Bueno,ASESOR_1265C8A465,sin_clasificar,P2,0.417163,medium,29008.2,Monitorear en 72h y actualizar estado comercial.,False,not_eligible,0.338304,prioridad_no_elegible,real_source:ranking_operaciones_riesgo_caida.parquet
riesgo_caida_action_impact_v1,OP_F9DC758516,2026-07-05T01:23:32.267615+00:00,Matera,ASESOR_E5897908D5,sin_clasificar,P2,0.417139,medium,16258.86,Monitorear en 72h y actualizar estado comercial.,False,not_eligible,0.989087,prioridad_no_elegible,real_source:ranking_operaciones_riesgo_caida.parquet
riesgo_caida_action_impact_v1,OP_469379AF0D,2026-07-05T01:23:32.267615+00:00,Edificio Mariategui,ASESOR_D49965A644,sin_clasificar,P2,0.416809,medium,35049.47,Monitorear en 72h y actualizar estado comercial.,False,not_eligible,0.650181,prioridad_no_elegible,real_source:ranking_operaciones_riesgo_caida.parquet
riesgo_caida_action_impact_v1,OP_32893D227B,2026-07-05T01:23:32.267615+00:00,Matera,ASESOR_7B5A7F5FB0,sin_clasificar,P2,0.416414,medium,31474.19,Monitorear en 72h y actualizar estado comercial.,False,not_eligible,0.27817,prioridad_no_elegible,real_source:ranking_operaciones_riesgo_caida.parquet
riesgo_caida_action_impact_v1,OP_590E76C3F1,2026-07-05T01:23:32.267615+00:00,Matera,ASESOR_F59A4378D8,sin_clasificar,P2,0.416172,medium,31837.16,Monitorear en 72h y actualizar estado comercial.,False,not_eligible,0.427457,prioridad_no_elegible,real_source:ranking_operaciones_riesgo_caida.parquet
riesgo_caida_action_impact_v1,OP_E56007D25D,2026-07-05T01:23:32.267615+00:00,Edificio Santa Cruz Infinite,ASESOR_7B5A7F5FB0,sin_clasificar,P2,0.415999,medium,32582.71,Monitorear en 72h y actualizar estado comercial.,False,not_eligible,0.940517,prioridad_no_elegible,real_source:ranking_operaciones_riesgo_caida.parquet
riesgo_caida_action_impact_v1,OP_6180B74299,2026-07-05T01:23:32.267615+00:00,Edificio Cuba Connect,ASESOR_7B5A7F5FB0,sin_clasificar,P2,0.415203,medium,34748.36,Monitorear en 72h y actualizar estado comercial.,False,not_eligible,0.114863,prioridad_no_elegible,real_source:ranking_operaciones_riesgo_caida.parquet
riesgo_caida_action_impact_v1,OP_D0C59E16E8,2026-07-05T01:23:32.267615+00:00,Modena,ASESOR_F59A4378D8,sin_clasificar,P2,0.414951,medium,27029.74,Monitorear en 72h y actualizar estado comercial.,False,not_eligible,0.973367,prioridad_no_elegible,real_source:ranking_operaciones_riesgo_caida.parquet
riesgo_caida_action_impact_v1,OP_20FCA1FB2E,2026-07-05T01:23:32.267615+00:00,Edificio Cuba Connect,ASESOR_7B5A7F5FB0,sin_clasificar,P2,0.413309,medium,36825.87,Monitorear en 72h y actualizar estado comercial.,False,not_eligible,0.191323,prioridad_no_elegible,real_source:ranking_operaciones_riesgo_caida.parquet
riesgo_caida_action_impact_v1,OP_25A2602073,2026-07-05T01:23:32.267615+00:00,Edificio Mariategui,ASESOR_1265C8A465,sin_clasificar,P2,0.411837,medium,34971.11,Monitorear en 72h y actualizar estado comercial.,False,not_eligible,0.595536,prioridad_no_elegible,real_source:ranking_operaciones_riesgo_caida.parquet
riesgo_caida_action_impact_v1,OP_D7ADD378C2,2026-07-05T01:23:32.267615+00:00,Tizón y Bueno,ASESOR_E5897908D5,sin_clasificar,P2,0.411087,medium,28673.35,Monitorear en 72h y actualizar estado comercial.,False,not_eligible,0.685268,prioridad_no_elegible,real_source:ranking_operaciones_riesgo_caida.parquet
riesgo_caida_action_impact_v1,OP_2A2064905C,2026-07-05T01:23:32.267615+00:00,Modena,ASESOR_F59A4378D8,sin_clasificar,P2,0.409727,medium,22611.88,Monitorear en 72h y actualizar estado comercial.,False,not_eligible,0.989391,prioridad_no_elegible,real_source:ranking_operaciones_riesgo_caida.parquet
riesgo_caida_action_impact_v1,OP_85CD809E9A,2026-07-05T01:23:32.267615+00:00,Edificio Mariategui,ASESOR_9A684EC3F0,sin_clasificar,P2,0.409571,medium,16983.88,Monitorear en 72h y actualizar estado comercial.,False,not_eligible,0.723532,prioridad_no_elegible,real_source:ranking_operaciones_riesgo_caida.parquet
riesgo_caida_action_impact_v1,OP_31F4BF12BB,2026-07-05T01:23:32.267615+00:00,Matera,ASESOR_7B5A7F5FB0,sin_clasificar,P2,0.409563,medium,29168.19,Monitorear en 72h y actualizar estado comercial.,False,not_eligible,0.397235,prioridad_no_elegible,real_source:ranking_operaciones_riesgo_caida.parquet
riesgo_caida_action_impact_v1,OP_87D9F371E7,2026-07-05T01:23:32.267615+00:00,Sialia,ASESOR_1265C8A465,sin_clasificar,P2,0.408443,medium,31346.52,Monitorear en 72h y actualizar estado comercial.,False,not_eligible,0.581998,prioridad_no_elegible,real_source:ranking_operaciones_riesgo_caida.parquet
riesgo_caida_action_impact_v1,OP_9382B8D0F0,2026-07-05T01:23:32.267615+00:00,Sialia,ASESOR_233077BA7F,sin_clasificar,P2,0.405553,medium,23116.55,Monitorear en 72h y actualizar estado comercial.,False,not_eligible,0.731042,prioridad_no_elegible,real_source:ranking_operaciones_riesgo_caida.parquet
riesgo_caida_action_impact_v1,OP_F6FAC49376,2026-07-05T01:23:32.267615+00:00,Edificio Urbanzen,ASESOR_233077BA7F,sin_clasificar,P2,0.404165,medium,38678.6,Monitorear en 72h y actualizar estado comercial.,False,not_eligible,0.003547,prioridad_no_elegible,real_source:ranking_operaciones_riesgo_caida.parquet
riesgo_caida_action_impact_v1,OP_CE0D3D1780,2026-07-05T01:23:32.267615+00:00,Capadocia,ASESOR_1265C8A465,sin_clasificar,P2,0.40401,medium,27224.02,Monitorear en 72h y actualizar estado comercial.,False,not_eligible,0.108108,prioridad_no_elegible,real_source:ranking_operaciones_riesgo_caida.parquet
riesgo_caida_action_impact_v1,OP_FC7453CC14,2026-07-05T01:23:32.267615+00:00,Edificio Cuba Connect,ASESOR_1265C8A465,sin_clasificar,P2,0.403311,medium,36843.11,Monitorear en 72h y actualizar estado comercial.,False,not_eligible,0.645574,prioridad_no_elegible,real_source:ranking_operaciones_riesgo_caida.parquet
riesgo_caida_action_impact_v1,OP_826AADF6E9,2026-07-05T01:23:32.267615+00:00,Matera,ASESOR_1265C8A465,sin_clasificar,P2,0.403139,medium,16252.64,Monitorear en 72h y actualizar estado comercial.,False,not_eligible,0.293789,prioridad_no_elegible,real_source:ranking_operaciones_riesgo_caida.parquet
riesgo_caida_action_impact_v1,OP_9907A9B01D,2026-07-05T01:23:32.267615+00:00,Edificio Saenz,ASESOR_1265C8A465,sin_clasificar,P2,0.403022,medium,41398.38,Monitorear en 72h y actualizar estado comercial.,False,not_eligible,0.732586,prioridad_no_elegible,real_source:ranking_operaciones_riesgo_caida.parquet
riesgo_caida_action_impact_v1,OP_A0306F329D,2026-07-05T01:23:32.267615+00:00,Sialia,ASESOR_1265C8A465,sin_clasificar,P2,0.401897,medium,19291.06,Monitorear en 72h y actualizar estado comercial.,False,not_eligible,0.861121,prioridad_no_elegible,real_source:ranking_operaciones_riesgo_caida.parquet
riesgo_caida_action_impact_v1,OP_7E174780CA,2026-07-05T01:23:32.267615+00:00,Sialia,ASESOR_1265C8A465,sin_clasificar,P2,0.401287,medium,19683.16,Monitorear en 72h y actualizar estado comercial.,False,not_eligible,0.287357,prioridad_no_elegible,real_source:ranking_operaciones_riesgo_caida.parquet
riesgo_caida_action_impact_v1,OP_8E616C35B6,2026-07-05T01:23:32.267615+00:00,Matera,ASESOR_950BED165C,sin_clasificar,P2,0.401181,medium,16158.57,Monitorear en 72h y actualizar estado comercial.,False,not_eligible,0.095727,prioridad_no_elegible,real_source:ranking_operaciones_riesgo_caida.parquet
riesgo_caida_action_impact_v1,OP_4C66A09FF1,2026-07-05T01:23:32.267615+00:00,Tizón y Bueno,ASESOR_D49965A644,sin_clasificar,P2,0.400688,medium,35549.17,Monitorear en 72h y actualizar estado comercial.,False,not_eligible,0.346272,prioridad_no_elegible,real_source:ranking_operaciones_riesgo_caida.parquet
riesgo_caida_action_impact_v1,OP_6841D9AB4A,2026-07-05T01:23:32.267615+00:00,Edificio Mariategui,ASESOR_9A684EC3F0,sin_clasificar,P2,0.400672,medium,27248.17,Monitorear en 72h y actualizar estado comercial.,False,not_eligible,0.192426,prioridad_no_elegible,real_source:ranking_operaciones_riesgo_caida.parquet
riesgo_caida_action_impact_v1,OP_F8FE642DCE,2026-07-05T01:23:32.267615+00:00,Matera,ASESOR_950BED165C,sin_clasificar,P2,0.400017,medium,16127.97,Monitorear en 72h y actualizar estado comercial.,False,not_eligible,0.905025,prioridad_no_elegible,real_source:ranking_operaciones_riesgo_caida.parquet
riesgo_caida_action_impact_v1,OP_9581BBFE8F,2026-07-05T01:23:32.267615+00:00,Matera,ASESOR_950BED165C,sin_clasificar,P2,0.400017,medium,16046.1,Monitorear en 72h y actualizar estado comercial.,False,not_eligible,0.539597,prioridad_no_elegible,real_source:ranking_operaciones_riesgo_caida.parquet
riesgo_caida_action_impact_v1,OP_FE6024554F,2026-07-05T01:23:32.267615+00:00,Matera,ASESOR_9FCF63DC91,sin_clasificar,P2,0.399312,medium,18568.01,Monitorear en 72h y actualizar estado comercial.,False,not_eligible,0.494461,prioridad_no_elegible,real_source:ranking_operaciones_riesgo_caida.parquet
riesgo_caida_action_impact_v1,OP_5D1DFD27C4,2026-07-05T01:23:32.267615+00:00,Tizón y Bueno,ASESOR_1265C8A465,sin_clasificar,P2,0.399118,medium,20534.64,Monitorear en 72h y actualizar estado comercial.,False,not_eligible,0.358424,prioridad_no_elegible,real_source:ranking_operaciones_riesgo_caida.parquet
riesgo_caida_action_impact_v1,OP_19B4665FE3,2026-07-05T01:23:32.267615+00:00,Edificio Santa Cruz Infinite,ASESOR_1265C8A465,sin_clasificar,P2,0.397928,medium,30195.3,Monitorear en 72h y actualizar estado comercial.,False,not_eligible,0.241165,prioridad_no_elegible,real_source:ranking_operaciones_riesgo_caida.parquet
riesgo_caida_action_impact_v1,OP_57C4A74DBE,2026-07-05T01:23:32.267615+00:00,Matera,ASESOR_7B5A7F5FB0,sin_clasificar,P2,0.397149,medium,15488.83,Monitorear en 72h y actualizar estado comercial.,False,not_eligible,0.557091,prioridad_no_elegible,real_source:ranking_operaciones_riesgo_caida.parquet
riesgo_caida_action_impact_v1,OP_4B789CDB0A,2026-07-05T01:23:32.267615+00:00,Modena,ASESOR_E5897908D5,sin_clasificar,P2,0.396745,medium,30350.96,Monitorear en 72h y actualizar estado comercial.,False,not_eligible,0.150789,prioridad_no_elegible,real_source:ranking_operaciones_riesgo_caida.parquet
riesgo_caida_action_impact_v1,OP_4B7F9AD9F7,2026-07-05T01:23:32.267615+00:00,Fenix,ASESOR_1265C8A465,sin_clasificar,P2,0.394782,medium,22739.45,Monitorear en 72h y actualizar estado comercial.,False,not_eligible,0.333637,prioridad_no_elegible,real_source:ranking_operaciones_riesgo_caida.parquet
riesgo_caida_action_impact_v1,OP_ED0E10721B,2026-07-05T01:23:32.267615+00:00,Alicanto,ASESOR_D49965A644,sin_clasificar,P2,0.394743,medium,32441.64,Monitorear en 72h y actualizar estado comercial.,False,not_eligible,0.861016,prioridad_no_elegible,real_source:ranking_operaciones_riesgo_caida.parquet
riesgo_caida_action_impact_v1,OP_415595E77F,2026-07-05T01:23:32.267615+00:00,Edificio Cuba Connect,ASESOR_1265C8A465,sin_clasificar,P2,0.393044,medium,32432.08,Monitorear en 72h y actualizar estado comercial.,False,not_eligible,0.625354,prioridad_no_elegible,real_source:ranking_operaciones_riesgo_caida.parquet
riesgo_caida_action_impact_v1,OP_CF19042B49,2026-07-05T01:23:32.267615+00:00,Edificio Saenz,ASESOR_1265C8A465,sin_clasificar,P2,0.392845,medium,29946.56,Monitorear en 72h y actualizar estado comercial.,False,not_eligible,0.860813,prioridad_no_elegible,real_source:ranking_operaciones_riesgo_caida.parquet
riesgo_caida_action_impact_v1,OP_DED10144AE,2026-07-05T01:23:32.267615+00:00,Modena,ASESOR_1265C8A465,sin_clasificar,P2,0.390157,medium,26537.53,Monitorear en 72h y actualizar estado comercial.,False,not_eligible,0.922564,prioridad_no_elegible,real_source:ranking_operaciones_riesgo_caida.parquet
riesgo_caida_action_impact_v1,OP_150B3892E3,2026-07-05T01:23:32.267615+00:00,Matera,ASESOR_C6B4E60323,sin_clasificar,P2,0.389082,medium,26526.84,Monitorear en 72h y actualizar estado comercial.,False,not_eligible,0.386467,prioridad_no_elegible,real_source:ranking_operaciones_riesgo_caida.parquet
riesgo_caida_action_impact_v1,OP_B447147009,2026-07-05T01:23:32.267615+00:00,Edificio Urbanzen,ASESOR_7B5A7F5FB0,sin_clasificar,P2,0.3878,medium,37015.37,Monitorear en 72h y actualizar estado comercial.,False,not_eligible,0.663077,prioridad_no_elegible,real_source:ranking_operaciones_riesgo_caida.parquet
riesgo_caida_action_impact_v1,OP_42210D0A7C,2026-07-05T01:23:32.267615+00:00,Edificio Urbanzen,ASESOR_7B5A7F5FB0,sin_clasificar,P2,0.387022,medium,37308.64,Monitorear en 72h y actualizar estado comercial.,False,not_eligible,0.81912,prioridad_no_elegible,real_source:ranking_operaciones_riesgo_caida.parquet
riesgo_caida_action_impact_v1,OP_0C63F395AB,2026-07-05T01:23:32.267615+00:00,Fenix,ASESOR_1265C8A465,sin_clasificar,P2,0.386449,medium,20000.9,Monitorear en 72h y actualizar estado comercial.,False,not_eligible,0.900414,prioridad_no_elegible,real_source:ranking_operaciones_riesgo_caida.parquet
riesgo_caida_action_impact_v1,OP_5EB10A503E,2026-07-05T01:23:32.267615+00:00,Edificio Cuba Connect,ASESOR_7B5A7F5FB0,sin_clasificar,P2,0.385284,medium,17730.89,Monitorear en 72h y actualizar estado comercial.,False,not_eligible,0.291893,prioridad_no_elegible,real_source:ranking_operaciones_riesgo_caida.parquet
riesgo_caida_action_impact_v1,OP_512CC4D2B3,2026-07-05T01:23:32.267615+00:00,Fenix,ASESOR_1265C8A465,sin_clasificar,P2,0.384306,medium,20336.67,Monitorear en 72h y actualizar estado comercial.,False,not_eligible,0.911697,prioridad_no_elegible,real_source:ranking_operaciones_riesgo_caida.parquet
riesgo_caida_action_impact_v1,OP_3E94AE0FE4,2026-07-05T01:23:32.267615+00:00,Edificio Saenz,ASESOR_1265C8A465,sin_clasificar,P2,0.38271,medium,38527.2,Monitorear en 72h y actualizar estado comercial.,False,not_eligible,0.667664,prioridad_no_elegible,real_source:ranking_operaciones_riesgo_caida.parquet
riesgo_caida_action_impact_v1,OP_D70B5793CB,2026-07-05T01:23:32.267615+00:00,Fenix,ASESOR_E5897908D5,sin_clasificar,P2,0.382441,medium,28969.93,Monitorear en 72h y actualizar estado comercial.,False,not_eligible,0.396593,prioridad_no_elegible,real_source:ranking_operaciones_riesgo_caida.parquet
riesgo_caida_action_impact_v1,OP_D976A6EA41,2026-07-05T01:23:32.267615+00:00,Edificio Urbanzen,ASESOR_E5897908D5,sin_clasificar,P2,0.38176,medium,33785.73,Monitorear en 72h y actualizar estado comercial.,False,not_eligible,0.398764,prioridad_no_elegible,real_source:ranking_operaciones_riesgo_caida.parquet
riesgo_caida_action_impact_v1,OP_5F5CC2D603,2026-07-05T01:23:32.267615+00:00,Sialia,ASESOR_C6B4E60323,sin_clasificar,P2,0.380356,medium,26062.01,Monitorear en 72h y actualizar estado comercial.,False,not_eligible,0.746801,prioridad_no_elegible,real_source:ranking_operaciones_riesgo_caida.parquet
riesgo_caida_action_impact_v1,OP_6AAD2460C5,2026-07-05T01:23:32.267615+00:00,Edificio Santa Cruz Infinite,ASESOR_7B5A7F5FB0,sin_clasificar,P2,0.379061,medium,27428.3,Monitorear en 72h y actualizar estado comercial.,False,not_eligible,0.995675,prioridad_no_elegible,real_source:ranking_operaciones_riesgo_caida.parquet
riesgo_caida_action_impact_v1,OP_010E9A3E9F,2026-07-05T01:23:32.267615+00:00,Alicanto,ASESOR_1265C8A465,sin_clasificar,P2,0.37903,medium,18999.4,Monitorear en 72h y actualizar estado comercial.,False,not_eligible,0.287374,prioridad_no_elegible,real_source:ranking_operaciones_riesgo_caida.parquet
riesgo_caida_action_impact_v1,OP_1105A71915,2026-07-05T01:23:32.267615+00:00,Edificio Santa Cruz Infinite,ASESOR_7B5A7F5FB0,sin_clasificar,P2,0.376981,medium,27470.14,Monitorear en 72h y actualizar estado comercial.,False,not_eligible,0.25041,prioridad_no_elegible,real_source:ranking_operaciones_riesgo_caida.parquet
riesgo_caida_action_impact_v1,OP_1E49EDF4A6,2026-07-05T01:23:32.267615+00:00,Edificio Santa Cruz Infinite,ASESOR_7B5A7F5FB0,sin_clasificar,P2,0.375896,medium,27644.97,Monitorear en 72h y actualizar estado comercial.,False,not_eligible,0.677136,prioridad_no_elegible,real_source:ranking_operaciones_riesgo_caida.parquet
riesgo_caida_action_impact_v1,OP_1D6C2B78D1,2026-07-05T01:23:32.267615+00:00,Matera,ASESOR_7B5A7F5FB0,sin_clasificar,P2,0.375896,medium,25372.95,Monitorear en 72h y actualizar estado comercial.,False,not_eligible,0.180784,prioridad_no_elegible,real_source:ranking_operaciones_riesgo_caida.parquet
riesgo_caida_action_impact_v1,OP_1CA5FC2971,2026-07-05T01:23:32.267615+00:00,Matera,ASESOR_9FCF63DC91,sin_clasificar,P2,0.375356,medium,25871.6,Monitorear en 72h y actualizar estado comercial.,False,not_eligible,0.220791,prioridad_no_elegible,real_source:ranking_operaciones_riesgo_caida.parquet
riesgo_caida_action_impact_v1,OP_DEB6CBEBF1,2026-07-05T01:23:32.267615+00:00,Matera,ASESOR_1265C8A465,sin_clasificar,P2,0.375021,medium,21573.84,Monitorear en 72h y actualizar estado comercial.,False,not_eligible,0.04034,prioridad_no_elegible,real_source:ranking_operaciones_riesgo_caida.parquet
riesgo_caida_action_impact_v1,OP_D565C5F37F,2026-07-05T01:23:32.267615+00:00,Edificio Cuba Connect,ASESOR_7B5A7F5FB0,sin_clasificar,P2,0.372599,medium,36236.41,Monitorear en 72h y actualizar estado comercial.,False,not_eligible,0.248833,prioridad_no_elegible,real_source:ranking_operaciones_riesgo_caida.parquet
riesgo_caida_action_impact_v1,OP_1C1DAAF085,2026-07-05T01:23:32.267615+00:00,Edificio Cuba Connect,ASESOR_7B5A7F5FB0,sin_clasificar,P2,0.372599,medium,36236.41,Monitorear en 72h y actualizar estado comercial.,False,not_eligible,0.59753,prioridad_no_elegible,real_source:ranking_operaciones_riesgo_caida.parquet
riesgo_caida_action_impact_v1,OP_6A4E1B1ED7,2026-07-05T01:23:32.267615+00:00,Edificio Saenz,ASESOR_1265C8A465,sin_clasificar,P2,0.372376,medium,28179.53,Monitorear en 72h y actualizar estado comercial.,False,not_eligible,0.3947,prioridad_no_elegible,real_source:ranking_operaciones_riesgo_caida.parquet
riesgo_caida_action_impact_v1,OP_436FF93D62,2026-07-05T01:23:32.267615+00:00,Matera,ASESOR_1265C8A465,sin_clasificar,P2,0.371689,medium,14341.0,Monitorear en 72h y actualizar estado comercial.,False,not_eligible,0.354166,prioridad_no_elegible,real_source:ranking_operaciones_riesgo_caida.parquet
riesgo_caida_action_impact_v1,OP_EB532648BD,2026-07-05T01:23:32.267615+00:00,Matera,ASESOR_9FCF63DC91,sin_clasificar,P2,0.371459,medium,19606.46,Monitorear en 72h y actualizar estado comercial.,False,not_eligible,0.21785,prioridad_no_elegible,real_source:ranking_operaciones_riesgo_caida.parquet
riesgo_caida_action_impact_v1,OP_EE46CEFEC8,2026-07-05T01:23:32.267615+00:00,Edificio Cuba Connect,ASESOR_7B5A7F5FB0,sin_clasificar,P2,0.370422,medium,37688.39,Monitorear en 72h y actualizar estado comercial.,False,not_eligible,0.506414,prioridad_no_elegible,real_source:ranking_operaciones_riesgo_caida.parquet
riesgo_caida_action_impact_v1,OP_092FD7CF58,2026-07-05T01:23:32.267615+00:00,Edificio Cuba Connect,ASESOR_7B5A7F5FB0,sin_clasificar,P2,0.370384,medium,35756.03,Monitorear en 72h y actualizar estado comercial.,False,not_eligible,0.629291,prioridad_no_elegible,real_source:ranking_operaciones_riesgo_caida.parquet
riesgo_caida_action_impact_v1,OP_84EA5EE447,2026-07-05T01:23:32.267615+00:00,Edificio Santa Cruz Infinite,ASESOR_7B5A7F5FB0,sin_clasificar,P2,0.368512,medium,26759.51,Monitorear en 72h y actualizar estado comercial.,False,not_eligible,0.384837,prioridad_no_elegible,real_source:ranking_operaciones_riesgo_caida.parquet
riesgo_caida_action_impact_v1,OP_541E0F4E7F,2026-07-05T01:23:32.267615+00:00,Tizón y Bueno,ASESOR_1265C8A465,sin_clasificar,P2,0.3676,medium,18471.89,Monitorear en 72h y actualizar estado comercial.,False,not_eligible,0.15064,prioridad_no_elegible,real_source:ranking_operaciones_riesgo_caida.parquet
riesgo_caida_action_impact_v1,OP_ADE73B0C5F,2026-07-05T01:23:32.267615+00:00,Edificio Urbanzen,ASESOR_1265C8A465,sin_clasificar,P2,0.366947,medium,35685.63,Monitorear en 72h y actualizar estado comercial.,False,not_eligible,0.059391,prioridad_no_elegible,real_source:ranking_operaciones_riesgo_caida.parquet
riesgo_caida_action_impact_v1,OP_9F4CBE930D,2026-07-05T01:23:32.267615+00:00,Capadocia,ASESOR_1265C8A465,sin_clasificar,P2,0.362887,medium,19249.26,Monitorear en 72h y actualizar estado comercial.,False,not_eligible,0.158357,prioridad_no_elegible,real_source:ranking_operaciones_riesgo_caida.parquet
riesgo_caida_action_impact_v1,OP_5FCBCDE7FA,2026-07-05T01:23:32.267615+00:00,Edificio Mariategui,ASESOR_8D1ED284CF,sin_clasificar,P2,0.362375,medium,15323.03,Monitorear en 72h y actualizar estado comercial.,False,not_eligible,0.718357,prioridad_no_elegible,real_source:ranking_operaciones_riesgo_caida.parquet
riesgo_caida_action_impact_v1,OP_74ECAD0C11,2026-07-05T01:23:32.267615+00:00,Torre Nápoles,ASESOR_E5897908D5,sin_clasificar,P2,0.36037,medium,20162.7,Monitorear en 72h y actualizar estado comercial.,False,not_eligible,0.205012,prioridad_no_elegible,real_source:ranking_operaciones_riesgo_caida.parquet
riesgo_caida_action_impact_v1,OP_840D3DCB7A,2026-07-05T01:23:32.267615+00:00,Edificio Cuba Connect,ASESOR_7B5A7F5FB0,sin_clasificar,P2,0.359424,medium,33586.21,Monitorear en 72h y actualizar estado comercial.,False,not_eligible,0.241037,prioridad_no_elegible,real_source:ranking_operaciones_riesgo_caida.parquet
riesgo_caida_action_impact_v1,OP_610B5EADCF,2026-07-05T01:23:32.267615+00:00,Matera,ASESOR_E05C20E0FE,sin_clasificar,P2,0.358524,medium,23728.97,Monitorear en 72h y actualizar estado comercial.,False,not_eligible,0.850869,prioridad_no_elegible,real_source:ranking_operaciones_riesgo_caida.parquet
riesgo_caida_action_impact_v1,OP_17AE32B439,2026-07-05T01:23:32.267615+00:00,Edificio Cuba Connect,ASESOR_7B5A7F5FB0,sin_clasificar,P2,0.357729,medium,21789.83,Monitorear en 72h y actualizar estado comercial.,False,not_eligible,0.214043,prioridad_no_elegible,real_source:ranking_operaciones_riesgo_caida.parquet
riesgo_caida_action_impact_v1,OP_B01DCCA5AE,2026-07-05T01:23:32.267615+00:00,Edificio Mariategui,ASESOR_8D1ED284CF,sin_clasificar,P2,0.35619,medium,15766.76,Monitorear en 72h y actualizar estado comercial.,False,not_eligible,0.569288,prioridad_no_elegible,real_source:ranking_operaciones_riesgo_caida.parquet
riesgo_caida_action_impact_v1,OP_626D70616E,2026-07-05T01:23:32.267615+00:00,Edificio Cuba Connect,ASESOR_7B5A7F5FB0,sin_clasificar,P2,0.356116,medium,32933.14,Monitorear en 72h y actualizar estado comercial.,False,not_eligible,0.15532,prioridad_no_elegible,real_source:ranking_operaciones_riesgo_caida.parquet
riesgo_caida_action_impact_v1,OP_21D1A97C83,2026-07-05T01:23:32.267615+00:00,Edificio Cuba Connect,ASESOR_7B5A7F5FB0,sin_clasificar,P2,0.354115,medium,33042.76,Monitorear en 72h y actualizar estado comercial.,False,not_eligible,0.161343,prioridad_no_elegible,real_source:ranking_operaciones_riesgo_caida.parquet
riesgo_caida_action_impact_v1,OP_7408FC1C68,2026-07-05T01:23:32.267615+00:00,Matera,ASESOR_DA48A4F817,sin_clasificar,P2,0.353225,medium,21193.47,Monitorear en 72h y actualizar estado comercial.,False,not_eligible,0.192029,prioridad_no_elegible,real_source:ranking_operaciones_riesgo_caida.parquet
riesgo_caida_action_impact_v1,OP_85BE73E148,2026-07-05T01:23:32.267615+00:00,Edificio Cuba Connect,ASESOR_7B5A7F5FB0,sin_clasificar,P2,0.353156,medium,33189.43,Monitorear en 72h y actualizar estado comercial.,False,not_eligible,0.258054,prioridad_no_elegible,real_source:ranking_operaciones_riesgo_caida.parquet
