unit_id,proyecto,tipo_unidad,estado_comercial,precio,area_m2,precio_m2_calculado,data_mode,source_status
UNIT_3ED81FD858,Edificio Saenz,estacionamiento simple,vendido,34200.0,14.0,2442.86,real_source:unidades.parquet,ok
UNIT_A6F3E15287,Tizón y Bueno,departamento flat,proceso de venta,382336.33,65.54,5833.63,real_source:unidades.parquet,ok
UNIT_751CC60370,Modena,departamento flat,vendido,250000.0,40.21,6217.36,real_source:unidades.parquet,ok
UNIT_6C816C799A,Edificio Saenz,estacionamiento simple,vendido,40000.0,13.5,2962.96,real_source:unidades.parquet,ok
UNIT_6A0D30A2E3,Alicanto,departamento flat,vendido,262194.0,40.02,6551.57,real_source:unidades.parquet,ok
UNIT_87E6B09138,Edificio Saenz,departamento flat,vendido,393720.0,78.26,5030.92,real_source:unidades.parquet,ok
UNIT_EB9D40934B,Edificio Saenz,departamento flat,vendido,419000.0,78.26,5353.95,real_source:unidades.parquet,ok
UNIT_E8ACFBB7B5,Edificio Saenz,departamento flat,vendido,406980.0,78.26,5200.36,real_source:unidades.parquet,ok
UNIT_890BCB105F,Edificio Saenz,departamento flat,vendido,386100.0,78.73,4904.1,real_source:unidades.parquet,ok
UNIT_8AAB16BA13,Edificio Saenz,departamento flat,vendido,441440.0,85.64,5154.6,real_source:unidades.parquet,ok
UNIT_0DA1E41306,Edificio Saenz,departamento flat,vendido,387460.0,74.92,5171.65,real_source:unidades.parquet,ok
UNIT_F239D02250,Edificio Saenz,departamento flat,vendido,383720.0,78.26,4903.14,real_source:unidades.parquet,ok
UNIT_8DE326A771,Edificio Saenz,departamento flat,vendido,640344.0,78.73,8133.42,real_source:unidades.parquet,ok
UNIT_D3CD4C1A7A,Edificio Unique,estacionamiento simple,disponible,0.0,16.05,0.0,real_source:unidades.parquet,ok
UNIT_59A5D2E106,Edificio Saenz,estacionamiento simple,vendido,34200.0,12.36,2766.99,real_source:unidades.parquet,ok
UNIT_78E43962E1,Modena,departamento duplex,disponible,0.0,125.02,0.0,real_source:unidades.parquet,ok
UNIT_57C82ADA38,Alicanto,estacionamiento simple,proceso de separación,48708.0,13.5,3608.0,real_source:unidades.parquet,ok
UNIT_344C09DF5D,Matera,departamento flat,proceso de separación,465000.0,54.94,8463.78,real_source:unidades.parquet,ok
UNIT_8E1E76D783,Los Jardines de Urteaga,departamento flat,vendido,691512.0,96.03,7201.0,real_source:unidades.parquet,ok
UNIT_D4F23C1C83,Edificio Saenz,estacionamiento simple,vendido,39330.0,12.08,3255.79,real_source:unidades.parquet,ok
UNIT_A58B83EE45,Edificio Saenz,estacionamiento simple,vendido,39100.0,13.36,2926.65,real_source:unidades.parquet,ok
UNIT_BED3170DBD,Edificio Saenz,estacionamiento simple,vendido,40825.0,13.85,2947.65,real_source:unidades.parquet,ok
UNIT_3D75BD916F,Edificio Saenz,estacionamiento simple,vendido,35910.0,13.57,2646.28,real_source:unidades.parquet,ok
UNIT_7B120691E5,Edificio Saenz,estacionamiento simple,vendido,35705.0,13.57,2631.17,real_source:unidades.parquet,ok
UNIT_9178CA4D82,Edificio Saenz,estacionamiento simple,vendido,35910.0,12.08,2972.68,real_source:unidades.parquet,ok
UNIT_98FD48A066,Edificio Saenz,estacionamiento simple,vendido,35700.0,13.5,2644.44,real_source:unidades.parquet,ok
UNIT_179645D78C,Edificio Saenz,estacionamiento simple,vendido,35910.0,13.26,2708.14,real_source:unidades.parquet,ok
UNIT_339C28D82F,Edificio Saenz,estacionamiento simple,vendido,35700.0,14.42,2475.73,real_source:unidades.parquet,ok
UNIT_B72B613E3A,Edificio Saenz,estacionamiento simple,vendido,34200.0,12.59,2716.44,real_source:unidades.parquet,ok
UNIT_DD1269FCAC,Edificio Unique,estacionamiento simple,disponible,0.0,14.94,0.0,real_source:unidades.parquet,ok
UNIT_C092F391D1,Edificio Unique,depósito,disponible,0.0,1.75,0.0,real_source:unidades.parquet,ok
UNIT_0789564674,Sialia,departamento flat,vendido,442500.0,66.75,6629.21,real_source:unidades.parquet,ok
UNIT_8BDC2CF1F3,Matera,departamento flat,disponible,0.0,40.02,0.0,real_source:unidades.parquet,ok
UNIT_8F5CF0B12B,Matera,estacionamiento simple,no disponible,0.0,12.5,0.0,real_source:unidades.parquet,ok
UNIT_D5916F07A4,Edificio Saenz,departamento flat,vendido,406980.0,78.26,5200.36,real_source:unidades.parquet,ok
UNIT_E97599C059,Edificio Saenz,estacionamiento simple,vendido,34200.0,13.26,2579.19,real_source:unidades.parquet,ok
UNIT_3EE23FAF75,Torre Nápoles,depósito,disponible,0.0,3.1,0.0,real_source:unidades.parquet,ok
UNIT_830798AE29,Edificio Saenz,depósito,vendido,16689.0,4.88,3419.88,real_source:unidades.parquet,ok
UNIT_7748293588,Edificio Saenz,depósito,vendido,10000.0,4.88,2049.18,real_source:unidades.parquet,ok
UNIT_39F3FDAA3C,Edificio Saenz,depósito,vendido,18468.0,5.4,3420.0,real_source:unidades.parquet,ok
UNIT_D1EEC0E7F2,Modena,estacionamiento simple,proceso de separación,43776.0,12.0,3648.0,real_source:unidades.parquet,ok
UNIT_350ABF6F99,Sialia,departamento flat,vendido,265824.0,40.0,6645.6,real_source:unidades.parquet,ok
UNIT_FDF97DB4CA,Edificio Urbanzen,departamento flat,entregado,648334.0,116.82,5549.85,real_source:unidades.parquet,ok
UNIT_4C746670DA,Matera,departamento flat,disponible,0.0,53.93,0.0,real_source:unidades.parquet,ok
UNIT_0E5A879BC4,Torre Nápoles,departamento flat,disponible,0.0,55.48,0.0,real_source:unidades.parquet,ok
UNIT_D4A2E4198F,Matera,departamento flat,vendido,416162.0,54.94,7574.85,real_source:unidades.parquet,ok
UNIT_F5E70DF1B5,Matera,departamento flat,proceso de separación,465510.0,54.94,8473.06,real_source:unidades.parquet,ok
UNIT_C2B469FC55,Modena,departamento flat,disponible,0.0,53.02,0.0,real_source:unidades.parquet,ok
UNIT_D1003F8C5D,Edificio Cuba Connect,departamento flat,vendido,344190.0,49.17,7000.0,real_source:unidades.parquet,ok
UNIT_884C350DCC,Torre Nápoles,departamento flat,disponible,0.0,55.48,0.0,real_source:unidades.parquet,ok
UNIT_01ECAF4142,Edificio Unique,departamento flat,disponible,0.0,55.32,0.0,real_source:unidades.parquet,ok
UNIT_244CCE1D08,Edificio Saenz,departamento flat,vendido,417100.0,81.69,5105.89,real_source:unidades.parquet,ok
UNIT_6FC9B34390,Edificio Saenz,estacionamiento simple,vendido,34200.0,13.36,2559.88,real_source:unidades.parquet,ok
UNIT_922EF2236E,Edificio Saenz,estacionamiento simple,vendido,34200.0,13.57,2520.27,real_source:unidades.parquet,ok
UNIT_41ACCAC387,Edificio Saenz,departamento flat,proceso de venta,374300.0,74.92,4996.0,real_source:unidades.parquet,ok
UNIT_243B761EB1,Torre Nápoles,depósito,disponible,0.0,2.1,0.0,real_source:unidades.parquet,ok
UNIT_2380DE0FAF,Capadocia,estacionamiento simple,proceso de separación,48450.0,12.5,3876.0,real_source:unidades.parquet,ok
UNIT_6548929519,Torre Nápoles,depósito,disponible,0.0,3.7,0.0,real_source:unidades.parquet,ok
UNIT_696A5B230D,Matera,departamento flat,disponible,0.0,36.39,0.0,real_source:unidades.parquet,ok
UNIT_1F364C9CB5,Fenix,departamento flat,proceso de separación,423776.54,58.7,7219.36,real_source:unidades.parquet,ok
UNIT_739D510083,Sialia,departamento flat,disponible,0.0,57.31,0.0,real_source:unidades.parquet,ok
UNIT_C1E882B771,Edificio Cuba Connect,estacionamiento simple,vendido,45000.0,16.65,2702.7,real_source:unidades.parquet,ok
UNIT_595A28319E,Edificio Cuba Connect,estacionamiento simple,vendido,39330.0,16.65,2362.16,real_source:unidades.parquet,ok
UNIT_5451CBAFE4,Torre Nápoles,depósito,disponible,0.0,3.7,0.0,real_source:unidades.parquet,ok
UNIT_4BC201EE39,Edificio Saenz,departamento flat,vendido,415900.0,74.92,5551.25,real_source:unidades.parquet,ok
UNIT_BD91492899,Matera,estacionamiento simple,disponible,0.0,12.0,0.0,real_source:unidades.parquet,ok
UNIT_3C6FD4E65B,Edificio Saenz,departamento flat,vendido,409900.0,78.26,5237.67,real_source:unidades.parquet,ok
UNIT_A750188CBA,Edificio Cuba Connect,depósito,vendido,13608.0,3.86,3525.39,real_source:unidades.parquet,ok
UNIT_43D4E3EB6D,Edificio Santa Cruz Infinite,estacionamiento simple,vendido,42600.0,13.64,3123.17,real_source:unidades.parquet,ok
UNIT_F797A1B9B9,Edificio Cuba Connect,depósito,vendido,14104.0,3.44,4100.0,real_source:unidades.parquet,ok
UNIT_5A27995492,Edificio Santa Cruz Infinite,estacionamiento simple,vendido,43200.0,13.5,3200.0,real_source:unidades.parquet,ok
UNIT_9A0D8052F2,Edificio Santa Cruz Infinite,estacionamiento simple,vendido,41690.0,15.66,2662.2,real_source:unidades.parquet,ok
UNIT_ECE86AA1C3,Fenix,departamento flat,vendido,456419.52,70.24,6498.0,real_source:unidades.parquet,ok
UNIT_F525774439,Edificio Santa Cruz Infinite,departamento flat,vendido,509300.0,70.85,7188.43,real_source:unidades.parquet,ok
UNIT_7A301BA91D,Edificio Cuba Connect,departamento flat,vendido,565000.0,83.56,6761.61,real_source:unidades.parquet,ok
UNIT_BC62018543,Alicanto,departamento flat,vendido,328229.4,52.61,6238.92,real_source:unidades.parquet,ok
UNIT_104DCF76E7,Edificio Cuba Connect,estacionamiento simple,vendido,42750.0,15.75,2714.29,real_source:unidades.parquet,ok
UNIT_3FEC7FDD34,Edificio Cuba Connect,estacionamiento simple,vendido,39330.0,16.65,2362.16,real_source:unidades.parquet,ok
UNIT_11A657F3BA,Matera,departamento flat,vendido,569300.0,70.88,8031.88,real_source:unidades.parquet,ok
UNIT_78D5114C20,Edificio Santa Cruz Infinite,departamento flat,vendido,486200.0,71.27,6821.94,real_source:unidades.parquet,ok
UNIT_B108542C9B,Matera,estacionamiento simple,disponible,0.0,12.0,0.0,real_source:unidades.parquet,ok
UNIT_DB9376B685,Edificio Urbanzen,estacionamiento simple,disponible,0.0,12.0,0.0,real_source:unidades.parquet,ok
UNIT_1C326478FE,Fenix,departamento flat,proceso de separación,396050.0,58.75,6741.28,real_source:unidades.parquet,ok
UNIT_AE28FF9A36,Torre Nápoles,departamento flat,proceso de separación,312000.0,57.04,5469.85,real_source:unidades.parquet,ok
UNIT_EB56C67E3C,Sialia,departamento flat,vendido,491230.56,70.64,6954.0,real_source:unidades.parquet,ok
UNIT_8728E94034,Edificio Unique,departamento flat,disponible,0.0,55.32,0.0,real_source:unidades.parquet,ok
UNIT_C87CB79EC7,Tizón y Bueno,estacionamiento con depósito,proceso de separación,57163.0,17.45,3275.82,real_source:unidades.parquet,ok
UNIT_38BAF5991F,Edificio Cuba Connect,estacionamiento simple,vendido,45100.0,15.75,2863.49,real_source:unidades.parquet,ok
UNIT_087897F13B,Sialia,estacionamiento simple,separado,48700.0,12.5,3896.0,real_source:unidades.parquet,ok
UNIT_B0C99DE1DC,Edificio Cuba Connect,estacionamiento simple,vendido,43050.0,14.04,3066.24,real_source:unidades.parquet,ok
UNIT_DBDB0ACB0A,Fenix,departamento flat,disponible,0.0,67.78,0.0,real_source:unidades.parquet,ok
UNIT_2BE828BA04,Edificio Cuba Connect,depósito,vendido,14535.0,4.25,3420.0,real_source:unidades.parquet,ok
UNIT_158031B6A6,Edificio Cuba Connect,depósito,vendido,10578.0,3.99,2651.13,real_source:unidades.parquet,ok
UNIT_786EED55A2,Fenix,estacionamiento simple,proceso de separación,55200.0,14.56,3791.21,real_source:unidades.parquet,ok
UNIT_D7EB27E1A1,Edificio Santa Cruz Infinite,estacionamiento simple,vendido,47150.0,12.63,3733.17,real_source:unidades.parquet,ok
UNIT_0C9C9B5505,Matera,departamento flat,vendido,458567.52,54.94,8346.7,real_source:unidades.parquet,ok
UNIT_FF1CB02556,Matera,departamento flat,vendido,585852.0,77.4,7569.15,real_source:unidades.parquet,ok
UNIT_8FC8F25FA1,Edificio Urbanzen,departamento flat,entregado,700000.0,81.0,8641.98,real_source:unidades.parquet,ok
UNIT_B1FC77A7C4,Sialia,estacionamiento simple,proceso de separación,50000.0,12.5,4000.0,real_source:unidades.parquet,ok
UNIT_5374047085,Modena,departamento flat,disponible,0.0,73.57,0.0,real_source:unidades.parquet,ok
UNIT_C353E6C28F,Alicanto,departamento flat,disponible,0.0,78.23,0.0,real_source:unidades.parquet,ok
UNIT_A66088690D,Edificio Saenz,departamento flat,vendido,413300.0,74.92,5516.55,real_source:unidades.parquet,ok
UNIT_197CF293E3,Tizón y Bueno,departamento flat,vendido,307868.0,50.9,6048.49,real_source:unidades.parquet,ok
UNIT_7DBDEB216B,Capadocia,estacionamiento simple,disponible,0.0,12.0,0.0,real_source:unidades.parquet,ok
UNIT_E3DE2ED0A5,Sialia,estacionamiento simple,proceso de venta,52500.0,13.13,3998.48,real_source:unidades.parquet,ok
UNIT_67568BBB50,Matera,estacionamiento simple,vendido,45788.0,12.5,3663.04,real_source:unidades.parquet,ok
UNIT_F8CD2FF8AE,Tizón y Bueno,estacionamiento simple,proceso de entrega,68815.0,18.38,3744.02,real_source:unidades.parquet,ok
UNIT_B2C82AE6DD,Matera,estacionamiento simple,disponible,0.0,12.5,0.0,real_source:unidades.parquet,ok
UNIT_7F38E88770,Fenix,departamento flat,vendido,345037.0,56.67,6088.53,real_source:unidades.parquet,ok
UNIT_DA1BAAF598,Matera,departamento flat,disponible,0.0,40.0,0.0,real_source:unidades.parquet,ok
UNIT_3D9A4F7A96,Matera,departamento flat,vendido,368301.8,56.75,6489.9,real_source:unidades.parquet,ok
UNIT_E7757E4CA0,Alicanto,estacionamiento simple,no disponible,0.0,13.5,0.0,real_source:unidades.parquet,ok
UNIT_319B0FED88,Matera,estacionamiento simple,disponible,0.0,12.5,0.0,real_source:unidades.parquet,ok
UNIT_217260616A,Matera,departamento flat,disponible,0.0,54.94,0.0,real_source:unidades.parquet,ok
UNIT_8F61A395B8,Edificio Urbanzen,estacionamiento simple,vendido,48700.0,12.5,3896.0,real_source:unidades.parquet,ok
UNIT_D84FD5E3C4,Sialia,estacionamiento simple,disponible,0.0,14.07,0.0,real_source:unidades.parquet,ok
UNIT_7EF80A996E,Alicanto,departamento flat,vendido,329209.44,53.96,6100.99,real_source:unidades.parquet,ok
UNIT_1B2B488B04,Sialia,estacionamiento con depósito,vendido,60800.0,15.2,4000.0,real_source:unidades.parquet,ok
UNIT_BDDFF6A115,Edificio Saenz,departamento flat,vendido,610823.4,85.64,7132.45,real_source:unidades.parquet,ok
UNIT_26A1358C4C,Tizón y Bueno,departamento flat,vendido,409089.0,71.77,5700.0,real_source:unidades.parquet,ok
UNIT_F1B22627A7,Tizón y Bueno,departamento flat,vendido,356760.0,56.21,6346.91,real_source:unidades.parquet,ok
UNIT_0513039FD9,Edificio Saenz,departamento flat,vendido,450100.0,81.69,5509.85,real_source:unidades.parquet,ok
UNIT_F54F363A90,Matera,departamento flat,disponible,0.0,53.93,0.0,real_source:unidades.parquet,ok
UNIT_97B701E140,Matera,departamento flat,disponible,0.0,77.4,0.0,real_source:unidades.parquet,ok
UNIT_EAEF14A454,Edificio Saenz,departamento flat,vendido,400380.0,74.92,5344.1,real_source:unidades.parquet,ok
UNIT_629BA9358B,Matera,estacionamiento simple,disponible,0.0,13.5,0.0,real_source:unidades.parquet,ok
UNIT_D74B5871C2,Edificio Santa Cruz Infinite,departamento flat,vendido,436000.0,69.72,6253.59,real_source:unidades.parquet,ok
UNIT_B98EE8171A,Matera,departamento flat,proceso de separación,455000.0,54.94,8281.76,real_source:unidades.parquet,ok
UNIT_4C21FA492F,Fenix,departamento flat,vendido,457000.0,67.37,6783.43,real_source:unidades.parquet,ok
UNIT_B3615E5FFC,Modena,estacionamiento simple,vendido,50787.0,13.5,3762.0,real_source:unidades.parquet,ok
UNIT_6F1BEEE9D8,Torre Nápoles,departamento flat,vendido,380900.0,68.65,5548.43,real_source:unidades.parquet,ok
UNIT_F5B2F8837B,Alicanto,departamento flat,vendido,331967.0,52.61,6309.96,real_source:unidades.parquet,ok
UNIT_AD44C30DE5,Sialia,estacionamiento simple,no disponible,0.0,13.5,0.0,real_source:unidades.parquet,ok
UNIT_7D8635A86D,Sialia,estacionamiento simple,vendido,48000.0,12.0,4000.0,real_source:unidades.parquet,ok
UNIT_491C966109,Sialia,departamento flat,disponible,0.0,69.77,0.0,real_source:unidades.parquet,ok
UNIT_BBDE37B553,Torre Nápoles,depósito,disponible,0.0,4.6,0.0,real_source:unidades.parquet,ok
UNIT_D367E4CF37,Los Jardines de Urteaga,departamento duplex,vendido,1062720.0,204.26,5202.78,real_source:unidades.parquet,ok
UNIT_E18315F99A,Modena,estacionamiento con depósito,disponible,0.0,13.8,0.0,real_source:unidades.parquet,ok
UNIT_B4BD549004,Sialia,departamento flat,proceso de separación,575000.0,69.77,8241.36,real_source:unidades.parquet,ok
UNIT_89F091A487,Edificio Santa Cruz Infinite,estacionamiento simple,no disponible,0.0,13.5,0.0,real_source:unidades.parquet,ok
UNIT_C3EBE5935D,Edificio Saenz,departamento flat,vendido,400380.0,74.92,5344.1,real_source:unidades.parquet,ok
UNIT_EB60A95FF3,Edificio Santa Cruz Infinite,estacionamiento simple,no disponible,0.0,13.64,0.0,real_source:unidades.parquet,ok
UNIT_8B1FC9098A,Torre Nápoles,depósito,disponible,0.0,3.6,0.0,real_source:unidades.parquet,ok
UNIT_A109F2F5E9,Edificio Urbanzen,estacionamiento simple,entregado,45500.0,12.0,3791.67,real_source:unidades.parquet,ok
UNIT_EC77E0D87D,Edificio Santa Cruz Infinite,estacionamiento simple,vendido,47150.0,13.5,3492.59,real_source:unidades.parquet,ok
UNIT_9968998980,Edificio Santa Cruz Infinite,departamento flat,vendido,488928.0,72.76,6719.74,real_source:unidades.parquet,ok
UNIT_1D86F56FA3,Edificio Santa Cruz Infinite,departamento flat,vendido,509700.0,93.76,5436.22,real_source:unidades.parquet,ok
UNIT_48E9A87335,Edificio Santa Cruz Infinite,departamento flat,vendido,356100.0,70.94,5019.73,real_source:unidades.parquet,ok
UNIT_99C99F01B2,Matera,departamento flat,disponible,0.0,77.4,0.0,real_source:unidades.parquet,ok
UNIT_43D6A8DD8E,Fenix,departamento flat,vendido,348127.5,52.35,6650.0,real_source:unidades.parquet,ok
UNIT_777726B20B,Sialia,estacionamiento simple,no disponible,0.0,13.96,0.0,real_source:unidades.parquet,ok
UNIT_40E0B7E5F5,Edificio Santa Cruz Infinite,estacionamiento simple,vendido,42600.0,12.88,3307.45,real_source:unidades.parquet,ok
UNIT_95446EF3C1,Edificio Saenz,departamento flat,vendido,405100.0,78.73,5145.43,real_source:unidades.parquet,ok
UNIT_3C8BDBF8F8,Edificio Cuba Connect,departamento flat,vendido,571540.0,84.05,6800.0,real_source:unidades.parquet,ok
UNIT_0FEB331AF1,Edificio Saenz,estacionamiento simple,vendido,39100.0,12.59,3105.64,real_source:unidades.parquet,ok
UNIT_C83AC72116,Alicanto,departamento flat,vendido,249443.44,40.02,6232.97,real_source:unidades.parquet,ok
UNIT_D831FB4690,Edificio Santa Cruz Infinite,departamento flat,vendido,505875.0,72.76,6952.65,real_source:unidades.parquet,ok
UNIT_B4D0DB67F2,Modena,estacionamiento con depósito,disponible,0.0,16.45,0.0,real_source:unidades.parquet,ok
UNIT_8B065CE8FD,Matera,departamento flat,disponible,0.0,40.2,0.0,real_source:unidades.parquet,ok
UNIT_59E288AFF1,Matera,estacionamiento simple,disponible,0.0,12.5,0.0,real_source:unidades.parquet,ok
UNIT_79928E785A,Edificio Cuba Connect,departamento flat,vendido,586350.0,84.05,6976.2,real_source:unidades.parquet,ok
UNIT_99A61EB479,Edificio Mariategui,estacionamiento simple,vendido,62000.0,14.93,4152.71,real_source:unidades.parquet,ok
UNIT_57BDDDD080,Sialia,departamento flat,disponible,0.0,65.71,0.0,real_source:unidades.parquet,ok
UNIT_3CDC080311,Sialia,estacionamiento simple,no disponible,0.0,14.07,0.0,real_source:unidades.parquet,ok
UNIT_3C7A4EB162,Edificio Saenz,departamento flat,vendido,451380.0,74.92,6024.83,real_source:unidades.parquet,ok
UNIT_B2B046041C,Los Jardines de Urteaga,estacionamiento doble,vendido,68400.0,31.0,2206.45,real_source:unidades.parquet,ok
UNIT_198E02F932,Los Jardines de Urteaga,estacionamiento simple,vendido,40800.0,13.0,3138.46,real_source:unidades.parquet,ok
UNIT_77B8BD9CB2,Matera,estacionamiento simple,disponible,0.0,12.5,0.0,real_source:unidades.parquet,ok
UNIT_A20F375390,Torre Nápoles,departamento flat,disponible,0.0,65.81,0.0,real_source:unidades.parquet,ok
UNIT_5B41FC7FF1,Los Jardines de Urteaga,estacionamiento simple,vendido,35700.0,13.5,2644.44,real_source:unidades.parquet,ok
UNIT_E1B6F4733B,Capadocia,departamento flat,disponible,0.0,65.28,0.0,real_source:unidades.parquet,ok
UNIT_F049311FFA,Sialia,estacionamiento simple,disponible,0.0,13.96,0.0,real_source:unidades.parquet,ok
UNIT_FB549E1B3E,Edificio Saenz,departamento flat,vendido,451380.0,74.92,6024.83,real_source:unidades.parquet,ok
UNIT_E0393B7679,Edificio Saenz,departamento flat,vendido,438460.0,74.92,5852.38,real_source:unidades.parquet,ok
UNIT_E105750250,Edificio Saenz,estacionamiento simple,vendido,35910.0,12.59,2852.26,real_source:unidades.parquet,ok
UNIT_D32F762780,Edificio Saenz,estacionamiento simple,vendido,35700.0,12.88,2771.74,real_source:unidades.parquet,ok
UNIT_50EC592D36,Torre Nápoles,departamento flat,disponible,0.0,40.12,0.0,real_source:unidades.parquet,ok
UNIT_BC75456F25,Torre Nápoles,departamento flat,no disponible,0.0,30.17,0.0,real_source:unidades.parquet,ok
UNIT_4F2CF2B87C,Fenix,departamento flat,vendido,300000.0,52.35,5730.66,real_source:unidades.parquet,ok
UNIT_9EB07D7953,Edificio Cuba Connect,depósito,vendido,13760.0,3.44,4000.0,real_source:unidades.parquet,ok
UNIT_DD136B8059,Matera,departamento flat,vendido,462000.0,71.08,6499.72,real_source:unidades.parquet,ok
UNIT_3E4A800F29,Edificio Cuba Connect,depósito,vendido,15805.0,4.17,3790.17,real_source:unidades.parquet,ok
UNIT_52383360CF,Matera,estacionamiento simple,disponible,0.0,12.5,0.0,real_source:unidades.parquet,ok
UNIT_B7AE41E4D7,Matera,departamento flat,vendido,270153.0,40.02,6750.45,real_source:unidades.parquet,ok
UNIT_910F1BDD55,Alicanto,departamento flat,vendido,352783.49,53.96,6537.87,real_source:unidades.parquet,ok
UNIT_2ADC185EEA,Sialia,departamento flat,proceso de venta,360301.0,48.95,7360.59,real_source:unidades.parquet,ok
UNIT_A0D9C4E0A8,Edificio Cuba Connect,estacionamiento simple,vendido,48000.0,12.3,3902.44,real_source:unidades.parquet,ok
UNIT_3B42C0CA69,Capadocia,estacionamiento simple,disponible,0.0,12.5,0.0,real_source:unidades.parquet,ok
UNIT_3627B25626,Capadocia,departamento flat,disponible,0.0,71.88,0.0,real_source:unidades.parquet,ok
UNIT_DA7422F74A,Sialia,departamento flat,vendido,417000.0,66.75,6247.19,real_source:unidades.parquet,ok
UNIT_22B0EF3D47,Sialia,departamento flat,disponible,0.0,40.0,0.0,real_source:unidades.parquet,ok
UNIT_8DBEEB9568,Edificio Saenz,departamento flat,vendido,414090.0,78.73,5259.62,real_source:unidades.parquet,ok
UNIT_B7452232ED,Modena,departamento flat,vendido,379256.56,54.67,6937.2,real_source:unidades.parquet,ok
UNIT_0D1EB38D61,Alicanto,estacionamiento con depósito,proceso de separación,70365.04,16.69,4216.0,real_source:unidades.parquet,ok
UNIT_1F3A9B5CAB,Sialia,estacionamiento simple,vendido,56800.0,14.2,4000.0,real_source:unidades.parquet,ok
UNIT_5A675A0F84,Capadocia,departamento flat,no disponible,0.0,50.29,0.0,real_source:unidades.parquet,ok
UNIT_9F94B245A0,Matera,estacionamiento simple,disponible,0.0,12.5,0.0,real_source:unidades.parquet,ok
UNIT_AA60BED8D2,Tizón y Bueno,departamento flat,proceso de entrega,409000.0,71.77,5698.76,real_source:unidades.parquet,ok
UNIT_5EADD4D5A3,Matera,departamento flat,vendido,510000.0,68.18,7480.2,real_source:unidades.parquet,ok
UNIT_1DB4EB2994,Matera,estacionamiento simple,disponible,0.0,12.0,0.0,real_source:unidades.parquet,ok
UNIT_8790C70E4E,Alicanto,departamento flat,vendido,325559.42,52.61,6188.17,real_source:unidades.parquet,ok
UNIT_59A352A821,Edificio Cuba Connect,estacionamiento simple,vendido,44000.0,15.75,2793.65,real_source:unidades.parquet,ok
UNIT_508463AC8B,Modena,departamento flat,vendido,392331.0,57.1,6870.95,real_source:unidades.parquet,ok
UNIT_3C8A484E60,Edificio Saenz,departamento flat,vendido,515900.0,82.1,6283.8,real_source:unidades.parquet,ok
UNIT_E003977D36,Sialia,departamento flat,proceso de venta,333000.0,57.31,5810.5,real_source:unidades.parquet,ok
UNIT_807F27292D,Alicanto,departamento flat,disponible,0.0,53.96,0.0,real_source:unidades.parquet,ok
UNIT_4CF463FA95,Modena,departamento flat,vendido,470000.0,73.55,6390.21,real_source:unidades.parquet,ok
UNIT_808F58A891,Torre Nápoles,departamento flat,vendido,357543.33,65.81,5432.96,real_source:unidades.parquet,ok
UNIT_FF69DF8A46,Sialia,estacionamiento simple,vendido,48300.0,12.4,3895.16,real_source:unidades.parquet,ok
UNIT_75B0D2F00A,Edificio Saenz,estacionamiento simple,vendido,40000.0,12.88,3105.59,real_source:unidades.parquet,ok
UNIT_CC3D177E81,Capadocia,estacionamiento simple,disponible,0.0,13.5,0.0,real_source:unidades.parquet,ok
UNIT_7AD8F4ABDA,Matera,departamento flat,disponible,0.0,56.51,0.0,real_source:unidades.parquet,ok
UNIT_0A17C3360B,Matera,departamento flat,vendido,610000.0,77.4,7881.14,real_source:unidades.parquet,ok
UNIT_14F7A5DD9B,Tizón y Bueno,departamento flat,vendido,330057.9,50.9,6484.44,real_source:unidades.parquet,ok
UNIT_0C908CC5DA,Edificio Santa Cruz Infinite,departamento flat,vendido,401100.0,70.85,5661.26,real_source:unidades.parquet,ok
UNIT_135A438C5A,Matera,departamento flat,vendido,260000.0,36.39,7144.82,real_source:unidades.parquet,ok
UNIT_2DD2E30D07,Capadocia,depósito,disponible,0.0,6.5,0.0,real_source:unidades.parquet,ok
UNIT_038C7CB469,Modena,departamento flat,disponible,0.0,76.91,0.0,real_source:unidades.parquet,ok
UNIT_842412F6FE,Edificio Cuba Connect,departamento flat,vendido,369587.46,49.17,7516.52,real_source:unidades.parquet,ok
UNIT_A35DA3EA09,Edificio Santa Cruz Infinite,departamento flat,vendido,505875.0,72.76,6952.65,real_source:unidades.parquet,ok
UNIT_35EB35DD7C,Edificio Cuba Connect,departamento flat,vendido,610436.0,83.41,7318.5,real_source:unidades.parquet,ok
UNIT_3C589D6427,Edificio Santa Cruz Infinite,departamento flat,vendido,546500.0,70.52,7749.57,real_source:unidades.parquet,ok
UNIT_EA46BFCBEA,Edificio Santa Cruz Infinite,departamento flat,vendido,489400.0,70.52,6939.88,real_source:unidades.parquet,ok
UNIT_1BFA891001,Sialia,estacionamiento simple,no disponible,0.0,12.5,0.0,real_source:unidades.parquet,ok
UNIT_45636E355B,Modena,departamento flat,disponible,0.0,40.09,0.0,real_source:unidades.parquet,ok
UNIT_4E47FF5250,Torre Nápoles,departamento flat,disponible,0.0,40.12,0.0,real_source:unidades.parquet,ok
UNIT_55C40297DE,Edificio Santa Cruz Infinite,estacionamiento doble,no disponible,0.0,24.0,0.0,real_source:unidades.parquet,ok
UNIT_49CDF8657D,Torre Nápoles,departamento flat,disponible,0.0,40.07,0.0,real_source:unidades.parquet,ok
UNIT_C037C476D6,Capadocia,departamento flat,disponible,0.0,63.07,0.0,real_source:unidades.parquet,ok
UNIT_2A4E371410,Capadocia,estacionamiento simple,proceso de separación,50274.0,13.5,3724.0,real_source:unidades.parquet,ok
UNIT_6F3407CBAF,Capadocia,estacionamiento con depósito,vendido,70000.0,19.5,3589.74,real_source:unidades.parquet,ok
UNIT_61AF3DBE50,Edificio Mariategui,estacionamiento simple,vendido,68200.0,16.63,4101.02,real_source:unidades.parquet,ok
UNIT_29BD3D9FDA,Modena,departamento flat,disponible,0.0,40.09,0.0,real_source:unidades.parquet,ok
UNIT_AB6D5A3EDF,Tizón y Bueno,departamento flat,vendido,449329.97,71.18,6312.59,real_source:unidades.parquet,ok
UNIT_2F58EEBDEE,Modena,estacionamiento simple,disponible,0.0,13.5,0.0,real_source:unidades.parquet,ok
UNIT_A4EEF1614F,Edificio Valdizan,departamento flat,vendido,610700.0,74.48,8199.52,real_source:unidades.parquet,ok
UNIT_2A1F2C9C73,Edificio Santa Cruz Infinite,departamento flat,vendido,403900.0,70.52,5727.45,real_source:unidades.parquet,ok
UNIT_434CE486A2,Fenix,departamento flat,no disponible,0.0,64.48,0.0,real_source:unidades.parquet,ok
UNIT_3138D82C3C,Edificio Cuba Connect,departamento flat,vendido,349304.0,49.17,7104.01,real_source:unidades.parquet,ok
UNIT_968F7ECE73,Sialia,departamento flat,disponible,0.0,70.64,0.0,real_source:unidades.parquet,ok
UNIT_FAD0280D78,Tizón y Bueno,depósito,disponible,0.0,6.97,0.0,real_source:unidades.parquet,ok
UNIT_3E0B3F6244,Edificio Valdizan,departamento flat,entregado,460000.0,67.55,6809.77,real_source:unidades.parquet,ok
UNIT_E0D85B7379,Edificio Mariategui,departamento flat,vendido,544406.67,79.36,6859.96,real_source:unidades.parquet,ok
UNIT_CE17D256E9,Edificio Saenz,depósito,proceso de separación,16320.0,4.8,3400.0,real_source:unidades.parquet,ok
UNIT_7D3C9276DE,Capadocia,departamento flat,disponible,0.0,54.12,0.0,real_source:unidades.parquet,ok
UNIT_D124386A63,Capadocia,departamento flat,proceso de venta,280000.0,40.13,6977.32,real_source:unidades.parquet,ok
UNIT_C029D12FEA,Fenix,departamento flat,proceso de separación,428508.33,58.75,7293.76,real_source:unidades.parquet,ok
UNIT_E433A27CBA,Edificio Saenz,departamento flat,proceso de separación,448460.0,74.92,5985.85,real_source:unidades.parquet,ok
UNIT_5685720071,Edificio Mariategui,estacionamiento simple,vendido,59200.0,16.03,3693.08,real_source:unidades.parquet,ok
UNIT_8229BAB5B5,Tizón y Bueno,estacionamiento con depósito,proceso de separación,56203.0,14.9,3772.01,real_source:unidades.parquet,ok
UNIT_2A099DE22D,Sialia,departamento flat,vendido,443099.29,70.64,6272.64,real_source:unidades.parquet,ok
UNIT_735F6C52C1,Sialia,estacionamiento simple,no disponible,0.0,14.28,0.0,real_source:unidades.parquet,ok
UNIT_BD50567785,Edificio Cuba Connect,depósito,vendido,14327.0,3.78,3790.21,real_source:unidades.parquet,ok
UNIT_FD2285E81D,Matera,departamento flat,vendido,482400.11,67.98,7096.21,real_source:unidades.parquet,ok
UNIT_922FD64BD1,Edificio Saenz,estacionamiento simple,proceso de separación,34200.0,13.0,2630.77,real_source:unidades.parquet,ok
UNIT_DD4CF6C139,Capadocia,departamento flat,disponible,0.0,54.12,0.0,real_source:unidades.parquet,ok
UNIT_0DB490F99E,Modena,estacionamiento con depósito,disponible,0.0,17.45,0.0,real_source:unidades.parquet,ok
UNIT_9B2698A95E,Capadocia,departamento flat,disponible,0.0,66.87,0.0,real_source:unidades.parquet,ok
UNIT_088F7AE7DC,Edificio Mariategui,estacionamiento simple,vendido,59000.0,14.75,4000.0,real_source:unidades.parquet,ok
UNIT_6148C23FF4,Alicanto,departamento flat,vendido,324695.4,52.61,6171.74,real_source:unidades.parquet,ok
UNIT_A07F9802B8,Edificio Mariategui,estacionamiento simple,vendido,58200.0,14.93,3898.19,real_source:unidades.parquet,ok
UNIT_96122BE814,Torre Nápoles,departamento flat,vendido,221791.58,40.16,5522.7,real_source:unidades.parquet,ok
UNIT_2838A6B182,Tizón y Bueno,estacionamiento con depósito,disponible,0.0,18.74,0.0,real_source:unidades.parquet,ok
UNIT_8E00C9F57F,Tizón y Bueno,departamento flat,vendido,289075.5,50.9,5679.28,real_source:unidades.parquet,ok
UNIT_929004B953,Tizón y Bueno,departamento flat,vendido,297400.0,50.9,5842.83,real_source:unidades.parquet,ok
UNIT_5DBB010A86,Edificio Cuba Connect,departamento flat,vendido,541594.0,78.67,6884.38,real_source:unidades.parquet,ok
UNIT_B0E6A2A04A,Modena,departamento flat,vendido,317663.13,48.64,6530.9,real_source:unidades.parquet,ok
UNIT_97FA901152,Edificio Saenz,estacionamiento simple,proceso de separación,33000.0,14.55,2268.04,real_source:unidades.parquet,ok
UNIT_67AC8A29A9,Torre Nápoles,departamento flat,no disponible,0.0,52.4,0.0,real_source:unidades.parquet,ok
UNIT_E209410BBB,Edificio Saenz,departamento flat,proceso de separación,436100.0,81.69,5338.47,real_source:unidades.parquet,ok
UNIT_9EE27A2F18,Edificio Santa Cruz Infinite,estacionamiento simple,vendido,50000.0,12.63,3958.83,real_source:unidades.parquet,ok
UNIT_1195F33874,Edificio Cuba Connect,departamento flat,vendido,542920.0,77.56,7000.0,real_source:unidades.parquet,ok
UNIT_78F0AD19E0,Edificio Saenz,departamento flat,proceso de separación,446100.0,85.64,5209.01,real_source:unidades.parquet,ok
UNIT_A25BF31C53,Tizón y Bueno,estacionamiento con depósito,vendido,47481.0,13.16,3607.98,real_source:unidades.parquet,ok
UNIT_8FF82C6D2B,Sialia,estacionamiento con depósito,no disponible,0.0,22.87,0.0,real_source:unidades.parquet,ok
UNIT_A6C55FA821,Alicanto,departamento flat,disponible,0.0,78.61,0.0,real_source:unidades.parquet,ok
UNIT_53DE28B75A,Edificio Mariategui,depósito,disponible,0.0,3.89,0.0,real_source:unidades.parquet,ok
UNIT_12564CF47F,Torre Nápoles,departamento flat,disponible,0.0,57.06,0.0,real_source:unidades.parquet,ok
UNIT_555F426D21,Edificio Santa Cruz Infinite,departamento flat,vendido,476160.0,70.85,6720.68,real_source:unidades.parquet,ok
UNIT_2F66C0BC92,Tizón y Bueno,departamento flat,vendido,409089.0,71.77,5700.0,real_source:unidades.parquet,ok
UNIT_D57DC25712,Sialia,departamento flat,vendido,417000.0,66.75,6247.19,real_source:unidades.parquet,ok
UNIT_910E5BD7CC,Torre Nápoles,departamento flat,vendido,298000.8,57.04,5224.42,real_source:unidades.parquet,ok
UNIT_6E2933E0EB,Capadocia,departamento flat,disponible,0.0,78.63,0.0,real_source:unidades.parquet,ok
UNIT_9915600DE2,Fenix,departamento flat,disponible,0.0,59.52,0.0,real_source:unidades.parquet,ok
UNIT_D2D34269BB,Edificio Santa Cruz Infinite,depósito,proceso de separación,22735.0,5.55,4096.4,real_source:unidades.parquet,ok
UNIT_F6BA414144,Edificio Valdizan,estacionamiento simple,vendido,51250.0,12.5,4100.0,real_source:unidades.parquet,ok
UNIT_09C92E7FE8,Tizón y Bueno,departamento flat,vendido,591469.0,88.61,6674.97,real_source:unidades.parquet,ok
UNIT_02EB566F55,Edificio Mariategui,depósito,proceso de entrega,16226.0,4.27,3800.0,real_source:unidades.parquet,ok
UNIT_2EDA6CD323,Capadocia,departamento flat,vendido,463000.0,65.15,7106.68,real_source:unidades.parquet,ok
UNIT_F96AEABF27,Edificio Cuba Connect,departamento flat,vendido,353858.0,49.17,7196.62,real_source:unidades.parquet,ok
UNIT_E84C72B241,Fenix,estacionamiento con depósito,vendido,59300.0,16.2,3660.49,real_source:unidades.parquet,ok
UNIT_F1E0411FBB,Modena,departamento flat,vendido,437540.17,57.1,7662.7,real_source:unidades.parquet,ok
UNIT_4E6E6304D5,Edificio Cuba Connect,departamento flat,vendido,566424.0,78.67,7200.0,real_source:unidades.parquet,ok
UNIT_590108FDA4,Alicanto,estacionamiento simple,vendido,45000.0,12.5,3600.0,real_source:unidades.parquet,ok
UNIT_329EE36705,Edificio Cuba Connect,departamento flat,vendido,621970.0,84.05,7400.0,real_source:unidades.parquet,ok
UNIT_D35CE4F3A5,Torre Nápoles,departamento flat,proceso de separación,346952.0,65.49,5297.79,real_source:unidades.parquet,ok
UNIT_7C71DF114E,Fenix,departamento flat,proceso de venta,647096.0,91.1,7103.14,real_source:unidades.parquet,ok
UNIT_24A74ABE3B,Sialia,departamento flat,disponible,0.0,69.99,0.0,real_source:unidades.parquet,ok
UNIT_A6F655BAF3,Fenix,departamento flat,proceso de separación,500000.0,71.26,7016.56,real_source:unidades.parquet,ok
UNIT_BD38B18293,Edificio Urbanzen,estacionamiento simple,no disponible,0.0,18.5,0.0,real_source:unidades.parquet,ok
UNIT_416EDD0401,Tizón y Bueno,departamento flat,vendido,428130.0,71.18,6014.75,real_source:unidades.parquet,ok
UNIT_E0C1378C65,Sialia,estacionamiento simple,no disponible,0.0,12.9,0.0,real_source:unidades.parquet,ok
UNIT_4B3D65CF23,Sialia,departamento flat,disponible,0.0,60.57,0.0,real_source:unidades.parquet,ok
UNIT_11108F707E,Sialia,departamento flat,disponible,0.0,49.89,0.0,real_source:unidades.parquet,ok
UNIT_016B956610,Edificio Urbanzen,estacionamiento simple,entregado,45000.0,12.0,3750.0,real_source:unidades.parquet,ok
UNIT_94BE489D4A,Torre Nápoles,depósito,disponible,0.0,2.7,0.0,real_source:unidades.parquet,ok
UNIT_AA1DCA1372,Sialia,estacionamiento simple,vendido,52600.0,13.5,3896.3,real_source:unidades.parquet,ok
UNIT_5238A042EB,Torre Nápoles,depósito,disponible,0.0,2.1,0.0,real_source:unidades.parquet,ok
UNIT_8C704F4B23,Torre Nápoles,departamento flat,disponible,0.0,40.07,0.0,real_source:unidades.parquet,ok
UNIT_C711A5AF6A,Capadocia,estacionamiento con depósito,proceso de separación,89227.0,29.95,2979.2,real_source:unidades.parquet,ok
UNIT_CCCB518365,Fenix,estacionamiento con depósito,disponible,0.0,16.07,0.0,real_source:unidades.parquet,ok
UNIT_6EA9F72D2F,Edificio Cuba Connect,departamento flat,vendido,574902.0,84.05,6840.0,real_source:unidades.parquet,ok
UNIT_86A90D8B1C,Matera,departamento flat,disponible,0.0,51.23,0.0,real_source:unidades.parquet,ok
UNIT_72BE1B4FEC,Torre Nápoles,departamento flat,disponible,0.0,40.12,0.0,real_source:unidades.parquet,ok
UNIT_BA6EB7D0F2,Edificio Cuba Connect,departamento flat,vendido,561523.2,83.56,6720.0,real_source:unidades.parquet,ok
UNIT_B06D4129DE,Matera,departamento flat,vendido,310000.0,40.2,7711.44,real_source:unidades.parquet,ok
UNIT_0B82D400E9,Edificio Santa Cruz Infinite,estacionamiento simple,vendido,48000.0,12.63,3800.48,real_source:unidades.parquet,ok
UNIT_D695049023,Sialia,departamento flat,vendido,380000.0,66.75,5692.88,real_source:unidades.parquet,ok
UNIT_418B7A88EC,Tizón y Bueno,departamento flat,vendido,337000.0,56.21,5995.37,real_source:unidades.parquet,ok
UNIT_C11675D25A,Sialia,departamento flat,proceso de separación,391000.0,69.99,5586.51,real_source:unidades.parquet,ok
UNIT_20B11E8DAE,Modena,estacionamiento con depósito,proceso de separación,50000.0,13.8,3623.19,real_source:unidades.parquet,ok
UNIT_7EED9C5C36,Torre Nápoles,departamento flat,disponible,0.0,40.07,0.0,real_source:unidades.parquet,ok
UNIT_0FCC6E9847,Matera,departamento flat,disponible,0.0,67.98,0.0,real_source:unidades.parquet,ok
UNIT_AB36274D7B,Fenix,estacionamiento con depósito,disponible,0.0,15.77,0.0,real_source:unidades.parquet,ok
UNIT_DC5835BF3F,Capadocia,departamento flat,proceso de separación,465000.0,69.52,6688.72,real_source:unidades.parquet,ok
UNIT_FAB3DA997A,Modena,estacionamiento con depósito,vendido,50787.0,13.5,3762.0,real_source:unidades.parquet,ok
UNIT_9DDC892237,Matera,departamento flat,disponible,0.0,71.08,0.0,real_source:unidades.parquet,ok
UNIT_EBF7BF4D73,Matera,estacionamiento simple,disponible,0.0,12.5,0.0,real_source:unidades.parquet,ok
UNIT_F51AE83CA0,Edificio Urbanzen,estacionamiento simple,entregado,48900.0,13.25,3690.57,real_source:unidades.parquet,ok
UNIT_2228A2E4AC,Tizón y Bueno,estacionamiento con depósito,vendido,57862.0,15.34,3771.97,real_source:unidades.parquet,ok
UNIT_35FF66F1B1,Edificio Urbanzen,estacionamiento simple,entregado,55200.0,14.55,3793.81,real_source:unidades.parquet,ok
UNIT_A510AF5AAE,Edificio Cuba Connect,departamento flat,vendido,598485.12,78.67,7607.54,real_source:unidades.parquet,ok
UNIT_C4184BCA60,Edificio Valdizan,estacionamiento simple,vendido,51250.0,12.5,4100.0,real_source:unidades.parquet,ok
UNIT_1CBF1C92AA,Edificio Valdizan,departamento flat,vendido,597000.0,74.02,8065.39,real_source:unidades.parquet,ok
UNIT_A6FE9C02CE,Edificio Santa Cruz Infinite,estacionamiento simple,no disponible,0.0,13.5,0.0,real_source:unidades.parquet,ok
UNIT_5604B23DD2,Torre Nápoles,departamento flat,disponible,0.0,40.09,0.0,real_source:unidades.parquet,ok
UNIT_8038C37DC4,Torre Nápoles,departamento flat,no disponible,0.0,37.89,0.0,real_source:unidades.parquet,ok
UNIT_2DC877BE2D,Edificio Cuba Connect,departamento flat,vendido,603254.4,83.41,7232.4,real_source:unidades.parquet,ok
UNIT_5719ED4F07,Edificio Urbanzen,departamento flat,entregado,589771.0,70.08,8415.68,real_source:unidades.parquet,ok
UNIT_64416B43DA,Modena,departamento flat,vendido,398909.0,57.1,6986.15,real_source:unidades.parquet,ok
UNIT_0DF53A4291,Edificio Santa Cruz Infinite,estacionamiento simple,vendido,45100.0,13.5,3340.74,real_source:unidades.parquet,ok
UNIT_1A82CE9E52,Edificio Saenz,estacionamiento simple,vendido,46000.0,13.72,3352.77,real_source:unidades.parquet,ok
UNIT_3DC9B78398,Torre Nápoles,departamento flat,no disponible,0.0,37.8,0.0,real_source:unidades.parquet,ok
UNIT_BBE832AC78,Modena,departamento flat,disponible,0.0,54.67,0.0,real_source:unidades.parquet,ok
UNIT_BF985E5362,Modena,departamento flat,vendido,419800.0,64.46,6512.57,real_source:unidades.parquet,ok
UNIT_9300178BEC,Capadocia,departamento flat,disponible,0.0,63.07,0.0,real_source:unidades.parquet,ok
UNIT_D3897E1FF9,Matera,departamento flat,disponible,0.0,41.82,0.0,real_source:unidades.parquet,ok
UNIT_878564B924,Capadocia,departamento flat,no disponible,0.0,78.12,0.0,real_source:unidades.parquet,ok
UNIT_1469CEAE2E,Capadocia,departamento flat,disponible,0.0,60.19,0.0,real_source:unidades.parquet,ok
UNIT_5B6BA64FC6,Fenix,departamento flat,vendido,409900.0,71.26,5752.18,real_source:unidades.parquet,ok
UNIT_D692376E33,Tizón y Bueno,departamento flat,vendido,598000.0,76.99,7767.24,real_source:unidades.parquet,ok
UNIT_639825CC4C,Torre Nápoles,departamento flat,disponible,0.0,57.04,0.0,real_source:unidades.parquet,ok
UNIT_E4295F5BF6,Alicanto,depósito,proceso de separación,13710.0,3.8,3607.89,real_source:unidades.parquet,ok
UNIT_EE5B8D535C,Torre Nápoles,departamento flat,disponible,0.0,57.06,0.0,real_source:unidades.parquet,ok
UNIT_D3EE97FBBE,Capadocia,departamento flat,vendido,647456.71,78.63,8234.22,real_source:unidades.parquet,ok
UNIT_197AF621A2,Fenix,estacionamiento simple,proceso de separación,46400.0,12.24,3790.85,real_source:unidades.parquet,ok
UNIT_B2D9108575,Modena,departamento flat,vendido,490942.0,72.91,6733.53,real_source:unidades.parquet,ok
UNIT_F8A986A6BB,Matera,estacionamiento con depósito,vendido,58874.0,15.6,3773.97,real_source:unidades.parquet,ok
UNIT_2C82F792ED,Capadocia,estacionamiento simple,no disponible,0.0,13.5,0.0,real_source:unidades.parquet,ok
UNIT_925130C62B,Modena,departamento flat,disponible,0.0,40.02,0.0,real_source:unidades.parquet,ok
UNIT_C27B2DA323,Modena,estacionamiento con depósito,disponible,0.0,17.2,0.0,real_source:unidades.parquet,ok
UNIT_5D0F7ED05C,Edificio Cuba Connect,departamento flat,vendido,550690.0,78.67,7000.0,real_source:unidades.parquet,ok
UNIT_219EA9297F,Sialia,departamento flat,vendido,243600.0,40.0,6090.0,real_source:unidades.parquet,ok
UNIT_2C10A692BA,Sialia,estacionamiento simple,no disponible,0.0,13.5,0.0,real_source:unidades.parquet,ok
UNIT_605697C1C4,Tizón y Bueno,departamento flat,vendido,285000.0,50.9,5599.21,real_source:unidades.parquet,ok
UNIT_6F9E96545D,Sialia,departamento flat,vendido,327000.22,48.95,6680.29,real_source:unidades.parquet,ok
UNIT_0327408CEC,Capadocia,depósito,proceso de separación,55100.0,3.3,16696.97,real_source:unidades.parquet,ok
UNIT_6B397DE537,Edificio Mariategui,estacionamiento simple,vendido,48700.0,12.5,3896.0,real_source:unidades.parquet,ok
UNIT_D937F4B051,Torre Nápoles,departamento flat,vendido,305049.87,55.48,5498.38,real_source:unidades.parquet,ok
UNIT_4B329ED11F,Modena,departamento flat,vendido,340000.0,54.67,6219.13,real_source:unidades.parquet,ok
UNIT_1E9B3E8B44,Capadocia,estacionamiento con depósito,disponible,0.0,16.6,0.0,real_source:unidades.parquet,ok
UNIT_FFC64C947C,Edificio Urbanzen,depósito,proceso de venta,11300.0,3.15,3587.3,real_source:unidades.parquet,ok
UNIT_3388F0DCED,Alicanto,departamento flat,vendido,362000.0,53.96,6708.67,real_source:unidades.parquet,ok
UNIT_F293946F28,Capadocia,departamento flat,disponible,0.0,77.02,0.0,real_source:unidades.parquet,ok
UNIT_705F055EF1,Modena,departamento flat,vendido,329000.0,48.64,6763.98,real_source:unidades.parquet,ok
UNIT_66968F7CF4,Modena,estacionamiento con depósito,disponible,0.0,13.5,0.0,real_source:unidades.parquet,ok
UNIT_7B6180BFC6,Modena,departamento flat,proceso de separación,443776.48,57.1,7771.92,real_source:unidades.parquet,ok
UNIT_DB90A4797A,Tizón y Bueno,departamento flat,vendido,347692.0,56.34,6171.32,real_source:unidades.parquet,ok
UNIT_69DAF699E7,Edificio Urbanzen,departamento flat,entregado,546000.13,70.08,7791.1,real_source:unidades.parquet,ok
UNIT_350E1B1968,Edificio Cuba Connect,departamento flat,vendido,583870.0,83.41,7000.0,real_source:unidades.parquet,ok
UNIT_AFFB7641AF,Edificio Cuba Connect,departamento flat,vendido,478628.0,77.56,6171.07,real_source:unidades.parquet,ok
UNIT_A8686B0F62,Tizón y Bueno,departamento flat,proceso de entrega,481500.0,71.77,6708.93,real_source:unidades.parquet,ok
UNIT_501D744EB7,Matera,departamento duplex,no disponible,0.0,108.88,0.0,real_source:unidades.parquet,ok
UNIT_E6C6C13B1C,Matera,departamento flat,disponible,0.0,56.75,0.0,real_source:unidades.parquet,ok
UNIT_FAC2A9568B,Edificio Urbanzen,depósito,entregado,15600.0,5.0,3120.0,real_source:unidades.parquet,ok
UNIT_0F31D8E79D,Capadocia,departamento flat,vendido,436000.0,57.36,7601.12,real_source:unidades.parquet,ok
UNIT_A756650F06,Edificio Santa Cruz Infinite,estacionamiento simple,vendido,44000.0,13.64,3225.81,real_source:unidades.parquet,ok
UNIT_47AA6BC222,Tizón y Bueno,estacionamiento con depósito,vendido,51865.0,13.75,3772.0,real_source:unidades.parquet,ok
UNIT_B661D6159E,Sialia,departamento flat,disponible,0.0,40.0,0.0,real_source:unidades.parquet,ok
UNIT_A6A280C974,Modena,departamento flat,disponible,0.0,54.67,0.0,real_source:unidades.parquet,ok
UNIT_1AA3B07026,Tizón y Bueno,departamento flat,proceso de entrega,431200.0,71.77,6008.08,real_source:unidades.parquet,ok
UNIT_D9BD5CFD14,Modena,estacionamiento simple,disponible,0.0,13.5,0.0,real_source:unidades.parquet,ok
UNIT_C9321D61C5,Alicanto,estacionamiento simple,disponible,0.0,12.5,0.0,real_source:unidades.parquet,ok
UNIT_03FA0A7994,Sialia,estacionamiento con depósito,no disponible,0.0,25.26,0.0,real_source:unidades.parquet,ok
UNIT_222AECA86B,Sialia,departamento flat,disponible,0.0,40.0,0.0,real_source:unidades.parquet,ok
UNIT_192E44F136,Modena,departamento flat,disponible,0.0,76.91,0.0,real_source:unidades.parquet,ok
UNIT_66AC5714EF,Capadocia,estacionamiento simple,vendido,46740.0,12.0,3895.0,real_source:unidades.parquet,ok
UNIT_7E1A006B70,Edificio Santa Cruz Infinite,estacionamiento simple,disponible,0.0,12.0,0.0,real_source:unidades.parquet,ok
UNIT_1F0C0C5E68,Fenix,departamento flat,vendido,323590.0,54.01,5991.3,real_source:unidades.parquet,ok
UNIT_48F9F99849,Edificio Santa Cruz Infinite,estacionamiento simple,vendido,45100.0,13.0,3469.23,real_source:unidades.parquet,ok
UNIT_8935D99620,Modena,departamento flat,vendido,313451.0,48.64,6444.31,real_source:unidades.parquet,ok
UNIT_FBB22CF700,Tizón y Bueno,departamento flat,vendido,488152.0,76.12,6412.93,real_source:unidades.parquet,ok
UNIT_4C8BE079BB,Capadocia,departamento flat,disponible,0.0,66.87,0.0,real_source:unidades.parquet,ok
UNIT_20F427F1FF,Edificio Cuba Connect,departamento flat,vendido,599175.79,77.56,7725.32,real_source:unidades.parquet,ok
UNIT_EF2B2FF415,Matera,estacionamiento simple,disponible,0.0,12.5,0.0,real_source:unidades.parquet,ok
UNIT_A9A9AE6894,Edificio Urbanzen,estacionamiento simple,entregado,42300.0,12.0,3525.0,real_source:unidades.parquet,ok
UNIT_E1087EF969,Modena,departamento flat,disponible,0.0,75.49,0.0,real_source:unidades.parquet,ok
UNIT_DDDB6EBBFE,Modena,estacionamiento simple,no disponible,0.0,15.3,0.0,real_source:unidades.parquet,ok
UNIT_920A538C65,Tizón y Bueno,depósito,disponible,0.0,2.78,0.0,real_source:unidades.parquet,ok
UNIT_83C57D907E,Edificio Santa Cruz Infinite,estacionamiento doble,disponible,0.0,24.0,0.0,real_source:unidades.parquet,ok
UNIT_1E7F3138E1,Alicanto,estacionamiento simple,vendido,45100.0,13.0,3469.23,real_source:unidades.parquet,ok
UNIT_1808196981,Torre Nápoles,departamento flat,no disponible,0.0,56.58,0.0,real_source:unidades.parquet,ok
UNIT_138657D6F7,Matera,departamento flat,proceso de venta,456205.2,54.94,8303.7,real_source:unidades.parquet,ok
UNIT_2867A38F91,Edificio Urbanzen,estacionamiento simple,vendido,45000.0,12.0,3750.0,real_source:unidades.parquet,ok
UNIT_247D549F5E,Capadocia,estacionamiento simple,vendido,44688.0,12.0,3724.0,real_source:unidades.parquet,ok
UNIT_F825FAE9E8,Fenix,departamento flat,vendido,295000.0,51.01,5783.18,real_source:unidades.parquet,ok
UNIT_41E9B8ACBD,Tizón y Bueno,estacionamiento con depósito,proceso de separación,45323.0,13.16,3444.0,real_source:unidades.parquet,ok
UNIT_58F9C3F975,Matera,estacionamiento simple,disponible,0.0,12.5,0.0,real_source:unidades.parquet,ok
UNIT_E272CF71E4,Tizón y Bueno,estacionamiento simple,vendido,43828.0,12.73,3442.89,real_source:unidades.parquet,ok
UNIT_8F52867B4F,Tizón y Bueno,depósito,proceso de separación,12500.0,4.22,2962.09,real_source:unidades.parquet,ok
UNIT_8723580708,Fenix,departamento flat,proceso de separación,376934.0,56.67,6651.39,real_source:unidades.parquet,ok
UNIT_C361167109,Sialia,departamento flat,vendido,246240.0,40.0,6156.0,real_source:unidades.parquet,ok
UNIT_2CEB3C27F9,Modena,estacionamiento simple,vendido,47025.0,12.5,3762.0,real_source:unidades.parquet,ok
UNIT_9A845DA682,Edificio Santa Cruz Infinite,estacionamiento simple,no disponible,0.0,12.12,0.0,real_source:unidades.parquet,ok
UNIT_3B6E583B4F,Torre Nápoles,departamento flat,vendido,342048.0,65.49,5222.9,real_source:unidades.parquet,ok
UNIT_428976B533,Sialia,departamento flat,proceso de separación,349140.77,48.95,7132.6,real_source:unidades.parquet,ok
UNIT_9019CBC0A9,Edificio Cuba Connect,estacionamiento simple,vendido,45100.0,13.5,3340.74,real_source:unidades.parquet,ok
UNIT_45891E6CC8,Matera,estacionamiento simple,disponible,0.0,12.5,0.0,real_source:unidades.parquet,ok
UNIT_62F779FC8B,Edificio Urbanzen,estacionamiento simple,proceso de separación,50000.0,14.0,3571.43,real_source:unidades.parquet,ok
UNIT_1DCBEE2607,Alicanto,estacionamiento simple,disponible,0.0,13.5,0.0,real_source:unidades.parquet,ok
UNIT_F3EEC9DD93,Capadocia,departamento flat,disponible,0.0,31.2,0.0,real_source:unidades.parquet,ok
UNIT_2AB6AC4B38,Edificio Urbanzen,local comercial,no disponible,0.0,122.27,0.0,real_source:unidades.parquet,ok
UNIT_D9B6279E9B,Fenix,departamento flat,vendido,308323.86,52.35,5889.66,real_source:unidades.parquet,ok
UNIT_25B1DEBE41,Fenix,departamento flat,vendido,350977.03,52.01,6748.26,real_source:unidades.parquet,ok
UNIT_22A842B4E3,Edificio Cuba Connect,departamento flat,vendido,576971.52,77.56,7439.03,real_source:unidades.parquet,ok
UNIT_EC2487696B,Modena,departamento flat,disponible,0.0,72.91,0.0,real_source:unidades.parquet,ok
UNIT_8F94183697,Modena,departamento flat,disponible,0.0,73.57,0.0,real_source:unidades.parquet,ok
UNIT_90289496EF,Capadocia,departamento duplex,no disponible,0.0,153.33,0.0,real_source:unidades.parquet,ok
UNIT_38CF9B6F71,Capadocia,departamento flat,disponible,0.0,31.2,0.0,real_source:unidades.parquet,ok
UNIT_0EEEED1AF6,Tizón y Bueno,departamento flat,vendido,376068.52,65.54,5738.0,real_source:unidades.parquet,ok
UNIT_A3766706EB,Matera,estacionamiento simple,disponible,0.0,12.5,0.0,real_source:unidades.parquet,ok
UNIT_BCBE7CB261,Modena,estacionamiento con depósito,vendido,56500.0,15.4,3668.83,real_source:unidades.parquet,ok
UNIT_1415D33E7F,Capadocia,departamento flat,disponible,0.0,63.07,0.0,real_source:unidades.parquet,ok
UNIT_1CC63C1C49,Alicanto,departamento flat,vendido,335132.0,52.61,6370.12,real_source:unidades.parquet,ok
UNIT_C3ECB3A0A5,Torre Nápoles,departamento flat,vendido,228436.0,40.12,5693.82,real_source:unidades.parquet,ok
UNIT_99FF117714,Sialia,estacionamiento simple,vendido,41700.0,12.0,3475.0,real_source:unidades.parquet,ok
UNIT_2C59558828,Fenix,estacionamiento con depósito,vendido,77300.0,14.74,5244.23,real_source:unidades.parquet,ok
UNIT_9899B21E53,Edificio Cuba Connect,departamento flat,vendido,544500.48,83.41,6528.0,real_source:unidades.parquet,ok
UNIT_477F2A0F5A,Matera,estacionamiento simple,disponible,0.0,12.5,0.0,real_source:unidades.parquet,ok
UNIT_859525B047,Edificio Cuba Connect,departamento flat,vendido,381018.0,49.17,7748.99,real_source:unidades.parquet,ok
UNIT_6B511C49E5,Edificio Urbanzen,estacionamiento con depósito,no disponible,0.0,17.35,0.0,real_source:unidades.parquet,ok
UNIT_1746B670D4,Tizón y Bueno,estacionamiento con depósito,proceso de separación,40403.0,16.82,2402.08,real_source:unidades.parquet,ok
UNIT_203C4B8956,Matera,departamento flat,disponible,0.0,40.0,0.0,real_source:unidades.parquet,ok
UNIT_6CA088AF78,Edificio Urbanzen,estacionamiento simple,no disponible,0.0,13.25,0.0,real_source:unidades.parquet,ok
UNIT_074B4E653D,Edificio Urbanzen,departamento flat,disponible,0.0,70.08,0.0,real_source:unidades.parquet,ok
UNIT_269BF259A5,Modena,departamento flat,disponible,0.0,75.43,0.0,real_source:unidades.parquet,ok
UNIT_2A2EFD21E7,Modena,estacionamiento con depósito,disponible,0.0,15.1,0.0,real_source:unidades.parquet,ok
UNIT_8E9D661967,Fenix,departamento flat,vendido,475000.0,70.24,6762.53,real_source:unidades.parquet,ok
UNIT_CCB868F31C,Matera,estacionamiento con depósito,proceso de separación,58016.0,16.0,3626.0,real_source:unidades.parquet,ok
UNIT_D804A65DBF,Sialia,departamento flat,disponible,0.0,57.31,0.0,real_source:unidades.parquet,ok
UNIT_6B970091B9,Matera,departamento flat,vendido,385000.0,53.93,7138.88,real_source:unidades.parquet,ok
UNIT_54C9D0F369,Modena,departamento flat,disponible,0.0,53.02,0.0,real_source:unidades.parquet,ok
UNIT_21AA8311F0,Torre Nápoles,departamento flat,disponible,0.0,68.65,0.0,real_source:unidades.parquet,ok
UNIT_D09257AA9B,Modena,departamento flat,disponible,0.0,63.9,0.0,real_source:unidades.parquet,ok
UNIT_78368C6795,Matera,estacionamiento simple,disponible,0.0,12.5,0.0,real_source:unidades.parquet,ok
UNIT_95490FE36C,Capadocia,estacionamiento simple,proceso de separación,48450.0,12.5,3876.0,real_source:unidades.parquet,ok
UNIT_7EDA8A4AFB,Edificio Santa Cruz Infinite,departamento duplex,vendido,901100.0,140.65,6406.68,real_source:unidades.parquet,ok
UNIT_EC9D018383,Fenix,departamento flat,vendido,421820.0,67.78,6223.37,real_source:unidades.parquet,ok
UNIT_D7FC189141,Los Jardines de Urteaga,departamento flat,vendido,790669.0,104.31,7579.99,real_source:unidades.parquet,ok
UNIT_36060AA2E6,Edificio Mariategui,estacionamiento simple,vendido,51600.0,13.25,3894.34,real_source:unidades.parquet,ok
UNIT_DAB0F2277E,Matera,estacionamiento con depósito,vendido,49758.0,16.4,3034.02,real_source:unidades.parquet,ok
UNIT_554A4CB37C,Tizón y Bueno,departamento flat,vendido,365327.1,56.34,6484.33,real_source:unidades.parquet,ok
UNIT_94E814AFAB,Fenix,estacionamiento con depósito,proceso de venta,64400.0,16.53,3895.95,real_source:unidades.parquet,ok
UNIT_541AC8D9F3,Sialia,estacionamiento simple,no disponible,0.0,12.5,0.0,real_source:unidades.parquet,ok
UNIT_8CF12E5EB2,Alicanto,departamento flat,vendido,533000.0,78.61,6780.31,real_source:unidades.parquet,ok
UNIT_99666DB9AB,Sialia,estacionamiento simple,proceso de separación,51600.0,12.9,4000.0,real_source:unidades.parquet,ok
UNIT_2622C8828F,Torre Nápoles,departamento flat,disponible,0.0,57.06,0.0,real_source:unidades.parquet,ok
UNIT_761C7DAB17,Alicanto,departamento flat,vendido,487000.0,81.63,5965.94,real_source:unidades.parquet,ok
UNIT_D47FD84ED6,Modena,departamento flat,disponible,0.0,75.49,0.0,real_source:unidades.parquet,ok
UNIT_DEADD85B6F,Alicanto,departamento flat,vendido,334237.82,52.61,6353.12,real_source:unidades.parquet,ok
UNIT_E5EDA28196,Edificio Urbanzen,departamento flat,entregado,615000.0,70.08,8775.68,real_source:unidades.parquet,ok
UNIT_0B6ADE04D4,Capadocia,estacionamiento simple,proceso de separación,46512.0,12.0,3876.0,real_source:unidades.parquet,ok
UNIT_176099731F,Capadocia,departamento flat,vendido,444000.0,57.36,7740.59,real_source:unidades.parquet,ok
UNIT_B4C101C912,Edificio Urbanzen,estacionamiento simple,entregado,67600.0,17.35,3896.25,real_source:unidades.parquet,ok
UNIT_E0ED9E6BAF,Modena,departamento flat,vendido,288627.98,40.09,7199.5,real_source:unidades.parquet,ok
UNIT_36E963E250,Modena,departamento flat,disponible,0.0,54.67,0.0,real_source:unidades.parquet,ok
UNIT_32D0355373,Edificio Cuba Connect,departamento flat,vendido,550690.0,78.67,7000.0,real_source:unidades.parquet,ok
UNIT_234ADF8471,Matera,departamento flat,disponible,0.0,70.88,0.0,real_source:unidades.parquet,ok
UNIT_8AFB4FED26,Tradiciones Prime,departamento flat,no disponible,0.0,112.43,0.0,real_source:unidades.parquet,ok
UNIT_B70379FA41,Tradiciones Prime,estacionamiento doble,disponible,0.0,24.38,0.0,real_source:unidades.parquet,ok
UNIT_F0D0DB1893,Tradiciones Prime,departamento triplex,disponible,0.0,146.5,0.0,real_source:unidades.parquet,ok
UNIT_DB21D97FCD,Tradiciones Prime,departamento duplex,disponible,0.0,259.89,0.0,real_source:unidades.parquet,ok
UNIT_3A7F7AA054,Tradiciones Prime,estacionamiento simple,no disponible,0.0,13.77,0.0,real_source:unidades.parquet,ok
UNIT_85E040CAD1,Capadocia,departamento flat,disponible,0.0,40.63,0.0,real_source:unidades.parquet,ok
UNIT_13B189CD7E,Capadocia,departamento flat,vendido,358000.0,50.29,7118.71,real_source:unidades.parquet,ok
UNIT_E708DCAD38,Tradiciones Prime,departamento flat,entregado,1064337.83,130.49,8156.47,real_source:unidades.parquet,ok
UNIT_54B92F1CE8,Matera,departamento flat,disponible,0.0,56.75,0.0,real_source:unidades.parquet,ok
UNIT_E109F90FDC,Modena,departamento flat,vendido,391800.0,54.67,7166.64,real_source:unidades.parquet,ok
UNIT_6EECF72054,Capadocia,estacionamiento simple,disponible,0.0,12.0,0.0,real_source:unidades.parquet,ok
UNIT_2C6D92A282,Capadocia,departamento flat,disponible,0.0,63.07,0.0,real_source:unidades.parquet,ok
UNIT_E10CB1CBD0,Tradiciones Prime,departamento flat,vendido,995000.01,130.39,7630.95,real_source:unidades.parquet,ok
UNIT_3A82FC12B3,Edificio Cuba Connect,departamento flat,vendido,664298.0,83.41,7964.25,real_source:unidades.parquet,ok
UNIT_D3AEA304F7,Edificio Urbanzen,departamento flat,entregado,677160.0,81.0,8360.0,real_source:unidades.parquet,ok
UNIT_922B031BC4,Sialia,estacionamiento simple,proceso de separación,48700.0,12.5,3896.0,real_source:unidades.parquet,ok
UNIT_ED127C64A9,Torre Nápoles,departamento flat,disponible,0.0,65.49,0.0,real_source:unidades.parquet,ok
UNIT_08031D4AFE,Edificio Cuba Connect,departamento flat,vendido,669395.0,84.05,7964.25,real_source:unidades.parquet,ok
UNIT_A62430E3EB,Matera,estacionamiento simple,proceso de separación,50949.26,13.5,3774.02,real_source:unidades.parquet,ok
UNIT_FEA32F1DBF,Edificio Cuba Connect,departamento flat,vendido,381018.0,49.17,7748.99,real_source:unidades.parquet,ok
UNIT_E183E2E812,Alicanto,departamento flat,vendido,543551.32,74.06,7339.34,real_source:unidades.parquet,ok
UNIT_415EAA7630,Capadocia,departamento flat,vendido,660600.0,78.63,8401.37,real_source:unidades.parquet,ok
UNIT_E1B76E2478,Alicanto,departamento flat,proceso de venta,484894.71,78.94,6142.57,real_source:unidades.parquet,ok
UNIT_A573414BC9,Torre Nápoles,departamento flat,disponible,0.0,40.09,0.0,real_source:unidades.parquet,ok
UNIT_D7EB3F1177,Matera,estacionamiento simple,disponible,0.0,12.5,0.0,real_source:unidades.parquet,ok
UNIT_A41CD99FC1,Edificio Urbanzen,departamento flat,entregado,551900.74,81.0,6813.59,real_source:unidades.parquet,ok
UNIT_7872476C71,Torre Nápoles,departamento flat,no disponible,0.0,59.0,0.0,real_source:unidades.parquet,ok
UNIT_C9B1A127FC,Matera,estacionamiento simple,disponible,0.0,12.5,0.0,real_source:unidades.parquet,ok
UNIT_1479104AFF,Edificio Urbanzen,departamento flat,entregado,544500.0,74.98,7261.94,real_source:unidades.parquet,ok
UNIT_E1D25530BA,Sialia,estacionamiento con depósito,no disponible,0.0,22.87,0.0,real_source:unidades.parquet,ok
UNIT_0E346A8877,Sialia,estacionamiento simple,no disponible,0.0,13.3,0.0,real_source:unidades.parquet,ok
UNIT_D524369D3F,Sialia,estacionamiento simple,vendido,47400.0,12.5,3792.0,real_source:unidades.parquet,ok
UNIT_EACEFDC6AE,Edificio Urbanzen,departamento flat,entregado,481743.2,70.08,6874.19,real_source:unidades.parquet,ok
UNIT_4FDB87213F,Modena,departamento duplex,disponible,0.0,100.25,0.0,real_source:unidades.parquet,ok
UNIT_0DBC5C21F4,Capadocia,departamento flat,disponible,0.0,69.79,0.0,real_source:unidades.parquet,ok
UNIT_D101A3B239,Sialia,departamento flat,disponible,0.0,70.64,0.0,real_source:unidades.parquet,ok
UNIT_2975ADB717,Sialia,estacionamiento simple,proceso de separación,55300.0,14.2,3894.37,real_source:unidades.parquet,ok
UNIT_16BDE9EA05,Edificio Santa Cruz Infinite,estacionamiento simple,no disponible,0.0,14.0,0.0,real_source:unidades.parquet,ok
UNIT_FF8665B720,Alicanto,departamento flat,vendido,475720.0,81.63,5827.76,real_source:unidades.parquet,ok
UNIT_0041B677F0,Torre Nápoles,departamento flat,disponible,0.0,40.09,0.0,real_source:unidades.parquet,ok
UNIT_ACBFBDC714,Edificio Urbanzen,departamento flat,disponible,0.0,81.0,0.0,real_source:unidades.parquet,ok
UNIT_96A8D2482C,Matera,estacionamiento simple,proceso de separación,37925.0,12.5,3034.0,real_source:unidades.parquet,ok
UNIT_D84E85C25D,Edificio Urbanzen,departamento flat,entregado,769500.0,81.0,9500.0,real_source:unidades.parquet,ok
UNIT_78267A44AF,Matera,estacionamiento simple,disponible,0.0,12.5,0.0,real_source:unidades.parquet,ok
UNIT_387FE4CFC9,Edificio Urbanzen,estacionamiento simple,entregado,43650.0,18.48,2362.01,real_source:unidades.parquet,ok
UNIT_0833CD60FB,Alicanto,departamento flat,proceso de separación,445748.8,70.49,6323.57,real_source:unidades.parquet,ok
UNIT_4A52175F3D,Alicanto,departamento flat,vendido,404020.29,53.96,7487.4,real_source:unidades.parquet,ok
UNIT_A4BFF35030,Modena,estacionamiento simple,disponible,0.0,12.5,0.0,real_source:unidades.parquet,ok
UNIT_A828888CAC,Matera,departamento duplex,proceso de separación,538274.0,73.28,7345.44,real_source:unidades.parquet,ok
UNIT_94F7FB249E,Matera,estacionamiento simple,disponible,0.0,12.5,0.0,real_source:unidades.parquet,ok
UNIT_6F3743E460,Capadocia,departamento flat,disponible,0.0,57.36,0.0,real_source:unidades.parquet,ok
UNIT_2BF56977AB,Matera,departamento flat,disponible,0.0,56.75,0.0,real_source:unidades.parquet,ok
UNIT_A49B1490DC,Tizón y Bueno,depósito,disponible,0.0,6.97,0.0,real_source:unidades.parquet,ok
UNIT_931E1A7662,Torre Nápoles,departamento flat,vendido,348870.0,65.49,5327.07,real_source:unidades.parquet,ok
UNIT_E69AC7D164,Edificio Urbanzen,departamento flat,vendido,335000.0,42.4,7900.94,real_source:unidades.parquet,ok
UNIT_C5A48C5A8B,Tizón y Bueno,departamento flat,vendido,290130.0,50.9,5700.0,real_source:unidades.parquet,ok
UNIT_12ED0292D3,Edificio Cuba Connect,departamento duplex,vendido,989312.0,168.13,5884.21,real_source:unidades.parquet,ok
UNIT_C4FB580895,Edificio Cuba Connect,departamento duplex,vendido,912584.0,154.59,5903.25,real_source:unidades.parquet,ok
UNIT_7D5025700A,Edificio Valdizan,estacionamiento simple,vendido,51250.0,13.25,3867.92,real_source:unidades.parquet,ok
UNIT_751B2552C2,Tizón y Bueno,estacionamiento con depósito,proceso de entrega,52647.0,15.34,3432.01,real_source:unidades.parquet,ok
UNIT_7147D69F82,Sialia,departamento flat,disponible,0.0,48.95,0.0,real_source:unidades.parquet,ok
UNIT_162EA0B4E9,Modena,estacionamiento con depósito,disponible,0.0,17.2,0.0,real_source:unidades.parquet,ok
UNIT_ED554F9370,Torre Nápoles,departamento flat,proceso de aprobación,219459.0,40.12,5470.06,real_source:unidades.parquet,ok
UNIT_5B1BB36A42,Alicanto,estacionamiento simple,vendido,45000.0,12.5,3600.0,real_source:unidades.parquet,ok
UNIT_F54CE27AEC,Alicanto,departamento flat,vendido,509000.0,81.0,6283.95,real_source:unidades.parquet,ok
UNIT_208064D0B0,Modena,departamento flat,proceso de venta,322875.0,48.64,6638.06,real_source:unidades.parquet,ok
UNIT_390175957B,Modena,estacionamiento simple,proceso de separación,44650.0,12.5,3572.0,real_source:unidades.parquet,ok
UNIT_C8D36A4DE3,Edificio Cuba Connect,departamento flat,vendido,370434.0,49.17,7533.74,real_source:unidades.parquet,ok
UNIT_C50CE33CEA,Capadocia,departamento flat,disponible,0.0,85.54,0.0,real_source:unidades.parquet,ok
UNIT_6D0EE51DEB,Edificio Cuba Connect,departamento flat,vendido,575746.0,78.67,7318.49,real_source:unidades.parquet,ok
UNIT_D5DB1790B8,Matera,estacionamiento simple,disponible,0.0,12.5,0.0,real_source:unidades.parquet,ok
UNIT_14B5E46DD3,Capadocia,departamento flat,disponible,0.0,63.07,0.0,real_source:unidades.parquet,ok
UNIT_8AA8B70E4C,Capadocia,departamento flat,disponible,0.0,69.79,0.0,real_source:unidades.parquet,ok
UNIT_1C92AC4DBD,Tizón y Bueno,departamento flat,vendido,321138.0,56.34,5700.0,real_source:unidades.parquet,ok
UNIT_F9F28A5E7A,Matera,estacionamiento simple,disponible,0.0,12.0,0.0,real_source:unidades.parquet,ok
UNIT_0EB1A72198,Edificio Urbanzen,departamento flat,entregado,545000.0,74.98,7268.6,real_source:unidades.parquet,ok
UNIT_D5A0B8BB49,Tizón y Bueno,departamento flat,vendido,465000.0,71.18,6532.73,real_source:unidades.parquet,ok
UNIT_3958331B46,Tizón y Bueno,departamento duplex,disponible,0.0,140.94,0.0,real_source:unidades.parquet,ok
UNIT_1D74BC6604,Sialia,departamento flat,vendido,239720.0,40.0,5993.0,real_source:unidades.parquet,ok
UNIT_40F6A79903,Sialia,departamento flat,disponible,0.0,69.99,0.0,real_source:unidades.parquet,ok
UNIT_346CCD6FB7,Sialia,estacionamiento simple,vendido,51500.0,12.89,3995.35,real_source:unidades.parquet,ok
UNIT_FF3242D12D,Edificio Cuba Connect,estacionamiento simple,vendido,50000.0,12.64,3955.7,real_source:unidades.parquet,ok
UNIT_480354C73F,Torre Nápoles,depósito,disponible,0.0,3.1,0.0,real_source:unidades.parquet,ok
UNIT_E4FF12540B,Edificio Urbanzen,estacionamiento simple,entregado,55800.0,14.72,3790.76,real_source:unidades.parquet,ok
UNIT_77A9A32A6A,Matera,departamento flat,disponible,0.0,56.51,0.0,real_source:unidades.parquet,ok
UNIT_DE0AA7E7D8,Edificio Cuba Connect,estacionamiento simple,vendido,48000.0,12.75,3764.71,real_source:unidades.parquet,ok
UNIT_BEC1FA3957,Fenix,departamento flat,vendido,300000.0,52.35,5730.66,real_source:unidades.parquet,ok
UNIT_931662C318,Fenix,estacionamiento simple,vendido,47700.0,12.24,3897.06,real_source:unidades.parquet,ok
UNIT_354E4C8D3D,Tizón y Bueno,departamento flat,vendido,431000.0,71.18,6055.07,real_source:unidades.parquet,ok
UNIT_F17FBC450E,Sialia,estacionamiento simple,proceso de venta,50000.0,12.5,4000.0,real_source:unidades.parquet,ok
UNIT_B684EDDA66,Edificio Cuba Connect,estacionamiento simple,vendido,47375.0,14.04,3374.29,real_source:unidades.parquet,ok
UNIT_E6A57BF885,Edificio Cuba Connect,estacionamiento simple,vendido,45100.0,12.3,3666.67,real_source:unidades.parquet,ok
UNIT_D44D59BD73,Edificio Cuba Connect,estacionamiento simple,vendido,49200.0,13.5,3644.44,real_source:unidades.parquet,ok
UNIT_0639F6C157,Edificio Cuba Connect,estacionamiento simple,vendido,43585.0,15.0,2905.67,real_source:unidades.parquet,ok
UNIT_742C817D09,Sialia,departamento flat,vendido,322200.0,48.95,6582.23,real_source:unidades.parquet,ok
UNIT_C8AD39BAB6,Modena,departamento flat,disponible,0.0,57.1,0.0,real_source:unidades.parquet,ok
UNIT_D2E0CDEE35,Edificio Cuba Connect,estacionamiento simple,vendido,41400.0,15.9,2603.77,real_source:unidades.parquet,ok
UNIT_2ACEA1B58B,Edificio Cuba Connect,estacionamiento simple,vendido,41400.0,15.9,2603.77,real_source:unidades.parquet,ok
UNIT_4CB7FE2F3E,Edificio Cuba Connect,estacionamiento simple,vendido,46000.0,19.31,2382.19,real_source:unidades.parquet,ok
UNIT_AC0E018EA5,Fenix,estacionamiento con depósito,vendido,58500.0,16.92,3457.45,real_source:unidades.parquet,ok
UNIT_E0667A7A56,Alicanto,departamento duplex,disponible,0.0,138.03,0.0,real_source:unidades.parquet,ok
UNIT_0B1AD6D775,Capadocia,departamento flat,disponible,0.0,63.07,0.0,real_source:unidades.parquet,ok
UNIT_580808BC21,Modena,estacionamiento con depósito,proceso de separación,52326.0,13.5,3876.0,real_source:unidades.parquet,ok
UNIT_A160594084,Fenix,estacionamiento simple,disponible,0.0,15.3,0.0,real_source:unidades.parquet,ok
UNIT_0FE5DD1756,Matera,departamento flat,vendido,515000.0,68.18,7553.53,real_source:unidades.parquet,ok
UNIT_FC54AE045A,Matera,estacionamiento simple,vendido,45788.0,12.5,3663.04,real_source:unidades.parquet,ok
UNIT_33EAAE6544,Fenix,estacionamiento con depósito,proceso de separación,72800.0,18.7,3893.05,real_source:unidades.parquet,ok
UNIT_B4F4B3EC27,Tizón y Bueno,depósito,disponible,0.0,2.78,0.0,real_source:unidades.parquet,ok
UNIT_F36148A035,Edificio Cuba Connect,estacionamiento simple,vendido,48000.0,14.04,3418.8,real_source:unidades.parquet,ok
UNIT_EFFABB6E4C,Edificio Cuba Connect,estacionamiento simple,vendido,43585.0,13.5,3228.52,real_source:unidades.parquet,ok
UNIT_4E15EFF797,Edificio Cuba Connect,estacionamiento simple,vendido,46000.0,14.04,3276.35,real_source:unidades.parquet,ok
UNIT_25AB46021D,Edificio Cuba Connect,estacionamiento simple,vendido,45100.0,12.75,3537.25,real_source:unidades.parquet,ok
UNIT_1BF59FAFFA,Edificio Santa Cruz Infinite,depósito,no disponible,0.0,1.79,0.0,real_source:unidades.parquet,ok
UNIT_05D566E55E,Edificio Cuba Connect,estacionamiento simple,vendido,46000.0,16.65,2762.76,real_source:unidades.parquet,ok
UNIT_69E1A69D82,Fenix,departamento flat,vendido,370000.0,56.67,6529.03,real_source:unidades.parquet,ok
UNIT_814AD854BE,Capadocia,departamento flat,disponible,0.0,50.29,0.0,real_source:unidades.parquet,ok
UNIT_EBA6EA8FE5,Matera,estacionamiento con depósito,proceso de separación,53480.0,16.7,3202.4,real_source:unidades.parquet,ok
UNIT_64F9ACE1C5,Alicanto,departamento flat,vendido,537396.0,78.94,6807.65,real_source:unidades.parquet,ok
UNIT_62B909F16F,Capadocia,departamento flat,proceso de separación,531134.0,66.87,7942.78,real_source:unidades.parquet,ok
UNIT_51FD4A03D2,Edificio Cuba Connect,estacionamiento simple,vendido,44000.0,19.31,2278.61,real_source:unidades.parquet,ok
UNIT_83CE12C7B6,Capadocia,departamento flat,disponible,0.0,40.13,0.0,real_source:unidades.parquet,ok
UNIT_93FE36B35F,Tizón y Bueno,departamento flat,vendido,400000.0,65.54,6103.14,real_source:unidades.parquet,ok
UNIT_DB253A8D05,Tizón y Bueno,estacionamiento con depósito,disponible,0.0,17.45,0.0,real_source:unidades.parquet,ok
UNIT_BBD95579A2,Edificio Mariategui,departamento flat,vendido,516325.0,78.9,6544.04,real_source:unidades.parquet,ok
UNIT_4410ECA385,Fenix,departamento flat,vendido,303002.08,52.35,5788.01,real_source:unidades.parquet,ok
UNIT_C6B53F2094,Fenix,departamento flat,proceso de separación,469000.0,67.05,6994.78,real_source:unidades.parquet,ok
UNIT_932D4A8709,Fenix,departamento flat,vendido,447799.21,72.11,6209.95,real_source:unidades.parquet,ok
UNIT_3C616D7289,Edificio Cuba Connect,estacionamiento simple,vendido,43050.0,14.15,3042.4,real_source:unidades.parquet,ok
UNIT_B023430F21,Sialia,departamento flat,disponible,0.0,65.71,0.0,real_source:unidades.parquet,ok
UNIT_97EB832267,Edificio Unique,departamento flat,no disponible,0.0,55.32,0.0,real_source:unidades.parquet,ok
UNIT_5A335CFA67,Edificio Unique,departamento flat,no disponible,0.0,76.61,0.0,real_source:unidades.parquet,ok
UNIT_185A0DC098,Edificio Unique,departamento flat,disponible,0.0,76.61,0.0,real_source:unidades.parquet,ok
UNIT_A2614D3AFE,Alicanto,departamento flat,vendido,392000.0,68.5,5722.63,real_source:unidades.parquet,ok
UNIT_BE8D6CDECB,Edificio Unique,departamento flat,disponible,0.0,76.61,0.0,real_source:unidades.parquet,ok
UNIT_92175C519C,Edificio Unique,estacionamiento simple,disponible,0.0,13.91,0.0,real_source:unidades.parquet,ok
UNIT_8FDB48F3E5,Edificio Unique,estacionamiento simple,disponible,0.0,12.88,0.0,real_source:unidades.parquet,ok
UNIT_4DFE97BAFB,Torre Nápoles,departamento flat,disponible,0.0,40.09,0.0,real_source:unidades.parquet,ok
UNIT_AA4E339247,Edificio Mariategui,departamento flat,vendido,545000.0,75.0,7266.67,real_source:unidades.parquet,ok
UNIT_E2B1AF1030,Fenix,estacionamiento simple,proceso de separación,54000.0,13.5,4000.0,real_source:unidades.parquet,ok
UNIT_D9FADBC72F,Matera,estacionamiento simple,disponible,0.0,13.5,0.0,real_source:unidades.parquet,ok
UNIT_CA741A580E,Capadocia,estacionamiento simple,proceso de separación,48430.98,12.5,3874.48,real_source:unidades.parquet,ok
UNIT_551BD6AAD2,Capadocia,estacionamiento simple,disponible,0.0,12.5,0.0,real_source:unidades.parquet,ok
UNIT_F905C672BB,Modena,departamento flat,disponible,0.0,54.67,0.0,real_source:unidades.parquet,ok
UNIT_3D2C0339B1,Matera,estacionamiento simple,disponible,0.0,12.5,0.0,real_source:unidades.parquet,ok
UNIT_0373221807,Modena,estacionamiento simple,disponible,0.0,15.25,0.0,real_source:unidades.parquet,ok
UNIT_06A2E15437,Capadocia,departamento flat,disponible,0.0,40.13,0.0,real_source:unidades.parquet,ok
UNIT_20C09DF4DB,Edificio Mariategui,departamento flat,vendido,308388.0,40.44,7625.82,real_source:unidades.parquet,ok
UNIT_9E3EF4858B,Sialia,departamento flat,vendido,381359.95,69.99,5448.78,real_source:unidades.parquet,ok
UNIT_2D00A55D76,Sialia,departamento flat,disponible,0.0,40.0,0.0,real_source:unidades.parquet,ok
UNIT_8E731B0978,Matera,departamento flat,no disponible,0.0,40.2,0.0,real_source:unidades.parquet,ok
UNIT_2CB08AA7F9,Edificio Santa Cruz Infinite,depósito,vendido,7319.0,1.79,4088.83,real_source:unidades.parquet,ok
UNIT_FF6A8E37E5,Matera,departamento flat,disponible,0.0,68.18,0.0,real_source:unidades.parquet,ok
UNIT_8F77383A8D,Modena,departamento flat,proceso de venta,453210.22,54.67,8289.93,real_source:unidades.parquet,ok
UNIT_BBC3D9C128,Capadocia,departamento flat,disponible,0.0,71.88,0.0,real_source:unidades.parquet,ok
UNIT_C645ED83F9,Alicanto,departamento flat,vendido,253000.0,40.02,6321.84,real_source:unidades.parquet,ok
UNIT_44111C8211,Edificio Mariategui,departamento flat,vendido,583870.0,78.9,7400.13,real_source:unidades.parquet,ok
UNIT_60D87C4E9B,Fenix,departamento flat,vendido,415175.12,71.26,5826.2,real_source:unidades.parquet,ok
UNIT_26DB61D567,Matera,departamento flat,disponible,0.0,40.0,0.0,real_source:unidades.parquet,ok
UNIT_CB9424B1C7,Capadocia,estacionamiento con depósito,disponible,0.0,14.4,0.0,real_source:unidades.parquet,ok
UNIT_EA53DF8221,Matera,departamento flat,disponible,0.0,67.98,0.0,real_source:unidades.parquet,ok
UNIT_5F649226CC,Matera,departamento flat,disponible,0.0,41.82,0.0,real_source:unidades.parquet,ok
UNIT_3A2676D56C,Fenix,departamento flat,disponible,0.0,67.78,0.0,real_source:unidades.parquet,ok
UNIT_950526387B,Edificio Santa Cruz Infinite,depósito,vendido,6105.0,1.79,3410.61,real_source:unidades.parquet,ok
UNIT_91E02E2643,Edificio Mariategui,departamento flat,vendido,554488.0,78.9,7027.73,real_source:unidades.parquet,ok
UNIT_E94B5A598D,Tizón y Bueno,estacionamiento simple,proceso de entrega,60024.0,15.25,3936.0,real_source:unidades.parquet,ok
UNIT_0770041129,Sialia,departamento flat,separado,539011.46,70.64,7630.4,real_source:unidades.parquet,ok
UNIT_303AF3CD78,Sialia,estacionamiento simple,vendido,48100.0,12.36,3891.59,real_source:unidades.parquet,ok
UNIT_96B34EC182,Sialia,estacionamiento simple,proceso de separación,49400.0,12.36,3996.76,real_source:unidades.parquet,ok
UNIT_3B47CCE284,Capadocia,departamento duplex,proceso de separación,855000.0,127.81,6689.62,real_source:unidades.parquet,ok
UNIT_ACFBA5A9D6,Torre Nápoles,departamento flat,disponible,0.0,57.04,0.0,real_source:unidades.parquet,ok
UNIT_45BF2BDD60,Torre Nápoles,departamento flat,disponible,0.0,40.16,0.0,real_source:unidades.parquet,ok
UNIT_599556522E,Edificio Mariategui,departamento flat,vendido,560600.0,75.0,7474.67,real_source:unidades.parquet,ok
UNIT_A0A49D05E9,Torre Nápoles,estacionamiento con depósito,disponible,0.0,21.0,0.0,real_source:unidades.parquet,ok
UNIT_4BDB967580,Edificio Unique,departamento flat,disponible,0.0,55.32,0.0,real_source:unidades.parquet,ok
UNIT_E84E1D44F1,Edificio Mariategui,departamento flat,vendido,536703.0,79.36,6762.89,real_source:unidades.parquet,ok
UNIT_72D239273A,Edificio Mariategui,estacionamiento simple,vendido,56000.0,14.0,4000.0,real_source:unidades.parquet,ok
UNIT_53CEF72890,Modena,estacionamiento con depósito,proceso de separación,52326.0,13.5,3876.0,real_source:unidades.parquet,ok
UNIT_3D7D6E51A8,Los Jardines de Urteaga,departamento flat,vendido,604440.0,96.03,6294.28,real_source:unidades.parquet,ok
UNIT_F9C116B9CB,Edificio Mariategui,departamento flat,vendido,520000.0,79.36,6552.42,real_source:unidades.parquet,ok
UNIT_A637A71A34,Fenix,estacionamiento con depósito,disponible,0.0,21.24,0.0,real_source:unidades.parquet,ok
UNIT_991F48CCD7,Edificio Mariategui,departamento flat,vendido,557000.0,79.36,7018.65,real_source:unidades.parquet,ok
UNIT_1091BAF1F9,Alicanto,estacionamiento simple,proceso de separación,53136.0,13.5,3936.0,real_source:unidades.parquet,ok
UNIT_C27865FB32,Matera,departamento flat,disponible,0.0,56.51,0.0,real_source:unidades.parquet,ok
UNIT_7F4D951305,Matera,departamento flat,disponible,0.0,77.4,0.0,real_source:unidades.parquet,ok
UNIT_23B5470955,Matera,departamento flat,disponible,0.0,36.39,0.0,real_source:unidades.parquet,ok
UNIT_69D586583A,Sialia,departamento flat,disponible,0.0,40.0,0.0,real_source:unidades.parquet,ok
UNIT_24861942B4,Edificio Urbanzen,estacionamiento simple,no disponible,0.0,18.48,0.0,real_source:unidades.parquet,ok
UNIT_7180F1E5EA,Torre Nápoles,departamento flat,no disponible,0.0,37.8,0.0,real_source:unidades.parquet,ok
UNIT_D1455AA66D,Alicanto,departamento flat,proceso de separación,523492.0,78.23,6691.7,real_source:unidades.parquet,ok
UNIT_84CA7E4541,Torre Nápoles,departamento flat,no disponible,0.0,30.17,0.0,real_source:unidades.parquet,ok
UNIT_CDB8D9BBB6,Modena,departamento flat,vendido,405000.0,57.1,7092.82,real_source:unidades.parquet,ok
UNIT_DB3B165E1A,Matera,departamento flat,disponible,0.0,71.08,0.0,real_source:unidades.parquet,ok
UNIT_A3553A75E6,Edificio Mariategui,departamento flat,vendido,549900.0,78.9,6969.58,real_source:unidades.parquet,ok
UNIT_C075502DA9,Edificio Mariategui,departamento flat,vendido,550518.06,79.36,6936.97,real_source:unidades.parquet,ok
UNIT_00014226EF,Fenix,departamento flat,vendido,394926.0,67.78,5826.59,real_source:unidades.parquet,ok
UNIT_3C4BB6D574,Edificio Urbanzen,depósito,proceso de separación,20400.0,5.3,3849.06,real_source:unidades.parquet,ok
UNIT_C5761D3A1D,Edificio Urbanzen,departamento flat,entregado,325000.0,42.4,7665.09,real_source:unidades.parquet,ok
UNIT_4DA8991898,Edificio Urbanzen,departamento flat,entregado,620000.0,70.08,8847.03,real_source:unidades.parquet,ok
UNIT_EFB26D30EE,Tizón y Bueno,estacionamiento con depósito,proceso de separación,53988.0,14.42,3743.97,real_source:unidades.parquet,ok
UNIT_26A39FF71B,Modena,estacionamiento con depósito,disponible,0.0,15.4,0.0,real_source:unidades.parquet,ok
UNIT_098EB0C285,Edificio Urbanzen,depósito,proceso de separación,11400.0,3.2,3562.5,real_source:unidades.parquet,ok
UNIT_BDB48ADF62,Matera,estacionamiento simple,disponible,0.0,12.5,0.0,real_source:unidades.parquet,ok
UNIT_C08A53BA4E,Fenix,departamento flat,proceso de separación,384207.0,54.01,7113.63,real_source:unidades.parquet,ok
UNIT_188AA25932,Fenix,departamento flat,proceso de separación,438509.0,57.89,7574.87,real_source:unidades.parquet,ok
UNIT_A44AF17DEA,Matera,estacionamiento con depósito,disponible,0.0,16.56,0.0,real_source:unidades.parquet,ok
UNIT_28B3D689E5,Alicanto,departamento flat,vendido,505336.0,78.94,6401.52,real_source:unidades.parquet,ok
UNIT_48813EB42D,Edificio Cuba Connect,departamento flat,vendido,610436.0,83.41,7318.5,real_source:unidades.parquet,ok
UNIT_92E9519169,Edificio Cuba Connect,departamento flat,vendido,615119.0,84.05,7318.49,real_source:unidades.parquet,ok
UNIT_575921A3C9,Edificio Mariategui,departamento flat,vendido,513334.0,79.36,6468.42,real_source:unidades.parquet,ok
UNIT_0681AAD369,Edificio Mariategui,departamento flat,vendido,533700.0,79.36,6725.05,real_source:unidades.parquet,ok
UNIT_95342CC288,Alicanto,departamento flat,disponible,0.0,69.49,0.0,real_source:unidades.parquet,ok
UNIT_BCA4EF58A0,Tizón y Bueno,departamento flat,vendido,436600.0,65.54,6661.58,real_source:unidades.parquet,ok
UNIT_D48D3C374B,Alicanto,departamento flat,disponible,0.0,69.49,0.0,real_source:unidades.parquet,ok
UNIT_61CA9201CD,Matera,estacionamiento simple,disponible,0.0,13.5,0.0,real_source:unidades.parquet,ok
UNIT_A442F50B14,Los Jardines de Urteaga,departamento flat,vendido,751136.0,104.31,7201.0,real_source:unidades.parquet,ok
UNIT_69CCEE1463,Edificio Mariategui,departamento flat,vendido,472000.0,75.0,6293.33,real_source:unidades.parquet,ok
UNIT_52B9D891DC,Edificio Urbanzen,departamento flat,entregado,578395.72,74.98,7714.0,real_source:unidades.parquet,ok
UNIT_CBAAA6A619,Torre Nápoles,departamento flat,no disponible,0.0,30.17,0.0,real_source:unidades.parquet,ok
UNIT_05AF610FBE,Tizón y Bueno,departamento flat,vendido,355100.0,71.18,4988.76,real_source:unidades.parquet,ok
UNIT_C651795867,Capadocia,estacionamiento simple,proceso de venta,46512.0,12.0,3876.0,real_source:unidades.parquet,ok
UNIT_2049A3F6FA,Edificio Mariategui,departamento flat,vendido,517600.0,78.9,6560.2,real_source:unidades.parquet,ok
UNIT_A59389BFF3,Capadocia,estacionamiento con depósito,no disponible,0.0,14.8,0.0,real_source:unidades.parquet,ok
UNIT_40738EA245,Capadocia,estacionamiento simple,proceso de separación,48450.0,12.5,3876.0,real_source:unidades.parquet,ok
UNIT_0CC59B7F2B,Tizón y Bueno,departamento flat,vendido,342148.0,56.34,6072.91,real_source:unidades.parquet,ok
UNIT_3AFE225377,Matera,departamento flat,no disponible,0.0,53.93,0.0,real_source:unidades.parquet,ok
UNIT_CC0CE40471,Tizón y Bueno,departamento flat,proceso de entrega,428184.0,56.34,7600.0,real_source:unidades.parquet,ok
UNIT_4970267340,Matera,estacionamiento simple,disponible,0.0,12.5,0.0,real_source:unidades.parquet,ok
UNIT_BAD3CA372F,Sialia,departamento flat,disponible,0.0,69.05,0.0,real_source:unidades.parquet,ok
UNIT_AD55918309,Matera,departamento flat,disponible,0.0,71.08,0.0,real_source:unidades.parquet,ok
UNIT_41E15617F0,Edificio Urbanzen,departamento flat,entregado,295000.0,42.4,6957.55,real_source:unidades.parquet,ok
UNIT_C5B127B1AE,Modena,estacionamiento con depósito,disponible,0.0,15.4,0.0,real_source:unidades.parquet,ok
UNIT_E722879273,Modena,estacionamiento con depósito,vendido,70156.0,18.1,3876.02,real_source:unidades.parquet,ok
UNIT_8BED25AC6C,Tizón y Bueno,estacionamiento con depósito,disponible,0.0,17.71,0.0,real_source:unidades.parquet,ok
UNIT_25BE90610A,Tizón y Bueno,departamento flat,vendido,298849.0,50.9,5871.3,real_source:unidades.parquet,ok
UNIT_B1083A37D8,Fenix,estacionamiento con depósito,no disponible,0.0,15.48,0.0,real_source:unidades.parquet,ok
UNIT_F63BAAEE53,Matera,departamento flat,vendido,268787.8,40.02,6716.34,real_source:unidades.parquet,ok
UNIT_8FBD7A9B50,Los Jardines de Urteaga,estacionamiento simple,vendido,42500.0,14.75,2881.36,real_source:unidades.parquet,ok
UNIT_F3064896FC,Fenix,estacionamiento con depósito,vendido,55000.0,14.19,3875.97,real_source:unidades.parquet,ok
UNIT_040D711A65,Alicanto,departamento flat,vendido,334176.0,52.61,6351.95,real_source:unidades.parquet,ok
UNIT_01C735B43D,Alicanto,departamento flat,vendido,329540.0,53.96,6107.12,real_source:unidades.parquet,ok
UNIT_6CCB45346B,Edificio Mariategui,estacionamiento simple,no disponible,0.0,13.13,0.0,real_source:unidades.parquet,ok
UNIT_D32B9A64F2,Matera,departamento flat,disponible,0.0,62.14,0.0,real_source:unidades.parquet,ok
UNIT_EF84A4DD7A,Sialia,estacionamiento simple,disponible,0.0,12.4,0.0,real_source:unidades.parquet,ok
UNIT_A79CFCF6C9,Matera,departamento flat,disponible,0.0,40.02,0.0,real_source:unidades.parquet,ok
UNIT_0D405714CA,Fenix,departamento flat,vendido,399600.0,71.26,5607.63,real_source:unidades.parquet,ok
UNIT_1E6A6138BC,Modena,estacionamiento con depósito,disponible,0.0,14.5,0.0,real_source:unidades.parquet,ok
UNIT_A3F1F38627,Modena,departamento flat,disponible,0.0,40.09,0.0,real_source:unidades.parquet,ok
UNIT_1F0E34D2D2,Tizón y Bueno,estacionamiento simple,vendido,49610.0,13.75,3608.0,real_source:unidades.parquet,ok
UNIT_97E48AEB2E,Tizón y Bueno,departamento flat,vendido,365402.85,56.34,6485.67,real_source:unidades.parquet,ok
UNIT_D70D133804,Tizón y Bueno,departamento flat,vendido,474027.0,71.18,6659.55,real_source:unidades.parquet,ok
UNIT_AE1F427551,Fenix,departamento flat,proceso de separación,515000.0,70.24,7332.0,real_source:unidades.parquet,ok
UNIT_A925C2B86F,Los Jardines de Urteaga,estacionamiento simple,vendido,38988.08,13.5,2888.01,real_source:unidades.parquet,ok
UNIT_987B1EE744,Los Jardines de Urteaga,estacionamiento simple,vendido,39330.0,11.0,3575.45,real_source:unidades.parquet,ok
UNIT_AFDE19AA2B,Los Jardines de Urteaga,estacionamiento simple,vendido,39000.0,12.5,3120.0,real_source:unidades.parquet,ok
UNIT_3D24081544,Matera,estacionamiento simple,disponible,0.0,13.5,0.0,real_source:unidades.parquet,ok
UNIT_6D748F69EB,Los Jardines de Urteaga,estacionamiento simple,vendido,37620.0,13.0,2893.85,real_source:unidades.parquet,ok
UNIT_69903A2A4A,Sialia,departamento flat,vendido,442088.52,70.64,6258.33,real_source:unidades.parquet,ok
UNIT_C36A9C6A07,Edificio Mariategui,estacionamiento simple,vendido,62400.0,16.03,3892.7,real_source:unidades.parquet,ok
UNIT_47F6BCA923,Fenix,estacionamiento simple,no disponible,0.0,14.7,0.0,real_source:unidades.parquet,ok
UNIT_7203A93BE1,Torre Nápoles,departamento flat,no disponible,0.0,59.0,0.0,real_source:unidades.parquet,ok
UNIT_FBA81F1E3A,Modena,estacionamiento simple,disponible,0.0,12.5,0.0,real_source:unidades.parquet,ok
UNIT_34FD21A53D,Fenix,departamento flat,vendido,330000.44,52.01,6344.94,real_source:unidades.parquet,ok
UNIT_3243A6A4A4,Modena,estacionamiento con depósito,no disponible,0.0,15.3,0.0,real_source:unidades.parquet,ok
UNIT_71312A978A,Alicanto,estacionamiento simple,disponible,0.0,13.5,0.0,real_source:unidades.parquet,ok
UNIT_3C680498AB,Edificio Mariategui,estacionamiento simple,vendido,64200.0,16.93,3792.09,real_source:unidades.parquet,ok
UNIT_9BBB9B850F,Modena,estacionamiento con depósito,disponible,0.0,13.5,0.0,real_source:unidades.parquet,ok
UNIT_7C70BFFEC6,Los Jardines de Urteaga,estacionamiento simple,vendido,39100.0,13.0,3007.69,real_source:unidades.parquet,ok
UNIT_34800DB833,Los Jardines de Urteaga,estacionamiento simple,vendido,39330.0,11.5,3420.0,real_source:unidades.parquet,ok
UNIT_EF828BED92,Los Jardines de Urteaga,estacionamiento simple,vendido,37620.0,11.5,3271.3,real_source:unidades.parquet,ok
UNIT_A98E4EFDCC,Los Jardines de Urteaga,estacionamiento simple,vendido,41040.0,11.5,3568.7,real_source:unidades.parquet,ok
UNIT_64D6015E54,Los Jardines de Urteaga,estacionamiento simple,vendido,37620.0,13.5,2786.67,real_source:unidades.parquet,ok
UNIT_B8B5C12A80,Los Jardines de Urteaga,estacionamiento simple,vendido,37620.0,12.5,3009.6,real_source:unidades.parquet,ok
UNIT_BF788D80CB,Tizón y Bueno,departamento flat,vendido,367472.34,65.68,5594.89,real_source:unidades.parquet,ok
UNIT_A659A15218,Tizón y Bueno,estacionamiento simple,vendido,51865.0,13.75,3772.0,real_source:unidades.parquet,ok
UNIT_54030ED5D6,Tizón y Bueno,estacionamiento con depósito,vendido,49662.0,14.42,3443.97,real_source:unidades.parquet,ok
UNIT_72F38527F4,Modena,departamento flat,disponible,0.0,49.01,0.0,real_source:unidades.parquet,ok
UNIT_DB5AB5161B,Los Jardines de Urteaga,estacionamiento simple,vendido,37620.0,12.5,3009.6,real_source:unidades.parquet,ok
UNIT_751D99D248,Los Jardines de Urteaga,estacionamiento simple,vendido,35910.0,11.0,3264.55,real_source:unidades.parquet,ok
UNIT_C13487F38A,Torre Nápoles,departamento flat,vendido,371058.68,68.65,5405.08,real_source:unidades.parquet,ok
UNIT_1C5D33FD6A,Capadocia,estacionamiento simple,disponible,0.0,13.5,0.0,real_source:unidades.parquet,ok
UNIT_9CAE34D15F,Fenix,estacionamiento simple,vendido,54000.0,13.5,4000.0,real_source:unidades.parquet,ok
UNIT_3A1EDE7592,Capadocia,departamento flat,vendido,673000.34,78.12,8614.96,real_source:unidades.parquet,ok
UNIT_1AB13C0F63,Torre Nápoles,departamento flat,disponible,0.0,40.07,0.0,real_source:unidades.parquet,ok
UNIT_70922630F2,Modena,estacionamiento con depósito,disponible,0.0,13.5,0.0,real_source:unidades.parquet,ok
UNIT_D3BF38B539,Torre Nápoles,departamento flat,disponible,0.0,40.07,0.0,real_source:unidades.parquet,ok
UNIT_5CA3643DB4,Tizón y Bueno,departamento flat,vendido,482630.48,74.83,6449.69,real_source:unidades.parquet,ok
UNIT_290453D5AC,Los Jardines de Urteaga,estacionamiento simple,vendido,35910.0,12.5,2872.8,real_source:unidades.parquet,ok
UNIT_5C85EC5E19,Tizón y Bueno,estacionamiento con depósito,proceso de entrega,50000.0,17.71,2823.26,real_source:unidades.parquet,ok
UNIT_16AFDA1826,Tizón y Bueno,estacionamiento simple,proceso de separación,44928.0,12.0,3744.0,real_source:unidades.parquet,ok
UNIT_DA99297FA6,Edificio Mariategui,estacionamiento simple,vendido,52400.0,13.82,3791.61,real_source:unidades.parquet,ok
UNIT_D20B45DEDE,Los Jardines de Urteaga,estacionamiento simple,vendido,35910.0,13.0,2762.31,real_source:unidades.parquet,ok
UNIT_52F1597E98,Matera,departamento flat,disponible,0.0,56.51,0.0,real_source:unidades.parquet,ok
UNIT_E2E4A7E47F,Edificio Urbanzen,depósito,proceso de separación,11800.0,3.3,3575.76,real_source:unidades.parquet,ok
UNIT_38399EE5E8,Edificio Urbanzen,estacionamiento simple,proceso de separación,60000.0,18.48,3246.75,real_source:unidades.parquet,ok
UNIT_36799605C1,Edificio Urbanzen,estacionamiento simple,proceso de separación,52000.0,14.72,3532.61,real_source:unidades.parquet,ok
UNIT_6CEDF2D4F8,Torre Nápoles,depósito,disponible,0.0,3.8,0.0,real_source:unidades.parquet,ok
UNIT_1557D2DB78,Matera,departamento flat,no disponible,0.0,41.82,0.0,real_source:unidades.parquet,ok
UNIT_29F7931F14,Sialia,departamento duplex,disponible,0.0,150.71,0.0,real_source:unidades.parquet,ok
UNIT_262961EA58,Edificio Mariategui,estacionamiento simple,vendido,48900.0,13.25,3690.57,real_source:unidades.parquet,ok
UNIT_64EBD8DBAB,Torre Nápoles,depósito,disponible,0.0,3.1,0.0,real_source:unidades.parquet,ok
UNIT_F36B515515,Torre Nápoles,departamento flat,disponible,0.0,65.81,0.0,real_source:unidades.parquet,ok
UNIT_166522C811,Los Jardines de Urteaga,estacionamiento simple,vendido,38000.0,12.5,3040.0,real_source:unidades.parquet,ok
UNIT_24B4A3B6A8,Modena,departamento flat,disponible,0.0,40.09,0.0,real_source:unidades.parquet,ok
UNIT_DA49DB6447,Modena,departamento flat,disponible,0.0,40.09,0.0,real_source:unidades.parquet,ok
UNIT_64B8D11312,Modena,estacionamiento simple,disponible,0.0,12.5,0.0,real_source:unidades.parquet,ok
UNIT_CBBD7E4AB7,Modena,estacionamiento con depósito,disponible,0.0,15.35,0.0,real_source:unidades.parquet,ok
UNIT_7B055606C0,Matera,estacionamiento simple,no disponible,0.0,12.5,0.0,real_source:unidades.parquet,ok
UNIT_D44682E886,Edificio Urbanzen,estacionamiento simple,entregado,75150.0,12.5,6012.0,real_source:unidades.parquet,ok
UNIT_F3C79D31B6,Edificio Urbanzen,departamento flat,entregado,570476.0,81.0,7042.91,real_source:unidades.parquet,ok
UNIT_995D9C5F55,Edificio Saenz,departamento flat,vendido,465500.0,77.34,6018.88,real_source:unidades.parquet,ok
UNIT_39CD78E943,Edificio Mariategui,departamento flat,vendido,482688.0,75.0,6435.84,real_source:unidades.parquet,ok
UNIT_2F9DD1DF98,Los Jardines de Urteaga,estacionamiento simple,vendido,34200.0,13.5,2533.33,real_source:unidades.parquet,ok
UNIT_585976FF6B,Matera,estacionamiento simple,proceso de separación,51504.0,12.0,4292.0,real_source:unidades.parquet,ok
UNIT_A2A84173D5,Torre Nápoles,departamento flat,no disponible,0.0,52.63,0.0,real_source:unidades.parquet,ok
UNIT_25DC533304,Fenix,estacionamiento simple,proceso de separación,51000.0,12.75,4000.0,real_source:unidades.parquet,ok
UNIT_0637F71D91,Matera,departamento flat,disponible,0.0,77.4,0.0,real_source:unidades.parquet,ok
UNIT_CA548DA0F6,Capadocia,departamento flat,proceso de separación,391569.02,54.12,7235.2,real_source:unidades.parquet,ok
UNIT_06AE34B8D6,Edificio Urbanzen,estacionamiento simple,proceso de separación,54300.0,14.72,3688.86,real_source:unidades.parquet,ok
UNIT_78445FC095,Modena,departamento flat,vendido,330907.55,48.64,6803.2,real_source:unidades.parquet,ok
UNIT_FBD29B5241,Torre Nápoles,departamento flat,disponible,0.0,40.09,0.0,real_source:unidades.parquet,ok
UNIT_8EBA032D7F,Edificio Mariategui,depósito,vendido,12300.0,3.17,3880.13,real_source:unidades.parquet,ok
UNIT_E7533D5649,Modena,departamento flat,vendido,373230.0,53.02,7039.42,real_source:unidades.parquet,ok
UNIT_B741FA18D0,Modena,departamento flat,disponible,0.0,73.57,0.0,real_source:unidades.parquet,ok
UNIT_26C8FC99E4,Sialia,departamento flat,vendido,430300.0,69.77,6167.41,real_source:unidades.parquet,ok
UNIT_9C32BD4E93,Torre Nápoles,departamento flat,proceso de separación,340000.0,55.48,6128.33,real_source:unidades.parquet,ok
UNIT_3DBB266EC2,Torre Nápoles,departamento flat,no disponible,0.0,37.8,0.0,real_source:unidades.parquet,ok
UNIT_D50E6EAA62,Torre Nápoles,departamento flat,disponible,0.0,57.06,0.0,real_source:unidades.parquet,ok
UNIT_E342EBF7D0,Modena,departamento flat,vendido,387000.0,54.67,7078.84,real_source:unidades.parquet,ok
UNIT_24964D8BDF,Capadocia,departamento flat,disponible,0.0,40.63,0.0,real_source:unidades.parquet,ok
UNIT_AFF75434CB,Capadocia,departamento flat,disponible,0.0,69.52,0.0,real_source:unidades.parquet,ok
UNIT_1342E12B4F,Modena,departamento flat,disponible,0.0,40.02,0.0,real_source:unidades.parquet,ok
UNIT_E7170A3CA7,Matera,estacionamiento simple,disponible,0.0,12.0,0.0,real_source:unidades.parquet,ok
UNIT_3A2052D947,Fenix,estacionamiento simple,disponible,0.0,14.56,0.0,real_source:unidades.parquet,ok
UNIT_EF6B4321FD,Edificio Urbanzen,estacionamiento simple,proceso de separación,45000.0,13.75,3272.73,real_source:unidades.parquet,ok
UNIT_5C11BB87B4,Modena,estacionamiento con depósito,disponible,0.0,13.8,0.0,real_source:unidades.parquet,ok
UNIT_C544D18173,Edificio Urbanzen,estacionamiento simple,proceso de separación,52100.0,13.75,3789.09,real_source:unidades.parquet,ok
UNIT_65E43CF690,Matera,departamento flat,disponible,0.0,71.98,0.0,real_source:unidades.parquet,ok
UNIT_E267047C07,Edificio Urbanzen,estacionamiento simple,entregado,47400.0,12.5,3792.0,real_source:unidades.parquet,ok
UNIT_22794A239F,Edificio Mariategui,departamento flat,vendido,274400.0,40.44,6785.36,real_source:unidades.parquet,ok
UNIT_5F86363F94,Modena,departamento flat,disponible,0.0,53.02,0.0,real_source:unidades.parquet,ok
UNIT_46B207A24D,Alicanto,estacionamiento simple,vendido,49200.0,12.5,3936.0,real_source:unidades.parquet,ok
UNIT_B1A76EDC16,Los Jardines de Urteaga,departamento flat,vendido,657000.0,104.31,6298.53,real_source:unidades.parquet,ok
UNIT_AFD3A1D2BE,Edificio Cuba Connect,departamento flat,vendido,617234.0,83.41,7400.0,real_source:unidades.parquet,ok
UNIT_21289314E8,Torre Nápoles,departamento flat,vendido,296727.37,55.48,5348.37,real_source:unidades.parquet,ok
UNIT_3920D69CB7,Fenix,estacionamiento con depósito,vendido,60900.0,16.1,3782.61,real_source:unidades.parquet,ok
UNIT_F5AFB811E2,Modena,estacionamiento con depósito,vendido,50000.0,15.35,3257.33,real_source:unidades.parquet,ok
UNIT_52D5572977,Sialia,departamento flat,proceso de separación,350000.0,65.71,5326.43,real_source:unidades.parquet,ok
UNIT_49C150C35B,Modena,estacionamiento con depósito,proceso de separación,62544.0,15.1,4141.99,real_source:unidades.parquet,ok
UNIT_D27687638F,Modena,departamento flat,disponible,0.0,72.47,0.0,real_source:unidades.parquet,ok
UNIT_6F00EB43EF,Modena,estacionamiento simple,disponible,0.0,12.5,0.0,real_source:unidades.parquet,ok
UNIT_1B6CC33E33,Modena,departamento flat,disponible,0.0,72.47,0.0,real_source:unidades.parquet,ok
UNIT_65E76BDE6A,Modena,estacionamiento simple,proceso de separación,48450.0,12.5,3876.0,real_source:unidades.parquet,ok
UNIT_D755E96782,Matera,estacionamiento simple,proceso de separación,49451.0,13.5,3663.04,real_source:unidades.parquet,ok
UNIT_CBC8F9FCA8,Edificio Cuba Connect,departamento flat,vendido,500000.0,78.67,6355.66,real_source:unidades.parquet,ok
UNIT_BBFA351E07,Edificio Cuba Connect,estacionamiento simple,vendido,45000.0,15.0,3000.0,real_source:unidades.parquet,ok
UNIT_C731E649B9,Tizón y Bueno,departamento flat,proceso de venta,258500.0,45.36,5698.85,real_source:unidades.parquet,ok
UNIT_391D4EE505,Fenix,departamento flat,vendido,390600.0,65.05,6004.61,real_source:unidades.parquet,ok
UNIT_55A01053C3,Sialia,departamento flat,vendido,721000.22,104.17,6921.38,real_source:unidades.parquet,ok
UNIT_22F94679ED,Sialia,estacionamiento simple,proceso de separación,51400.0,13.2,3893.94,real_source:unidades.parquet,ok
UNIT_C3A4F01742,Torre Nápoles,departamento flat,disponible,0.0,40.12,0.0,real_source:unidades.parquet,ok
UNIT_0B55CE09F9,Edificio Urbanzen,estacionamiento simple,entregado,45500.0,12.0,3791.67,real_source:unidades.parquet,ok
UNIT_BB6306F56A,Edificio Urbanzen,depósito,proceso de separación,18500.0,4.24,4363.21,real_source:unidades.parquet,ok
UNIT_B1D0734156,Capadocia,departamento flat,no disponible,0.0,67.2,0.0,real_source:unidades.parquet,ok
UNIT_2F3E04DBA2,Torre Nápoles,departamento flat,disponible,0.0,40.07,0.0,real_source:unidades.parquet,ok
UNIT_072E9CE44B,Edificio Cuba Connect,departamento flat,vendido,573944.0,77.56,7400.0,real_source:unidades.parquet,ok
UNIT_57E4E8B3ED,Fenix,estacionamiento con depósito,proceso de venta,69100.0,17.74,3895.15,real_source:unidades.parquet,ok
UNIT_6173E3C187,Torre Nápoles,departamento flat,disponible,0.0,40.09,0.0,real_source:unidades.parquet,ok
UNIT_A22AE213FD,Torre Nápoles,departamento flat,proceso de separación,305000.0,65.49,4657.2,real_source:unidades.parquet,ok
UNIT_0FB34C9353,Capadocia,estacionamiento simple,no disponible,0.0,13.5,0.0,real_source:unidades.parquet,ok
UNIT_8D9356DC5A,Tizón y Bueno,estacionamiento con depósito,vendido,47895.0,14.62,3275.99,real_source:unidades.parquet,ok
UNIT_90F57718CF,Capadocia,estacionamiento con depósito,disponible,0.0,15.5,0.0,real_source:unidades.parquet,ok
UNIT_B9C2EA45C0,Modena,estacionamiento con depósito,disponible,0.0,17.2,0.0,real_source:unidades.parquet,ok
UNIT_4A30A78477,Modena,departamento flat,disponible,0.0,73.57,0.0,real_source:unidades.parquet,ok
UNIT_AA769A138C,Matera,departamento flat,disponible,0.0,68.18,0.0,real_source:unidades.parquet,ok
UNIT_5A9283744A,Matera,estacionamiento simple,disponible,0.0,12.5,0.0,real_source:unidades.parquet,ok
UNIT_98EF13DDE4,Fenix,estacionamiento simple,vendido,54900.0,14.18,3871.65,real_source:unidades.parquet,ok
UNIT_142E9C8906,Torre Nápoles,departamento flat,disponible,0.0,68.65,0.0,real_source:unidades.parquet,ok
UNIT_E8F3842E5D,Modena,departamento flat,vendido,510000.02,75.73,6734.45,real_source:unidades.parquet,ok
UNIT_6F225C29A5,Edificio Urbanzen,estacionamiento simple,entregado,40152.0,12.0,3346.0,real_source:unidades.parquet,ok
UNIT_FC319E2EF8,Capadocia,departamento flat,disponible,0.0,69.52,0.0,real_source:unidades.parquet,ok
UNIT_B86E620843,Modena,departamento flat,vendido,500000.0,75.43,6628.66,real_source:unidades.parquet,ok
UNIT_08578593EF,Modena,departamento flat,disponible,0.0,53.02,0.0,real_source:unidades.parquet,ok
UNIT_B3A43E592D,Torre Nápoles,departamento flat,disponible,0.0,57.04,0.0,real_source:unidades.parquet,ok
UNIT_1B0E80B678,Torre Nápoles,departamento flat,disponible,0.0,40.12,0.0,real_source:unidades.parquet,ok
UNIT_B8D53CB147,Capadocia,depósito,no disponible,0.0,3.65,0.0,real_source:unidades.parquet,ok
UNIT_B6EE28BEFE,Torre Nápoles,estacionamiento simple,disponible,0.0,12.5,0.0,real_source:unidades.parquet,ok
UNIT_BF1E157C2C,Modena,estacionamiento simple,disponible,0.0,12.5,0.0,real_source:unidades.parquet,ok
UNIT_8B046F8D70,Edificio Cuba Connect,departamento flat,vendido,534956.0,78.67,6800.0,real_source:unidades.parquet,ok
UNIT_7928C6E4EE,Torre Nápoles,estacionamiento simple,proceso de separación,37185.0,12.5,2974.8,real_source:unidades.parquet,ok
UNIT_3A4219878F,Torre Nápoles,estacionamiento con depósito,disponible,0.0,15.1,0.0,real_source:unidades.parquet,ok
UNIT_D3C75E0D6B,Modena,estacionamiento con depósito,vendido,52326.0,13.5,3876.0,real_source:unidades.parquet,ok
UNIT_688C815885,Edificio Santa Cruz Infinite,departamento flat,vendido,544700.0,71.85,7581.07,real_source:unidades.parquet,ok
UNIT_3EC09332CE,Torre Nápoles,departamento flat,disponible,0.0,40.12,0.0,real_source:unidades.parquet,ok
UNIT_2EDF06A11A,Alicanto,departamento flat,vendido,460000.0,80.37,5723.53,real_source:unidades.parquet,ok
UNIT_21BC388B25,Tradiciones Prime,estacionamiento doble,entregado,95700.0,25.17,3802.15,real_source:unidades.parquet,ok
UNIT_76C289AF51,Fenix,estacionamiento con depósito,proceso de separación,59800.0,16.2,3691.36,real_source:unidades.parquet,ok
UNIT_DB4989CCF4,Capadocia,estacionamiento simple,disponible,0.0,12.0,0.0,real_source:unidades.parquet,ok
UNIT_7BA41BF2C8,Matera,estacionamiento simple,vendido,45325.0,12.5,3626.0,real_source:unidades.parquet,ok
UNIT_28E0C55067,Tizón y Bueno,estacionamiento con depósito,proceso de separación,55147.0,14.62,3772.02,real_source:unidades.parquet,ok
UNIT_73F8E62159,Tizón y Bueno,departamento flat,proceso de entrega,471000.0,71.18,6617.03,real_source:unidades.parquet,ok
UNIT_0C6721BE52,Edificio Urbanzen,departamento flat,disponible,0.0,42.4,0.0,real_source:unidades.parquet,ok
UNIT_7423AF969A,Capadocia,departamento flat,disponible,0.0,31.2,0.0,real_source:unidades.parquet,ok
UNIT_80AC05A538,Torre Nápoles,estacionamiento con depósito,disponible,0.0,15.5,0.0,real_source:unidades.parquet,ok
UNIT_A9BC09B9BF,Torre Nápoles,estacionamiento con depósito,disponible,0.0,14.15,0.0,real_source:unidades.parquet,ok
UNIT_6F870A848C,Torre Nápoles,departamento flat,proceso de separación,315000.0,57.04,5522.44,real_source:unidades.parquet,ok
UNIT_C190341DF6,Torre Nápoles,estacionamiento simple,proceso de separación,46250.0,12.5,3700.0,real_source:unidades.parquet,ok
UNIT_2F211A1E15,Alicanto,departamento flat,vendido,469426.23,81.0,5795.39,real_source:unidades.parquet,ok
UNIT_47662AC420,Alicanto,estacionamiento con depósito,vendido,54000.0,16.69,3235.47,real_source:unidades.parquet,ok
UNIT_2AFBBF9DAE,Torre Nápoles,departamento flat,disponible,0.0,65.49,0.0,real_source:unidades.parquet,ok
UNIT_66D018CFF8,Modena,estacionamiento simple,vendido,39900.0,12.5,3192.0,real_source:unidades.parquet,ok
UNIT_6FEB0995F4,Torre Nápoles,departamento flat,disponible,0.0,57.06,0.0,real_source:unidades.parquet,ok
UNIT_DDA6051805,Matera,estacionamiento con depósito,vendido,61538.0,16.8,3662.98,real_source:unidades.parquet,ok
UNIT_7F63B57D3F,Modena,departamento flat,vendido,325879.51,48.64,6699.83,real_source:unidades.parquet,ok
UNIT_54BEE27C7A,Edificio Urbanzen,departamento flat,entregado,541434.14,74.98,7221.05,real_source:unidades.parquet,ok
UNIT_537DA6214C,Modena,estacionamiento con depósito,vendido,45000.0,15.1,2980.13,real_source:unidades.parquet,ok
UNIT_280C761B1D,Capadocia,estacionamiento simple,vendido,48450.0,12.5,3876.0,real_source:unidades.parquet,ok
UNIT_EDB1EAF846,Capadocia,departamento flat,disponible,0.0,50.29,0.0,real_source:unidades.parquet,ok
UNIT_EF8C9E5756,Capadocia,estacionamiento simple,disponible,0.0,12.5,0.0,real_source:unidades.parquet,ok
UNIT_7E8A72B3B2,Capadocia,departamento flat,vendido,500000.0,63.07,7927.7,real_source:unidades.parquet,ok
UNIT_2FA902E11E,Capadocia,departamento flat,disponible,0.0,40.63,0.0,real_source:unidades.parquet,ok
UNIT_F992FD8C27,Tizón y Bueno,departamento duplex,vendido,800000.0,132.18,6052.35,real_source:unidades.parquet,ok
UNIT_5D0F23E8DE,Torre Nápoles,departamento flat,vendido,320325.0,57.04,5615.8,real_source:unidades.parquet,ok
UNIT_3C3B981875,Torre Nápoles,estacionamiento simple,disponible,0.0,12.5,0.0,real_source:unidades.parquet,ok
UNIT_4858166AB1,Modena,departamento flat,disponible,0.0,40.09,0.0,real_source:unidades.parquet,ok
UNIT_55B61449FD,Alicanto,departamento duplex,disponible,0.0,154.03,0.0,real_source:unidades.parquet,ok
UNIT_A4B7ECABE8,Torre Nápoles,departamento flat,separado,285000.0,57.06,4994.74,real_source:unidades.parquet,ok
UNIT_E99698C5A7,Tizón y Bueno,departamento flat,vendido,343000.0,56.21,6102.12,real_source:unidades.parquet,ok
UNIT_96503381A8,Tizón y Bueno,departamento flat,vendido,391328.0,50.9,7688.17,real_source:unidades.parquet,ok
UNIT_376F7CE35E,Torre Nápoles,departamento flat,disponible,0.0,40.09,0.0,real_source:unidades.parquet,ok
UNIT_F2E3589E64,Modena,estacionamiento simple,proceso de separación,41000.0,12.0,3416.67,real_source:unidades.parquet,ok
UNIT_4F7446422E,Modena,departamento flat,no disponible,0.0,54.67,0.0,real_source:unidades.parquet,ok
UNIT_B5B059A4AB,Modena,departamento flat,disponible,0.0,53.02,0.0,real_source:unidades.parquet,ok
UNIT_DD272ABC2B,Modena,departamento flat,disponible,0.0,53.02,0.0,real_source:unidades.parquet,ok
UNIT_600F81A551,Modena,estacionamiento simple,vendido,40000.0,12.0,3333.33,real_source:unidades.parquet,ok
UNIT_486C76C77A,Torre Nápoles,estacionamiento con depósito,disponible,0.0,13.9,0.0,real_source:unidades.parquet,ok
UNIT_6AACBDE69F,Capadocia,departamento flat,vendido,285842.24,40.13,7122.91,real_source:unidades.parquet,ok
UNIT_0A2987129B,Torre Nápoles,departamento flat,disponible,0.0,65.81,0.0,real_source:unidades.parquet,ok
UNIT_0ED89CC2F5,Edificio Santa Cruz Infinite,departamento flat,vendido,455000.0,70.85,6422.02,real_source:unidades.parquet,ok
UNIT_1F810CFDB7,Matera,departamento flat,disponible,0.0,56.51,0.0,real_source:unidades.parquet,ok
UNIT_3001E0744D,Los Jardines de Urteaga,departamento flat,vendido,604440.0,96.03,6294.28,real_source:unidades.parquet,ok
UNIT_9554180DBF,Edificio Valdizan,estacionamiento simple,vendido,51250.0,13.5,3796.3,real_source:unidades.parquet,ok
UNIT_CF991664D7,Modena,departamento flat,disponible,0.0,40.02,0.0,real_source:unidades.parquet,ok
UNIT_AA9C9541F8,Edificio Valdizan,departamento flat,vendido,600800.0,74.02,8116.73,real_source:unidades.parquet,ok
UNIT_6D16551A1E,Modena,estacionamiento con depósito,vendido,52997.0,15.35,3452.57,real_source:unidades.parquet,ok
UNIT_610A7864BB,Modena,departamento flat,disponible,0.0,49.01,0.0,real_source:unidades.parquet,ok
UNIT_815D2F50FC,Alicanto,estacionamiento simple,disponible,0.0,14.0,0.0,real_source:unidades.parquet,ok
UNIT_793C686F05,Torre Nápoles,departamento flat,vendido,291950.0,55.48,5262.26,real_source:unidades.parquet,ok
UNIT_8C4C13D2F9,Sialia,departamento flat,proceso de separación,261480.0,40.0,6537.0,real_source:unidades.parquet,ok
UNIT_F491459B8C,Alicanto,estacionamiento con depósito,vendido,45100.0,17.67,2552.35,real_source:unidades.parquet,ok
UNIT_67CF3352E3,Torre Nápoles,departamento flat,disponible,0.0,68.65,0.0,real_source:unidades.parquet,ok
UNIT_034CD4A675,Tizón y Bueno,estacionamiento con depósito,disponible,0.0,18.38,0.0,real_source:unidades.parquet,ok
UNIT_9332DB5E29,Modena,estacionamiento con depósito,disponible,0.0,13.5,0.0,real_source:unidades.parquet,ok
UNIT_26F3FB5EA9,Matera,departamento flat,proceso de separación,465000.0,54.94,8463.78,real_source:unidades.parquet,ok
UNIT_2EB9A0B70E,Edificio Santa Cruz Infinite,departamento flat,vendido,563800.0,72.76,7748.76,real_source:unidades.parquet,ok
UNIT_E7A8B1AD8E,Torre Nápoles,estacionamiento con depósito,disponible,0.0,15.6,0.0,real_source:unidades.parquet,ok
UNIT_05BAE18D96,Capadocia,departamento flat,vendido,534876.0,66.87,7998.74,real_source:unidades.parquet,ok
UNIT_8B9800A915,Capadocia,departamento flat,disponible,0.0,54.12,0.0,real_source:unidades.parquet,ok
UNIT_27A6EC2FEC,Modena,departamento flat,vendido,336821.0,48.64,6924.77,real_source:unidades.parquet,ok
UNIT_398084753F,Modena,departamento flat,disponible,0.0,76.31,0.0,real_source:unidades.parquet,ok
UNIT_ED010E5B93,Torre Nápoles,departamento flat,proceso de aprobación,282996.13,57.06,4959.62,real_source:unidades.parquet,ok
UNIT_321F285460,Capadocia,estacionamiento con depósito,proceso de separación,57752.0,14.9,3875.97,real_source:unidades.parquet,ok
UNIT_D0FE985FF8,Torre Nápoles,departamento flat,disponible,0.0,40.16,0.0,real_source:unidades.parquet,ok
UNIT_092C20BEEC,Torre Nápoles,departamento flat,disponible,0.0,65.81,0.0,real_source:unidades.parquet,ok
UNIT_61D44BC620,Tizón y Bueno,estacionamiento simple,vendido,50090.0,12.73,3934.8,real_source:unidades.parquet,ok
UNIT_8A26E33C8B,Torre Nápoles,estacionamiento con depósito,disponible,0.0,15.4,0.0,real_source:unidades.parquet,ok
UNIT_624E112AD9,Modena,departamento flat,vendido,532096.95,73.57,7232.53,real_source:unidades.parquet,ok
UNIT_7E30F9272B,Matera,departamento flat,disponible,0.0,67.98,0.0,real_source:unidades.parquet,ok
UNIT_AB994DD715,Modena,estacionamiento simple,no disponible,0.0,12.5,0.0,real_source:unidades.parquet,ok
UNIT_3E2123ACE2,Edificio Urbanzen,departamento flat,entregado,506133.02,70.08,7222.22,real_source:unidades.parquet,ok
UNIT_73D0FD2D8E,Edificio Santa Cruz Infinite,departamento flat,vendido,522800.0,70.94,7369.61,real_source:unidades.parquet,ok
UNIT_DED03DB72C,Edificio Santa Cruz Infinite,estacionamiento simple,vendido,49200.0,12.63,3895.49,real_source:unidades.parquet,ok
UNIT_DF932EF521,Torre Nápoles,departamento flat,disponible,0.0,40.07,0.0,real_source:unidades.parquet,ok
UNIT_6D1FD18BBA,Edificio Urbanzen,depósito,proceso de separación,16100.0,5.0,3220.0,real_source:unidades.parquet,ok
UNIT_DE6241E1D9,Torre Nápoles,departamento flat,disponible,0.0,68.65,0.0,real_source:unidades.parquet,ok
UNIT_A31D927ECE,Edificio Santa Cruz Infinite,depósito,vendido,11952.0,2.92,4093.15,real_source:unidades.parquet,ok
UNIT_BE404FB544,Capadocia,estacionamiento con depósito,disponible,0.0,14.9,0.0,real_source:unidades.parquet,ok
UNIT_622A72D649,Modena,departamento flat,disponible,0.0,40.09,0.0,real_source:unidades.parquet,ok
UNIT_CC61459B93,Capadocia,departamento flat,vendido,619262.0,85.56,7237.75,real_source:unidades.parquet,ok
UNIT_88AE9BC9B1,Tizón y Bueno,departamento flat,vendido,473198.0,69.99,6760.94,real_source:unidades.parquet,ok
UNIT_BCDE7DF4FF,Tizón y Bueno,estacionamiento con depósito,proceso de separación,50254.0,15.34,3276.01,real_source:unidades.parquet,ok
UNIT_C48BAB7537,Modena,departamento flat,disponible,0.0,40.02,0.0,real_source:unidades.parquet,ok
UNIT_5FB366F90D,Edificio Cuba Connect,departamento flat,vendido,345665.1,49.17,7030.0,real_source:unidades.parquet,ok
UNIT_F5ABFDE3D2,Edificio Cuba Connect,estacionamiento simple,vendido,48000.0,12.3,3902.44,real_source:unidades.parquet,ok
UNIT_4380E7166A,Torre Nápoles,estacionamiento con depósito,disponible,0.0,15.8,0.0,real_source:unidades.parquet,ok
UNIT_E4C4076DA3,Torre Nápoles,estacionamiento con depósito,disponible,0.0,14.2,0.0,real_source:unidades.parquet,ok
UNIT_1A7C07C93C,Torre Nápoles,departamento flat,disponible,0.0,57.06,0.0,real_source:unidades.parquet,ok
UNIT_1CA83468D3,Capadocia,departamento duplex,no disponible,0.0,151.37,0.0,real_source:unidades.parquet,ok
UNIT_539499F088,Alicanto,depósito,proceso de separación,14973.0,4.15,3607.95,real_source:unidades.parquet,ok
UNIT_F199FF8C5B,Capadocia,departamento flat,vendido,328445.72,40.13,8184.54,real_source:unidades.parquet,ok
UNIT_27CD767F06,Edificio Cuba Connect,departamento flat,vendido,336322.8,49.17,6840.0,real_source:unidades.parquet,ok
UNIT_4F5B7037C8,Modena,estacionamiento con depósito,proceso de separación,54549.0,14.5,3762.0,real_source:unidades.parquet,ok
UNIT_06F21EB6E1,Los Jardines de Urteaga,departamento flat,vendido,639559.0,96.03,6659.99,real_source:unidades.parquet,ok
UNIT_A4DFEDF7FE,Capadocia,depósito,disponible,0.0,4.55,0.0,real_source:unidades.parquet,ok
UNIT_59D773FDF3,Torre Nápoles,departamento flat,disponible,0.0,40.07,0.0,real_source:unidades.parquet,ok
UNIT_AAAA724E52,Edificio Santa Cruz Infinite,departamento flat,vendido,536500.0,71.85,7466.95,real_source:unidades.parquet,ok
UNIT_294054F2DF,Edificio Santa Cruz Infinite,departamento flat,vendido,529200.0,71.85,7365.34,real_source:unidades.parquet,ok
UNIT_551BBCFC30,Edificio Santa Cruz Infinite,departamento flat,vendido,515800.0,70.94,7270.93,real_source:unidades.parquet,ok
UNIT_7E9C571FD0,Edificio Santa Cruz Infinite,estacionamiento simple,vendido,47150.0,15.66,3010.86,real_source:unidades.parquet,ok
UNIT_DB6A7F513E,Edificio Cuba Connect,estacionamiento simple,vendido,50000.0,13.5,3703.7,real_source:unidades.parquet,ok
UNIT_0585A05BF4,Edificio Cuba Connect,departamento flat,vendido,576529.92,83.41,6912.0,real_source:unidades.parquet,ok
UNIT_FD8B6F16BD,Edificio Cuba Connect,departamento flat,vendido,570524.4,83.41,6840.0,real_source:unidades.parquet,ok
UNIT_D026E8DC08,Los Jardines de Urteaga,departamento flat,vendido,675720.0,104.31,6478.0,real_source:unidades.parquet,ok
UNIT_11B52E73BF,Modena,estacionamiento con depósito,proceso de separación,52132.0,13.45,3875.99,real_source:unidades.parquet,ok
UNIT_66E750D46E,Modena,departamento flat,vendido,400434.41,57.1,7012.86,real_source:unidades.parquet,ok
UNIT_6D1BD81612,Modena,estacionamiento con depósito,proceso de separación,50000.0,13.45,3717.47,real_source:unidades.parquet,ok
UNIT_472BB798CA,Los Jardines de Urteaga,departamento flat,vendido,604989.0,96.03,6300.0,real_source:unidades.parquet,ok
UNIT_5826C4C033,Edificio Santa Cruz Infinite,departamento flat,vendido,509800.0,71.27,7153.08,real_source:unidades.parquet,ok
UNIT_71B4ED96C4,Edificio Santa Cruz Infinite,departamento flat,vendido,522800.0,70.94,7369.61,real_source:unidades.parquet,ok
UNIT_1BC39D62C9,Capadocia,estacionamiento simple,disponible,0.0,12.0,0.0,real_source:unidades.parquet,ok
UNIT_FEABE5E943,Tizón y Bueno,estacionamiento simple,proceso de entrega,54000.0,14.62,3693.57,real_source:unidades.parquet,ok
UNIT_77E8B01546,Tizón y Bueno,departamento flat,vendido,351606.15,56.21,6255.22,real_source:unidades.parquet,ok
UNIT_0CDD80DBAC,Torre Nápoles,departamento flat,no disponible,0.0,37.89,0.0,real_source:unidades.parquet,ok
UNIT_B63F78DF61,Torre Nápoles,estacionamiento con depósito,proceso de separación,55130.0,14.9,3700.0,real_source:unidades.parquet,ok
UNIT_BEDA703F6A,Alicanto,departamento flat,disponible,0.0,82.56,0.0,real_source:unidades.parquet,ok
UNIT_33FF53925D,Edificio Santa Cruz Infinite,estacionamiento simple,vendido,45100.0,12.63,3570.86,real_source:unidades.parquet,ok
UNIT_8EE3A56D22,Matera,departamento flat,disponible,0.0,59.28,0.0,real_source:unidades.parquet,ok
UNIT_8E9DD504E4,Torre Nápoles,departamento flat,disponible,0.0,40.16,0.0,real_source:unidades.parquet,ok
UNIT_133C216AD6,Torre Nápoles,estacionamiento simple,disponible,0.0,12.5,0.0,real_source:unidades.parquet,ok
UNIT_7F5CFD3556,Edificio Valdizan,estacionamiento simple,vendido,51250.0,12.5,4100.0,real_source:unidades.parquet,ok
UNIT_E4C5B3FAF5,Los Jardines de Urteaga,departamento flat,vendido,604440.0,96.03,6294.28,real_source:unidades.parquet,ok
UNIT_B01247003D,Edificio Santa Cruz Infinite,departamento flat,vendido,529200.0,71.85,7365.34,real_source:unidades.parquet,ok
UNIT_26F1C9CBBF,Capadocia,estacionamiento simple,disponible,0.0,13.5,0.0,real_source:unidades.parquet,ok
UNIT_229ACC1470,Modena,departamento flat,disponible,0.0,49.01,0.0,real_source:unidades.parquet,ok
UNIT_A9E1584025,Tizón y Bueno,departamento flat,vendido,453200.0,71.77,6314.62,real_source:unidades.parquet,ok
UNIT_1A5147F85B,Torre Nápoles,departamento flat,no disponible,0.0,30.17,0.0,real_source:unidades.parquet,ok
UNIT_F02367134F,Tizón y Bueno,estacionamiento simple,vendido,43828.0,12.73,3442.89,real_source:unidades.parquet,ok
UNIT_83DBC356D3,Edificio Santa Cruz Infinite,departamento flat,vendido,515800.0,70.94,7270.93,real_source:unidades.parquet,ok
UNIT_EE8D78B670,Edificio Santa Cruz Infinite,estacionamiento simple,vendido,49200.0,13.0,3784.62,real_source:unidades.parquet,ok
UNIT_4CFF8B25E7,Los Jardines de Urteaga,departamento flat,vendido,675928.0,104.31,6479.99,real_source:unidades.parquet,ok
UNIT_8E4CF0451D,Edificio Santa Cruz Infinite,departamento flat,vendido,509800.0,71.27,7153.08,real_source:unidades.parquet,ok
UNIT_988C2539F1,Edificio Santa Cruz Infinite,estacionamiento simple,vendido,51250.0,13.5,3796.3,real_source:unidades.parquet,ok
UNIT_FB91DF61BF,Fenix,departamento flat,vendido,350000.0,54.01,6480.28,real_source:unidades.parquet,ok
UNIT_3F8C9887AD,Capadocia,estacionamiento simple,disponible,0.0,13.5,0.0,real_source:unidades.parquet,ok
UNIT_2AEB0CEC18,Torre Nápoles,departamento flat,disponible,0.0,40.09,0.0,real_source:unidades.parquet,ok
UNIT_ECE165A97B,Torre Nápoles,departamento flat,no disponible,0.0,52.63,0.0,real_source:unidades.parquet,ok
UNIT_A5BFAD78B1,Fenix,estacionamiento con depósito,disponible,0.0,21.24,0.0,real_source:unidades.parquet,ok
UNIT_74DB547B80,Torre Nápoles,departamento flat,no disponible,0.0,59.34,0.0,real_source:unidades.parquet,ok
UNIT_F0B299B52A,Fenix,estacionamiento simple,vendido,53400.0,14.04,3803.42,real_source:unidades.parquet,ok
UNIT_1E4F699955,Tizón y Bueno,estacionamiento con depósito,vendido,45323.0,13.16,3444.0,real_source:unidades.parquet,ok
UNIT_59F8D2CC93,Tizón y Bueno,departamento flat,vendido,329250.6,56.21,5857.51,real_source:unidades.parquet,ok
UNIT_C0C3E92646,Modena,departamento flat,disponible,0.0,40.02,0.0,real_source:unidades.parquet,ok
UNIT_5855DD1E4B,Tizón y Bueno,departamento flat,proceso de entrega,486871.0,71.18,6840.0,real_source:unidades.parquet,ok
UNIT_9AC712D430,Alicanto,departamento flat,disponible,0.0,40.02,0.0,real_source:unidades.parquet,ok
UNIT_DA7715A7F6,Torre Nápoles,departamento flat,disponible,0.0,65.49,0.0,real_source:unidades.parquet,ok
UNIT_B142AE89E1,Fenix,departamento flat,vendido,349253.5,54.01,6466.46,real_source:unidades.parquet,ok
UNIT_22ECDDF034,Edificio Santa Cruz Infinite,estacionamiento simple,vendido,49200.0,12.63,3895.49,real_source:unidades.parquet,ok
UNIT_0199FCFED0,Matera,departamento flat,disponible,0.0,40.02,0.0,real_source:unidades.parquet,ok
UNIT_9A28C3DE0C,Modena,departamento flat,vendido,380000.0,53.02,7167.11,real_source:unidades.parquet,ok
UNIT_A8D79B12B4,Modena,departamento flat,vendido,270889.0,40.02,6768.84,real_source:unidades.parquet,ok
UNIT_DB80C3960C,Edificio Santa Cruz Infinite,departamento flat,vendido,520000.0,72.76,7146.78,real_source:unidades.parquet,ok
UNIT_5DA23D9435,Edificio Santa Cruz Infinite,estacionamiento simple,vendido,49200.0,12.63,3895.49,real_source:unidades.parquet,ok
UNIT_0C5CB55A46,Fenix,departamento flat,proceso de separación,530000.0,72.11,7349.88,real_source:unidades.parquet,ok
UNIT_890C55A23E,Tizón y Bueno,departamento flat,vendido,352620.0,56.21,6273.26,real_source:unidades.parquet,ok
UNIT_B9848DA572,Tizón y Bueno,departamento flat,vendido,471870.0,76.12,6199.03,real_source:unidades.parquet,ok
UNIT_9FA0527205,Tizón y Bueno,departamento flat,vendido,320000.0,50.9,6286.84,real_source:unidades.parquet,ok
UNIT_22E6F6B6AB,Modena,departamento flat,vendido,275400.0,40.02,6881.56,real_source:unidades.parquet,ok
UNIT_F5C0496E52,Alicanto,estacionamiento simple,vendido,56000.0,13.5,4148.15,real_source:unidades.parquet,ok
UNIT_F9B5279534,Torre Nápoles,estacionamiento con depósito,disponible,0.0,15.3,0.0,real_source:unidades.parquet,ok
UNIT_1A0D241006,Sialia,estacionamiento simple,disponible,0.0,13.56,0.0,real_source:unidades.parquet,ok
UNIT_EBE511C0E7,Modena,estacionamiento simple,disponible,0.0,13.5,0.0,real_source:unidades.parquet,ok
UNIT_55A5EE6E15,Los Jardines de Urteaga,departamento flat,vendido,622080.0,96.03,6477.98,real_source:unidades.parquet,ok
UNIT_79C2F8201F,Modena,departamento flat,disponible,0.0,53.02,0.0,real_source:unidades.parquet,ok
UNIT_C9E4F37FBF,Edificio Santa Cruz Infinite,estacionamiento simple,vendido,45100.0,12.63,3570.86,real_source:unidades.parquet,ok
UNIT_EA83A7C7D3,Edificio Cuba Connect,depósito,vendido,17097.0,4.17,4100.0,real_source:unidades.parquet,ok
UNIT_DD1218D777,Edificio Cuba Connect,departamento flat,vendido,612000.0,84.05,7281.38,real_source:unidades.parquet,ok
UNIT_742FEFDBF5,Los Jardines de Urteaga,departamento flat,vendido,657153.0,104.31,6300.0,real_source:unidades.parquet,ok
UNIT_173309774D,Edificio Santa Cruz Infinite,estacionamiento simple,vendido,49200.0,13.5,3644.44,real_source:unidades.parquet,ok
UNIT_0E72646CA9,Tizón y Bueno,departamento flat,vendido,308000.0,50.9,6051.08,real_source:unidades.parquet,ok
UNIT_7E914C3877,Modena,departamento flat,disponible,0.0,54.67,0.0,real_source:unidades.parquet,ok
UNIT_96D3D5B148,Capadocia,departamento flat,disponible,0.0,57.36,0.0,real_source:unidades.parquet,ok
UNIT_52BC223820,Tizón y Bueno,departamento flat,vendido,405700.0,71.18,5699.63,real_source:unidades.parquet,ok
UNIT_99AD41AF03,Alicanto,estacionamiento simple,disponible,0.0,13.5,0.0,real_source:unidades.parquet,ok
UNIT_18BA9747F1,Modena,estacionamiento con depósito,disponible,0.0,15.95,0.0,real_source:unidades.parquet,ok
UNIT_11FC2673A8,Alicanto,departamento flat,disponible,0.0,70.49,0.0,real_source:unidades.parquet,ok
UNIT_BECED12096,Matera,departamento flat,vendido,270500.0,40.0,6762.5,real_source:unidades.parquet,ok
UNIT_059175C55F,Edificio Santa Cruz Infinite,depósito,vendido,14473.0,3.53,4100.0,real_source:unidades.parquet,ok
UNIT_CC78CBEA2E,Alicanto,depósito,vendido,14432.0,4.0,3608.0,real_source:unidades.parquet,ok
UNIT_5282179A1E,Torre Nápoles,estacionamiento simple,disponible,0.0,12.5,0.0,real_source:unidades.parquet,ok
UNIT_2BBD81FD18,Matera,departamento duplex,disponible,0.0,135.18,0.0,real_source:unidades.parquet,ok
UNIT_5BC32A9DF6,Edificio Cuba Connect,departamento flat,vendido,646344.0,83.41,7749.0,real_source:unidades.parquet,ok
UNIT_BDD519D4EE,Edificio Cuba Connect,estacionamiento simple,vendido,47375.0,15.0,3158.33,real_source:unidades.parquet,ok
UNIT_53577BBEF7,Los Jardines de Urteaga,departamento flat,vendido,570240.0,96.03,5938.14,real_source:unidades.parquet,ok
UNIT_F7B7E48D6B,Tizón y Bueno,departamento flat,vendido,297500.0,45.36,6558.64,real_source:unidades.parquet,ok
UNIT_4A8CE98B44,Tizón y Bueno,departamento flat,vendido,460000.0,71.18,6462.49,real_source:unidades.parquet,ok
UNIT_9DD98AA73A,Torre Nápoles,estacionamiento simple,disponible,0.0,12.0,0.0,real_source:unidades.parquet,ok
UNIT_DD4F58DDB9,Edificio Santa Cruz Infinite,estacionamiento simple,vendido,45100.0,12.63,3570.86,real_source:unidades.parquet,ok
UNIT_32099F1007,Edificio Santa Cruz Infinite,departamento flat,vendido,479100.0,71.27,6722.32,real_source:unidades.parquet,ok
UNIT_B2A07348E5,Edificio Santa Cruz Infinite,departamento flat,proceso de separación,417400.0,70.94,5883.85,real_source:unidades.parquet,ok
UNIT_713E568ABB,Edificio Santa Cruz Infinite,estacionamiento simple,proceso de separación,41040.0,13.64,3008.8,real_source:unidades.parquet,ok
UNIT_D9EB97CABC,Edificio Santa Cruz Infinite,estacionamiento simple,proceso de separación,42750.0,13.5,3166.67,real_source:unidades.parquet,ok
UNIT_02984DF0AD,Edificio Saenz,estacionamiento simple,proceso de separación,34200.0,12.59,2716.44,real_source:unidades.parquet,ok
UNIT_49548DA091,Edificio Saenz,departamento flat,proceso de separación,495700.0,78.36,6325.93,real_source:unidades.parquet,ok
UNIT_0CA66CED8E,Edificio Saenz,estacionamiento simple,proceso de separación,34200.0,13.26,2579.19,real_source:unidades.parquet,ok
UNIT_6FAC9E375F,Edificio Cuba Connect,estacionamiento simple,vendido,35910.0,15.9,2258.49,real_source:unidades.parquet,ok
UNIT_B9B066DA03,Matera,departamento flat,disponible,0.0,56.75,0.0,real_source:unidades.parquet,ok
UNIT_9B9693945D,Alicanto,departamento flat,vendido,256326.15,40.02,6404.95,real_source:unidades.parquet,ok
UNIT_006E4C38F4,Edificio Cuba Connect,departamento flat,vendido,419481.0,78.67,5332.16,real_source:unidades.parquet,ok
UNIT_5CA05784EE,Edificio Santa Cruz Infinite,departamento flat,vendido,395200.0,71.85,5500.35,real_source:unidades.parquet,ok
UNIT_EF9E2CB124,Edificio Santa Cruz Infinite,departamento flat,proceso de separación,423600.0,71.85,5895.62,real_source:unidades.parquet,ok
UNIT_FC1364357F,Edificio Santa Cruz Infinite,estacionamiento simple,proceso de separación,42750.0,13.0,3288.46,real_source:unidades.parquet,ok
UNIT_ECD8D38677,Torre Nápoles,departamento flat,disponible,0.0,57.06,0.0,real_source:unidades.parquet,ok
UNIT_917CC8E287,Torre Nápoles,departamento flat,no disponible,0.0,37.89,0.0,real_source:unidades.parquet,ok
UNIT_2B665C0844,Matera,departamento flat,vendido,410779.0,53.93,7616.89,real_source:unidades.parquet,ok
UNIT_88F32B6B52,Fenix,departamento flat,vendido,423534.51,71.26,5943.51,real_source:unidades.parquet,ok
UNIT_8DF14E81DC,Edificio Saenz,estacionamiento simple,proceso de separación,34200.0,14.75,2318.64,real_source:unidades.parquet,ok
UNIT_6BD88DDF6F,Alicanto,departamento flat,vendido,392304.17,68.5,5727.07,real_source:unidades.parquet,ok
UNIT_FA9E5DFC41,Los Jardines de Urteaga,estacionamiento simple,vendido,35910.0,12.5,2872.8,real_source:unidades.parquet,ok
UNIT_A0BCAAA50E,Los Jardines de Urteaga,departamento flat,vendido,609295.0,104.31,5841.19,real_source:unidades.parquet,ok
UNIT_BB51C0E336,Los Jardines de Urteaga,departamento flat,vendido,611795.0,104.31,5865.16,real_source:unidades.parquet,ok
UNIT_BE9F332E1F,Los Jardines de Urteaga,departamento flat,vendido,559739.0,96.03,5828.79,real_source:unidades.parquet,ok
UNIT_4432C6924A,Los Jardines de Urteaga,estacionamiento simple,vendido,34200.0,11.5,2973.91,real_source:unidades.parquet,ok
UNIT_844AAE891D,Edificio Cuba Connect,departamento flat,vendido,254900.0,49.17,5184.06,real_source:unidades.parquet,ok
UNIT_A640B0CB03,Edificio Cuba Connect,departamento flat,vendido,492973.0,84.05,5865.23,real_source:unidades.parquet,ok
UNIT_1156F2F2D0,Edificio Cuba Connect,estacionamiento simple,vendido,42600.0,16.65,2558.56,real_source:unidades.parquet,ok
UNIT_81C77B8E5F,Edificio Cuba Connect,depósito,vendido,13277.0,3.82,3475.65,real_source:unidades.parquet,ok
UNIT_279EC1861E,Edificio Saenz,estacionamiento simple,proceso de separación,39330.0,13.26,2966.06,real_source:unidades.parquet,ok
UNIT_DF8575251E,Torre Nápoles,depósito,disponible,0.0,2.1,0.0,real_source:unidades.parquet,ok
UNIT_1506285F03,Edificio Saenz,estacionamiento simple,proceso de separación,34200.0,12.34,2771.47,real_source:unidades.parquet,ok
UNIT_295EBF3DFC,Edificio Saenz,departamento flat,proceso de separación,504500.0,78.73,6407.98,real_source:unidades.parquet,ok
UNIT_02FB7AA350,Alicanto,depósito,proceso de separación,25650.0,6.8,3772.06,real_source:unidades.parquet,ok
UNIT_A8716382CD,Torre Nápoles,estacionamiento simple,disponible,0.0,12.5,0.0,real_source:unidades.parquet,ok
UNIT_C5F8106D93,Edificio Cuba Connect,estacionamiento simple,vendido,37275.0,16.65,2238.74,real_source:unidades.parquet,ok
UNIT_C401F90C4D,Edificio Cuba Connect,estacionamiento simple,vendido,41690.0,15.9,2622.01,real_source:unidades.parquet,ok
UNIT_C80BC863A9,Edificio Cuba Connect,departamento flat,vendido,526686.0,78.67,6694.88,real_source:unidades.parquet,ok
UNIT_250906296D,Edificio Santa Cruz Infinite,departamento flat,vendido,467600.0,72.76,6426.61,real_source:unidades.parquet,ok
UNIT_1DE7820054,Edificio Cuba Connect,departamento flat,vendido,547461.0,84.05,6513.52,real_source:unidades.parquet,ok
UNIT_FC75AA5D87,Edificio Santa Cruz Infinite,departamento flat,vendido,486400.0,72.76,6684.99,real_source:unidades.parquet,ok
UNIT_8A9EA63250,Edificio Santa Cruz Infinite,estacionamiento simple,vendido,47375.0,13.38,3540.73,real_source:unidades.parquet,ok
UNIT_062E76141F,Los Jardines de Urteaga,departamento flat,vendido,604989.0,96.03,6300.0,real_source:unidades.parquet,ok
UNIT_82C6845662,Edificio Saenz,departamento flat,proceso de separación,481300.0,75.71,6357.15,real_source:unidades.parquet,ok
UNIT_6BD9108BD4,Edificio Santa Cruz Infinite,estacionamiento simple,vendido,49200.0,15.66,3141.76,real_source:unidades.parquet,ok
UNIT_94B3616B31,Edificio Santa Cruz Infinite,depósito,vendido,11952.0,2.92,4093.15,real_source:unidades.parquet,ok
UNIT_B596CA7813,Edificio Mariategui,estacionamiento simple,vendido,50000.0,12.5,4000.0,real_source:unidades.parquet,ok
UNIT_D17FFF3160,Edificio Mariategui,departamento flat,vendido,253920.0,40.44,6278.93,real_source:unidades.parquet,ok
UNIT_CD5898D028,Edificio Santa Cruz Infinite,departamento flat,vendido,548200.0,72.76,7534.36,real_source:unidades.parquet,ok
UNIT_E891561DA3,Edificio Cuba Connect,estacionamiento simple,vendido,43050.0,15.9,2707.55,real_source:unidades.parquet,ok
UNIT_53DB1A49E6,Edificio Cuba Connect,departamento flat,vendido,579914.2,83.41,6952.57,real_source:unidades.parquet,ok
UNIT_6EB0270676,Edificio Valdizan,departamento flat,vendido,600800.0,74.48,8066.6,real_source:unidades.parquet,ok
UNIT_FBBBED1393,Edificio Santa Cruz Infinite,departamento flat,vendido,501772.0,70.85,7082.17,real_source:unidades.parquet,ok
UNIT_8FB08B2E16,Edificio Cuba Connect,departamento flat,vendido,379853.94,49.17,7725.32,real_source:unidades.parquet,ok
UNIT_F7F1A81FE7,Torre Nápoles,estacionamiento simple,disponible,0.0,12.5,0.0,real_source:unidades.parquet,ok
UNIT_4B4607C92D,Edificio Mariategui,departamento flat,vendido,476045.0,79.36,5998.55,real_source:unidades.parquet,ok
UNIT_FAFDCC20C4,Edificio Mariategui,estacionamiento simple,vendido,46100.0,12.5,3688.0,real_source:unidades.parquet,ok
UNIT_9DA8B0038A,Edificio Mariategui,departamento flat,vendido,540835.0,78.9,6854.69,real_source:unidades.parquet,ok
UNIT_6BB141C304,Edificio Valdizan,estacionamiento simple,vendido,51250.0,13.0,3942.31,real_source:unidades.parquet,ok
UNIT_07F78768E4,Edificio Mariategui,estacionamiento simple,vendido,50300.0,13.25,3796.23,real_source:unidades.parquet,ok
UNIT_15C5A72E76,Edificio Cuba Connect,estacionamiento simple,vendido,43050.0,15.0,2870.0,real_source:unidades.parquet,ok
UNIT_53092CB894,Edificio Cuba Connect,departamento flat,vendido,565961.4,77.56,7297.08,real_source:unidades.parquet,ok
UNIT_AB592AEB55,Edificio Cuba Connect,departamento flat,vendido,550101.15,77.56,7092.59,real_source:unidades.parquet,ok
UNIT_162E24E678,Edificio Santa Cruz Infinite,estacionamiento simple,vendido,47150.0,12.12,3890.26,real_source:unidades.parquet,ok
UNIT_91E67BD03A,Edificio Santa Cruz Infinite,departamento flat,vendido,482390.0,70.85,6808.61,real_source:unidades.parquet,ok
UNIT_7CF962A206,Edificio Mariategui,estacionamiento simple,vendido,57200.0,16.35,3498.47,real_source:unidades.parquet,ok
UNIT_0212F6238F,Edificio Mariategui,estacionamiento simple,vendido,47400.0,12.5,3792.0,real_source:unidades.parquet,ok
UNIT_52FDD7CBDD,Edificio Mariategui,departamento flat,vendido,501304.0,75.0,6684.05,real_source:unidades.parquet,ok
UNIT_B6BC300132,Edificio Cuba Connect,departamento flat,vendido,574841.02,83.56,6879.38,real_source:unidades.parquet,ok
UNIT_7DFC7EC4BD,Edificio Saenz,estacionamiento simple,vendido,40000.0,12.88,3105.59,real_source:unidades.parquet,ok
UNIT_BE13C377C4,Edificio Saenz,departamento flat,vendido,462582.0,75.66,6113.96,real_source:unidades.parquet,ok
UNIT_2168C0042B,Edificio Mariategui,departamento flat,vendido,448900.0,75.0,5985.33,real_source:unidades.parquet,ok
UNIT_B68CB8C22F,Edificio Valdizan,departamento duplex,vendido,950000.0,142.4,6671.35,real_source:unidades.parquet,ok
UNIT_4815382722,Edificio Cuba Connect,departamento flat,vendido,629520.0,83.56,7533.75,real_source:unidades.parquet,ok
UNIT_2D60BF3176,Edificio Cuba Connect,estacionamiento simple,vendido,45100.0,12.3,3666.67,real_source:unidades.parquet,ok
UNIT_16214C0052,Edificio Cuba Connect,departamento flat,vendido,586748.8,83.56,7021.89,real_source:unidades.parquet,ok
UNIT_3475D86D02,Edificio Valdizan,estacionamiento simple,vendido,51250.0,13.5,3796.3,real_source:unidades.parquet,ok
UNIT_1588E7591F,Edificio Valdizan,departamento flat,vendido,591400.0,74.02,7989.73,real_source:unidades.parquet,ok
UNIT_0A766D7B3F,Edificio Mariategui,departamento flat,vendido,528580.0,78.9,6699.37,real_source:unidades.parquet,ok
UNIT_93A4932396,Edificio Valdizan,departamento duplex,vendido,960200.0,136.29,7045.27,real_source:unidades.parquet,ok
UNIT_E52372B826,Edificio Cuba Connect,departamento flat,vendido,611533.0,83.56,7318.49,real_source:unidades.parquet,ok
UNIT_194011786D,Edificio Cuba Connect,estacionamiento simple,vendido,43050.0,12.75,3376.47,real_source:unidades.parquet,ok
UNIT_676C88BE11,Edificio Valdizan,departamento flat,vendido,504200.0,67.55,7464.1,real_source:unidades.parquet,ok
UNIT_B2AF503D6B,Edificio Valdizan,departamento flat,vendido,562000.0,67.55,8319.76,real_source:unidades.parquet,ok
UNIT_9106F8AE93,Edificio Santa Cruz Infinite,departamento flat,vendido,558700.0,70.94,7875.67,real_source:unidades.parquet,ok
UNIT_9905F366BA,Edificio Saenz,estacionamiento simple,vendido,40000.0,13.6,2941.18,real_source:unidades.parquet,ok
UNIT_792F3025A3,Edificio Saenz,departamento flat,vendido,571764.0,78.26,7305.95,real_source:unidades.parquet,ok
UNIT_E228A47C45,Edificio Mariategui,departamento flat,vendido,281900.0,40.44,6970.82,real_source:unidades.parquet,ok
UNIT_431A002801,Edificio Cuba Connect,departamento flat,vendido,593547.0,83.56,7103.24,real_source:unidades.parquet,ok
UNIT_0EDE06D819,Edificio Mariategui,estacionamiento simple,vendido,65400.0,16.35,4000.0,real_source:unidades.parquet,ok
UNIT_17C0452C6F,Edificio Mariategui,departamento flat,vendido,546013.0,78.9,6920.32,real_source:unidades.parquet,ok
UNIT_4DBF501D38,Capadocia,estacionamiento simple,no disponible,0.0,12.0,0.0,real_source:unidades.parquet,ok
UNIT_EA55E34EA7,Modena,estacionamiento con depósito,disponible,0.0,13.5,0.0,real_source:unidades.parquet,ok
UNIT_5035051550,Modena,estacionamiento simple,disponible,0.0,12.5,0.0,real_source:unidades.parquet,ok
UNIT_7140FBCEFB,Edificio Mariategui,departamento flat,vendido,500000.0,78.9,6337.14,real_source:unidades.parquet,ok
UNIT_6F482B0614,Matera,estacionamiento con depósito,disponible,0.0,18.38,0.0,real_source:unidades.parquet,ok
UNIT_C0BF9364B4,Edificio Mariategui,departamento flat,vendido,489345.0,79.36,6166.14,real_source:unidades.parquet,ok
UNIT_515D338100,Edificio Mariategui,estacionamiento simple,vendido,51000.0,13.82,3690.3,real_source:unidades.parquet,ok
UNIT_4483E64642,Edificio Mariategui,estacionamiento simple,vendido,68300.0,17.54,3893.96,real_source:unidades.parquet,ok
UNIT_A941E1E29D,Edificio Santa Cruz Infinite,departamento flat,vendido,500000.0,70.85,7057.16,real_source:unidades.parquet,ok
UNIT_30A708A1A9,Edificio Cuba Connect,departamento flat,vendido,1001429.0,134.9,7423.49,real_source:unidades.parquet,ok
UNIT_924B3D729C,Edificio Cuba Connect,departamento flat,vendido,611533.0,83.56,7318.49,real_source:unidades.parquet,ok
UNIT_EA82DFA816,Edificio Santa Cruz Infinite,departamento flat,vendido,546500.0,70.52,7749.57,real_source:unidades.parquet,ok
UNIT_41B454BB4D,Edificio Mariategui,departamento flat,vendido,496500.0,79.36,6256.3,real_source:unidades.parquet,ok
UNIT_73007A000F,Edificio Mariategui,departamento flat,vendido,298400.0,40.44,7378.83,real_source:unidades.parquet,ok
UNIT_EF37CB2DBD,Edificio Mariategui,departamento flat,vendido,575800.0,78.9,7297.85,real_source:unidades.parquet,ok
UNIT_9381396EDD,Edificio Mariategui,estacionamiento simple,vendido,60100.0,15.03,3998.67,real_source:unidades.parquet,ok
UNIT_ECEDAF1E5D,Edificio Saenz,departamento flat,vendido,561200.0,74.73,7509.7,real_source:unidades.parquet,ok
UNIT_B1B8700535,Modena,departamento flat,disponible,0.0,72.91,0.0,real_source:unidades.parquet,ok
UNIT_39A8D4F54B,Torre Nápoles,estacionamiento simple,disponible,0.0,12.5,0.0,real_source:unidades.parquet,ok
UNIT_628C677286,Edificio Urbanzen,departamento flat,entregado,326000.0,42.4,7688.68,real_source:unidades.parquet,ok
UNIT_66FBAD6B80,Tizón y Bueno,departamento flat,vendido,463634.0,75.27,6159.61,real_source:unidades.parquet,ok
UNIT_36204F378B,Torre Nápoles,estacionamiento simple,disponible,0.0,13.5,0.0,real_source:unidades.parquet,ok
UNIT_96A00F0FDB,Torre Nápoles,departamento flat,no disponible,0.0,59.34,0.0,real_source:unidades.parquet,ok
UNIT_1CBEB38D1A,Capadocia,departamento flat,disponible,0.0,40.63,0.0,real_source:unidades.parquet,ok
UNIT_7664059223,Torre Nápoles,departamento flat,disponible,0.0,40.07,0.0,real_source:unidades.parquet,ok
UNIT_204649D3C8,Torre Nápoles,estacionamiento simple,disponible,0.0,13.5,0.0,real_source:unidades.parquet,ok
UNIT_FAABB60A2E,Torre Nápoles,departamento flat,no disponible,0.0,59.34,0.0,real_source:unidades.parquet,ok
UNIT_DB3EC970D8,Torre Nápoles,departamento flat,no disponible,0.0,37.8,0.0,real_source:unidades.parquet,ok
UNIT_248A67E19E,Matera,departamento flat,disponible,0.0,36.39,0.0,real_source:unidades.parquet,ok
UNIT_71415F78A2,Matera,estacionamiento simple,disponible,0.0,12.5,0.0,real_source:unidades.parquet,ok
UNIT_93DD18936F,Matera,estacionamiento simple,disponible,0.0,13.5,0.0,real_source:unidades.parquet,ok
UNIT_A53F7BA60F,Torre Nápoles,departamento flat,vendido,301999.77,57.06,5292.67,real_source:unidades.parquet,ok
UNIT_8B4026806A,Sialia,estacionamiento simple,proceso de separación,51100.0,13.13,3891.85,real_source:unidades.parquet,ok
UNIT_3BCB927892,Modena,estacionamiento simple,disponible,0.0,15.25,0.0,real_source:unidades.parquet,ok
UNIT_3D2FF105B8,Modena,estacionamiento simple,vendido,46512.0,12.0,3876.0,real_source:unidades.parquet,ok
UNIT_46364F801E,Modena,estacionamiento con depósito,no disponible,0.0,17.2,0.0,real_source:unidades.parquet,ok
UNIT_E149CE0960,Sialia,departamento flat,no disponible,0.0,69.77,0.0,real_source:unidades.parquet,ok
UNIT_103A1FCB97,Tizón y Bueno,departamento flat,vendido,398000.0,65.54,6072.63,real_source:unidades.parquet,ok
UNIT_3346DE871D,Matera,departamento flat,disponible,0.0,56.51,0.0,real_source:unidades.parquet,ok
UNIT_CE68E9ABF8,Torre Nápoles,estacionamiento simple,disponible,0.0,12.0,0.0,real_source:unidades.parquet,ok
UNIT_BE956E04CF,Capadocia,depósito,disponible,0.0,3.45,0.0,real_source:unidades.parquet,ok
UNIT_C51130B7B3,Torre Nápoles,departamento flat,no disponible,0.0,50.79,0.0,real_source:unidades.parquet,ok
UNIT_0E50606C4D,Torre Nápoles,departamento flat,no disponible,0.0,37.89,0.0,real_source:unidades.parquet,ok
UNIT_AB49AA9F9B,Fenix,departamento flat,vendido,470000.0,70.24,6691.34,real_source:unidades.parquet,ok
UNIT_C1F8F2C493,Torre Nápoles,departamento flat,no disponible,0.0,59.0,0.0,real_source:unidades.parquet,ok
UNIT_FFD8BB5AC5,Torre Nápoles,departamento flat,no disponible,0.0,37.8,0.0,real_source:unidades.parquet,ok
UNIT_DCD7120619,Tizón y Bueno,departamento flat,proceso de entrega,476100.0,71.18,6688.68,real_source:unidades.parquet,ok
UNIT_0ED862BCE1,Tizón y Bueno,estacionamiento con depósito,disponible,0.0,18.74,0.0,real_source:unidades.parquet,ok
UNIT_EBAA2D8148,Matera,departamento flat,vendido,520000.0,70.88,7336.34,real_source:unidades.parquet,ok
UNIT_9054E85AD5,Alicanto,estacionamiento simple,disponible,0.0,13.25,0.0,real_source:unidades.parquet,ok
UNIT_D111D92801,Tizón y Bueno,departamento flat,vendido,397000.0,65.54,6057.37,real_source:unidades.parquet,ok
UNIT_384FDFB4B9,Torre Nápoles,depósito,disponible,0.0,2.6,0.0,real_source:unidades.parquet,ok
UNIT_573E978F62,Alicanto,departamento flat,vendido,465000.0,81.0,5740.74,real_source:unidades.parquet,ok
UNIT_D20D3FFEDF,Torre Nápoles,departamento flat,proceso de separación,230000.0,40.12,5732.8,real_source:unidades.parquet,ok
UNIT_1997BA32BD,Torre Nápoles,departamento flat,disponible,0.0,57.06,0.0,real_source:unidades.parquet,ok
UNIT_137AFF00EC,Torre Nápoles,estacionamiento simple,proceso de separación,55145.0,13.5,4084.81,real_source:unidades.parquet,ok
UNIT_9FA230FB85,Torre Nápoles,departamento flat,disponible,0.0,68.65,0.0,real_source:unidades.parquet,ok
UNIT_D2CB194F9F,Capadocia,departamento flat,vendido,467454.0,57.36,8149.48,real_source:unidades.parquet,ok
UNIT_970962563F,Capadocia,departamento flat,disponible,0.0,63.07,0.0,real_source:unidades.parquet,ok
UNIT_567794CDF6,Capadocia,departamento flat,disponible,0.0,31.2,0.0,real_source:unidades.parquet,ok
UNIT_A09C717065,Torre Nápoles,depósito,disponible,0.0,2.1,0.0,real_source:unidades.parquet,ok
UNIT_D9678885F1,Torre Nápoles,depósito,disponible,0.0,3.7,0.0,real_source:unidades.parquet,ok
UNIT_D72C777AD1,Capadocia,estacionamiento con depósito,proceso de separación,60078.0,15.5,3876.0,real_source:unidades.parquet,ok
UNIT_6A9183D7CA,Torre Nápoles,estacionamiento simple,disponible,0.0,12.5,0.0,real_source:unidades.parquet,ok
UNIT_6594FD621F,Torre Nápoles,estacionamiento simple,proceso de separación,46435.0,12.5,3714.8,real_source:unidades.parquet,ok
UNIT_B4765E0F3B,Tizón y Bueno,depósito,proceso de separación,16719.0,4.63,3611.02,real_source:unidades.parquet,ok
UNIT_928E88769A,Tizón y Bueno,departamento flat,vendido,614380.0,76.99,7980.0,real_source:unidades.parquet,ok
UNIT_95E9B5223E,Torre Nápoles,estacionamiento con depósito,disponible,0.0,15.5,0.0,real_source:unidades.parquet,ok
UNIT_11A8097307,Torre Nápoles,departamento flat,no disponible,0.0,59.0,0.0,real_source:unidades.parquet,ok
UNIT_32283BB284,Alicanto,departamento flat,disponible,0.0,53.96,0.0,real_source:unidades.parquet,ok
UNIT_153605EA5A,Torre Nápoles,departamento flat,proceso de separación,331596.46,65.49,5063.31,real_source:unidades.parquet,ok
UNIT_94138F1C53,Capadocia,departamento flat,no disponible,0.0,66.87,0.0,real_source:unidades.parquet,ok
UNIT_1544C24C9D,Capadocia,estacionamiento con depósito,proceso de aprobación,52866.0,14.8,3572.03,real_source:unidades.parquet,ok
UNIT_9069BD4927,Sialia,departamento flat,no disponible,0.0,57.31,0.0,real_source:unidades.parquet,ok
UNIT_707ECD4208,Sialia,departamento flat,vendido,413596.56,69.77,5928.0,real_source:unidades.parquet,ok
UNIT_8810FDE010,Torre Nápoles,estacionamiento simple,disponible,0.0,12.0,0.0,real_source:unidades.parquet,ok
UNIT_6874A9FEC0,Torre Nápoles,departamento flat,no disponible,0.0,68.33,0.0,real_source:unidades.parquet,ok
UNIT_C960E35E0F,Torre Nápoles,estacionamiento simple,disponible,0.0,12.5,0.0,real_source:unidades.parquet,ok
UNIT_E330965517,Torre Nápoles,departamento flat,disponible,0.0,57.04,0.0,real_source:unidades.parquet,ok
UNIT_ACAAF20160,Sialia,departamento flat,disponible,0.0,40.0,0.0,real_source:unidades.parquet,ok
UNIT_9B3F319EB0,Torre Nápoles,departamento flat,no disponible,0.0,55.38,0.0,real_source:unidades.parquet,ok
UNIT_44EFA9B1D8,Torre Nápoles,departamento flat,no disponible,0.0,59.34,0.0,real_source:unidades.parquet,ok
UNIT_34DFF50B2B,Torre Nápoles,departamento flat,no disponible,0.0,68.33,0.0,real_source:unidades.parquet,ok
UNIT_3C6E6388B2,Torre Nápoles,departamento flat,no disponible,0.0,37.8,0.0,real_source:unidades.parquet,ok
UNIT_5F632DB611,Torre Nápoles,departamento flat,disponible,0.0,68.65,0.0,real_source:unidades.parquet,ok
UNIT_A605AC795B,Tizón y Bueno,departamento flat,vendido,355000.0,56.21,6315.6,real_source:unidades.parquet,ok
UNIT_BF0C73F5A4,Tizón y Bueno,estacionamiento simple,vendido,47355.0,13.75,3444.0,real_source:unidades.parquet,ok
UNIT_D8EB20CBBA,Tizón y Bueno,estacionamiento con depósito,vendido,47000.0,16.15,2910.22,real_source:unidades.parquet,ok
UNIT_91E7A9043E,Capadocia,estacionamiento con depósito,disponible,0.0,14.4,0.0,real_source:unidades.parquet,ok
UNIT_6F092CA3BD,Capadocia,departamento flat,vendido,644677.93,78.63,8198.88,real_source:unidades.parquet,ok
UNIT_9136411EE3,Matera,estacionamiento simple,disponible,0.0,12.5,0.0,real_source:unidades.parquet,ok
UNIT_EBB05F8EB5,Torre Nápoles,departamento flat,no disponible,0.0,52.4,0.0,real_source:unidades.parquet,ok
UNIT_C1A2050687,Torre Nápoles,departamento flat,no disponible,0.0,59.34,0.0,real_source:unidades.parquet,ok
UNIT_C990F9D235,Torre Nápoles,departamento flat,no disponible,0.0,28.89,0.0,real_source:unidades.parquet,ok
UNIT_6C89B5EA02,Capadocia,departamento flat,proceso de separación,465000.0,69.52,6688.72,real_source:unidades.parquet,ok
UNIT_42337A8325,Tizón y Bueno,estacionamiento simple,vendido,47232.0,12.0,3936.0,real_source:unidades.parquet,ok
UNIT_95B7504492,Sialia,departamento flat,disponible,0.0,66.75,0.0,real_source:unidades.parquet,ok
UNIT_4C44AA6CC6,Torre Nápoles,departamento flat,no disponible,0.0,52.4,0.0,real_source:unidades.parquet,ok
UNIT_9C74CC43E3,Torre Nápoles,departamento flat,no disponible,0.0,59.34,0.0,real_source:unidades.parquet,ok
UNIT_C87E11F0DE,Torre Nápoles,departamento flat,disponible,0.0,40.07,0.0,real_source:unidades.parquet,ok
UNIT_6DF25ED6C5,Modena,departamento flat,disponible,0.0,40.02,0.0,real_source:unidades.parquet,ok
UNIT_09E37D4269,Torre Nápoles,estacionamiento simple,disponible,0.0,12.5,0.0,real_source:unidades.parquet,ok
UNIT_A6C1592657,Sialia,departamento flat,disponible,0.0,65.71,0.0,real_source:unidades.parquet,ok
UNIT_5255C64868,Torre Nápoles,departamento flat,disponible,0.0,65.49,0.0,real_source:unidades.parquet,ok
UNIT_41F145A7A9,Torre Nápoles,departamento flat,disponible,0.0,40.07,0.0,real_source:unidades.parquet,ok
UNIT_6D1641658D,Matera,departamento flat,disponible,0.0,40.0,0.0,real_source:unidades.parquet,ok
UNIT_5693FA75F9,Matera,departamento flat,disponible,0.0,55.29,0.0,real_source:unidades.parquet,ok
UNIT_A359AA7E6E,Matera,departamento flat,disponible,0.0,56.75,0.0,real_source:unidades.parquet,ok
UNIT_6921C8E862,Torre Nápoles,departamento flat,no disponible,0.0,55.38,0.0,real_source:unidades.parquet,ok
UNIT_1E0FFA7D06,Capadocia,departamento flat,vendido,353632.08,50.29,7031.86,real_source:unidades.parquet,ok
UNIT_5081943BEF,Capadocia,estacionamiento simple,no disponible,0.0,12.5,0.0,real_source:unidades.parquet,ok
UNIT_142D32CA60,Capadocia,departamento flat,no disponible,0.0,65.15,0.0,real_source:unidades.parquet,ok
UNIT_38CE027C54,Torre Nápoles,estacionamiento con depósito,disponible,0.0,22.4,0.0,real_source:unidades.parquet,ok
UNIT_D5C59E3BDA,Torre Nápoles,departamento flat,proceso de venta,337963.44,55.48,6091.63,real_source:unidades.parquet,ok
UNIT_7BDB470A1A,Matera,departamento flat,vendido,383513.14,49.34,7772.86,real_source:unidades.parquet,ok
UNIT_85C582EA0E,Sialia,estacionamiento simple,no disponible,0.0,12.9,0.0,real_source:unidades.parquet,ok
UNIT_F213070B76,Torre Nápoles,departamento flat,disponible,0.0,40.07,0.0,real_source:unidades.parquet,ok
UNIT_B3EEE5789E,Torre Nápoles,departamento flat,disponible,0.0,57.04,0.0,real_source:unidades.parquet,ok
UNIT_28F2E936A9,Capadocia,departamento flat,disponible,0.0,68.81,0.0,real_source:unidades.parquet,ok
UNIT_F0FD138A6B,Torre Nápoles,departamento flat,no disponible,0.0,52.4,0.0,real_source:unidades.parquet,ok
UNIT_F982C10688,Torre Nápoles,departamento flat,no disponible,0.0,37.89,0.0,real_source:unidades.parquet,ok
UNIT_32E8DE6F91,Torre Nápoles,departamento flat,disponible,0.0,40.09,0.0,real_source:unidades.parquet,ok
UNIT_8648220962,Torre Nápoles,departamento flat,proceso de aprobación,210478.08,40.12,5246.21,real_source:unidades.parquet,ok
UNIT_6A5F9C6296,Capadocia,departamento flat,disponible,0.0,57.36,0.0,real_source:unidades.parquet,ok
UNIT_FB511E3A05,Torre Nápoles,estacionamiento con depósito,disponible,0.0,27.78,0.0,real_source:unidades.parquet,ok
UNIT_211B1F4880,Matera,departamento flat,vendido,370350.0,53.93,6867.24,real_source:unidades.parquet,ok
UNIT_E21243C116,Matera,departamento duplex,disponible,0.0,138.32,0.0,real_source:unidades.parquet,ok
UNIT_C76ADDABA3,Torre Nápoles,departamento flat,separado,210000.0,40.12,5234.3,real_source:unidades.parquet,ok
UNIT_61EA5205BD,Torre Nápoles,estacionamiento con depósito,no disponible,0.0,22.4,0.0,real_source:unidades.parquet,ok
UNIT_96B04C2B64,Torre Nápoles,estacionamiento simple,disponible,0.0,12.0,0.0,real_source:unidades.parquet,ok
UNIT_8B79D4F079,Torre Nápoles,estacionamiento simple,disponible,0.0,12.5,0.0,real_source:unidades.parquet,ok
UNIT_AA8F945A27,Capadocia,estacionamiento simple,no disponible,0.0,12.5,0.0,real_source:unidades.parquet,ok
UNIT_3E05B323B1,Capadocia,estacionamiento con depósito,disponible,0.0,19.5,0.0,real_source:unidades.parquet,ok
UNIT_F50A0300EA,Edificio Urbanzen,estacionamiento simple,entregado,48700.0,12.5,3896.0,real_source:unidades.parquet,ok
UNIT_CDB3776987,Torre Nápoles,estacionamiento simple,disponible,0.0,12.5,0.0,real_source:unidades.parquet,ok
UNIT_0EF83A543F,Tradiciones Prime,departamento duplex,vendido,1106739.12,150.94,7332.31,real_source:unidades.parquet,ok
UNIT_6E8C521A5B,Edificio Santa Cruz Infinite,departamento flat,vendido,407200.0,71.27,5713.48,real_source:unidades.parquet,ok
UNIT_ECFE9BC437,Matera,departamento flat,disponible,0.0,65.57,0.0,real_source:unidades.parquet,ok
UNIT_614D52FBD4,Matera,estacionamiento simple,disponible,0.0,12.5,0.0,real_source:unidades.parquet,ok
UNIT_614F80767A,Matera,estacionamiento con depósito,disponible,0.0,16.4,0.0,real_source:unidades.parquet,ok
UNIT_751474AAB2,Torre Nápoles,departamento flat,proceso de separación,353509.0,65.81,5371.66,real_source:unidades.parquet,ok
UNIT_1A32E1837F,Torre Nápoles,estacionamiento con depósito,disponible,0.0,22.4,0.0,real_source:unidades.parquet,ok
UNIT_A700DBE805,Torre Nápoles,estacionamiento simple,disponible,0.0,12.5,0.0,real_source:unidades.parquet,ok
UNIT_CB03976C93,Torre Nápoles,departamento flat,vendido,211800.0,40.12,5279.16,real_source:unidades.parquet,ok
UNIT_8A9718645F,Torre Nápoles,estacionamiento simple,disponible,0.0,12.5,0.0,real_source:unidades.parquet,ok
UNIT_28F3F517A0,Torre Nápoles,departamento flat,disponible,0.0,68.65,0.0,real_source:unidades.parquet,ok
UNIT_34141868EA,Torre Nápoles,departamento flat,disponible,0.0,55.48,0.0,real_source:unidades.parquet,ok
UNIT_060D0E9604,Torre Nápoles,departamento flat,vendido,311689.37,57.04,5464.4,real_source:unidades.parquet,ok
UNIT_2A870DA125,Torre Nápoles,departamento flat,no disponible,0.0,68.33,0.0,real_source:unidades.parquet,ok
UNIT_0DC64A8BFA,Matera,estacionamiento simple,disponible,0.0,15.0,0.0,real_source:unidades.parquet,ok
UNIT_9036C3F063,Matera,departamento flat,vendido,390000.0,55.29,7053.72,real_source:unidades.parquet,ok
UNIT_713E948E33,Capadocia,departamento flat,no disponible,0.0,65.28,0.0,real_source:unidades.parquet,ok
UNIT_92F79F17C3,Matera,estacionamiento con depósito,vendido,46000.0,15.94,2885.82,real_source:unidades.parquet,ok
UNIT_921F88D446,Edificio Urbanzen,estacionamiento simple,proceso de separación,55400.0,15.0,3693.33,real_source:unidades.parquet,ok
UNIT_0D77716FCA,Capadocia,estacionamiento simple,vendido,48688.0,12.5,3895.04,real_source:unidades.parquet,ok
UNIT_0E8260CA14,Capadocia,estacionamiento simple,disponible,0.0,12.5,0.0,real_source:unidades.parquet,ok
UNIT_85F979AEFA,Capadocia,depósito,disponible,0.0,6.15,0.0,real_source:unidades.parquet,ok
UNIT_8D31A2CD21,Capadocia,estacionamiento simple,vendido,46512.0,12.0,3876.0,real_source:unidades.parquet,ok
UNIT_241C751242,Capadocia,estacionamiento con depósito,disponible,0.0,15.5,0.0,real_source:unidades.parquet,ok
UNIT_8ED6FF69DB,Capadocia,estacionamiento simple,no disponible,0.0,13.5,0.0,real_source:unidades.parquet,ok
UNIT_367CBE0CD2,Torre Nápoles,departamento flat,no disponible,0.0,52.4,0.0,real_source:unidades.parquet,ok
UNIT_98CD18E8B5,Torre Nápoles,estacionamiento simple,disponible,0.0,12.0,0.0,real_source:unidades.parquet,ok
UNIT_2A8F90C816,Tizón y Bueno,departamento flat,vendido,463579.2,68.4,6777.47,real_source:unidades.parquet,ok
UNIT_5E666B3E8D,Torre Nápoles,departamento flat,no disponible,0.0,37.8,0.0,real_source:unidades.parquet,ok
UNIT_68BBCC8230,Torre Nápoles,estacionamiento simple,disponible,0.0,12.5,0.0,real_source:unidades.parquet,ok
UNIT_0EB66EBD55,Matera,departamento flat,disponible,0.0,40.2,0.0,real_source:unidades.parquet,ok
UNIT_566A67FD2A,Matera,estacionamiento simple,vendido,45325.0,12.5,3626.0,real_source:unidades.parquet,ok
UNIT_7EAB1AA687,Edificio Urbanzen,departamento flat,proceso de separación,339380.0,42.4,8004.25,real_source:unidades.parquet,ok
UNIT_AB9F95B929,Edificio Urbanzen,estacionamiento simple,entregado,50500.0,17.35,2910.66,real_source:unidades.parquet,ok
UNIT_2692535C16,Torre Nápoles,departamento flat,no disponible,0.0,28.89,0.0,real_source:unidades.parquet,ok
UNIT_6E1BFF11D5,Torre Nápoles,estacionamiento simple,vendido,43512.0,12.0,3626.0,real_source:unidades.parquet,ok
UNIT_2E8BD86963,Torre Nápoles,departamento flat,vendido,287000.0,55.48,5173.04,real_source:unidades.parquet,ok
UNIT_2A5E7C1143,Torre Nápoles,departamento flat,vendido,209000.0,40.12,5209.37,real_source:unidades.parquet,ok
UNIT_A60E308305,Matera,departamento flat,vendido,397759.89,53.93,7375.48,real_source:unidades.parquet,ok
UNIT_3EF0FDFB80,Matera,departamento flat,disponible,0.0,68.18,0.0,real_source:unidades.parquet,ok
UNIT_9CFB9DA78E,Torre Nápoles,departamento flat,proceso de venta,280700.0,55.48,5059.48,real_source:unidades.parquet,ok
UNIT_DD63997AF6,Torre Nápoles,estacionamiento simple,disponible,0.0,12.5,0.0,real_source:unidades.parquet,ok
UNIT_0176A87384,Sialia,estacionamiento simple,vendido,48700.0,12.5,3896.0,real_source:unidades.parquet,ok
UNIT_BBAF3DFFB0,Sialia,estacionamiento simple,no disponible,0.0,12.0,0.0,real_source:unidades.parquet,ok
UNIT_A41969ACB4,Torre Nápoles,estacionamiento con depósito,disponible,0.0,15.5,0.0,real_source:unidades.parquet,ok
UNIT_7E0D1E8426,Torre Nápoles,departamento flat,disponible,0.0,57.06,0.0,real_source:unidades.parquet,ok
UNIT_B2FA9E2BD2,Torre Nápoles,estacionamiento simple,disponible,0.0,12.5,0.0,real_source:unidades.parquet,ok
UNIT_DFF2E5F83D,Torre Nápoles,estacionamiento con depósito,disponible,0.0,15.3,0.0,real_source:unidades.parquet,ok
UNIT_A1C1FE218E,Torre Nápoles,departamento flat,disponible,0.0,40.07,0.0,real_source:unidades.parquet,ok
UNIT_1355CB51B7,Torre Nápoles,estacionamiento con depósito,disponible,0.0,27.78,0.0,real_source:unidades.parquet,ok
UNIT_34432E2D07,Torre Nápoles,estacionamiento simple,disponible,0.0,12.96,0.0,real_source:unidades.parquet,ok
UNIT_93F54BD35D,Torre Nápoles,departamento flat,no disponible,0.0,56.58,0.0,real_source:unidades.parquet,ok
UNIT_A4003B8A88,Torre Nápoles,estacionamiento simple,disponible,0.0,12.5,0.0,real_source:unidades.parquet,ok
UNIT_402EA16C32,Torre Nápoles,departamento flat,disponible,0.0,40.07,0.0,real_source:unidades.parquet,ok
UNIT_A5BA1CFC74,Torre Nápoles,estacionamiento simple,proceso de aprobación,45155.0,13.5,3344.81,real_source:unidades.parquet,ok
UNIT_0470E53C82,Torre Nápoles,departamento flat,disponible,0.0,40.09,0.0,real_source:unidades.parquet,ok
UNIT_659AFB273B,Matera,estacionamiento simple,proceso de separación,45788.0,12.5,3663.04,real_source:unidades.parquet,ok
UNIT_33FC52DA5F,Matera,estacionamiento simple,vendido,43475.0,12.5,3478.0,real_source:unidades.parquet,ok
UNIT_99042BCA35,Torre Nápoles,departamento flat,disponible,0.0,65.81,0.0,real_source:unidades.parquet,ok
UNIT_6B16611AF9,Sialia,estacionamiento simple,no disponible,0.0,13.13,0.0,real_source:unidades.parquet,ok
UNIT_73FC68BAB3,Matera,estacionamiento simple,disponible,0.0,12.5,0.0,real_source:unidades.parquet,ok
UNIT_34DDC84FB1,Torre Nápoles,departamento flat,proceso de separación,205000.0,40.12,5109.67,real_source:unidades.parquet,ok
UNIT_1207BA2C4E,Torre Nápoles,estacionamiento simple,disponible,0.0,12.96,0.0,real_source:unidades.parquet,ok
UNIT_28C4B1A70C,Torre Nápoles,departamento flat,no disponible,0.0,55.38,0.0,real_source:unidades.parquet,ok
UNIT_A60A504CBF,Torre Nápoles,estacionamiento simple,disponible,0.0,12.5,0.0,real_source:unidades.parquet,ok
UNIT_798419CCEC,Torre Nápoles,estacionamiento simple,disponible,0.0,12.5,0.0,real_source:unidades.parquet,ok
UNIT_949FF66780,Torre Nápoles,departamento flat,proceso de separación,288603.0,57.06,5057.89,real_source:unidades.parquet,ok
UNIT_CB9C1EAEE4,Sialia,estacionamiento simple,no disponible,0.0,14.26,0.0,real_source:unidades.parquet,ok
UNIT_CB57613668,Sialia,departamento flat,disponible,0.0,69.77,0.0,real_source:unidades.parquet,ok
UNIT_452A42B537,Torre Nápoles,estacionamiento simple,proceso de separación,46250.0,12.5,3700.0,real_source:unidades.parquet,ok
UNIT_235983CD72,Torre Nápoles,estacionamiento simple,disponible,0.0,12.0,0.0,real_source:unidades.parquet,ok
UNIT_151AC3F50F,Torre Nápoles,estacionamiento con depósito,disponible,0.0,15.5,0.0,real_source:unidades.parquet,ok
UNIT_67C0CBA759,Torre Nápoles,departamento flat,disponible,0.0,65.49,0.0,real_source:unidades.parquet,ok
UNIT_E0AB8DF00B,Torre Nápoles,departamento flat,disponible,0.0,65.81,0.0,real_source:unidades.parquet,ok
UNIT_EA02DC4049,Torre Nápoles,depósito,disponible,0.0,2.7,0.0,real_source:unidades.parquet,ok
UNIT_9E3E7B2CC4,Torre Nápoles,departamento flat,no disponible,0.0,59.0,0.0,real_source:unidades.parquet,ok
UNIT_895FD1195D,Torre Nápoles,departamento flat,no disponible,0.0,55.38,0.0,real_source:unidades.parquet,ok
UNIT_DCCB6F338D,Torre Nápoles,estacionamiento simple,disponible,0.0,12.5,0.0,real_source:unidades.parquet,ok
UNIT_B3C6401664,Torre Nápoles,estacionamiento con depósito,disponible,0.0,14.9,0.0,real_source:unidades.parquet,ok
UNIT_A5CEFB67A0,Torre Nápoles,estacionamiento con depósito,disponible,0.0,14.2,0.0,real_source:unidades.parquet,ok
UNIT_E8DBC79E15,Matera,departamento flat,vendido,391224.7,53.93,7254.31,real_source:unidades.parquet,ok
UNIT_C09DEDBF36,Matera,departamento flat,vendido,452000.0,67.98,6649.01,real_source:unidades.parquet,ok
UNIT_31C81F36C5,Matera,estacionamiento simple,disponible,0.0,12.5,0.0,real_source:unidades.parquet,ok
UNIT_1E9AB22DA5,Sialia,departamento flat,disponible,0.0,40.0,0.0,real_source:unidades.parquet,ok
UNIT_1E2B5B08CE,Torre Nápoles,estacionamiento con depósito,disponible,0.0,14.15,0.0,real_source:unidades.parquet,ok
UNIT_AE7864694C,Torre Nápoles,departamento flat,vendido,213153.23,40.16,5307.6,real_source:unidades.parquet,ok
UNIT_5E56C139B1,Torre Nápoles,departamento flat,no disponible,0.0,55.38,0.0,real_source:unidades.parquet,ok
UNIT_F8C8A66720,Torre Nápoles,estacionamiento simple,disponible,0.0,12.5,0.0,real_source:unidades.parquet,ok
UNIT_48FC55ACDE,Torre Nápoles,departamento flat,no disponible,0.0,59.34,0.0,real_source:unidades.parquet,ok
UNIT_6409116274,Torre Nápoles,departamento flat,no disponible,0.0,55.38,0.0,real_source:unidades.parquet,ok
UNIT_F659ADBDF6,Torre Nápoles,departamento flat,proceso de venta,321056.16,55.48,5786.88,real_source:unidades.parquet,ok
UNIT_AB38C2C159,Matera,estacionamiento simple,proceso de separación,37925.0,12.5,3034.0,real_source:unidades.parquet,ok
UNIT_460845E88F,Sialia,departamento flat,disponible,0.0,57.31,0.0,real_source:unidades.parquet,ok
UNIT_8AD88E872D,Sialia,departamento flat,vendido,414469.44,66.75,6209.28,real_source:unidades.parquet,ok
UNIT_F28B6EF249,Matera,departamento flat,disponible,0.0,55.29,0.0,real_source:unidades.parquet,ok
UNIT_B269E322B0,Torre Nápoles,departamento flat,no disponible,0.0,68.33,0.0,real_source:unidades.parquet,ok
UNIT_B39FE38047,Torre Nápoles,departamento flat,no disponible,0.0,59.0,0.0,real_source:unidades.parquet,ok
UNIT_CE4AB976FE,Sialia,departamento flat,vendido,421000.0,66.75,6307.12,real_source:unidades.parquet,ok
UNIT_C2E6AF84A5,Torre Nápoles,departamento flat,disponible,0.0,65.49,0.0,real_source:unidades.parquet,ok
UNIT_C8B3D35BAC,Torre Nápoles,departamento flat,disponible,0.0,40.09,0.0,real_source:unidades.parquet,ok
UNIT_EC5D35E0B1,Torre Nápoles,departamento flat,no disponible,0.0,59.0,0.0,real_source:unidades.parquet,ok
UNIT_A82FA7AF94,Torre Nápoles,departamento flat,disponible,0.0,40.09,0.0,real_source:unidades.parquet,ok
UNIT_9E09DA65F6,Torre Nápoles,departamento flat,no disponible,0.0,56.58,0.0,real_source:unidades.parquet,ok
UNIT_A14B13B24B,Torre Nápoles,departamento flat,no disponible,0.0,37.8,0.0,real_source:unidades.parquet,ok
UNIT_698AF315DC,Torre Nápoles,departamento flat,no disponible,0.0,59.0,0.0,real_source:unidades.parquet,ok
UNIT_14E8B26D8F,Torre Nápoles,departamento flat,no disponible,0.0,59.34,0.0,real_source:unidades.parquet,ok
UNIT_2C3A67B556,Torre Nápoles,departamento flat,no disponible,0.0,55.38,0.0,real_source:unidades.parquet,ok
UNIT_3A78C818D2,Torre Nápoles,departamento flat,no disponible,0.0,52.4,0.0,real_source:unidades.parquet,ok
UNIT_EE249DA189,Torre Nápoles,departamento flat,no disponible,0.0,59.34,0.0,real_source:unidades.parquet,ok
UNIT_A3A50ADFC3,Torre Nápoles,departamento flat,no disponible,0.0,30.17,0.0,real_source:unidades.parquet,ok
UNIT_F87F98BB36,Matera,departamento flat,proceso de separación,438754.0,56.51,7764.18,real_source:unidades.parquet,ok
UNIT_198D0671DC,Matera,estacionamiento simple,proceso de separación,53650.0,12.5,4292.0,real_source:unidades.parquet,ok
UNIT_AEA5A3586D,Sialia,departamento flat,vendido,433221.47,69.77,6209.28,real_source:unidades.parquet,ok
UNIT_EED37FB61E,Matera,departamento flat,vendido,309682.25,41.82,7405.12,real_source:unidades.parquet,ok
UNIT_562F1A3891,Torre Nápoles,departamento flat,disponible,0.0,40.12,0.0,real_source:unidades.parquet,ok
UNIT_09FE96D64E,Torre Nápoles,departamento flat,no disponible,0.0,52.4,0.0,real_source:unidades.parquet,ok
UNIT_3F7C1BE593,Torre Nápoles,departamento flat,no disponible,0.0,59.34,0.0,real_source:unidades.parquet,ok
UNIT_FD790ABD9F,Torre Nápoles,departamento flat,vendido,349369.4,68.65,5089.14,real_source:unidades.parquet,ok
UNIT_8FC0F7E12B,Torre Nápoles,estacionamiento con depósito,disponible,0.0,15.4,0.0,real_source:unidades.parquet,ok
UNIT_834095C90B,Torre Nápoles,estacionamiento simple,disponible,0.0,12.5,0.0,real_source:unidades.parquet,ok
UNIT_5A241152E9,Matera,departamento flat,proceso de aprobación,501241.0,71.08,7051.79,real_source:unidades.parquet,ok
UNIT_7DE6774332,Matera,departamento flat,disponible,0.0,68.18,0.0,real_source:unidades.parquet,ok
UNIT_1AB4D3A9A2,Torre Nápoles,departamento flat,no disponible,0.0,37.8,0.0,real_source:unidades.parquet,ok
UNIT_7A7751CEAC,Torre Nápoles,departamento flat,no disponible,0.0,30.17,0.0,real_source:unidades.parquet,ok
UNIT_A478F7C684,Torre Nápoles,departamento flat,no disponible,0.0,55.38,0.0,real_source:unidades.parquet,ok
UNIT_39CE50AEAD,Torre Nápoles,departamento flat,no disponible,0.0,52.4,0.0,real_source:unidades.parquet,ok
UNIT_8B79BC2871,Torre Nápoles,departamento flat,no disponible,0.0,28.89,0.0,real_source:unidades.parquet,ok
UNIT_CD57E9CE0C,Torre Nápoles,estacionamiento con depósito,proceso de separación,50000.0,14.2,3521.13,real_source:unidades.parquet,ok
UNIT_F0C558B82B,Torre Nápoles,departamento flat,vendido,200000.0,40.12,4985.04,real_source:unidades.parquet,ok
UNIT_614C2AF7AA,Torre Nápoles,departamento flat,disponible,0.0,65.81,0.0,real_source:unidades.parquet,ok
UNIT_6B9D1FF88F,Torre Nápoles,depósito,disponible,0.0,3.1,0.0,real_source:unidades.parquet,ok
UNIT_B3EE4C60DB,Torre Nápoles,depósito,disponible,0.0,3.1,0.0,real_source:unidades.parquet,ok
UNIT_1750BF354F,Torre Nápoles,departamento flat,no disponible,0.0,37.89,0.0,real_source:unidades.parquet,ok
UNIT_7D1941E862,Torre Nápoles,departamento flat,disponible,0.0,40.16,0.0,real_source:unidades.parquet,ok
UNIT_D6D0F76235,Torre Nápoles,departamento flat,no disponible,0.0,59.0,0.0,real_source:unidades.parquet,ok
UNIT_49EAC4668C,Torre Nápoles,departamento flat,no disponible,0.0,55.38,0.0,real_source:unidades.parquet,ok
UNIT_52C9A082FB,Torre Nápoles,departamento flat,no disponible,0.0,30.17,0.0,real_source:unidades.parquet,ok
UNIT_EDC790D7C3,Torre Nápoles,estacionamiento con depósito,disponible,0.0,19.5,0.0,real_source:unidades.parquet,ok
UNIT_251DA2A58E,Torre Nápoles,estacionamiento con depósito,disponible,0.0,15.6,0.0,real_source:unidades.parquet,ok
UNIT_EB52809A22,Torre Nápoles,departamento flat,no disponible,0.0,68.33,0.0,real_source:unidades.parquet,ok
UNIT_33EB1A821F,Torre Nápoles,estacionamiento simple,disponible,0.0,12.5,0.0,real_source:unidades.parquet,ok
UNIT_0920DEAA8B,Torre Nápoles,depósito,disponible,0.0,2.1,0.0,real_source:unidades.parquet,ok
UNIT_91672826C7,Torre Nápoles,departamento flat,no disponible,0.0,37.8,0.0,real_source:unidades.parquet,ok
UNIT_7E372323D3,Torre Nápoles,departamento flat,no disponible,0.0,30.17,0.0,real_source:unidades.parquet,ok
UNIT_EE62454F7A,Torre Nápoles,departamento flat,no disponible,0.0,52.63,0.0,real_source:unidades.parquet,ok
UNIT_B4E1350C72,Torre Nápoles,departamento flat,proceso de separación,352708.0,65.49,5385.68,real_source:unidades.parquet,ok
UNIT_F1307EB1DC,Torre Nápoles,estacionamiento con depósito,disponible,0.0,21.0,0.0,real_source:unidades.parquet,ok
UNIT_5FE166CCEC,Torre Nápoles,estacionamiento con depósito,disponible,0.0,15.9,0.0,real_source:unidades.parquet,ok
UNIT_6C873B0719,Matera,departamento flat,vendido,507405.0,68.18,7442.14,real_source:unidades.parquet,ok
UNIT_09751350C0,Torre Nápoles,departamento flat,disponible,0.0,65.81,0.0,real_source:unidades.parquet,ok
UNIT_5404842EAC,Torre Nápoles,departamento flat,no disponible,0.0,59.34,0.0,real_source:unidades.parquet,ok
UNIT_902DA42E10,Torre Nápoles,departamento flat,no disponible,0.0,59.0,0.0,real_source:unidades.parquet,ok
UNIT_DEFA235972,Torre Nápoles,estacionamiento simple,proceso de separación,47000.0,12.5,3760.0,real_source:unidades.parquet,ok
UNIT_587FBAED45,Torre Nápoles,departamento flat,proceso de separación,226012.45,40.16,5627.8,real_source:unidades.parquet,ok
UNIT_E97707DC0D,Torre Nápoles,departamento flat,no disponible,0.0,59.34,0.0,real_source:unidades.parquet,ok
UNIT_9F1808D480,Torre Nápoles,departamento flat,no disponible,0.0,59.0,0.0,real_source:unidades.parquet,ok
UNIT_00C7F374C8,Torre Nápoles,departamento flat,disponible,0.0,57.04,0.0,real_source:unidades.parquet,ok
UNIT_08E5E8878F,Torre Nápoles,departamento flat,disponible,0.0,65.81,0.0,real_source:unidades.parquet,ok
UNIT_5C69FC2031,Capadocia,departamento flat,vendido,387867.22,54.12,7166.8,real_source:unidades.parquet,ok
UNIT_3CE110C464,Capadocia,estacionamiento con depósito,disponible,0.0,18.3,0.0,real_source:unidades.parquet,ok
UNIT_5F2503F7E3,Capadocia,estacionamiento simple,disponible,0.0,12.5,0.0,real_source:unidades.parquet,ok
UNIT_66D4F0A8B2,Modena,departamento flat,vendido,341444.58,53.02,6439.92,real_source:unidades.parquet,ok
UNIT_2A6BDC958B,Modena,departamento flat,disponible,0.0,40.09,0.0,real_source:unidades.parquet,ok
UNIT_11C8FA5B90,Modena,departamento flat,vendido,531753.0,76.31,6968.33,real_source:unidades.parquet,ok
UNIT_156B5866C6,Capadocia,departamento flat,vendido,548259.1,66.87,8198.88,real_source:unidades.parquet,ok
UNIT_CB1FA3EC80,Capadocia,estacionamiento simple,no disponible,0.0,12.5,0.0,real_source:unidades.parquet,ok
UNIT_D3B7548513,Torre Nápoles,departamento flat,no disponible,0.0,30.17,0.0,real_source:unidades.parquet,ok
UNIT_3465EA16D2,Torre Nápoles,departamento flat,no disponible,0.0,37.89,0.0,real_source:unidades.parquet,ok
UNIT_A62A745969,Torre Nápoles,departamento flat,proceso de aprobación,330558.76,68.65,4815.13,real_source:unidades.parquet,ok
UNIT_0BE999C549,Capadocia,estacionamiento con depósito,disponible,0.0,29.95,0.0,real_source:unidades.parquet,ok
UNIT_8224B514C4,Torre Nápoles,departamento flat,proceso de separación,355760.0,55.48,6412.4,real_source:unidades.parquet,ok
UNIT_39AF1437B9,Torre Nápoles,departamento flat,proceso de separación,382612.23,65.49,5842.3,real_source:unidades.parquet,ok
UNIT_9222D6B612,Torre Nápoles,departamento flat,no disponible,0.0,28.89,0.0,real_source:unidades.parquet,ok
UNIT_361AFCAC94,Torre Nápoles,departamento flat,proceso de venta,324000.0,65.49,4947.32,real_source:unidades.parquet,ok
UNIT_BDC2032077,Torre Nápoles,departamento flat,disponible,0.0,57.04,0.0,real_source:unidades.parquet,ok
UNIT_F420799282,Torre Nápoles,estacionamiento con depósito,disponible,0.0,15.7,0.0,real_source:unidades.parquet,ok
UNIT_312FA9FBD3,Torre Nápoles,estacionamiento con depósito,disponible,0.0,13.9,0.0,real_source:unidades.parquet,ok
UNIT_E45B6843F2,Modena,departamento flat,vendido,281453.57,40.02,7032.82,real_source:unidades.parquet,ok
UNIT_A47BB2783F,Modena,estacionamiento con depósito,disponible,0.0,15.95,0.0,real_source:unidades.parquet,ok
UNIT_502244576B,Modena,departamento flat,vendido,404263.97,54.67,7394.62,real_source:unidades.parquet,ok
UNIT_B96E2BF909,Capadocia,departamento flat,disponible,0.0,69.52,0.0,real_source:unidades.parquet,ok
UNIT_B4DAD54CEA,Capadocia,estacionamiento simple,disponible,0.0,13.5,0.0,real_source:unidades.parquet,ok
UNIT_EB381BD09B,Torre Nápoles,departamento flat,no disponible,0.0,59.34,0.0,real_source:unidades.parquet,ok
UNIT_327A44480B,Torre Nápoles,departamento flat,no disponible,0.0,59.0,0.0,real_source:unidades.parquet,ok
UNIT_DB5E54FE25,Torre Nápoles,departamento flat,disponible,0.0,65.81,0.0,real_source:unidades.parquet,ok
UNIT_AD0AC21753,Torre Nápoles,departamento flat,disponible,0.0,68.65,0.0,real_source:unidades.parquet,ok
UNIT_6FCE320E1B,Torre Nápoles,depósito,disponible,0.0,4.6,0.0,real_source:unidades.parquet,ok
UNIT_157EB041E1,Torre Nápoles,estacionamiento simple,disponible,0.0,12.5,0.0,real_source:unidades.parquet,ok
UNIT_83D4CAF2D2,Torre Nápoles,departamento flat,no disponible,0.0,55.38,0.0,real_source:unidades.parquet,ok
UNIT_84B96AD395,Torre Nápoles,departamento flat,no disponible,0.0,57.04,0.0,real_source:unidades.parquet,ok
UNIT_B0DE5B0798,Torre Nápoles,estacionamiento con depósito,proceso de separación,51844.0,15.5,3344.77,real_source:unidades.parquet,ok
UNIT_B7F2F0401C,Torre Nápoles,estacionamiento simple,disponible,0.0,12.5,0.0,real_source:unidades.parquet,ok
UNIT_B5859CB09C,Modena,departamento flat,vendido,508330.71,75.49,6733.75,real_source:unidades.parquet,ok
UNIT_BFCC525E67,Torre Nápoles,departamento flat,no disponible,0.0,30.17,0.0,real_source:unidades.parquet,ok
UNIT_1C74F6A98D,Torre Nápoles,departamento flat,no disponible,0.0,59.0,0.0,real_source:unidades.parquet,ok
UNIT_02A03FAC68,Torre Nápoles,departamento flat,disponible,0.0,40.16,0.0,real_source:unidades.parquet,ok
UNIT_DCA079ADC8,Torre Nápoles,departamento flat,no disponible,0.0,37.8,0.0,real_source:unidades.parquet,ok
UNIT_C952B9C666,Torre Nápoles,departamento flat,disponible,0.0,40.09,0.0,real_source:unidades.parquet,ok
UNIT_AB7E8FA0A6,Torre Nápoles,estacionamiento simple,disponible,0.0,12.5,0.0,real_source:unidades.parquet,ok
UNIT_2224C880B1,Torre Nápoles,departamento flat,no disponible,0.0,30.17,0.0,real_source:unidades.parquet,ok
UNIT_05F98A49C5,Torre Nápoles,estacionamiento simple,disponible,0.0,12.5,0.0,real_source:unidades.parquet,ok
UNIT_A66BAD63D8,Torre Nápoles,departamento flat,no disponible,0.0,37.8,0.0,real_source:unidades.parquet,ok
UNIT_3DED28296C,Torre Nápoles,departamento flat,no disponible,0.0,68.33,0.0,real_source:unidades.parquet,ok
UNIT_4BC41D67CF,Torre Nápoles,departamento flat,no disponible,0.0,52.63,0.0,real_source:unidades.parquet,ok
UNIT_02F6F0AE2C,Torre Nápoles,estacionamiento simple,disponible,0.0,12.5,0.0,real_source:unidades.parquet,ok
UNIT_C684BD746F,Torre Nápoles,estacionamiento simple,disponible,0.0,12.5,0.0,real_source:unidades.parquet,ok
UNIT_62F1E70EA0,Torre Nápoles,departamento flat,disponible,0.0,65.49,0.0,real_source:unidades.parquet,ok
UNIT_9E3DE7D993,Modena,estacionamiento simple,disponible,0.0,12.5,0.0,real_source:unidades.parquet,ok
UNIT_732F566E75,Torre Nápoles,departamento flat,no disponible,0.0,68.33,0.0,real_source:unidades.parquet,ok
UNIT_825AC0701A,Torre Nápoles,depósito,disponible,0.0,3.1,0.0,real_source:unidades.parquet,ok
UNIT_32684AE2B1,Torre Nápoles,estacionamiento simple,disponible,0.0,12.5,0.0,real_source:unidades.parquet,ok
UNIT_6064530AD9,Torre Nápoles,estacionamiento simple,disponible,0.0,12.5,0.0,real_source:unidades.parquet,ok
UNIT_9865F230EC,Torre Nápoles,departamento flat,proceso de venta,355746.65,68.65,5182.03,real_source:unidades.parquet,ok
UNIT_F53159E476,Torre Nápoles,departamento flat,separado,361957.14,68.65,5272.5,real_source:unidades.parquet,ok
UNIT_6DB5097FF4,Torre Nápoles,departamento flat,vendido,355000.0,65.81,5394.32,real_source:unidades.parquet,ok
UNIT_50127EB194,Torre Nápoles,departamento flat,proceso de separación,310000.0,55.48,5587.6,real_source:unidades.parquet,ok
UNIT_4BE59101F4,Torre Nápoles,estacionamiento simple,disponible,0.0,12.5,0.0,real_source:unidades.parquet,ok
UNIT_63C8966F91,Torre Nápoles,departamento flat,no disponible,0.0,52.63,0.0,real_source:unidades.parquet,ok
UNIT_840C0DAC66,Torre Nápoles,departamento flat,no disponible,0.0,28.89,0.0,real_source:unidades.parquet,ok
UNIT_74847A9F25,Torre Nápoles,departamento flat,no disponible,0.0,68.33,0.0,real_source:unidades.parquet,ok
UNIT_7827FCDDA4,Torre Nápoles,departamento flat,no disponible,0.0,52.4,0.0,real_source:unidades.parquet,ok
UNIT_872235AA32,Torre Nápoles,departamento flat,no disponible,0.0,59.34,0.0,real_source:unidades.parquet,ok
UNIT_26E372CC69,Torre Nápoles,estacionamiento simple,disponible,0.0,12.5,0.0,real_source:unidades.parquet,ok
UNIT_C075B9B656,Torre Nápoles,estacionamiento simple,disponible,0.0,12.5,0.0,real_source:unidades.parquet,ok
UNIT_B130AF0A9B,Torre Nápoles,depósito,disponible,0.0,3.6,0.0,real_source:unidades.parquet,ok
UNIT_0BA2636821,Torre Nápoles,departamento flat,no disponible,0.0,52.4,0.0,real_source:unidades.parquet,ok
UNIT_DD0E517AF8,Torre Nápoles,estacionamiento con depósito,disponible,0.0,19.5,0.0,real_source:unidades.parquet,ok
UNIT_EF1404778E,Torre Nápoles,estacionamiento con depósito,disponible,0.0,15.6,0.0,real_source:unidades.parquet,ok
UNIT_E1EA0B2F2B,Torre Nápoles,departamento flat,no disponible,0.0,52.63,0.0,real_source:unidades.parquet,ok
UNIT_EAD55FFFED,Torre Nápoles,departamento flat,no disponible,0.0,68.33,0.0,real_source:unidades.parquet,ok
UNIT_36AB65166D,Torre Nápoles,departamento flat,no disponible,0.0,37.8,0.0,real_source:unidades.parquet,ok
UNIT_8170E6D4BD,Torre Nápoles,departamento flat,no disponible,0.0,52.4,0.0,real_source:unidades.parquet,ok
UNIT_EBBA0F8574,Torre Nápoles,departamento duplex,no disponible,0.0,115.77,0.0,real_source:unidades.parquet,ok
UNIT_22ED3B646D,Modena,departamento flat,disponible,0.0,53.02,0.0,real_source:unidades.parquet,ok
UNIT_C8D2F0AECD,Modena,departamento flat,vendido,416969.99,57.1,7302.45,real_source:unidades.parquet,ok
UNIT_14AC4B27E5,Torre Nápoles,departamento flat,no disponible,0.0,59.34,0.0,real_source:unidades.parquet,ok
UNIT_6F88AC60B2,Torre Nápoles,departamento flat,no disponible,0.0,59.34,0.0,real_source:unidades.parquet,ok
UNIT_B090C3226F,Torre Nápoles,departamento flat,proceso de separación,208756.69,40.07,5209.8,real_source:unidades.parquet,ok
UNIT_5DC07F252E,Edificio Cuba Connect,estacionamiento simple,vendido,43050.0,15.0,2870.0,real_source:unidades.parquet,ok
UNIT_87708B0278,Edificio Saenz,departamento flat,vendido,624700.0,104.72,5965.43,real_source:unidades.parquet,ok
UNIT_CCB8A08764,Fenix,departamento duplex,disponible,0.0,136.33,0.0,real_source:unidades.parquet,ok
UNIT_0AF57D96CE,Alicanto,departamento flat,vendido,320243.0,48.76,6567.74,real_source:unidades.parquet,ok
UNIT_4B6D97DAB3,Matera,departamento flat,vendido,259847.06,36.39,7140.62,real_source:unidades.parquet,ok
UNIT_6606B8DDF1,Edificio Santa Cruz Infinite,departamento flat,vendido,459200.0,71.27,6443.1,real_source:unidades.parquet,ok
UNIT_3F07A477B1,Matera,departamento flat,proceso de separación,400000.0,55.29,7234.58,real_source:unidades.parquet,ok
UNIT_6D3C0CCBF6,Matera,departamento flat,vendido,503865.0,71.08,7088.7,real_source:unidades.parquet,ok
UNIT_C4452019AC,Edificio Saenz,departamento flat,vendido,439381.0,74.92,5864.67,real_source:unidades.parquet,ok
UNIT_44287A9FB8,Edificio Saenz,departamento flat,vendido,413300.0,74.92,5516.55,real_source:unidades.parquet,ok
UNIT_00221676BE,Edificio Saenz,departamento flat,vendido,434600.0,81.69,5320.11,real_source:unidades.parquet,ok
UNIT_51F58E0B39,Edificio Saenz,departamento flat,vendido,453760.0,85.64,5298.46,real_source:unidades.parquet,ok
UNIT_0CB26A33BA,Edificio Saenz,departamento flat,vendido,395380.0,74.92,5277.36,real_source:unidades.parquet,ok
UNIT_66ABDF1163,Edificio Saenz,departamento flat,vendido,410380.0,74.92,5477.58,real_source:unidades.parquet,ok
UNIT_4A45224C17,Edificio Saenz,departamento flat,vendido,387460.0,74.92,5171.65,real_source:unidades.parquet,ok
UNIT_64C5B97AF7,Edificio Saenz,departamento flat,vendido,384460.0,74.92,5131.61,real_source:unidades.parquet,ok
UNIT_40D977C726,Edificio Saenz,departamento flat,vendido,393720.0,78.26,5030.92,real_source:unidades.parquet,ok
UNIT_77DE3FEFD8,Edificio Saenz,departamento flat,vendido,410000.0,81.69,5018.97,real_source:unidades.parquet,ok
UNIT_B29DCC84B5,Edificio Saenz,departamento flat,vendido,424520.0,85.64,4957.03,real_source:unidades.parquet,ok
UNIT_97BCCF95EF,Edificio Saenz,estacionamiento simple,vendido,39100.0,13.62,2870.78,real_source:unidades.parquet,ok
UNIT_7ECC69B6D4,Edificio Saenz,estacionamiento simple,vendido,35500.0,12.36,2872.17,real_source:unidades.parquet,ok
UNIT_A544698F14,Tizón y Bueno,estacionamiento simple,vendido,48672.0,13.0,3744.0,real_source:unidades.parquet,ok
UNIT_44A33786B1,Modena,departamento flat,disponible,0.0,48.64,0.0,real_source:unidades.parquet,ok
UNIT_D4FCAF6C3C,Torre Nápoles,estacionamiento simple,proceso de separación,44400.0,12.0,3700.0,real_source:unidades.parquet,ok
UNIT_2A84D58A86,Edificio Cuba Connect,departamento flat,vendido,344190.0,49.17,7000.0,real_source:unidades.parquet,ok
UNIT_46BD6B114F,Edificio Saenz,estacionamiento simple,vendido,39100.0,13.36,2926.65,real_source:unidades.parquet,ok
UNIT_ABC454DD67,Edificio Saenz,estacionamiento simple,vendido,39100.0,13.65,2864.47,real_source:unidades.parquet,ok
UNIT_A8F6C4C6B0,Edificio Saenz,estacionamiento simple,vendido,35699.55,13.57,2630.77,real_source:unidades.parquet,ok
UNIT_6A5CB1D03B,Edificio Saenz,estacionamiento simple,vendido,39100.0,12.36,3163.43,real_source:unidades.parquet,ok
UNIT_472299A354,Edificio Saenz,estacionamiento simple,vendido,35700.0,12.59,2835.58,real_source:unidades.parquet,ok
UNIT_1AF37A2B6D,Edificio Saenz,estacionamiento simple,vendido,35910.0,12.34,2910.05,real_source:unidades.parquet,ok
UNIT_F55D69E15E,Edificio Saenz,estacionamiento simple,vendido,35700.0,13.36,2672.16,real_source:unidades.parquet,ok
UNIT_F81BAB216D,Edificio Saenz,estacionamiento simple,vendido,35910.0,13.36,2687.87,real_source:unidades.parquet,ok
UNIT_62AB87E517,Edificio Saenz,estacionamiento simple,vendido,35700.0,14.0,2550.0,real_source:unidades.parquet,ok
UNIT_3D5AE59BDC,Edificio Saenz,estacionamiento simple,vendido,35910.0,13.57,2646.28,real_source:unidades.parquet,ok
UNIT_30D4FE65BC,Edificio Saenz,estacionamiento simple,vendido,35700.0,13.6,2625.0,real_source:unidades.parquet,ok
UNIT_525EEF4E06,Edificio Saenz,estacionamiento simple,vendido,35700.0,13.26,2692.31,real_source:unidades.parquet,ok
UNIT_FD0D2815A4,Edificio Saenz,estacionamiento simple,vendido,35910.0,12.88,2788.04,real_source:unidades.parquet,ok
UNIT_CB39FF11F1,Edificio Saenz,estacionamiento simple,vendido,35910.0,12.36,2905.34,real_source:unidades.parquet,ok
UNIT_A36F342B38,Edificio Saenz,estacionamiento simple,vendido,42950.0,12.34,3480.55,real_source:unidades.parquet,ok
UNIT_D719652897,Edificio Saenz,depósito,vendido,16320.0,4.8,3400.0,real_source:unidades.parquet,ok
UNIT_2A3434328F,Edificio Saenz,estacionamiento simple,vendido,35500.0,14.42,2461.86,real_source:unidades.parquet,ok
UNIT_BA5437E5CC,Edificio Saenz,estacionamiento simple,vendido,34200.0,12.88,2655.28,real_source:unidades.parquet,ok
UNIT_8FC26B1999,Edificio Saenz,depósito,vendido,16894.0,4.94,3419.84,real_source:unidades.parquet,ok
UNIT_4C753FD444,Capadocia,estacionamiento con depósito,proceso de separación,60000.0,16.3,3680.98,real_source:unidades.parquet,ok
UNIT_92530E8819,Sialia,departamento flat,vendido,326700.0,57.31,5700.58,real_source:unidades.parquet,ok
UNIT_B25AEE2D3E,Torre Nápoles,departamento flat,vendido,214860.62,40.16,5350.12,real_source:unidades.parquet,ok
UNIT_125BB41242,Edificio Urbanzen,estacionamiento simple,entregado,46700.0,12.0,3891.67,real_source:unidades.parquet,ok
UNIT_E7331090C1,Modena,estacionamiento simple,disponible,0.0,12.5,0.0,real_source:unidades.parquet,ok
UNIT_63DCD5AC28,Alicanto,estacionamiento simple,disponible,0.0,12.5,0.0,real_source:unidades.parquet,ok
UNIT_5A23AB5C00,Alicanto,departamento flat,vendido,499000.0,81.0,6160.49,real_source:unidades.parquet,ok
UNIT_5B1C31771E,Edificio Unique,departamento flat,disponible,0.0,68.19,0.0,real_source:unidades.parquet,ok
UNIT_0BF4E991F1,Edificio Unique,departamento flat,disponible,0.0,86.13,0.0,real_source:unidades.parquet,ok
UNIT_BEB48EFFB5,Sialia,departamento flat,proceso de separación,426132.0,66.75,6384.0,real_source:unidades.parquet,ok
UNIT_72F9B6B325,Tizón y Bueno,estacionamiento simple,vendido,45661.0,12.73,3586.88,real_source:unidades.parquet,ok
UNIT_FEE3B3E055,Matera,departamento flat,disponible,0.0,65.91,0.0,real_source:unidades.parquet,ok
UNIT_B1AA5B8C52,Matera,departamento flat,disponible,0.0,67.98,0.0,real_source:unidades.parquet,ok
UNIT_F37E943FFC,Matera,departamento flat,vendido,385986.0,56.75,6801.52,real_source:unidades.parquet,ok
UNIT_C89E3CD776,Modena,departamento flat,vendido,268830.0,40.09,6705.66,real_source:unidades.parquet,ok
UNIT_34358447BD,Fenix,departamento flat,disponible,0.0,67.78,0.0,real_source:unidades.parquet,ok
UNIT_CA17DDA84B,Alicanto,departamento flat,vendido,331100.0,52.61,6293.48,real_source:unidades.parquet,ok
UNIT_558C3910BE,Capadocia,departamento flat,proceso de separación,395270.83,54.12,7303.6,real_source:unidades.parquet,ok
UNIT_BC9F49E32F,Torre Nápoles,departamento flat,disponible,0.0,40.07,0.0,real_source:unidades.parquet,ok
UNIT_0702BA60D0,Modena,estacionamiento con depósito,disponible,0.0,16.45,0.0,real_source:unidades.parquet,ok
UNIT_43C1B3D111,Edificio Cuba Connect,estacionamiento simple,vendido,39330.0,15.9,2473.58,real_source:unidades.parquet,ok
UNIT_34001B78C6,Edificio Cuba Connect,estacionamiento simple,vendido,42600.0,15.9,2679.25,real_source:unidades.parquet,ok
UNIT_B6001DA6C2,Edificio Cuba Connect,estacionamiento simple,vendido,43200.0,16.65,2594.59,real_source:unidades.parquet,ok
UNIT_CD5742B3AD,Edificio Cuba Connect,estacionamiento simple,vendido,41400.0,15.75,2628.57,real_source:unidades.parquet,ok
UNIT_497F7A0E65,Edificio Cuba Connect,estacionamiento simple,vendido,42000.0,15.0,2800.0,real_source:unidades.parquet,ok
UNIT_2E33EE3626,Edificio Cuba Connect,estacionamiento simple,vendido,45100.0,14.04,3212.25,real_source:unidades.parquet,ok
UNIT_0B707EEA7A,Edificio Unique,departamento flat,disponible,0.0,76.61,0.0,real_source:unidades.parquet,ok
UNIT_CB5F99F176,Edificio Saenz,departamento flat,vendido,423300.0,74.92,5650.03,real_source:unidades.parquet,ok
UNIT_8A933E52B9,Edificio Cuba Connect,estacionamiento simple,vendido,37725.0,14.15,2666.08,real_source:unidades.parquet,ok
UNIT_5C189DB8A4,Edificio Santa Cruz Infinite,estacionamiento doble,vendido,100000.0,24.0,4166.67,real_source:unidades.parquet,ok
UNIT_89A788C85F,Edificio Cuba Connect,estacionamiento simple,vendido,43050.0,16.65,2585.59,real_source:unidades.parquet,ok
UNIT_0B75104077,Edificio Santa Cruz Infinite,estacionamiento simple,vendido,39600.0,13.5,2933.33,real_source:unidades.parquet,ok
UNIT_5B0EA5F8F6,Edificio Cuba Connect,estacionamiento simple,vendido,39795.0,15.0,2653.0,real_source:unidades.parquet,ok
UNIT_4BA56EEA1A,Edificio Santa Cruz Infinite,estacionamiento simple,vendido,48000.0,13.5,3555.56,real_source:unidades.parquet,ok
UNIT_D39EF559C7,Edificio Santa Cruz Infinite,estacionamiento simple,vendido,42600.0,12.12,3514.85,real_source:unidades.parquet,ok
UNIT_26DBA2E77C,Edificio Cuba Connect,depósito,vendido,6595.0,1.74,3790.23,real_source:unidades.parquet,ok
UNIT_D2A774D5ED,Edificio Cuba Connect,depósito,vendido,14364.0,4.07,3529.24,real_source:unidades.parquet,ok
UNIT_F127328124,Edificio Santa Cruz Infinite,estacionamiento simple,vendido,47375.0,13.38,3540.73,real_source:unidades.parquet,ok
UNIT_682BB140F4,Edificio Cuba Connect,depósito,vendido,6960.0,1.74,4000.0,real_source:unidades.parquet,ok
UNIT_C4A37EAFBB,Matera,departamento flat,proceso de separación,571873.04,70.88,8068.19,real_source:unidades.parquet,ok
UNIT_5A6BCC5463,Edificio Santa Cruz Infinite,estacionamiento simple,vendido,42750.0,15.66,2729.89,real_source:unidades.parquet,ok
UNIT_D0379324DC,Edificio Santa Cruz Infinite,estacionamiento simple,vendido,41400.0,12.63,3277.91,real_source:unidades.parquet,ok
UNIT_FF1965EC5A,Edificio Saenz,departamento flat,vendido,463760.0,85.64,5415.23,real_source:unidades.parquet,ok
UNIT_9E0E8502AB,Edificio Santa Cruz Infinite,estacionamiento simple,vendido,46000.0,14.0,3285.71,real_source:unidades.parquet,ok
UNIT_42778B5A70,Modena,departamento flat,disponible,0.0,40.09,0.0,real_source:unidades.parquet,ok
UNIT_FB199E0103,Capadocia,departamento flat,proceso de separación,333717.15,40.13,8315.9,real_source:unidades.parquet,ok
UNIT_0A499F3AAF,Edificio Santa Cruz Infinite,estacionamiento simple,vendido,44000.0,15.75,2793.65,real_source:unidades.parquet,ok
UNIT_FC6453C059,Torre Nápoles,departamento flat,no disponible,0.0,30.17,0.0,real_source:unidades.parquet,ok
UNIT_F0941F5B18,Edificio Cuba Connect,departamento flat,vendido,571540.0,84.05,6800.0,real_source:unidades.parquet,ok
UNIT_AF64D849C9,Edificio Unique,departamento flat,disponible,0.0,76.61,0.0,real_source:unidades.parquet,ok
UNIT_A16E770D5A,Edificio Cuba Connect,departamento flat,vendido,555101.2,77.56,7157.06,real_source:unidades.parquet,ok
UNIT_5AA51C9D22,Tizón y Bueno,departamento flat,vendido,322514.0,50.9,6336.23,real_source:unidades.parquet,ok
UNIT_D84D0B6DBF,Edificio Cuba Connect,estacionamiento simple,vendido,42750.0,12.95,3301.16,real_source:unidades.parquet,ok
UNIT_1CB1AD36ED,Edificio Cuba Connect,estacionamiento simple,vendido,46500.0,12.75,3647.06,real_source:unidades.parquet,ok
UNIT_BC90D8F294,Edificio Cuba Connect,estacionamiento simple,vendido,47375.0,15.9,2979.56,real_source:unidades.parquet,ok
UNIT_DE24F5BBFC,Edificio Santa Cruz Infinite,departamento flat,vendido,529200.0,71.85,7365.34,real_source:unidades.parquet,ok
UNIT_7866389C6A,Edificio Cuba Connect,estacionamiento simple,vendido,42750.0,15.9,2688.68,real_source:unidades.parquet,ok
UNIT_8C65E87DB4,Matera,departamento flat,disponible,0.0,41.82,0.0,real_source:unidades.parquet,ok
UNIT_5D8659BA77,Edificio Cuba Connect,estacionamiento simple,vendido,45000.0,15.75,2857.14,real_source:unidades.parquet,ok
UNIT_B425922A51,Edificio Cuba Connect,estacionamiento simple,vendido,45000.0,16.65,2702.7,real_source:unidades.parquet,ok
UNIT_DB843EE24D,Matera,departamento flat,disponible,0.0,56.51,0.0,real_source:unidades.parquet,ok
UNIT_73A4E5ED1D,Modena,departamento flat,disponible,0.0,40.09,0.0,real_source:unidades.parquet,ok
UNIT_AB1C4F142C,Matera,estacionamiento con depósito,disponible,0.0,14.44,0.0,real_source:unidades.parquet,ok
UNIT_185923562F,Edificio Santa Cruz Infinite,departamento flat,vendido,486200.0,71.27,6821.94,real_source:unidades.parquet,ok
UNIT_95769F8A54,Capadocia,depósito,disponible,0.0,6.5,0.0,real_source:unidades.parquet,ok
UNIT_136FDFD708,Capadocia,estacionamiento con depósito,no disponible,0.0,14.4,0.0,real_source:unidades.parquet,ok
UNIT_8DB357D5E5,Torre Nápoles,departamento flat,disponible,0.0,40.12,0.0,real_source:unidades.parquet,ok
UNIT_38AACFA2FA,Sialia,departamento flat,vendido,437457.9,69.77,6270.0,real_source:unidades.parquet,ok
UNIT_1AF2AE947B,Sialia,estacionamiento simple,disponible,0.0,14.82,0.0,real_source:unidades.parquet,ok
UNIT_5804EAAC2B,Edificio Unique,departamento duplex,disponible,0.0,153.95,0.0,real_source:unidades.parquet,ok
UNIT_BDE3869050,Edificio Cuba Connect,estacionamiento simple,vendido,45100.0,12.3,3666.67,real_source:unidades.parquet,ok
UNIT_33C6002697,Edificio Cuba Connect,depósito,vendido,14960.0,3.74,4000.0,real_source:unidades.parquet,ok
UNIT_EBEF602317,Torre Nápoles,departamento flat,disponible,0.0,57.04,0.0,real_source:unidades.parquet,ok
UNIT_AD0901770B,Edificio Cuba Connect,estacionamiento simple,vendido,43050.0,15.0,2870.0,real_source:unidades.parquet,ok
UNIT_4F117EB31B,Edificio Cuba Connect,depósito,vendido,14364.0,4.07,3529.24,real_source:unidades.parquet,ok
UNIT_9236357298,Edificio Cuba Connect,depósito,vendido,13061.0,3.82,3419.11,real_source:unidades.parquet,ok
UNIT_A64FEEA615,Edificio Santa Cruz Infinite,departamento flat,vendido,533800.0,70.85,7534.23,real_source:unidades.parquet,ok
UNIT_63FF883A85,Edificio Cuba Connect,depósito,vendido,15498.0,3.78,4100.0,real_source:unidades.parquet,ok
UNIT_B550E8ADC5,Fenix,departamento flat,vendido,312507.25,51.01,6126.39,real_source:unidades.parquet,ok
UNIT_CB7BD40365,Edificio Santa Cruz Infinite,departamento flat,vendido,467700.0,70.52,6632.16,real_source:unidades.parquet,ok
UNIT_E208497040,Capadocia,estacionamiento con depósito,proceso de separación,65679.0,14.9,4407.99,real_source:unidades.parquet,ok
UNIT_5B8A64809E,Sialia,departamento flat,no disponible,0.0,66.75,0.0,real_source:unidades.parquet,ok
UNIT_52372875D2,Sialia,departamento flat,proceso de venta,359291.0,65.66,5471.99,real_source:unidades.parquet,ok
UNIT_61979FFE9F,Matera,departamento flat,disponible,0.0,40.0,0.0,real_source:unidades.parquet,ok
UNIT_B15527E038,Modena,departamento flat,disponible,0.0,73.02,0.0,real_source:unidades.parquet,ok
UNIT_65ED9AE6E6,Alicanto,estacionamiento simple,proceso de separación,48708.0,13.5,3608.0,real_source:unidades.parquet,ok
UNIT_74726734C6,Alicanto,estacionamiento simple,vendido,49200.0,12.5,3936.0,real_source:unidades.parquet,ok
UNIT_406D15C295,Edificio Saenz,estacionamiento simple,vendido,39100.0,12.36,3163.43,real_source:unidades.parquet,ok
UNIT_77DCF1695C,Capadocia,departamento flat,vendido,362558.71,50.29,7209.36,real_source:unidades.parquet,ok
UNIT_CBA8615F09,Torre Nápoles,departamento flat,disponible,0.0,57.04,0.0,real_source:unidades.parquet,ok
UNIT_13543C9FF7,Torre Nápoles,departamento flat,disponible,0.0,40.12,0.0,real_source:unidades.parquet,ok
UNIT_7F0E9F6AF3,Modena,departamento flat,vendido,486888.81,72.2,6743.61,real_source:unidades.parquet,ok
UNIT_2C3D99872C,Edificio Santa Cruz Infinite,departamento flat,vendido,435300.0,71.27,6107.76,real_source:unidades.parquet,ok
UNIT_B7CFBB5DD7,Matera,estacionamiento simple,disponible,0.0,12.5,0.0,real_source:unidades.parquet,ok
UNIT_FF34BFCF74,Fenix,departamento duplex,vendido,700000.0,115.5,6060.61,real_source:unidades.parquet,ok
UNIT_21E53C5FF4,Torre Nápoles,departamento flat,disponible,0.0,40.09,0.0,real_source:unidades.parquet,ok
UNIT_EA48EA4700,Edificio Urbanzen,departamento flat,entregado,645012.0,81.0,7963.11,real_source:unidades.parquet,ok
UNIT_949A903CCB,Alicanto,estacionamiento simple,proceso de separación,46904.0,13.0,3608.0,real_source:unidades.parquet,ok
UNIT_B100BCD218,Sialia,estacionamiento con depósito,vendido,57600.0,15.2,3789.47,real_source:unidades.parquet,ok
UNIT_363AF64431,Modena,departamento flat,proceso de separación,516374.0,73.57,7018.81,real_source:unidades.parquet,ok
UNIT_6214C949C0,Alicanto,estacionamiento simple,proceso de separación,47000.0,12.5,3760.0,real_source:unidades.parquet,ok
UNIT_68D00D062F,Capadocia,departamento flat,disponible,0.0,54.12,0.0,real_source:unidades.parquet,ok
UNIT_9D6765E216,Edificio Santa Cruz Infinite,estacionamiento simple,no disponible,0.0,13.5,0.0,real_source:unidades.parquet,ok
UNIT_32BDBDB149,Torre Nápoles,departamento flat,proceso de separación,369810.0,65.49,5646.82,real_source:unidades.parquet,ok
UNIT_A9F26860A9,Edificio Saenz,departamento flat,vendido,415106.0,78.73,5272.53,real_source:unidades.parquet,ok
UNIT_4F0BDD43AB,Matera,departamento duplex,disponible,0.0,112.33,0.0,real_source:unidades.parquet,ok
UNIT_41F0AE18AA,Edificio Santa Cruz Infinite,departamento flat,vendido,455000.0,72.76,6253.44,real_source:unidades.parquet,ok
UNIT_8DDEE8A1AA,Edificio Santa Cruz Infinite,departamento flat,vendido,448800.0,71.27,6297.18,real_source:unidades.parquet,ok
UNIT_C9023AB957,Matera,estacionamiento simple,proceso de separación,37925.0,12.5,3034.0,real_source:unidades.parquet,ok
UNIT_661B4C7C55,Modena,departamento flat,vendido,410000.0,53.02,7732.93,real_source:unidades.parquet,ok
UNIT_3535F372AB,Modena,departamento flat,vendido,421512.3,54.67,7710.12,real_source:unidades.parquet,ok
UNIT_9072169692,Fenix,departamento flat,vendido,378000.0,67.05,5637.58,real_source:unidades.parquet,ok
UNIT_E1C0FAE0F9,Alicanto,departamento flat,vendido,262900.0,40.02,6569.22,real_source:unidades.parquet,ok
UNIT_F22D5E5BB1,Fenix,estacionamiento simple,vendido,50000.0,14.7,3401.36,real_source:unidades.parquet,ok
UNIT_750A1D7824,Alicanto,departamento flat,vendido,340000.0,53.96,6300.96,real_source:unidades.parquet,ok
UNIT_DC6015EC16,Sialia,departamento flat,vendido,413449.5,66.75,6194.0,real_source:unidades.parquet,ok
UNIT_5E8DC84A7F,Fenix,departamento flat,proceso de separación,350000.0,67.05,5219.99,real_source:unidades.parquet,ok
UNIT_3285B6B442,Matera,departamento flat,proceso de separación,345820.5,40.2,8602.5,real_source:unidades.parquet,ok
UNIT_56682C7C5D,Edificio Santa Cruz Infinite,estacionamiento doble,no disponible,0.0,24.0,0.0,real_source:unidades.parquet,ok
UNIT_B0FA02DD1B,Edificio Cuba Connect,departamento flat,vendido,584920.0,83.56,7000.0,real_source:unidades.parquet,ok
UNIT_7C02B26E9C,Capadocia,departamento flat,disponible,0.0,69.59,0.0,real_source:unidades.parquet,ok
UNIT_12DF744944,Edificio Santa Cruz Infinite,estacionamiento simple,vendido,47150.0,13.0,3626.92,real_source:unidades.parquet,ok
UNIT_C36632D9F2,Matera,estacionamiento simple,disponible,0.0,12.5,0.0,real_source:unidades.parquet,ok
UNIT_EB4ABD2B1D,Torre Nápoles,depósito,disponible,0.0,2.7,0.0,real_source:unidades.parquet,ok
UNIT_CB630FE1B9,Edificio Santa Cruz Infinite,estacionamiento simple,vendido,49200.0,12.12,4059.41,real_source:unidades.parquet,ok
UNIT_4E4650F613,Edificio Santa Cruz Infinite,estacionamiento simple,vendido,39330.0,13.64,2883.43,real_source:unidades.parquet,ok
UNIT_2C9BC7DC30,Edificio Santa Cruz Infinite,departamento flat,vendido,429400.0,71.85,5976.34,real_source:unidades.parquet,ok
UNIT_D949253DD8,Edificio Santa Cruz Infinite,departamento flat,vendido,470060.0,72.76,6460.42,real_source:unidades.parquet,ok
UNIT_894DA4BA97,Edificio Santa Cruz Infinite,estacionamiento simple,vendido,50000.0,13.64,3665.69,real_source:unidades.parquet,ok
UNIT_3434E22B48,Edificio Santa Cruz Infinite,estacionamiento simple,vendido,48000.0,12.0,4000.0,real_source:unidades.parquet,ok
UNIT_491AC82D20,Fenix,departamento flat,vendido,357474.0,56.67,6307.99,real_source:unidades.parquet,ok
UNIT_F77E3F0DB8,Capadocia,estacionamiento simple,vendido,48222.0,13.5,3572.0,real_source:unidades.parquet,ok
UNIT_649C490627,Edificio Santa Cruz Infinite,estacionamiento simple,vendido,46000.0,13.64,3372.43,real_source:unidades.parquet,ok
UNIT_2FC41DC8FB,Alicanto,departamento flat,vendido,244559.0,40.02,6110.92,real_source:unidades.parquet,ok
UNIT_FE70233E8C,Edificio Santa Cruz Infinite,depósito,vendido,6105.0,1.79,3410.61,real_source:unidades.parquet,ok
UNIT_F5A6327427,Edificio Saenz,departamento flat,vendido,463300.0,78.73,5884.67,real_source:unidades.parquet,ok
UNIT_A3C54C8A47,Los Jardines de Urteaga,departamento duplex,vendido,997930.0,187.89,5311.25,real_source:unidades.parquet,ok
UNIT_3DB93B2E7A,Edificio Santa Cruz Infinite,departamento flat,vendido,435300.0,71.27,6107.76,real_source:unidades.parquet,ok
UNIT_94C9EB7996,Edificio Saenz,estacionamiento simple,vendido,39330.0,12.59,3123.91,real_source:unidades.parquet,ok
UNIT_E17206B388,Edificio Santa Cruz Infinite,depósito,vendido,8938.0,2.18,4100.0,real_source:unidades.parquet,ok
UNIT_59C99950FA,Edificio Cuba Connect,departamento flat,vendido,579012.0,77.56,7465.34,real_source:unidades.parquet,ok
UNIT_BAE337A0C4,Tizón y Bueno,departamento flat,proceso de entrega,414700.0,71.77,5778.18,real_source:unidades.parquet,ok
UNIT_3DBED20F93,Edificio Santa Cruz Infinite,departamento flat,vendido,536500.0,71.85,7466.95,real_source:unidades.parquet,ok
UNIT_981A0C6C4D,Torre Nápoles,depósito,disponible,0.0,2.6,0.0,real_source:unidades.parquet,ok
UNIT_76018DF586,Edificio Santa Cruz Infinite,estacionamiento simple,vendido,51000.0,13.64,3739.0,real_source:unidades.parquet,ok
UNIT_02F61D0326,Fenix,departamento flat,vendido,460000.0,67.05,6860.55,real_source:unidades.parquet,ok
UNIT_01F7C339E3,Edificio Santa Cruz Infinite,estacionamiento simple,vendido,47150.0,13.5,3492.59,real_source:unidades.parquet,ok
UNIT_79A656E355,Edificio Cuba Connect,estacionamiento simple,vendido,46000.0,14.15,3250.88,real_source:unidades.parquet,ok
UNIT_8B3E292605,Sialia,departamento flat,proceso de separación,510000.0,70.64,7219.71,real_source:unidades.parquet,ok
UNIT_B11C5D28B5,Edificio Mariategui,departamento flat,vendido,469771.0,75.0,6263.61,real_source:unidades.parquet,ok
UNIT_3EA2AEB927,Matera,departamento flat,proceso de separación,310000.0,41.82,7412.72,real_source:unidades.parquet,ok
UNIT_5A0D0B92F3,Fenix,estacionamiento con depósito,vendido,57100.0,15.05,3794.02,real_source:unidades.parquet,ok
UNIT_D3AD1DC758,Matera,departamento flat,disponible,0.0,41.82,0.0,real_source:unidades.parquet,ok
UNIT_E3FEAA1FAB,Matera,departamento flat,disponible,0.0,56.51,0.0,real_source:unidades.parquet,ok
UNIT_7B3A83AF62,Edificio Saenz,departamento flat,vendido,519000.0,85.64,6060.25,real_source:unidades.parquet,ok
UNIT_3879A7AB29,Modena,departamento flat,disponible,0.0,40.09,0.0,real_source:unidades.parquet,ok
UNIT_AE875AC621,Edificio Saenz,estacionamiento simple,vendido,42950.0,13.26,3239.06,real_source:unidades.parquet,ok
UNIT_113BB24A93,Los Jardines de Urteaga,estacionamiento simple,vendido,34200.0,12.5,2736.0,real_source:unidades.parquet,ok
UNIT_E46BF54B57,Los Jardines de Urteaga,estacionamiento simple,vendido,41040.0,11.0,3730.91,real_source:unidades.parquet,ok
UNIT_594AF8DF8C,Los Jardines de Urteaga,estacionamiento simple,vendido,41040.0,12.5,3283.2,real_source:unidades.parquet,ok
UNIT_E883491919,Edificio Saenz,departamento flat,vendido,583060.0,78.26,7450.29,real_source:unidades.parquet,ok
UNIT_CB65BEBFD5,Modena,estacionamiento simple,vendido,45600.0,12.5,3648.0,real_source:unidades.parquet,ok
UNIT_F1B2653BBC,Alicanto,depósito,vendido,8000.0,3.2,2500.0,real_source:unidades.parquet,ok
UNIT_1C1264A8A3,Edificio Saenz,departamento flat,vendido,607917.0,78.73,7721.54,real_source:unidades.parquet,ok
UNIT_1E1E62F663,Edificio Saenz,departamento flat,vendido,466300.0,81.69,5708.17,real_source:unidades.parquet,ok
UNIT_4877C8780D,Edificio Saenz,estacionamiento simple,vendido,39330.0,13.5,2913.33,real_source:unidades.parquet,ok
UNIT_F04A92D5BE,Edificio Saenz,estacionamiento simple,vendido,35910.0,12.36,2905.34,real_source:unidades.parquet,ok
UNIT_B03A3EF05B,Edificio Saenz,estacionamiento simple,vendido,34200.0,15.12,2261.9,real_source:unidades.parquet,ok
UNIT_E6F4F76E59,Sialia,departamento flat,disponible,0.0,70.64,0.0,real_source:unidades.parquet,ok
UNIT_0E3CDF3965,Alicanto,departamento flat,vendido,338588.0,52.61,6435.81,real_source:unidades.parquet,ok
UNIT_F99F92EFF1,Matera,departamento flat,proceso de separación,636755.0,77.4,8226.81,real_source:unidades.parquet,ok
UNIT_7E1A922F9E,Sialia,departamento flat,proceso de separación,507336.48,70.64,7182.0,real_source:unidades.parquet,ok
UNIT_9AC019A960,Fenix,departamento flat,vendido,486885.0,70.72,6884.69,real_source:unidades.parquet,ok
UNIT_D16A169348,Alicanto,departamento flat,vendido,465200.0,80.37,5788.23,real_source:unidades.parquet,ok
UNIT_AEE2AC97AC,Edificio Cuba Connect,estacionamiento simple,vendido,48000.0,15.0,3200.0,real_source:unidades.parquet,ok
UNIT_3BF699B080,Edificio Cuba Connect,estacionamiento simple,vendido,45480.0,12.95,3511.97,real_source:unidades.parquet,ok
UNIT_ED56427239,Edificio Santa Cruz Infinite,departamento flat,vendido,483835.0,72.76,6649.74,real_source:unidades.parquet,ok
UNIT_45E686D97F,Torre Nápoles,departamento flat,disponible,0.0,57.06,0.0,real_source:unidades.parquet,ok
UNIT_DB8ED3EC84,Edificio Santa Cruz Infinite,departamento flat,vendido,457700.0,70.52,6490.36,real_source:unidades.parquet,ok
UNIT_9435F0B0DD,Edificio Cuba Connect,departamento flat,vendido,563389.0,84.05,6703.02,real_source:unidades.parquet,ok
UNIT_610982A03E,Edificio Cuba Connect,estacionamiento simple,vendido,45480.0,14.15,3214.13,real_source:unidades.parquet,ok
UNIT_7070525A60,Edificio Cuba Connect,estacionamiento simple,vendido,45480.0,14.15,3214.13,real_source:unidades.parquet,ok
UNIT_215B5E79E1,Matera,departamento flat,disponible,0.0,53.93,0.0,real_source:unidades.parquet,ok
UNIT_2859952F41,Edificio Saenz,departamento flat,vendido,494900.0,85.64,5778.84,real_source:unidades.parquet,ok
UNIT_1FEB4C22B8,Edificio Saenz,departamento flat,vendido,471300.0,81.69,5769.37,real_source:unidades.parquet,ok
UNIT_C6AC05B498,Modena,estacionamiento con depósito,disponible,0.0,17.2,0.0,real_source:unidades.parquet,ok
UNIT_5D6C2715E1,Edificio Saenz,estacionamiento simple,vendido,42585.0,12.36,3445.39,real_source:unidades.parquet,ok
UNIT_9A382F28A5,Tizón y Bueno,departamento flat,vendido,539000.0,74.63,7222.3,real_source:unidades.parquet,ok
UNIT_62A8292BCA,Matera,departamento flat,vendido,268516.62,40.02,6709.56,real_source:unidades.parquet,ok
UNIT_4C53CDB432,Edificio Cuba Connect,departamento flat,vendido,523155.5,78.67,6650.0,real_source:unidades.parquet,ok
UNIT_D66A731927,Capadocia,departamento flat,disponible,0.0,63.07,0.0,real_source:unidades.parquet,ok
UNIT_9DBE9BB007,Matera,departamento flat,vendido,459502.73,71.08,6464.59,real_source:unidades.parquet,ok
UNIT_F2BB8B96E9,Sialia,departamento flat,vendido,335378.12,57.31,5852.0,real_source:unidades.parquet,ok
UNIT_325B616F4E,Edificio Cuba Connect,departamento flat,vendido,523155.5,78.67,6650.0,real_source:unidades.parquet,ok
UNIT_D684EDB40C,Capadocia,departamento flat,disponible,0.0,78.63,0.0,real_source:unidades.parquet,ok
UNIT_24D80B467C,Modena,departamento flat,disponible,0.0,53.02,0.0,real_source:unidades.parquet,ok
UNIT_463D7F567A,Edificio Cuba Connect,estacionamiento simple,vendido,44000.0,17.69,2487.28,real_source:unidades.parquet,ok
UNIT_4E13D36D6F,Edificio Cuba Connect,departamento flat,vendido,550000.0,83.41,6593.93,real_source:unidades.parquet,ok
UNIT_39FFBEAC6A,Torre Nápoles,departamento flat,disponible,0.0,40.16,0.0,real_source:unidades.parquet,ok
UNIT_FA4AFA9863,Torre Nápoles,departamento flat,vendido,223758.98,40.12,5577.24,real_source:unidades.parquet,ok
UNIT_9BB908FFDA,Modena,departamento duplex,disponible,0.0,87.76,0.0,real_source:unidades.parquet,ok
UNIT_FA8B4EA481,Torre Nápoles,departamento flat,disponible,0.0,65.81,0.0,real_source:unidades.parquet,ok
UNIT_76704A234D,Torre Nápoles,departamento flat,disponible,0.0,57.04,0.0,real_source:unidades.parquet,ok
UNIT_AB476C33FC,Tizón y Bueno,departamento flat,vendido,390703.97,65.54,5961.31,real_source:unidades.parquet,ok
UNIT_5462AD6DAF,Tizón y Bueno,departamento flat,vendido,505500.0,71.18,7101.71,real_source:unidades.parquet,ok
UNIT_5B1F6D462F,Capadocia,estacionamiento simple,no disponible,0.0,13.5,0.0,real_source:unidades.parquet,ok
UNIT_9F345D11D4,Edificio Santa Cruz Infinite,estacionamiento simple,vendido,35000.0,15.75,2222.22,real_source:unidades.parquet,ok
UNIT_45F4A11D31,Edificio Saenz,estacionamiento simple,proceso de venta,35700.0,12.36,2888.35,real_source:unidades.parquet,ok
UNIT_708103B7CF,Edificio Saenz,estacionamiento simple,disponible,0.0,15.12,0.0,real_source:unidades.parquet,ok
UNIT_BEBE6630E1,Alicanto,departamento flat,proceso de separación,290000.0,40.02,7246.38,real_source:unidades.parquet,ok
UNIT_3A5142EB6E,Sialia,estacionamiento simple,no disponible,0.0,14.28,0.0,real_source:unidades.parquet,ok
UNIT_B7027F2E8E,Edificio Santa Cruz Infinite,departamento flat,vendido,385400.0,70.85,5439.66,real_source:unidades.parquet,ok
UNIT_4277065487,Edificio Saenz,estacionamiento simple,vendido,37275.0,12.36,3015.78,real_source:unidades.parquet,ok
UNIT_6961F98988,Sialia,departamento duplex,disponible,0.0,87.49,0.0,real_source:unidades.parquet,ok
UNIT_5D1490C207,Fenix,estacionamiento con depósito,disponible,0.0,21.24,0.0,real_source:unidades.parquet,ok
UNIT_8DBEFF7DB5,Edificio Saenz,estacionamiento simple,vendido,45000.0,12.33,3649.64,real_source:unidades.parquet,ok
UNIT_9B39847BB5,Edificio Saenz,estacionamiento simple,vendido,39000.0,12.08,3228.48,real_source:unidades.parquet,ok
UNIT_2765D61FD5,Fenix,departamento flat,vendido,361964.0,57.89,6252.62,real_source:unidades.parquet,ok
UNIT_940899C289,Edificio Saenz,estacionamiento simple,vendido,39100.0,14.11,2771.08,real_source:unidades.parquet,ok
UNIT_269500E143,Edificio Santa Cruz Infinite,estacionamiento simple,vendido,46000.0,12.12,3795.38,real_source:unidades.parquet,ok
UNIT_E53F8B9C1F,Modena,departamento flat,vendido,523000.0,75.73,6906.11,real_source:unidades.parquet,ok
UNIT_1BCBE0BBD5,Alicanto,departamento flat,vendido,259876.0,40.02,6493.65,real_source:unidades.parquet,ok
UNIT_B4C255030D,Edificio Saenz,departamento flat,vendido,386100.0,78.73,4904.1,real_source:unidades.parquet,ok
UNIT_2524116AE3,Edificio Saenz,departamento flat,vendido,470900.0,85.64,5498.6,real_source:unidades.parquet,ok
UNIT_68395983A3,Edificio Santa Cruz Infinite,estacionamiento simple,no disponible,0.0,12.0,0.0,real_source:unidades.parquet,ok
UNIT_7898DCAB38,Matera,departamento flat,vendido,454520.0,71.08,6394.49,real_source:unidades.parquet,ok
UNIT_642D4752D3,Edificio Santa Cruz Infinite,departamento flat,vendido,516100.0,70.52,7318.49,real_source:unidades.parquet,ok
UNIT_75BBBD6120,Edificio Saenz,departamento flat,vendido,419600.0,81.69,5136.49,real_source:unidades.parquet,ok
UNIT_62AA7B3142,Tizón y Bueno,departamento flat,vendido,373470.0,57.64,6479.35,real_source:unidades.parquet,ok
UNIT_F66E25E8EA,Fenix,departamento flat,separado,456248.6,67.37,6772.28,real_source:unidades.parquet,ok
UNIT_92D0E2D6AA,Edificio Santa Cruz Infinite,departamento flat,proceso de separación,497700.0,91.43,5443.51,real_source:unidades.parquet,ok
UNIT_E5FDDCCC03,Sialia,departamento flat,vendido,331022.56,57.31,5776.0,real_source:unidades.parquet,ok
UNIT_CF05766F9E,Sialia,departamento flat,vendido,324000.0,48.95,6619.0,real_source:unidades.parquet,ok
UNIT_7B02C74D25,Sialia,departamento flat,disponible,0.0,65.71,0.0,real_source:unidades.parquet,ok
UNIT_C6DAEFFC8B,Matera,departamento flat,vendido,366500.0,54.94,6670.91,real_source:unidades.parquet,ok
UNIT_676C08756F,Edificio Cuba Connect,departamento flat,vendido,434887.0,78.67,5527.99,real_source:unidades.parquet,ok
UNIT_6120024F1B,Sialia,estacionamiento simple,proceso de venta,57000.0,14.26,3997.19,real_source:unidades.parquet,ok
UNIT_96E2AC62FD,Edificio Saenz,estacionamiento simple,proceso de separación,39100.0,13.65,2864.47,real_source:unidades.parquet,ok
UNIT_E84D7CCAEE,Tizón y Bueno,departamento flat,vendido,335000.0,56.21,5959.79,real_source:unidades.parquet,ok
UNIT_D25B215513,Edificio Santa Cruz Infinite,estacionamiento simple,no disponible,0.0,15.66,0.0,real_source:unidades.parquet,ok
UNIT_7409F0B9BF,Alicanto,departamento flat,vendido,331406.33,52.61,6299.3,real_source:unidades.parquet,ok
UNIT_C49E96FE70,Matera,estacionamiento simple,disponible,0.0,12.5,0.0,real_source:unidades.parquet,ok
UNIT_5670E873B3,Alicanto,estacionamiento simple,vendido,47150.0,12.5,3772.0,real_source:unidades.parquet,ok
UNIT_15F1AB3C45,Sialia,estacionamiento simple,proceso de separación,50000.0,12.5,4000.0,real_source:unidades.parquet,ok
UNIT_F7CE6C54A9,Modena,estacionamiento simple,disponible,0.0,13.5,0.0,real_source:unidades.parquet,ok
UNIT_1F483F7864,Edificio Santa Cruz Infinite,departamento flat,vendido,487392.0,70.52,6911.4,real_source:unidades.parquet,ok
UNIT_FAEAB7EA17,Edificio Cuba Connect,estacionamiento simple,vendido,45100.0,15.9,2836.48,real_source:unidades.parquet,ok
UNIT_9D3E0392CD,Edificio Cuba Connect,departamento flat,vendido,603254.4,83.41,7232.4,real_source:unidades.parquet,ok
UNIT_1EE4996113,Modena,estacionamiento simple,proceso de separación,52326.0,13.5,3876.0,real_source:unidades.parquet,ok
UNIT_C77E3B61DB,Sialia,estacionamiento con depósito,disponible,0.0,15.2,0.0,real_source:unidades.parquet,ok
UNIT_ADEE74756C,Torre Nápoles,departamento flat,disponible,0.0,55.48,0.0,real_source:unidades.parquet,ok
UNIT_0976407181,Torre Nápoles,departamento flat,disponible,0.0,68.65,0.0,real_source:unidades.parquet,ok
UNIT_9285FD7EE6,Fenix,estacionamiento con depósito,no disponible,0.0,15.05,0.0,real_source:unidades.parquet,ok
UNIT_85C9C090B5,Capadocia,estacionamiento simple,proceso de separación,38950.0,12.5,3116.0,real_source:unidades.parquet,ok
UNIT_3C10A91045,Matera,departamento flat,disponible,0.0,53.93,0.0,real_source:unidades.parquet,ok
UNIT_ABA2429BCE,Matera,estacionamiento simple,disponible,0.0,12.5,0.0,real_source:unidades.parquet,ok
UNIT_0F7AF7CDB7,Torre Nápoles,departamento flat,vendido,236280.0,40.12,5889.33,real_source:unidades.parquet,ok
UNIT_82B3CEA07E,Edificio Cuba Connect,departamento flat,vendido,601632.0,83.56,7200.0,real_source:unidades.parquet,ok
UNIT_8E40B19634,Edificio Cuba Connect,estacionamiento simple,vendido,45100.0,12.95,3482.63,real_source:unidades.parquet,ok
UNIT_251413D19D,Modena,departamento flat,vendido,407320.0,57.1,7133.45,real_source:unidades.parquet,ok
UNIT_A9FAF9BA18,Alicanto,departamento flat,proceso de separación,258132.0,40.02,6450.07,real_source:unidades.parquet,ok
UNIT_D5CB70C40C,Edificio Saenz,departamento flat,proceso de separación,393720.0,78.26,5030.92,real_source:unidades.parquet,ok
UNIT_3170663AB2,Torre Nápoles,departamento flat,vendido,369978.84,65.49,5649.39,real_source:unidades.parquet,ok
UNIT_B744A595D1,Sialia,departamento flat,proceso de venta,466347.0,70.64,6601.74,real_source:unidades.parquet,ok
UNIT_2C2E159084,Fenix,departamento flat,vendido,485434.44,67.78,7161.91,real_source:unidades.parquet,ok
UNIT_76F955F8BE,Edificio Santa Cruz Infinite,departamento duplex,vendido,826975.0,140.65,5879.67,real_source:unidades.parquet,ok
UNIT_707A565A9E,Edificio Cuba Connect,departamento flat,vendido,545246.8,77.56,7030.0,real_source:unidades.parquet,ok
UNIT_1F2039ED62,Torre Nápoles,departamento flat,vendido,365000.0,68.65,5316.82,real_source:unidades.parquet,ok
UNIT_5581EC04C0,Alicanto,departamento flat,disponible,0.0,69.49,0.0,real_source:unidades.parquet,ok
UNIT_E517BEEE3E,Matera,estacionamiento con depósito,disponible,0.0,16.0,0.0,real_source:unidades.parquet,ok
UNIT_BCB95432F7,Edificio Santa Cruz Infinite,estacionamiento simple,vendido,46000.0,12.63,3642.12,real_source:unidades.parquet,ok
UNIT_E64ED0B0AE,Matera,estacionamiento con depósito,vendido,50971.0,16.8,3033.99,real_source:unidades.parquet,ok
UNIT_5E157D70E3,Edificio Santa Cruz Infinite,estacionamiento simple,no disponible,0.0,12.63,0.0,real_source:unidades.parquet,ok
UNIT_9ECAC42571,Fenix,departamento flat,proceso de venta,560542.0,73.15,7662.91,real_source:unidades.parquet,ok
UNIT_122408E099,Matera,estacionamiento simple,disponible,0.0,13.5,0.0,real_source:unidades.parquet,ok
UNIT_5A3F1169E6,Sialia,departamento flat,disponible,0.0,69.99,0.0,real_source:unidades.parquet,ok
UNIT_B316FD6730,Capadocia,departamento flat,disponible,0.0,57.36,0.0,real_source:unidades.parquet,ok
UNIT_357FB12E84,Matera,departamento flat,disponible,0.0,55.29,0.0,real_source:unidades.parquet,ok
UNIT_92DBB59F0A,Fenix,estacionamiento con depósito,disponible,0.0,16.92,0.0,real_source:unidades.parquet,ok
UNIT_9156BEF153,Modena,departamento flat,vendido,590000.0,76.91,7671.3,real_source:unidades.parquet,ok
UNIT_B4BEFCB213,Tizón y Bueno,departamento flat,vendido,380000.0,50.9,7465.62,real_source:unidades.parquet,ok
UNIT_74A1617DC2,Capadocia,departamento flat,disponible,0.0,63.07,0.0,real_source:unidades.parquet,ok
UNIT_2D5C4E7DDB,Edificio Cuba Connect,departamento flat,vendido,600000.0,86.57,6930.81,real_source:unidades.parquet,ok
UNIT_E9C31C6160,Modena,departamento flat,disponible,0.0,49.01,0.0,real_source:unidades.parquet,ok
UNIT_CC57E85E35,Modena,departamento flat,vendido,268000.0,40.02,6696.65,real_source:unidades.parquet,ok
UNIT_EAEF5C47BA,Modena,departamento flat,disponible,0.0,72.2,0.0,real_source:unidades.parquet,ok
UNIT_F9D8BDB925,Modena,departamento flat,disponible,0.0,40.02,0.0,real_source:unidades.parquet,ok
UNIT_CAED756E5A,Fenix,estacionamiento con depósito,proceso de separación,61400.0,15.77,3893.47,real_source:unidades.parquet,ok
UNIT_CF663C3648,Alicanto,departamento flat,proceso de separación,512415.0,80.37,6375.7,real_source:unidades.parquet,ok
UNIT_6DA3009023,Alicanto,depósito,vendido,14563.0,3.85,3782.6,real_source:unidades.parquet,ok
UNIT_81971E2563,Matera,departamento flat,disponible,0.0,41.82,0.0,real_source:unidades.parquet,ok
UNIT_A3E1D4E164,Edificio Urbanzen,departamento flat,entregado,499750.87,70.08,7131.15,real_source:unidades.parquet,ok
UNIT_DA66D20E36,Capadocia,estacionamiento simple,no disponible,0.0,12.5,0.0,real_source:unidades.parquet,ok
UNIT_6C466B3387,Torre Nápoles,depósito,disponible,0.0,3.0,0.0,real_source:unidades.parquet,ok
UNIT_FA4A769783,Fenix,departamento flat,vendido,390000.0,67.05,5816.55,real_source:unidades.parquet,ok
UNIT_39CE0B72E9,Sialia,departamento flat,vendido,358039.19,65.71,5448.78,real_source:unidades.parquet,ok
UNIT_5374FC65BC,Fenix,estacionamiento con depósito,vendido,60000.0,16.07,3733.67,real_source:unidades.parquet,ok
UNIT_6FF3680A87,Tizón y Bueno,departamento flat,proceso de entrega,428400.0,57.64,7432.34,real_source:unidades.parquet,ok
UNIT_044DCFB9BF,Tizón y Bueno,departamento flat,vendido,674000.0,92.66,7273.9,real_source:unidades.parquet,ok
UNIT_1A2491378C,Tizón y Bueno,estacionamiento con depósito,disponible,0.0,18.74,0.0,real_source:unidades.parquet,ok
UNIT_54CCB50082,Sialia,estacionamiento simple,no disponible,0.0,12.4,0.0,real_source:unidades.parquet,ok
UNIT_512AA4E175,Alicanto,departamento flat,vendido,322500.0,52.61,6130.01,real_source:unidades.parquet,ok
UNIT_8EE4CDDBC7,Tizón y Bueno,estacionamiento con depósito,proceso de separación,52027.0,14.42,3607.98,real_source:unidades.parquet,ok
UNIT_D204065014,Capadocia,departamento flat,vendido,634000.0,78.12,8115.72,real_source:unidades.parquet,ok
UNIT_0BD6B12135,Capadocia,estacionamiento con depósito,no disponible,0.0,21.3,0.0,real_source:unidades.parquet,ok
UNIT_3BD2A0923D,Modena,departamento flat,disponible,0.0,72.47,0.0,real_source:unidades.parquet,ok
UNIT_0E8A8C5FFD,Sialia,departamento flat,vendido,298944.26,48.95,6107.14,real_source:unidades.parquet,ok
UNIT_956DCD0B8E,Edificio Cuba Connect,departamento flat,vendido,333000.0,49.17,6772.42,real_source:unidades.parquet,ok
UNIT_A1318DC093,Edificio Santa Cruz Infinite,departamento flat,vendido,436100.0,72.76,5993.68,real_source:unidades.parquet,ok
UNIT_43B0682ECC,Fenix,estacionamiento simple,vendido,49000.0,14.04,3490.03,real_source:unidades.parquet,ok
UNIT_85116C5B4E,Tizón y Bueno,departamento flat,vendido,465000.0,71.18,6532.73,real_source:unidades.parquet,ok
UNIT_4715769E8E,Modena,departamento flat,disponible,0.0,40.09,0.0,real_source:unidades.parquet,ok
UNIT_BC7C55E523,Torre Nápoles,departamento flat,no disponible,0.0,28.89,0.0,real_source:unidades.parquet,ok
UNIT_2C117C1403,Edificio Urbanzen,estacionamiento simple,proceso de separación,54900.0,13.25,4143.4,real_source:unidades.parquet,ok
UNIT_A5A9EC546B,Fenix,estacionamiento simple,proceso de separación,56700.0,14.18,3998.59,real_source:unidades.parquet,ok
UNIT_4B976CB7EB,Fenix,estacionamiento simple,vendido,54300.0,13.5,4022.22,real_source:unidades.parquet,ok
UNIT_F1FF80F9FF,Sialia,departamento flat,vendido,320000.11,48.95,6537.29,real_source:unidades.parquet,ok
UNIT_FDEF88E406,Sialia,departamento flat,proceso de separación,383990.0,69.99,5486.36,real_source:unidades.parquet,ok
UNIT_13E7540512,Sialia,estacionamiento simple,disponible,0.0,14.07,0.0,real_source:unidades.parquet,ok
UNIT_6416D7D7B3,Fenix,departamento flat,disponible,0.0,67.78,0.0,real_source:unidades.parquet,ok
UNIT_65C0B0F09D,Edificio Cuba Connect,departamento flat,vendido,570000.0,84.05,6781.68,real_source:unidades.parquet,ok
UNIT_940D278080,Capadocia,departamento flat,no disponible,0.0,66.87,0.0,real_source:unidades.parquet,ok
UNIT_52DFE3AF36,Matera,departamento flat,disponible,0.0,55.29,0.0,real_source:unidades.parquet,ok
UNIT_2071251C0E,Capadocia,departamento flat,disponible,0.0,69.79,0.0,real_source:unidades.parquet,ok
UNIT_17210488A6,Capadocia,departamento flat,disponible,0.0,50.29,0.0,real_source:unidades.parquet,ok
UNIT_860B13866D,Edificio Urbanzen,departamento flat,entregado,585000.0,70.08,8347.6,real_source:unidades.parquet,ok
UNIT_05D7074A2F,Fenix,departamento flat,vendido,352786.0,58.7,6009.98,real_source:unidades.parquet,ok
UNIT_9948C80402,Sialia,departamento flat,vendido,408856.0,66.75,6125.18,real_source:unidades.parquet,ok
UNIT_731600898B,Modena,departamento flat,disponible,0.0,48.64,0.0,real_source:unidades.parquet,ok
UNIT_A93A4EC9AB,Tizón y Bueno,estacionamiento con depósito,disponible,0.0,17.71,0.0,real_source:unidades.parquet,ok
UNIT_BE6A048A72,Alicanto,estacionamiento con depósito,proceso de venta,63000.0,15.5,4064.52,real_source:unidades.parquet,ok
UNIT_22759A925E,Tizón y Bueno,estacionamiento con depósito,proceso de separación,51316.0,14.9,3444.03,real_source:unidades.parquet,ok
UNIT_A08AB781D1,Edificio Cuba Connect,departamento flat,vendido,540000.0,78.67,6864.12,real_source:unidades.parquet,ok
UNIT_3F249C1072,Edificio Cuba Connect,departamento flat,vendido,629520.0,83.56,7533.75,real_source:unidades.parquet,ok
UNIT_B43F627092,Edificio Urbanzen,estacionamiento simple,entregado,46700.0,13.25,3524.53,real_source:unidades.parquet,ok
UNIT_B6360E1385,Edificio Urbanzen,departamento flat,disponible,0.0,74.98,0.0,real_source:unidades.parquet,ok
UNIT_537944677C,Edificio Saenz,departamento flat,vendido,497400.0,75.66,6574.15,real_source:unidades.parquet,ok
UNIT_5F0045409D,Edificio Urbanzen,estacionamiento simple,vendido,46375.0,13.25,3500.0,real_source:unidades.parquet,ok
UNIT_3E8310BF9D,Edificio Santa Cruz Infinite,estacionamiento simple,no disponible,0.0,13.64,0.0,real_source:unidades.parquet,ok
UNIT_E2DE60339B,Edificio Urbanzen,estacionamiento simple,proceso de separación,40000.0,12.5,3200.0,real_source:unidades.parquet,ok
UNIT_6F4AB7FA80,Capadocia,departamento flat,vendido,449229.83,65.15,6895.32,real_source:unidades.parquet,ok
UNIT_11361914ED,Sialia,departamento flat,vendido,395000.0,66.75,5917.6,real_source:unidades.parquet,ok
UNIT_0C5F6AE94A,Matera,departamento flat,disponible,0.0,77.4,0.0,real_source:unidades.parquet,ok
UNIT_52C6C8E078,Edificio Valdizan,departamento flat,vendido,619600.0,74.48,8319.01,real_source:unidades.parquet,ok
UNIT_14E2625C88,Alicanto,departamento duplex,disponible,0.0,105.39,0.0,real_source:unidades.parquet,ok
UNIT_6ACB6D2291,Modena,departamento flat,disponible,0.0,57.1,0.0,real_source:unidades.parquet,ok
UNIT_1708666883,Fenix,estacionamiento simple,no disponible,0.0,15.3,0.0,real_source:unidades.parquet,ok
UNIT_194A4BE88B,Tizón y Bueno,departamento flat,vendido,484302.0,74.63,6489.37,real_source:unidades.parquet,ok
UNIT_7E9F9EBD42,Tizón y Bueno,estacionamiento simple,proceso de separación,45661.0,12.73,3586.88,real_source:unidades.parquet,ok
UNIT_B1808CD7E9,Tizón y Bueno,estacionamiento con depósito,proceso de separación,49640.0,13.16,3772.04,real_source:unidades.parquet,ok
UNIT_7B058A5F45,Alicanto,departamento flat,proceso de separación,254960.56,40.02,6370.83,real_source:unidades.parquet,ok
UNIT_2970865EF1,Capadocia,departamento flat,disponible,0.0,87.73,0.0,real_source:unidades.parquet,ok
UNIT_6327EBD922,Capadocia,departamento flat,disponible,0.0,71.88,0.0,real_source:unidades.parquet,ok
UNIT_86B4EDFC19,Matera,departamento flat,vendido,490629.0,70.16,6993.0,real_source:unidades.parquet,ok
UNIT_64F292777F,Tizón y Bueno,departamento flat,vendido,347692.2,56.34,6171.32,real_source:unidades.parquet,ok
UNIT_958E43440D,Sialia,departamento flat,proceso de separación,405000.0,65.71,6163.45,real_source:unidades.parquet,ok
UNIT_3F29538231,Edificio Valdizan,estacionamiento simple,vendido,51250.0,13.5,3796.3,real_source:unidades.parquet,ok
UNIT_B028DB0231,Tizón y Bueno,depósito,disponible,0.0,4.23,0.0,real_source:unidades.parquet,ok
UNIT_5044820DAF,Edificio Valdizan,departamento flat,vendido,597000.0,74.02,8065.39,real_source:unidades.parquet,ok
UNIT_8BCDA19E34,Edificio Valdizan,estacionamiento simple,vendido,51250.0,13.0,3942.31,real_source:unidades.parquet,ok
UNIT_BBD8BAD6A8,Tizón y Bueno,estacionamiento con depósito,proceso de separación,43000.0,13.16,3267.48,real_source:unidades.parquet,ok
UNIT_AF168B941B,Modena,departamento flat,disponible,0.0,40.09,0.0,real_source:unidades.parquet,ok
UNIT_B613C6ABBB,Modena,departamento flat,vendido,357969.53,53.02,6751.59,real_source:unidades.parquet,ok
UNIT_1C5D531211,Modena,departamento flat,vendido,520000.0,75.73,6866.5,real_source:unidades.parquet,ok
UNIT_4E9FFB4A1A,Modena,departamento flat,disponible,0.0,72.91,0.0,real_source:unidades.parquet,ok
UNIT_65C4C7368C,Modena,departamento flat,disponible,0.0,57.1,0.0,real_source:unidades.parquet,ok
UNIT_DB33A77193,Edificio Cuba Connect,estacionamiento simple,vendido,43050.0,17.69,2433.58,real_source:unidades.parquet,ok
UNIT_770D79B035,Edificio Mariategui,local comercial,vendido,135918.29,41.81,3250.86,real_source:unidades.parquet,ok
UNIT_8CC03A5C13,Sialia,estacionamiento simple,no disponible,0.0,12.4,0.0,real_source:unidades.parquet,ok
UNIT_B905069811,Alicanto,departamento flat,vendido,258533.51,40.02,6460.11,real_source:unidades.parquet,ok
UNIT_0BCA2C6AE5,Capadocia,departamento flat,disponible,0.0,78.12,0.0,real_source:unidades.parquet,ok
UNIT_E1EB4A4EE2,Capadocia,departamento flat,disponible,0.0,54.12,0.0,real_source:unidades.parquet,ok
UNIT_597E974B44,Tizón y Bueno,departamento flat,vendido,340644.0,56.21,6060.2,real_source:unidades.parquet,ok
UNIT_C8E9F31567,Fenix,departamento flat,vendido,298395.0,52.35,5700.0,real_source:unidades.parquet,ok
UNIT_5465809544,Sialia,estacionamiento simple,no disponible,0.0,14.82,0.0,real_source:unidades.parquet,ok
UNIT_35BC26C39D,Sialia,estacionamiento con depósito,vendido,71100.0,17.78,3998.88,real_source:unidades.parquet,ok
UNIT_A951750952,Capadocia,departamento flat,disponible,0.0,73.96,0.0,real_source:unidades.parquet,ok
UNIT_698DBC6F7F,Edificio Mariategui,departamento flat,vendido,476736.0,75.0,6356.48,real_source:unidades.parquet,ok
UNIT_457891A5C2,Matera,departamento duplex,disponible,0.0,87.64,0.0,real_source:unidades.parquet,ok
UNIT_0AB7135544,Alicanto,departamento flat,vendido,328000.0,53.96,6078.58,real_source:unidades.parquet,ok
UNIT_98AE8E790B,Tizón y Bueno,estacionamiento con depósito,proceso de separación,51120.0,13.75,3717.82,real_source:unidades.parquet,ok
UNIT_F7F5140BA7,Capadocia,departamento flat,proceso de venta,470000.0,68.81,6830.4,real_source:unidades.parquet,ok
UNIT_C56B122FCD,Alicanto,departamento flat,vendido,518960.0,78.23,6633.77,real_source:unidades.parquet,ok
UNIT_2C1E379826,Fenix,departamento flat,vendido,409400.0,67.05,6105.89,real_source:unidades.parquet,ok
UNIT_04B87AC5F6,Matera,estacionamiento simple,disponible,0.0,12.5,0.0,real_source:unidades.parquet,ok
UNIT_10758C7574,Sialia,departamento flat,vendido,350100.72,65.71,5327.97,real_source:unidades.parquet,ok
UNIT_B958F04794,Fenix,estacionamiento simple,vendido,48900.0,12.24,3995.1,real_source:unidades.parquet,ok
UNIT_340597BD2E,Matera,departamento flat,disponible,0.0,68.18,0.0,real_source:unidades.parquet,ok
UNIT_8CF74B357F,Edificio Valdizan,departamento flat,vendido,570500.0,74.02,7707.38,real_source:unidades.parquet,ok
UNIT_AE61198393,Capadocia,departamento flat,disponible,0.0,66.87,0.0,real_source:unidades.parquet,ok
UNIT_7060A936A7,Matera,departamento flat,disponible,0.0,40.0,0.0,real_source:unidades.parquet,ok
UNIT_D74EA41DE6,Edificio Cuba Connect,estacionamiento simple,vendido,46000.0,14.15,3250.88,real_source:unidades.parquet,ok
UNIT_F2434AEAA5,Edificio Cuba Connect,departamento flat,vendido,564816.0,84.05,6720.0,real_source:unidades.parquet,ok
UNIT_5632645BC1,Edificio Mariategui,departamento flat,vendido,540000.0,78.9,6844.11,real_source:unidades.parquet,ok
UNIT_6A7BBF5B48,Alicanto,depósito,proceso de separación,15654.0,4.15,3772.05,real_source:unidades.parquet,ok
UNIT_F48C01AFDF,Alicanto,departamento flat,vendido,400000.0,69.49,5756.22,real_source:unidades.parquet,ok
UNIT_3D05DAD6A8,Matera,departamento flat,vendido,259000.0,36.39,7117.34,real_source:unidades.parquet,ok
UNIT_0D7F818141,Modena,departamento flat,proceso de venta,262200.0,40.21,6520.77,real_source:unidades.parquet,ok
UNIT_7B83B8B931,Capadocia,departamento duplex,disponible,0.0,138.7,0.0,real_source:unidades.parquet,ok
UNIT_A0F415AFD9,Edificio Santa Cruz Infinite,estacionamiento simple,vendido,45100.0,13.86,3253.97,real_source:unidades.parquet,ok
UNIT_1FC51969E6,Capadocia,departamento flat,disponible,0.0,69.59,0.0,real_source:unidades.parquet,ok
UNIT_50C62393C6,Edificio Santa Cruz Infinite,depósito,no disponible,0.0,1.79,0.0,real_source:unidades.parquet,ok
UNIT_A56969C245,Matera,departamento flat,disponible,0.0,77.4,0.0,real_source:unidades.parquet,ok
UNIT_1F45DBDC2F,Fenix,departamento flat,vendido,450000.0,72.11,6240.47,real_source:unidades.parquet,ok
UNIT_AC7A676A71,Capadocia,estacionamiento simple,disponible,0.0,12.5,0.0,real_source:unidades.parquet,ok
UNIT_0F9A8ABA12,Sialia,departamento flat,proceso de separación,360000.0,65.71,5478.62,real_source:unidades.parquet,ok
UNIT_732A7003CC,Modena,departamento flat,vendido,311993.0,47.87,6517.51,real_source:unidades.parquet,ok
UNIT_C8C20E3DDD,Capadocia,estacionamiento simple,no disponible,0.0,12.5,0.0,real_source:unidades.parquet,ok
UNIT_516C5AEB44,Modena,departamento flat,proceso de separación,340000.0,53.02,6412.67,real_source:unidades.parquet,ok
UNIT_772CB632A3,Sialia,estacionamiento simple,proceso de separación,55500.0,14.26,3892.01,real_source:unidades.parquet,ok
UNIT_F7A86A4E39,Sialia,departamento flat,disponible,0.0,40.0,0.0,real_source:unidades.parquet,ok
UNIT_BDD0F24082,Tizón y Bueno,departamento flat,vendido,353964.3,56.34,6282.65,real_source:unidades.parquet,ok
UNIT_573959807C,Modena,estacionamiento con depósito,proceso de separación,49066.0,13.45,3648.03,real_source:unidades.parquet,ok
UNIT_5EE1D47917,Modena,departamento flat,vendido,285000.0,45.45,6270.63,real_source:unidades.parquet,ok
UNIT_0656A9832F,Tizón y Bueno,depósito,proceso de separación,14534.0,4.22,3444.08,real_source:unidades.parquet,ok
UNIT_6CF7D6BD75,Matera,estacionamiento con depósito,proceso de separación,68404.0,15.94,4291.34,real_source:unidades.parquet,ok
UNIT_D33502F066,Sialia,departamento flat,disponible,0.0,66.75,0.0,real_source:unidades.parquet,ok
UNIT_3D608F8FE9,Alicanto,departamento flat,vendido,393403.67,68.5,5743.12,real_source:unidades.parquet,ok
UNIT_E6D771B04B,Matera,departamento flat,disponible,0.0,56.75,0.0,real_source:unidades.parquet,ok
UNIT_9137FC7288,Modena,departamento flat,disponible,0.0,40.02,0.0,real_source:unidades.parquet,ok
UNIT_335058DA5A,Alicanto,estacionamiento simple,disponible,0.0,13.5,0.0,real_source:unidades.parquet,ok
UNIT_18F6434013,Edificio Cuba Connect,estacionamiento simple,vendido,48000.0,12.64,3797.47,real_source:unidades.parquet,ok
UNIT_2DBDA7862A,Modena,departamento flat,disponible,0.0,72.91,0.0,real_source:unidades.parquet,ok
UNIT_F99C66441E,Edificio Urbanzen,departamento flat,entregado,597860.61,79.83,7489.17,real_source:unidades.parquet,ok
UNIT_3A4FCBF29D,Modena,departamento flat,no disponible,0.0,48.64,0.0,real_source:unidades.parquet,ok
UNIT_C426CE6126,Modena,departamento flat,disponible,0.0,57.1,0.0,real_source:unidades.parquet,ok
UNIT_A356F36700,Capadocia,departamento flat,no disponible,0.0,40.13,0.0,real_source:unidades.parquet,ok
UNIT_FBDC9A4193,Capadocia,estacionamiento simple,no disponible,0.0,12.5,0.0,real_source:unidades.parquet,ok
UNIT_953880C93F,Tizón y Bueno,depósito,disponible,0.0,4.22,0.0,real_source:unidades.parquet,ok
UNIT_F8AC0A066E,Edificio Mariategui,estacionamiento simple,vendido,63700.0,16.35,3896.02,real_source:unidades.parquet,ok
UNIT_D613173903,Tizón y Bueno,estacionamiento con depósito,disponible,0.0,17.75,0.0,real_source:unidades.parquet,ok
UNIT_341FFEB198,Edificio Mariategui,estacionamiento simple,vendido,53800.0,13.82,3892.91,real_source:unidades.parquet,ok
UNIT_31CBE28E29,Matera,estacionamiento simple,proceso de venta,49451.0,13.5,3663.04,real_source:unidades.parquet,ok
UNIT_B49A4F671B,Torre Nápoles,departamento flat,proceso de venta,315000.0,57.04,5522.44,real_source:unidades.parquet,ok
UNIT_F752C82E5F,Capadocia,estacionamiento con depósito,disponible,0.0,15.3,0.0,real_source:unidades.parquet,ok
UNIT_6B5D24F2E0,Capadocia,estacionamiento con depósito,no disponible,0.0,15.3,0.0,real_source:unidades.parquet,ok
UNIT_ED4764B468,Torre Nápoles,departamento flat,disponible,0.0,57.04,0.0,real_source:unidades.parquet,ok
UNIT_03D5746B13,Tizón y Bueno,estacionamiento con depósito,proceso de separación,41920.0,17.45,2402.29,real_source:unidades.parquet,ok
UNIT_738C2E7835,Tizón y Bueno,estacionamiento con depósito,vendido,51798.0,13.16,3936.02,real_source:unidades.parquet,ok
UNIT_DD7F89D22E,Modena,estacionamiento con depósito,disponible,0.0,13.5,0.0,real_source:unidades.parquet,ok
UNIT_F5EEFAD708,Torre Nápoles,departamento flat,disponible,0.0,40.16,0.0,real_source:unidades.parquet,ok
UNIT_52D72CE620,Capadocia,departamento flat,disponible,0.0,57.36,0.0,real_source:unidades.parquet,ok
UNIT_E51FDB7187,Matera,estacionamiento simple,vendido,53650.0,12.5,4292.0,real_source:unidades.parquet,ok
UNIT_221EEAEA70,Capadocia,departamento flat,disponible,0.0,54.12,0.0,real_source:unidades.parquet,ok
UNIT_76B8743F64,Edificio Urbanzen,departamento flat,vendido,556575.36,70.08,7942.0,real_source:unidades.parquet,ok
UNIT_D798BDFEA0,Matera,estacionamiento simple,disponible,0.0,12.5,0.0,real_source:unidades.parquet,ok
UNIT_590FC61A6E,Matera,estacionamiento simple,disponible,0.0,12.5,0.0,real_source:unidades.parquet,ok
UNIT_643127F00C,Matera,departamento flat,disponible,0.0,71.08,0.0,real_source:unidades.parquet,ok
UNIT_598EA9E3BB,Sialia,estacionamiento simple,disponible,0.0,12.9,0.0,real_source:unidades.parquet,ok
UNIT_BEFAB3CB73,Capadocia,departamento flat,disponible,0.0,71.88,0.0,real_source:unidades.parquet,ok
UNIT_06CE4848F4,Modena,estacionamiento con depósito,disponible,0.0,16.45,0.0,real_source:unidades.parquet,ok
UNIT_E8A81B0E0C,Modena,departamento flat,proceso de separación,659000.0,76.91,8568.46,real_source:unidades.parquet,ok
UNIT_EFED7ED5EF,Alicanto,estacionamiento simple,disponible,0.0,14.0,0.0,real_source:unidades.parquet,ok
UNIT_1B80CF4597,Edificio Cuba Connect,departamento flat,vendido,547461.0,84.05,6513.52,real_source:unidades.parquet,ok
UNIT_B8D0EC6AB6,Capadocia,estacionamiento simple,no disponible,0.0,13.5,0.0,real_source:unidades.parquet,ok
UNIT_F426FD9836,Matera,estacionamiento simple,proceso de separación,40959.0,13.5,3034.0,real_source:unidades.parquet,ok
UNIT_384730E4BF,Torre Nápoles,departamento flat,disponible,0.0,57.06,0.0,real_source:unidades.parquet,ok
UNIT_DB09D33F3C,Capadocia,departamento flat,proceso de separación,355348.74,50.29,7065.99,real_source:unidades.parquet,ok
UNIT_E575BBD8E7,Capadocia,departamento flat,disponible,0.0,54.12,0.0,real_source:unidades.parquet,ok
UNIT_3B55652E19,Torre Nápoles,departamento flat,vendido,308725.53,55.48,5564.63,real_source:unidades.parquet,ok
UNIT_22AD048F42,Torre Nápoles,departamento flat,disponible,0.0,57.06,0.0,real_source:unidades.parquet,ok
UNIT_A518C830D1,Edificio Urbanzen,departamento flat,entregado,606900.0,74.98,8094.16,real_source:unidades.parquet,ok
UNIT_BD943EB763,Edificio Urbanzen,departamento flat,entregado,569848.0,74.98,7600.0,real_source:unidades.parquet,ok
UNIT_FFD7D43D90,Edificio Urbanzen,departamento flat,entregado,300314.88,42.4,7082.9,real_source:unidades.parquet,ok
UNIT_40F1079B28,Tizón y Bueno,estacionamiento con depósito,vendido,62789.0,16.65,3771.11,real_source:unidades.parquet,ok
UNIT_291F7EC2AE,Edificio Cuba Connect,departamento flat,vendido,344190.0,49.17,7000.0,real_source:unidades.parquet,ok
UNIT_DA2879977C,Matera,departamento flat,vendido,270153.0,40.02,6750.45,real_source:unidades.parquet,ok
UNIT_72D60AC136,Matera,depósito,no disponible,0.0,4.49,0.0,real_source:unidades.parquet,ok
UNIT_7B3F547150,Matera,departamento flat,disponible,0.0,70.88,0.0,real_source:unidades.parquet,ok
UNIT_B811890736,Torre Nápoles,departamento flat,proceso de separación,222777.0,40.12,5552.77,real_source:unidades.parquet,ok
UNIT_98F4487E04,Matera,departamento flat,disponible,0.0,40.0,0.0,real_source:unidades.parquet,ok
UNIT_57E9223BC5,Matera,departamento flat,disponible,0.0,68.18,0.0,real_source:unidades.parquet,ok
UNIT_D97EB33BB6,Edificio Urbanzen,estacionamiento simple,no disponible,0.0,13.5,0.0,real_source:unidades.parquet,ok
UNIT_984AE7BFA3,Torre Nápoles,departamento flat,vendido,373000.0,65.81,5667.83,real_source:unidades.parquet,ok
UNIT_C5D2A66F82,Fenix,departamento flat,vendido,450000.0,70.72,6363.12,real_source:unidades.parquet,ok
UNIT_2F0552817B,Torre Nápoles,estacionamiento simple,disponible,0.0,12.5,0.0,real_source:unidades.parquet,ok
UNIT_193F190F29,Capadocia,departamento flat,disponible,0.0,40.63,0.0,real_source:unidades.parquet,ok
UNIT_BA0E4C8712,Capadocia,estacionamiento con depósito,disponible,0.0,14.9,0.0,real_source:unidades.parquet,ok
UNIT_4D1C491339,Edificio Urbanzen,departamento flat,entregado,590000.0,70.08,8418.95,real_source:unidades.parquet,ok
UNIT_D95E2ABA7C,Modena,estacionamiento simple,disponible,0.0,15.3,0.0,real_source:unidades.parquet,ok
UNIT_91B4DEA5DE,Fenix,estacionamiento con depósito,proceso de separación,59800.0,15.77,3792.01,real_source:unidades.parquet,ok
UNIT_3EBC02F1F0,Modena,departamento flat,disponible,0.0,54.67,0.0,real_source:unidades.parquet,ok
UNIT_671BECA998,Modena,departamento flat,disponible,0.0,40.09,0.0,real_source:unidades.parquet,ok
UNIT_7ECA694607,Tradiciones Prime,estacionamiento simple,vendido,72500.0,15.1,4801.32,real_source:unidades.parquet,ok
UNIT_F2F5E051C4,Torre Nápoles,departamento flat,disponible,0.0,57.06,0.0,real_source:unidades.parquet,ok
UNIT_2F5CF4B4EA,Tradiciones Prime,departamento flat,disponible,0.0,130.49,0.0,real_source:unidades.parquet,ok
UNIT_95FDB0DAD6,Edificio Cuba Connect,departamento flat,vendido,527408.0,77.56,6800.0,real_source:unidades.parquet,ok
UNIT_EBE140628D,Matera,departamento flat,disponible,0.0,40.0,0.0,real_source:unidades.parquet,ok
UNIT_FF5491A64B,Tradiciones Prime,departamento flat,vendido,821859.86,117.13,7016.65,real_source:unidades.parquet,ok
UNIT_4553F1C73C,Sialia,departamento flat,disponible,0.0,69.99,0.0,real_source:unidades.parquet,ok
UNIT_E399D6BC1F,Torre Nápoles,estacionamiento simple,disponible,0.0,12.5,0.0,real_source:unidades.parquet,ok
UNIT_6699D18497,Tradiciones Prime,departamento duplex,disponible,0.0,259.27,0.0,real_source:unidades.parquet,ok
UNIT_D8EBBE4B81,Tradiciones Prime,estacionamiento simple,disponible,0.0,13.0,0.0,real_source:unidades.parquet,ok
UNIT_9643A87D83,Tradiciones Prime,estacionamiento simple,no disponible,0.0,14.0,0.0,real_source:unidades.parquet,ok
UNIT_F23486D04C,Fenix,departamento duplex,disponible,0.0,138.5,0.0,real_source:unidades.parquet,ok
UNIT_A33F4CF433,Tradiciones Prime,estacionamiento doble,disponible,0.0,24.38,0.0,real_source:unidades.parquet,ok
UNIT_8BE6AFE110,Tradiciones Prime,estacionamiento doble,disponible,0.0,24.38,0.0,real_source:unidades.parquet,ok
UNIT_FE34158BC3,Matera,departamento flat,disponible,0.0,36.39,0.0,real_source:unidades.parquet,ok
UNIT_3BCDDB3D9E,Edificio Urbanzen,estacionamiento simple,proceso de venta,48000.0,12.0,4000.0,real_source:unidades.parquet,ok
UNIT_008F143ED9,Tradiciones Prime,estacionamiento doble,proceso de separación,92600.0,24.38,3798.2,real_source:unidades.parquet,ok
UNIT_9761A7BB9A,Edificio Urbanzen,departamento flat,entregado,571594.32,81.0,7056.72,real_source:unidades.parquet,ok
UNIT_2D633C8F19,Tizón y Bueno,depósito,disponible,0.0,4.23,0.0,real_source:unidades.parquet,ok
UNIT_D60085EA8A,Modena,departamento flat,proceso de separación,463520.0,72.91,6357.43,real_source:unidades.parquet,ok
UNIT_E625C3AD79,Modena,departamento flat,disponible,0.0,57.1,0.0,real_source:unidades.parquet,ok
UNIT_866A85EE51,Modena,departamento flat,proceso de separación,512705.89,75.73,6770.18,real_source:unidades.parquet,ok
UNIT_B51BF5AF5A,Edificio Cuba Connect,departamento flat,vendido,664298.0,83.41,7964.25,real_source:unidades.parquet,ok
UNIT_B0FD85C07E,Edificio Cuba Connect,departamento flat,vendido,669395.0,84.05,7964.25,real_source:unidades.parquet,ok
UNIT_356875CEC4,Sialia,departamento flat,proceso de separación,478427.7,66.75,7167.46,real_source:unidades.parquet,ok
UNIT_5151A62A72,Matera,departamento flat,vendido,257222.34,36.39,7068.49,real_source:unidades.parquet,ok
UNIT_9565A0E374,Sialia,departamento flat,vendido,245000.0,40.0,6125.0,real_source:unidades.parquet,ok
UNIT_4B1C6DAEE5,Capadocia,departamento flat,proceso de venta,525846.0,69.59,7556.34,real_source:unidades.parquet,ok
UNIT_EC55EA0DBB,Torre Nápoles,departamento flat,disponible,0.0,57.06,0.0,real_source:unidades.parquet,ok
UNIT_C9978073B0,Edificio Urbanzen,estacionamiento simple,proceso de separación,68200.0,18.48,3690.48,real_source:unidades.parquet,ok
UNIT_314F03DAEC,Edificio Urbanzen,depósito,proceso de separación,12400.0,3.45,3594.2,real_source:unidades.parquet,ok
UNIT_B6E6F44D49,Matera,estacionamiento con depósito,no disponible,0.0,15.94,0.0,real_source:unidades.parquet,ok
UNIT_E823F73FD6,Sialia,departamento duplex,disponible,0.0,113.18,0.0,real_source:unidades.parquet,ok
UNIT_A942BE1B90,Modena,departamento flat,disponible,0.0,72.47,0.0,real_source:unidades.parquet,ok
UNIT_02BE5CD30D,Modena,departamento flat,disponible,0.0,75.73,0.0,real_source:unidades.parquet,ok
UNIT_9A6947165E,Modena,estacionamiento con depósito,disponible,0.0,13.5,0.0,real_source:unidades.parquet,ok
UNIT_A7093FEB0A,Capadocia,departamento flat,disponible,0.0,69.79,0.0,real_source:unidades.parquet,ok
UNIT_38AAB3E139,Matera,estacionamiento con depósito,disponible,0.0,16.56,0.0,real_source:unidades.parquet,ok
UNIT_E96D8DCBDE,Matera,estacionamiento simple,vendido,40959.0,13.5,3034.0,real_source:unidades.parquet,ok
UNIT_70B4F7D973,Modena,estacionamiento con depósito,disponible,0.0,14.5,0.0,real_source:unidades.parquet,ok
UNIT_A305D09CC9,Alicanto,departamento flat,vendido,478769.05,78.61,6090.43,real_source:unidades.parquet,ok
UNIT_04AF7900B7,Matera,estacionamiento simple,disponible,0.0,12.0,0.0,real_source:unidades.parquet,ok
UNIT_BFBFFC0059,Edificio Cuba Connect,departamento flat,vendido,535443.78,80.35,6663.89,real_source:unidades.parquet,ok
UNIT_ED824B9460,Edificio Cuba Connect,departamento flat,vendido,306802.0,49.17,6239.62,real_source:unidades.parquet,ok
UNIT_5E8ED43911,Torre Nápoles,departamento flat,vendido,320000.0,55.48,5767.84,real_source:unidades.parquet,ok
UNIT_236FFD0477,Edificio Cuba Connect,departamento flat,vendido,508208.2,78.67,6460.0,real_source:unidades.parquet,ok
UNIT_8060EDDF94,Fenix,departamento flat,vendido,345000.0,52.35,6590.26,real_source:unidades.parquet,ok
UNIT_BD7EFB8FD8,Edificio Urbanzen,departamento flat,entregado,677000.0,81.0,8358.02,real_source:unidades.parquet,ok
UNIT_86BAFED2B9,Torre Nápoles,departamento flat,disponible,0.0,57.06,0.0,real_source:unidades.parquet,ok
UNIT_93E60130EB,Alicanto,departamento flat,proceso de venta,460310.0,80.37,5727.39,real_source:unidades.parquet,ok
UNIT_4FD2BFA8CA,Edificio Valdizan,estacionamiento simple,vendido,51250.0,13.5,3796.3,real_source:unidades.parquet,ok
UNIT_D0FF33C5F7,Sialia,departamento duplex,disponible,0.0,94.47,0.0,real_source:unidades.parquet,ok
UNIT_A908A917CA,Capadocia,departamento flat,proceso de separación,490623.7,69.79,7030.0,real_source:unidades.parquet,ok
UNIT_A9E204B858,Capadocia,depósito,disponible,0.0,3.45,0.0,real_source:unidades.parquet,ok
UNIT_0E65A54CA6,Capadocia,estacionamiento simple,disponible,0.0,13.5,0.0,real_source:unidades.parquet,ok
UNIT_D667D485BF,Tizón y Bueno,estacionamiento con depósito,disponible,0.0,18.38,0.0,real_source:unidades.parquet,ok
UNIT_431C52944A,Matera,departamento flat,disponible,0.0,36.39,0.0,real_source:unidades.parquet,ok
UNIT_959C637493,Edificio Urbanzen,estacionamiento simple,proceso de separación,48000.0,12.0,4000.0,real_source:unidades.parquet,ok
UNIT_71D6ACFC1D,Edificio Cuba Connect,departamento flat,vendido,334356.0,49.17,6800.0,real_source:unidades.parquet,ok
UNIT_0867BF32D5,Edificio Urbanzen,departamento flat,entregado,330000.0,42.4,7783.02,real_source:unidades.parquet,ok
UNIT_BEC34110C1,Edificio Valdizan,estacionamiento simple,vendido,51250.0,12.0,4270.83,real_source:unidades.parquet,ok
UNIT_A19C242C9D,Modena,departamento flat,vendido,390000.0,54.67,7133.71,real_source:unidades.parquet,ok
UNIT_2F2672D875,Alicanto,estacionamiento simple,no disponible,0.0,13.5,0.0,real_source:unidades.parquet,ok
UNIT_7FCFE25BD8,Capadocia,estacionamiento simple,no disponible,0.0,12.5,0.0,real_source:unidades.parquet,ok
UNIT_17A6AF0B74,Modena,departamento flat,disponible,0.0,76.31,0.0,real_source:unidades.parquet,ok
UNIT_A12C256F63,Modena,estacionamiento con depósito,disponible,0.0,13.8,0.0,real_source:unidades.parquet,ok
UNIT_AF7F41D3FC,Alicanto,estacionamiento simple,vendido,49790.0,13.2,3771.97,real_source:unidades.parquet,ok
UNIT_CAABDE124E,Edificio Cuba Connect,departamento flat,vendido,359850.0,49.17,7318.49,real_source:unidades.parquet,ok
UNIT_767A45C5A3,Matera,estacionamiento simple,disponible,0.0,13.5,0.0,real_source:unidades.parquet,ok
UNIT_6960322C9F,Capadocia,estacionamiento simple,disponible,0.0,13.5,0.0,real_source:unidades.parquet,ok
UNIT_E7F86089F7,Matera,estacionamiento simple,disponible,0.0,12.0,0.0,real_source:unidades.parquet,ok
UNIT_7D5A5C3884,Fenix,estacionamiento simple,vendido,52600.0,13.5,3896.3,real_source:unidades.parquet,ok
UNIT_964DDA7785,Tizón y Bueno,estacionamiento simple,vendido,45915.0,12.73,3606.83,real_source:unidades.parquet,ok
UNIT_B951C6FEB4,Edificio Urbanzen,depósito,vendido,18500.0,5.0,3700.0,real_source:unidades.parquet,ok
UNIT_692C734DA0,Sialia,estacionamiento simple,proceso de separación,52800.0,13.2,4000.0,real_source:unidades.parquet,ok
UNIT_A49C6081EC,Alicanto,estacionamiento simple,disponible,0.0,16.0,0.0,real_source:unidades.parquet,ok
UNIT_CF706D8D72,Capadocia,estacionamiento simple,disponible,0.0,12.0,0.0,real_source:unidades.parquet,ok
UNIT_AFE04E3A2A,Fenix,departamento flat,vendido,378771.47,67.37,5622.26,real_source:unidades.parquet,ok
UNIT_2F818C77A3,Capadocia,estacionamiento simple,disponible,0.0,12.5,0.0,real_source:unidades.parquet,ok
UNIT_9662772B4F,Capadocia,departamento flat,disponible,0.0,66.87,0.0,real_source:unidades.parquet,ok
UNIT_D5D67FD979,Matera,departamento flat,disponible,0.0,67.98,0.0,real_source:unidades.parquet,ok
UNIT_20AC81E353,Capadocia,estacionamiento simple,no disponible,0.0,13.5,0.0,real_source:unidades.parquet,ok
UNIT_CD90B1DCAA,Capadocia,estacionamiento simple,disponible,0.0,12.5,0.0,real_source:unidades.parquet,ok
UNIT_0DFE928858,Edificio Urbanzen,departamento flat,entregado,309369.6,42.4,7296.45,real_source:unidades.parquet,ok
UNIT_B2E736DB47,Modena,departamento flat,disponible,0.0,75.41,0.0,real_source:unidades.parquet,ok
UNIT_CFD1913C2E,Sialia,estacionamiento simple,disponible,0.0,14.2,0.0,real_source:unidades.parquet,ok
UNIT_414836398F,Matera,estacionamiento simple,disponible,0.0,13.5,0.0,real_source:unidades.parquet,ok
UNIT_F493D1DAAC,Fenix,departamento flat,vendido,447000.0,67.05,6666.67,real_source:unidades.parquet,ok
UNIT_CA9C50B36C,Edificio Cuba Connect,estacionamiento simple,vendido,50000.0,12.3,4065.04,real_source:unidades.parquet,ok
UNIT_B82F36CDBC,Edificio Cuba Connect,estacionamiento simple,vendido,45000.0,15.0,3000.0,real_source:unidades.parquet,ok
UNIT_E887D49AC8,Edificio Cuba Connect,estacionamiento simple,vendido,45480.0,15.75,2887.62,real_source:unidades.parquet,ok
UNIT_19B02D0F4C,Tizón y Bueno,estacionamiento con depósito,vendido,57919.0,16.82,3443.46,real_source:unidades.parquet,ok
UNIT_0F025B99DC,Tizón y Bueno,departamento flat,vendido,322222.0,56.21,5732.47,real_source:unidades.parquet,ok
UNIT_44635F8610,Tizón y Bueno,departamento flat,vendido,409689.0,71.77,5708.36,real_source:unidades.parquet,ok
UNIT_9630B10533,Edificio Cuba Connect,estacionamiento simple,vendido,46000.0,12.95,3552.12,real_source:unidades.parquet,ok
UNIT_016C1128F2,Edificio Cuba Connect,estacionamiento simple,vendido,41400.0,15.75,2628.57,real_source:unidades.parquet,ok
UNIT_B9C36466BE,Capadocia,departamento flat,disponible,0.0,66.87,0.0,real_source:unidades.parquet,ok
UNIT_50E277472F,Matera,departamento flat,vendido,267423.39,40.02,6682.24,real_source:unidades.parquet,ok
UNIT_1107360ED5,Fenix,estacionamiento con depósito,proceso de separación,60000.0,15.05,3986.71,real_source:unidades.parquet,ok
UNIT_1A0757B58D,Tizón y Bueno,departamento flat,vendido,466000.0,71.77,6492.96,real_source:unidades.parquet,ok
UNIT_A072957692,Tizón y Bueno,estacionamiento con depósito,disponible,0.0,17.71,0.0,real_source:unidades.parquet,ok
UNIT_91269EE1F4,Sialia,departamento flat,vendido,332960.0,48.95,6802.04,real_source:unidades.parquet,ok
UNIT_11FF0F5B78,Edificio Cuba Connect,estacionamiento simple,vendido,47150.0,12.75,3698.04,real_source:unidades.parquet,ok
UNIT_0049459900,Edificio Cuba Connect,estacionamiento simple,vendido,47150.0,12.3,3833.33,real_source:unidades.parquet,ok
UNIT_F9E4C255FF,Edificio Cuba Connect,estacionamiento simple,vendido,47150.0,12.3,3833.33,real_source:unidades.parquet,ok
UNIT_B25A5B87B6,Edificio Cuba Connect,estacionamiento simple,vendido,47150.0,12.64,3730.22,real_source:unidades.parquet,ok
UNIT_158A9517B2,Edificio Cuba Connect,estacionamiento simple,vendido,45100.0,14.15,3187.28,real_source:unidades.parquet,ok
UNIT_2E07730741,Edificio Cuba Connect,estacionamiento simple,vendido,45100.0,14.15,3187.28,real_source:unidades.parquet,ok
UNIT_C43682F70D,Edificio Cuba Connect,estacionamiento simple,vendido,41690.0,16.65,2503.9,real_source:unidades.parquet,ok
UNIT_E87D4BF549,Edificio Cuba Connect,estacionamiento simple,vendido,45100.0,12.64,3568.04,real_source:unidades.parquet,ok
UNIT_7238012BE3,Capadocia,departamento flat,disponible,0.0,63.07,0.0,real_source:unidades.parquet,ok
UNIT_074EBDB5B4,Edificio Cuba Connect,estacionamiento simple,vendido,43050.0,15.75,2733.33,real_source:unidades.parquet,ok
UNIT_1C4B19865B,Matera,estacionamiento simple,disponible,0.0,13.5,0.0,real_source:unidades.parquet,ok
UNIT_7765F84021,Matera,departamento flat,disponible,0.0,55.29,0.0,real_source:unidades.parquet,ok
UNIT_1BE826A64B,Alicanto,depósito,vendido,12070.0,3.2,3771.88,real_source:unidades.parquet,ok
UNIT_F4B59F6D1C,Capadocia,departamento flat,disponible,0.0,40.63,0.0,real_source:unidades.parquet,ok
UNIT_0BEAF2DA17,Matera,departamento flat,disponible,0.0,55.29,0.0,real_source:unidades.parquet,ok
UNIT_D9E5B9FB63,Edificio Mariategui,depósito,disponible,0.0,3.89,0.0,real_source:unidades.parquet,ok
UNIT_936F8264D3,Edificio Urbanzen,departamento flat,disponible,0.0,73.69,0.0,real_source:unidades.parquet,ok
UNIT_87D6ED7284,Tizón y Bueno,estacionamiento con depósito,proceso de separación,40000.0,13.16,3039.51,real_source:unidades.parquet,ok
UNIT_7FBD005AEB,Edificio Cuba Connect,estacionamiento simple,vendido,45100.0,15.0,3006.67,real_source:unidades.parquet,ok
UNIT_C7BCFE9E9D,Edificio Cuba Connect,estacionamiento simple,vendido,43050.0,12.64,3405.85,real_source:unidades.parquet,ok
UNIT_685C1126C0,Tizón y Bueno,estacionamiento con depósito,proceso de separación,47218.0,13.16,3587.99,real_source:unidades.parquet,ok
UNIT_E7271274D2,Sialia,departamento flat,vendido,370350.0,57.31,6462.22,real_source:unidades.parquet,ok
UNIT_D778DEB88A,Edificio Unique,departamento flat,disponible,0.0,55.32,0.0,real_source:unidades.parquet,ok
UNIT_CAF2F1A877,Edificio Unique,departamento flat,disponible,0.0,55.32,0.0,real_source:unidades.parquet,ok
UNIT_169CF816C4,Edificio Unique,estacionamiento simple,disponible,0.0,12.88,0.0,real_source:unidades.parquet,ok
UNIT_EE737BEAFE,Edificio Unique,estacionamiento simple,disponible,0.0,12.88,0.0,real_source:unidades.parquet,ok
UNIT_CF7D8FC6B2,Edificio Unique,estacionamiento simple,no disponible,0.0,12.88,0.0,real_source:unidades.parquet,ok
UNIT_8665FC167B,Alicanto,departamento flat,vendido,542555.0,80.37,6750.72,real_source:unidades.parquet,ok
UNIT_A2884BC22A,Edificio Mariategui,departamento flat,vendido,591740.0,78.9,7499.87,real_source:unidades.parquet,ok
UNIT_BF9997DAB1,Matera,departamento duplex,disponible,0.0,141.72,0.0,real_source:unidades.parquet,ok
UNIT_AF3C485638,Matera,departamento flat,disponible,0.0,40.0,0.0,real_source:unidades.parquet,ok
UNIT_EB8614E16F,Edificio Mariategui,departamento flat,vendido,592952.0,78.9,7515.23,real_source:unidades.parquet,ok
UNIT_46F11DA894,Edificio Mariategui,departamento flat,vendido,544242.0,75.0,7256.56,real_source:unidades.parquet,ok
UNIT_E137C106C0,Edificio Mariategui,departamento flat,vendido,294203.0,40.44,7275.05,real_source:unidades.parquet,ok
UNIT_EEFE3FF152,Edificio Cuba Connect,local comercial,no disponible,0.0,102.1,0.0,real_source:unidades.parquet,ok
UNIT_3097599625,Sialia,estacionamiento simple,no disponible,0.0,13.56,0.0,real_source:unidades.parquet,ok
UNIT_B0E4C1AF96,Alicanto,departamento flat,proceso de venta,400096.0,68.5,5840.82,real_source:unidades.parquet,ok
UNIT_11CCCE504F,Alicanto,departamento flat,proceso de separación,546956.9,78.23,6991.65,real_source:unidades.parquet,ok
UNIT_6FE37374F3,Capadocia,departamento flat,vendido,540507.64,69.59,7767.03,real_source:unidades.parquet,ok
UNIT_9A4062AC14,Capadocia,departamento duplex,vendido,750000.0,114.97,6523.44,real_source:unidades.parquet,ok
UNIT_842B3A89C6,Edificio Santa Cruz Infinite,estacionamiento simple,no disponible,0.0,12.12,0.0,real_source:unidades.parquet,ok
UNIT_6962EEE502,Edificio Santa Cruz Infinite,depósito,vendido,11048.0,2.92,3783.56,real_source:unidades.parquet,ok
UNIT_49DD2D1E02,Modena,departamento flat,disponible,0.0,73.57,0.0,real_source:unidades.parquet,ok
UNIT_CCCCBC0B1E,Modena,departamento flat,disponible,0.0,75.49,0.0,real_source:unidades.parquet,ok
UNIT_B7151B0A66,Edificio Mariategui,departamento flat,vendido,526240.0,75.0,7016.53,real_source:unidades.parquet,ok
UNIT_0E07DA78A8,Tizón y Bueno,departamento flat,vendido,318695.4,50.9,6261.21,real_source:unidades.parquet,ok
UNIT_B428626CC1,Modena,departamento flat,disponible,0.0,76.31,0.0,real_source:unidades.parquet,ok
UNIT_27FC134B97,Sialia,estacionamiento simple,proceso de separación,54400.0,13.96,3896.85,real_source:unidades.parquet,ok
UNIT_105C088C7E,Alicanto,estacionamiento con depósito,proceso de separación,66651.0,17.67,3771.99,real_source:unidades.parquet,ok
UNIT_1D8AE87481,Fenix,departamento flat,vendido,388000.0,67.37,5759.24,real_source:unidades.parquet,ok
UNIT_307569F734,Modena,departamento flat,vendido,370718.0,53.02,6992.04,real_source:unidades.parquet,ok
UNIT_0EC0256AE3,Alicanto,estacionamiento simple,vendido,47150.0,12.5,3772.0,real_source:unidades.parquet,ok
UNIT_7ED60910D1,Torre Nápoles,departamento flat,no disponible,0.0,28.89,0.0,real_source:unidades.parquet,ok
UNIT_663A1B55EF,Edificio Mariategui,estacionamiento simple,vendido,66500.0,17.54,3791.33,real_source:unidades.parquet,ok
UNIT_DE00374BA4,Matera,departamento flat,disponible,0.0,67.98,0.0,real_source:unidades.parquet,ok
UNIT_E6B2BC5BCF,Alicanto,estacionamiento simple,proceso de separación,57445.0,13.15,4368.44,real_source:unidades.parquet,ok
UNIT_DBBC79D6F3,Sialia,estacionamiento simple,proceso de separación,52600.0,13.5,3896.3,real_source:unidades.parquet,ok
UNIT_C65A4150A3,Matera,departamento flat,disponible,0.0,40.02,0.0,real_source:unidades.parquet,ok
UNIT_14B6690A02,Matera,departamento flat,disponible,0.0,55.47,0.0,real_source:unidades.parquet,ok
UNIT_F185991DD3,Tizón y Bueno,departamento flat,vendido,503000.0,76.12,6607.99,real_source:unidades.parquet,ok
UNIT_98045D8005,Tizón y Bueno,estacionamiento con depósito,proceso de separación,68679.0,17.45,3935.76,real_source:unidades.parquet,ok
UNIT_84C6E919BC,Fenix,departamento flat,vendido,390000.0,56.67,6881.95,real_source:unidades.parquet,ok
UNIT_AF7FB78D8E,Fenix,departamento flat,vendido,375000.0,67.37,5566.28,real_source:unidades.parquet,ok
UNIT_210FE533C6,Modena,estacionamiento simple,disponible,0.0,12.5,0.0,real_source:unidades.parquet,ok
UNIT_E47C931C24,Capadocia,departamento flat,disponible,0.0,31.2,0.0,real_source:unidades.parquet,ok
UNIT_6F50C552E3,Torre Nápoles,depósito,disponible,0.0,2.7,0.0,real_source:unidades.parquet,ok
UNIT_75CA9D69A2,Torre Nápoles,departamento flat,no disponible,0.0,37.89,0.0,real_source:unidades.parquet,ok
UNIT_D65811A9CE,Fenix,departamento flat,disponible,0.0,67.92,0.0,real_source:unidades.parquet,ok
UNIT_2822828031,Matera,departamento flat,vendido,316075.74,40.2,7862.58,real_source:unidades.parquet,ok
UNIT_E142253C78,Alicanto,depósito,disponible,0.0,6.8,0.0,real_source:unidades.parquet,ok
UNIT_71D2747A7C,Alicanto,departamento flat,vendido,328701.66,53.96,6091.58,real_source:unidades.parquet,ok
UNIT_41FF674AF4,Modena,estacionamiento con depósito,disponible,0.0,18.1,0.0,real_source:unidades.parquet,ok
UNIT_967AFC9407,Torre Nápoles,departamento flat,no disponible,0.0,37.8,0.0,real_source:unidades.parquet,ok
UNIT_EED845037B,Torre Nápoles,estacionamiento con depósito,proceso de separación,52000.0,14.15,3674.91,real_source:unidades.parquet,ok
UNIT_D2C592D180,Fenix,departamento flat,vendido,370000.0,58.7,6303.24,real_source:unidades.parquet,ok
UNIT_7211B11816,Matera,estacionamiento simple,disponible,0.0,13.5,0.0,real_source:unidades.parquet,ok
UNIT_1A814F75CD,Matera,estacionamiento simple,disponible,0.0,12.5,0.0,real_source:unidades.parquet,ok
UNIT_9CF4A9CA73,Matera,estacionamiento simple,disponible,0.0,12.5,0.0,real_source:unidades.parquet,ok
UNIT_4BB0144020,Tizón y Bueno,estacionamiento con depósito,vendido,65818.0,17.45,3771.81,real_source:unidades.parquet,ok
UNIT_16BFC1DC92,Tizón y Bueno,departamento flat,vendido,330159.4,54.34,6075.81,real_source:unidades.parquet,ok
UNIT_73DCFA7196,Torre Nápoles,departamento flat,no disponible,0.0,55.38,0.0,real_source:unidades.parquet,ok
UNIT_CB491CB81D,Torre Nápoles,departamento flat,no disponible,0.0,68.65,0.0,real_source:unidades.parquet,ok
UNIT_4C0BCD52BC,Tizón y Bueno,depósito,disponible,0.0,4.22,0.0,real_source:unidades.parquet,ok
UNIT_3FCA9FF67C,Edificio Mariategui,estacionamiento simple,proceso de entrega,60000.0,19.75,3037.97,real_source:unidades.parquet,ok
UNIT_87C2F7B07D,Edificio Mariategui,departamento flat,proceso de entrega,575000.0,79.36,7245.46,real_source:unidades.parquet,ok
UNIT_81B279BF83,Torre Nápoles,departamento flat,no disponible,0.0,59.0,0.0,real_source:unidades.parquet,ok
UNIT_0E9F1BA3EE,Torre Nápoles,departamento flat,disponible,0.0,65.81,0.0,real_source:unidades.parquet,ok
UNIT_9B343674FF,Modena,departamento flat,disponible,0.0,54.67,0.0,real_source:unidades.parquet,ok
UNIT_4D5B55FB57,Matera,departamento flat,vendido,519611.0,71.08,7310.23,real_source:unidades.parquet,ok
UNIT_6AE5BC61FA,Matera,estacionamiento simple,disponible,0.0,12.5,0.0,real_source:unidades.parquet,ok
UNIT_628FF5B28E,Modena,estacionamiento simple,vendido,48450.0,12.5,3876.0,real_source:unidades.parquet,ok
UNIT_3AC370CB28,Edificio Mariategui,departamento flat,vendido,507506.0,79.36,6394.98,real_source:unidades.parquet,ok
UNIT_0F88C0C67F,Edificio Mariategui,departamento flat,vendido,524361.9,78.9,6645.9,real_source:unidades.parquet,ok
UNIT_BDE9D0226B,Alicanto,departamento flat,proceso de separación,532210.0,78.61,6770.26,real_source:unidades.parquet,ok
UNIT_A010EBD1CD,Tizón y Bueno,departamento flat,proceso de entrega,504543.0,71.77,7030.0,real_source:unidades.parquet,ok
UNIT_66CB42FBF0,Edificio Urbanzen,estacionamiento simple,entregado,64000.0,17.1,3742.69,real_source:unidades.parquet,ok
UNIT_DB48DB59A4,Fenix,estacionamiento simple,vendido,49700.0,12.75,3898.04,real_source:unidades.parquet,ok
UNIT_8807E0E0BE,Torre Nápoles,departamento duplex,no disponible,0.0,132.39,0.0,real_source:unidades.parquet,ok
UNIT_1BC5AE86A5,Torre Nápoles,departamento flat,disponible,0.0,40.16,0.0,real_source:unidades.parquet,ok
UNIT_A29BC31401,Sialia,departamento flat,vendido,302565.82,48.95,6181.12,real_source:unidades.parquet,ok
UNIT_0C9152DA1D,Modena,departamento flat,no disponible,0.0,54.67,0.0,real_source:unidades.parquet,ok
UNIT_32F67D4C0F,Torre Nápoles,depósito,disponible,0.0,3.6,0.0,real_source:unidades.parquet,ok
UNIT_C834A53DB1,Matera,departamento flat,disponible,0.0,53.93,0.0,real_source:unidades.parquet,ok
UNIT_7EC5CF1AE1,Modena,departamento flat,vendido,479729.0,73.55,6522.49,real_source:unidades.parquet,ok
UNIT_37DC10E522,Torre Nápoles,departamento flat,disponible,0.0,40.07,0.0,real_source:unidades.parquet,ok
UNIT_1B564791D6,Edificio Urbanzen,departamento flat,entregado,315406.08,42.4,7438.82,real_source:unidades.parquet,ok
UNIT_5840045FB7,Edificio Urbanzen,estacionamiento con depósito,entregado,81900.0,19.05,4299.21,real_source:unidades.parquet,ok
UNIT_182BB5402B,Modena,departamento flat,disponible,0.0,40.09,0.0,real_source:unidades.parquet,ok
UNIT_B6C179518C,Capadocia,departamento flat,no disponible,0.0,63.07,0.0,real_source:unidades.parquet,ok
UNIT_AA098EA2E3,Edificio Mariategui,estacionamiento simple,vendido,51500.0,12.57,4097.06,real_source:unidades.parquet,ok
UNIT_8CFE8B7609,Fenix,departamento flat,vendido,425326.4,71.26,5968.66,real_source:unidades.parquet,ok
UNIT_0FC2D8A059,Los Jardines de Urteaga,estacionamiento simple,vendido,42500.0,11.5,3695.65,real_source:unidades.parquet,ok
UNIT_1FC8D8D116,Capadocia,departamento flat,vendido,454582.92,65.28,6963.59,real_source:unidades.parquet,ok
UNIT_9B94E50E3E,Tizón y Bueno,departamento flat,proceso de separación,438000.0,57.64,7598.89,real_source:unidades.parquet,ok
UNIT_06A6AA9A78,Modena,estacionamiento con depósito,disponible,0.0,13.5,0.0,real_source:unidades.parquet,ok
UNIT_0D2D1B4B15,Edificio Mariategui,estacionamiento simple,vendido,55200.0,13.82,3994.21,real_source:unidades.parquet,ok
UNIT_48551A263E,Torre Nápoles,departamento flat,disponible,0.0,40.16,0.0,real_source:unidades.parquet,ok
UNIT_575E3692E4,Tizón y Bueno,estacionamiento con depósito,proceso de separación,52749.0,14.62,3608.0,real_source:unidades.parquet,ok
UNIT_28D391E706,Torre Nápoles,depósito,disponible,0.0,3.6,0.0,real_source:unidades.parquet,ok
UNIT_79CFF5898E,Torre Nápoles,estacionamiento con depósito,proceso de separación,63314.0,15.5,4084.77,real_source:unidades.parquet,ok
UNIT_92FA1280DF,Torre Nápoles,departamento flat,no disponible,0.0,37.8,0.0,real_source:unidades.parquet,ok
UNIT_2AC2504A8F,Capadocia,estacionamiento con depósito,proceso de separación,65000.0,18.3,3551.91,real_source:unidades.parquet,ok
UNIT_080ED2CD21,Matera,departamento flat,vendido,429460.0,67.98,6317.45,real_source:unidades.parquet,ok
UNIT_E676955387,Los Jardines de Urteaga,estacionamiento simple,vendido,39330.0,12.5,3146.4,real_source:unidades.parquet,ok
UNIT_824EBE5F53,Los Jardines de Urteaga,estacionamiento simple,vendido,42500.0,12.5,3400.0,real_source:unidades.parquet,ok
UNIT_DCB5E4DCE0,Torre Nápoles,departamento flat,vendido,342792.4,65.81,5208.82,real_source:unidades.parquet,ok
UNIT_EFD24F0CAB,Capadocia,estacionamiento simple,disponible,0.0,12.5,0.0,real_source:unidades.parquet,ok
UNIT_AE768B07A9,Los Jardines de Urteaga,estacionamiento simple,vendido,41040.0,12.5,3283.2,real_source:unidades.parquet,ok
UNIT_6C37CFB250,Torre Nápoles,departamento flat,disponible,0.0,40.09,0.0,real_source:unidades.parquet,ok
UNIT_BF026E94C0,Los Jardines de Urteaga,estacionamiento simple,vendido,39100.0,13.5,2896.3,real_source:unidades.parquet,ok
UNIT_10295E549F,Tizón y Bueno,departamento flat,vendido,355100.0,56.21,6317.38,real_source:unidades.parquet,ok
UNIT_CD5E86D994,Los Jardines de Urteaga,estacionamiento simple,vendido,35910.0,11.5,3122.61,real_source:unidades.parquet,ok
UNIT_F6CD86F5E3,Sialia,departamento flat,vendido,396284.0,69.99,5662.01,real_source:unidades.parquet,ok
UNIT_8839B86179,Torre Nápoles,departamento flat,no disponible,0.0,37.8,0.0,real_source:unidades.parquet,ok
UNIT_0976F7E6A1,Fenix,estacionamiento simple,vendido,51200.0,13.5,3792.59,real_source:unidades.parquet,ok
UNIT_ECF2ED25FF,Sialia,estacionamiento simple,vendido,51600.0,12.9,4000.0,real_source:unidades.parquet,ok
UNIT_927BE66BE3,Torre Nápoles,departamento flat,no disponible,0.0,52.4,0.0,real_source:unidades.parquet,ok
UNIT_7F3C04FDA1,Modena,estacionamiento simple,no disponible,0.0,15.3,0.0,real_source:unidades.parquet,ok
UNIT_A68BF59C79,Edificio Mariategui,estacionamiento con depósito,vendido,60800.0,16.03,3792.89,real_source:unidades.parquet,ok
UNIT_1B4A9CECBA,Tizón y Bueno,departamento flat,vendido,535000.0,74.63,7168.7,real_source:unidades.parquet,ok
UNIT_37DE964BCA,Tizón y Bueno,departamento flat,proceso de entrega,417800.0,71.77,5821.37,real_source:unidades.parquet,ok
UNIT_E1AF45E458,Matera,departamento flat,proceso de separación,268768.0,40.2,6685.77,real_source:unidades.parquet,ok
UNIT_24BF16D386,Edificio Urbanzen,departamento flat,entregado,561600.0,74.98,7490.0,real_source:unidades.parquet,ok
UNIT_76C84FAF2F,Capadocia,departamento flat,disponible,0.0,57.36,0.0,real_source:unidades.parquet,ok
UNIT_77B716D432,Edificio Urbanzen,estacionamiento simple,proceso de separación,53700.0,14.55,3690.72,real_source:unidades.parquet,ok
UNIT_0C575BDFB0,Tizón y Bueno,estacionamiento con depósito,disponible,0.0,18.38,0.0,real_source:unidades.parquet,ok
UNIT_B25A8448E1,Tizón y Bueno,estacionamiento con depósito,vendido,57129.0,16.65,3431.17,real_source:unidades.parquet,ok
UNIT_8F3FFD1081,Alicanto,estacionamiento simple,proceso de separación,50922.0,13.5,3772.0,real_source:unidades.parquet,ok
UNIT_9275A2089E,Modena,departamento flat,proceso de separación,369564.0,54.22,6816.01,real_source:unidades.parquet,ok
UNIT_1B3CD8CBEA,Torre Nápoles,depósito,disponible,0.0,4.2,0.0,real_source:unidades.parquet,ok
UNIT_F0A96D6FE7,Edificio Mariategui,estacionamiento simple,vendido,62500.0,16.93,3691.67,real_source:unidades.parquet,ok
UNIT_FA61A95DE1,Edificio Mariategui,estacionamiento simple,vendido,64700.0,17.54,3688.71,real_source:unidades.parquet,ok
UNIT_0B17F9260D,Modena,departamento flat,disponible,0.0,53.02,0.0,real_source:unidades.parquet,ok
UNIT_12CFC0A75F,Edificio Cuba Connect,departamento flat,vendido,575746.0,78.67,7318.49,real_source:unidades.parquet,ok
UNIT_CC492B8030,Los Jardines de Urteaga,departamento flat,vendido,803520.0,139.76,5749.28,real_source:unidades.parquet,ok
UNIT_723ED21936,Tizón y Bueno,departamento flat,vendido,338850.0,56.34,6014.38,real_source:unidades.parquet,ok
UNIT_058260A31B,Edificio Mariategui,estacionamiento simple,vendido,57200.0,15.5,3690.32,real_source:unidades.parquet,ok
UNIT_B4FFE22920,Edificio Mariategui,estacionamiento simple,vendido,54400.0,14.75,3688.14,real_source:unidades.parquet,ok
UNIT_A941BB267F,Matera,estacionamiento simple,disponible,0.0,12.5,0.0,real_source:unidades.parquet,ok
UNIT_70109CDF7F,Edificio Urbanzen,departamento flat,entregado,510495.1,70.08,7284.46,real_source:unidades.parquet,ok
UNIT_7453D5D2C2,Fenix,departamento flat,disponible,0.0,70.79,0.0,real_source:unidades.parquet,ok
UNIT_4FCCCDC362,Matera,estacionamiento con depósito,vendido,62513.0,16.56,3774.94,real_source:unidades.parquet,ok
UNIT_1A27E16681,Alicanto,estacionamiento simple,proceso de separación,50922.0,13.5,3772.0,real_source:unidades.parquet,ok
UNIT_72BBE05DA1,Torre Nápoles,departamento flat,disponible,0.0,65.49,0.0,real_source:unidades.parquet,ok
UNIT_AB6458D2E2,Edificio Mariategui,estacionamiento simple,vendido,60300.0,16.35,3688.07,real_source:unidades.parquet,ok
UNIT_5F83FACF6A,Capadocia,departamento flat,no disponible,0.0,40.13,0.0,real_source:unidades.parquet,ok
UNIT_62BB72B582,Tizón y Bueno,estacionamiento simple,proceso de venta,45915.0,12.73,3606.83,real_source:unidades.parquet,ok
UNIT_CDCB618E18,Edificio Urbanzen,departamento flat,disponible,0.0,70.08,0.0,real_source:unidades.parquet,ok
UNIT_5BB672D4F7,Edificio Mariategui,depósito,disponible,0.0,3.89,0.0,real_source:unidades.parquet,ok
UNIT_B10D5404AF,Edificio Mariategui,depósito,vendido,11700.0,3.17,3690.85,real_source:unidades.parquet,ok
UNIT_EE83B45312,Sialia,departamento flat,vendido,290000.0,48.95,5924.41,real_source:unidades.parquet,ok
UNIT_118E544D6B,Sialia,departamento flat,no disponible,0.0,48.95,0.0,real_source:unidades.parquet,ok
UNIT_0DD0A1D7A6,Los Jardines de Urteaga,estacionamiento simple,vendido,34000.0,13.0,2615.38,real_source:unidades.parquet,ok
UNIT_F476AD9747,Modena,departamento flat,disponible,0.0,57.1,0.0,real_source:unidades.parquet,ok
UNIT_ACD009CEA3,Sialia,estacionamiento simple,proceso de separación,46000.0,12.4,3709.68,real_source:unidades.parquet,ok
UNIT_3DED1B8F58,Modena,departamento flat,vendido,571143.0,76.91,7426.12,real_source:unidades.parquet,ok
UNIT_E18278A264,Matera,departamento duplex,disponible,0.0,78.96,0.0,real_source:unidades.parquet,ok
UNIT_60D231EBFC,Alicanto,departamento flat,vendido,330663.08,52.61,6285.18,real_source:unidades.parquet,ok
UNIT_3A6DDCA0BE,Matera,estacionamiento simple,disponible,0.0,12.5,0.0,real_source:unidades.parquet,ok
UNIT_A06889DE5D,Edificio Mariategui,depósito,vendido,13500.0,3.29,4103.34,real_source:unidades.parquet,ok
UNIT_74745F973B,Edificio Urbanzen,departamento flat,entregado,564149.52,74.98,7524.0,real_source:unidades.parquet,ok
UNIT_D122C2DB4C,Modena,estacionamiento simple,disponible,0.0,12.5,0.0,real_source:unidades.parquet,ok
UNIT_068BD9EF30,Edificio Mariategui,departamento flat,vendido,568000.0,79.36,7157.26,real_source:unidades.parquet,ok
UNIT_8C9F796AFF,Capadocia,estacionamiento con depósito,proceso de separación,77000.0,21.3,3615.02,real_source:unidades.parquet,ok
UNIT_4A8423D1E5,Matera,departamento flat,disponible,0.0,55.29,0.0,real_source:unidades.parquet,ok
UNIT_25EBD7CA81,Edificio Mariategui,departamento flat,vendido,497904.0,75.0,6638.72,real_source:unidades.parquet,ok
UNIT_7EC5C53DBD,Edificio Urbanzen,departamento flat,vendido,552160.12,81.0,6816.79,real_source:unidades.parquet,ok
UNIT_2B1BABD780,Modena,departamento flat,vendido,345645.74,53.02,6519.16,real_source:unidades.parquet,ok
UNIT_2D7945E403,Modena,departamento flat,disponible,0.0,54.67,0.0,real_source:unidades.parquet,ok
UNIT_1AAC307564,Edificio Urbanzen,departamento flat,vendido,570000.0,74.98,7602.03,real_source:unidades.parquet,ok
UNIT_8BC116169E,Sialia,departamento flat,proceso de separación,440129.34,57.31,7679.8,real_source:unidades.parquet,ok
UNIT_FFA41DE0B8,Edificio Mariategui,depósito,disponible,0.0,3.89,0.0,real_source:unidades.parquet,ok
UNIT_D942A814FA,Sialia,departamento flat,vendido,416247.82,69.77,5966.0,real_source:unidades.parquet,ok
UNIT_E3DBA98E80,Edificio Urbanzen,estacionamiento simple,proceso de separación,47400.0,12.5,3792.0,real_source:unidades.parquet,ok
UNIT_5A190D376E,Torre Nápoles,estacionamiento simple,disponible,0.0,14.2,0.0,real_source:unidades.parquet,ok
UNIT_8E2FD78173,Matera,departamento flat,disponible,0.0,56.75,0.0,real_source:unidades.parquet,ok
UNIT_4AA8659613,Modena,estacionamiento simple,proceso de separación,55917.0,13.5,4142.0,real_source:unidades.parquet,ok
UNIT_0F619760C8,Modena,departamento flat,disponible,0.0,57.1,0.0,real_source:unidades.parquet,ok
UNIT_F21BA38C22,Torre Nápoles,departamento flat,proceso de separación,256430.99,40.12,6391.6,real_source:unidades.parquet,ok
UNIT_0DF5D50620,Capadocia,estacionamiento simple,vendido,46550.0,12.5,3724.0,real_source:unidades.parquet,ok
UNIT_E0DEAAA035,Alicanto,estacionamiento simple,vendido,47445.0,13.15,3607.98,real_source:unidades.parquet,ok
UNIT_3175C4989B,Capadocia,depósito,disponible,0.0,3.45,0.0,real_source:unidades.parquet,ok
UNIT_03D5C6DB66,Torre Nápoles,departamento flat,proceso de separación,370000.0,65.81,5622.25,real_source:unidades.parquet,ok
UNIT_367B26A8EA,Fenix,estacionamiento simple,no disponible,0.0,15.3,0.0,real_source:unidades.parquet,ok
UNIT_FA2A09D549,Sialia,departamento flat,disponible,0.0,65.71,0.0,real_source:unidades.parquet,ok
UNIT_5611038DB0,Tizón y Bueno,departamento flat,vendido,485116.46,76.12,6373.05,real_source:unidades.parquet,ok
UNIT_A15C0A7E8B,Tizón y Bueno,departamento flat,vendido,355100.0,56.21,6317.38,real_source:unidades.parquet,ok
UNIT_DCD2B92BA0,Alicanto,departamento flat,vendido,258497.89,40.02,6459.22,real_source:unidades.parquet,ok
UNIT_3D411F6A7C,Los Jardines de Urteaga,departamento flat,vendido,647640.0,103.11,6281.06,real_source:unidades.parquet,ok
UNIT_D8158CF5DC,Alicanto,departamento flat,proceso de venta,357000.0,53.96,6616.01,real_source:unidades.parquet,ok
UNIT_16A43644F2,Alicanto,estacionamiento simple,proceso de separación,50922.0,13.5,3772.0,real_source:unidades.parquet,ok
UNIT_B9B3899AD0,Modena,estacionamiento con depósito,disponible,0.0,16.45,0.0,real_source:unidades.parquet,ok
UNIT_A145A5E269,Matera,estacionamiento simple,disponible,0.0,12.0,0.0,real_source:unidades.parquet,ok
UNIT_6E175675F5,Torre Nápoles,departamento flat,proceso de venta,295359.68,57.06,5176.3,real_source:unidades.parquet,ok
UNIT_847B608908,Matera,departamento flat,vendido,315752.0,41.82,7550.26,real_source:unidades.parquet,ok
UNIT_0330B7830B,Edificio Cuba Connect,departamento flat,vendido,359850.0,49.17,7318.49,real_source:unidades.parquet,ok
UNIT_8085F6F90D,Tizón y Bueno,estacionamiento simple,proceso de entrega,60925.0,17.75,3432.39,real_source:unidades.parquet,ok
UNIT_78E406B9D6,Sialia,departamento flat,proceso de aprobación,496599.0,70.64,7030.0,real_source:unidades.parquet,ok
UNIT_F2B81DE3FC,Sialia,estacionamiento simple,disponible,0.0,16.28,0.0,real_source:unidades.parquet,ok
UNIT_7B07B25E8A,Capadocia,departamento flat,disponible,0.0,31.2,0.0,real_source:unidades.parquet,ok
UNIT_E43F5550C7,Torre Nápoles,estacionamiento simple,disponible,0.0,12.5,0.0,real_source:unidades.parquet,ok
UNIT_F2EB35B6C6,Edificio Urbanzen,departamento flat,entregado,569848.0,74.98,7600.0,real_source:unidades.parquet,ok
UNIT_4EF263307E,Fenix,estacionamiento con depósito,proceso de separación,62200.0,16.1,3863.35,real_source:unidades.parquet,ok
UNIT_AC57605D78,Edificio Valdizan,estacionamiento simple,vendido,51250.0,13.5,3796.3,real_source:unidades.parquet,ok
UNIT_85811CA500,Alicanto,departamento flat,disponible,0.0,53.96,0.0,real_source:unidades.parquet,ok
UNIT_E873DC1D09,Tizón y Bueno,estacionamiento simple,proceso de separación,47355.0,13.5,3507.78,real_source:unidades.parquet,ok
UNIT_CB9EB73D1F,Matera,departamento flat,vendido,330000.0,40.2,8208.96,real_source:unidades.parquet,ok
UNIT_1F17644C51,Sialia,departamento flat,separado,393623.76,69.99,5624.0,real_source:unidades.parquet,ok
UNIT_D0E1FFBA4F,Matera,estacionamiento simple,proceso de separación,37925.0,12.5,3034.0,real_source:unidades.parquet,ok
UNIT_7E8C3BD845,Alicanto,departamento flat,vendido,497049.0,81.63,6089.05,real_source:unidades.parquet,ok
UNIT_05FB41CCB1,Matera,estacionamiento simple,disponible,0.0,13.5,0.0,real_source:unidades.parquet,ok
UNIT_B281C3A686,Tizón y Bueno,estacionamiento con depósito,vendido,66463.0,17.75,3744.39,real_source:unidades.parquet,ok
UNIT_C18454B202,Tizón y Bueno,estacionamiento con depósito,disponible,0.0,17.75,0.0,real_source:unidades.parquet,ok
UNIT_CF668F631C,Edificio Valdizan,departamento flat,vendido,522300.0,67.55,7732.05,real_source:unidades.parquet,ok
UNIT_3F6B665E32,Torre Nápoles,estacionamiento simple,disponible,0.0,12.5,0.0,real_source:unidades.parquet,ok
UNIT_D395A9A505,Modena,estacionamiento simple,vendido,47025.0,12.5,3762.0,real_source:unidades.parquet,ok
UNIT_7ED3824A9A,Matera,departamento flat,vendido,351881.69,40.2,8753.28,real_source:unidades.parquet,ok
UNIT_4AE4292D1D,Modena,departamento flat,proceso de separación,255000.0,40.02,6371.81,real_source:unidades.parquet,ok
UNIT_94A066F966,Edificio Urbanzen,estacionamiento simple,proceso de aprobación,46100.0,12.5,3688.0,real_source:unidades.parquet,ok
UNIT_972FBC1BD1,Tizón y Bueno,departamento flat,vendido,512420.06,76.12,6731.74,real_source:unidades.parquet,ok
UNIT_6D8453F475,Torre Nápoles,departamento flat,proceso de separación,410348.51,68.65,5977.4,real_source:unidades.parquet,ok
UNIT_D9DA602887,Tizón y Bueno,departamento flat,vendido,456670.0,76.12,5999.34,real_source:unidades.parquet,ok
UNIT_2A7857270A,Edificio Urbanzen,departamento flat,entregado,629686.0,74.98,8398.05,real_source:unidades.parquet,ok
UNIT_2CEEFB968E,Fenix,departamento flat,disponible,0.0,52.35,0.0,real_source:unidades.parquet,ok
UNIT_B8F16AE11A,Modena,departamento flat,disponible,0.0,57.1,0.0,real_source:unidades.parquet,ok
UNIT_837AB92FED,Tizón y Bueno,departamento flat,vendido,321138.0,56.34,5700.0,real_source:unidades.parquet,ok
UNIT_3F5E835503,Edificio Santa Cruz Infinite,departamento flat,vendido,456500.0,70.85,6443.19,real_source:unidades.parquet,ok
UNIT_E191E60740,Tizón y Bueno,departamento flat,proceso de entrega,464575.0,71.18,6526.76,real_source:unidades.parquet,ok
UNIT_A22D72E817,Alicanto,departamento flat,vendido,255000.0,40.02,6371.81,real_source:unidades.parquet,ok
UNIT_792180D394,Alicanto,departamento flat,vendido,412952.0,69.49,5942.61,real_source:unidades.parquet,ok
UNIT_C722215F8B,Torre Nápoles,depósito,disponible,0.0,3.1,0.0,real_source:unidades.parquet,ok
UNIT_DD2E748FBD,Los Jardines de Urteaga,departamento flat,vendido,675720.0,104.31,6478.0,real_source:unidades.parquet,ok
UNIT_0D6716F958,Modena,estacionamiento con depósito,disponible,0.0,18.1,0.0,real_source:unidades.parquet,ok
UNIT_A992CD9340,Fenix,departamento flat,vendido,380918.07,71.26,5345.47,real_source:unidades.parquet,ok
UNIT_5555B1580F,Alicanto,estacionamiento simple,vendido,48708.0,13.5,3608.0,real_source:unidades.parquet,ok
UNIT_40A6976B46,Alicanto,estacionamiento simple,no disponible,0.0,13.5,0.0,real_source:unidades.parquet,ok
UNIT_6A7BADEAEE,Modena,departamento flat,disponible,0.0,75.43,0.0,real_source:unidades.parquet,ok
UNIT_53D7D11942,Edificio Santa Cruz Infinite,departamento flat,separado,520800.0,71.85,7248.43,real_source:unidades.parquet,ok
UNIT_0F9453041D,Edificio Mariategui,departamento flat,vendido,463000.0,75.0,6173.33,real_source:unidades.parquet,ok
UNIT_C785A1EF12,Alicanto,estacionamiento simple,proceso de venta,47150.0,12.5,3772.0,real_source:unidades.parquet,ok
UNIT_8B02ADF02E,Matera,estacionamiento simple,disponible,0.0,12.5,0.0,real_source:unidades.parquet,ok
UNIT_68F07527FF,Alicanto,departamento flat,disponible,0.0,78.61,0.0,real_source:unidades.parquet,ok
UNIT_14A6DBB9D7,Torre Nápoles,estacionamiento simple,disponible,0.0,12.5,0.0,real_source:unidades.parquet,ok
UNIT_4A9ECC736C,Torre Nápoles,estacionamiento con depósito,disponible,0.0,15.7,0.0,real_source:unidades.parquet,ok
UNIT_82570AD0BF,Edificio Urbanzen,departamento flat,entregado,502365.44,70.08,7168.46,real_source:unidades.parquet,ok
UNIT_FD118D2ECF,Edificio Urbanzen,departamento flat,entregado,573769.85,81.0,7083.58,real_source:unidades.parquet,ok
UNIT_A8C4E2B80D,Capadocia,departamento flat,proceso de separación,500000.0,68.81,7266.39,real_source:unidades.parquet,ok
UNIT_BBB3369337,Matera,estacionamiento simple,disponible,0.0,13.5,0.0,real_source:unidades.parquet,ok
UNIT_AA62D83F00,Matera,departamento flat,disponible,0.0,70.88,0.0,real_source:unidades.parquet,ok
UNIT_D5DFA68388,Modena,departamento flat,vendido,486422.0,72.2,6737.15,real_source:unidades.parquet,ok
UNIT_09B0C4221A,Tizón y Bueno,departamento flat,proceso de entrega,435841.0,65.54,6650.0,real_source:unidades.parquet,ok
UNIT_D00DFE3BE7,Edificio Urbanzen,estacionamiento simple,entregado,58200.0,14.55,4000.0,real_source:unidades.parquet,ok
UNIT_42005DA31F,Matera,departamento flat,disponible,0.0,75.83,0.0,real_source:unidades.parquet,ok
UNIT_9CA46E8DDF,Edificio Santa Cruz Infinite,estacionamiento simple,vendido,46000.0,13.5,3407.41,real_source:unidades.parquet,ok
UNIT_0D61B471E5,Alicanto,estacionamiento simple,proceso de separación,47150.0,12.5,3772.0,real_source:unidades.parquet,ok
UNIT_89D987457B,Torre Nápoles,estacionamiento simple,disponible,0.0,13.5,0.0,real_source:unidades.parquet,ok
UNIT_074D2AF7DD,Matera,departamento flat,disponible,0.0,40.0,0.0,real_source:unidades.parquet,ok
UNIT_87FE236776,Matera,departamento flat,disponible,0.0,41.82,0.0,real_source:unidades.parquet,ok
UNIT_5F7704E92F,Modena,estacionamiento simple,disponible,0.0,15.3,0.0,real_source:unidades.parquet,ok
UNIT_7675EFBCFF,Modena,estacionamiento simple,disponible,0.0,13.5,0.0,real_source:unidades.parquet,ok
UNIT_8F9DCFFCBF,Modena,departamento flat,disponible,0.0,40.09,0.0,real_source:unidades.parquet,ok
UNIT_306457D68C,Fenix,departamento flat,vendido,470000.0,70.24,6691.34,real_source:unidades.parquet,ok
UNIT_D3C450BC4B,Modena,estacionamiento con depósito,disponible,0.0,15.3,0.0,real_source:unidades.parquet,ok
UNIT_41D16F17D4,Modena,estacionamiento con depósito,disponible,0.0,15.25,0.0,real_source:unidades.parquet,ok
UNIT_E39E360598,Edificio Urbanzen,departamento flat,entregado,366547.99,42.4,8645.0,real_source:unidades.parquet,ok
UNIT_9FC37833D5,Modena,departamento flat,vendido,406168.0,57.1,7113.27,real_source:unidades.parquet,ok
UNIT_6BA3A9AF22,Tizón y Bueno,estacionamiento con depósito,proceso de separación,57329.0,16.65,3443.18,real_source:unidades.parquet,ok
UNIT_5068552CAF,Tizón y Bueno,departamento flat,proceso de entrega,450000.0,65.54,6866.04,real_source:unidades.parquet,ok
UNIT_C2E758DA82,Modena,estacionamiento con depósito,proceso de separación,51000.0,15.95,3197.49,real_source:unidades.parquet,ok
UNIT_7C034CF75B,Matera,departamento flat,disponible,0.0,54.94,0.0,real_source:unidades.parquet,ok
UNIT_719951D5DC,Matera,departamento flat,disponible,0.0,77.4,0.0,real_source:unidades.parquet,ok
UNIT_556AC42C2F,Edificio Urbanzen,departamento flat,entregado,543114.69,81.0,6705.12,real_source:unidades.parquet,ok
UNIT_79713F4FA4,Edificio Urbanzen,estacionamiento con depósito,entregado,71400.0,17.7,4033.9,real_source:unidades.parquet,ok
UNIT_3DA4688CF9,Modena,departamento flat,disponible,0.0,72.91,0.0,real_source:unidades.parquet,ok
UNIT_69370CB19B,Modena,estacionamiento con depósito,disponible,0.0,14.5,0.0,real_source:unidades.parquet,ok
UNIT_E98D417B42,Torre Nápoles,estacionamiento simple,proceso de separación,43512.0,12.0,3626.0,real_source:unidades.parquet,ok
UNIT_9F612F127D,Capadocia,estacionamiento con depósito,no disponible,0.0,16.6,0.0,real_source:unidades.parquet,ok
UNIT_910A6F8A78,Modena,departamento flat,disponible,0.0,40.09,0.0,real_source:unidades.parquet,ok
UNIT_D71BCC4A28,Capadocia,departamento flat,disponible,0.0,69.59,0.0,real_source:unidades.parquet,ok
UNIT_E596395F60,Capadocia,departamento flat,disponible,0.0,69.79,0.0,real_source:unidades.parquet,ok
UNIT_EC6C4335DB,Capadocia,estacionamiento simple,disponible,0.0,12.5,0.0,real_source:unidades.parquet,ok
UNIT_46A2A225BE,Torre Nápoles,departamento flat,disponible,0.0,40.09,0.0,real_source:unidades.parquet,ok
UNIT_533C02DB0B,Edificio Santa Cruz Infinite,departamento flat,vendido,473955.0,71.27,6650.13,real_source:unidades.parquet,ok
UNIT_3DF197C7FD,Torre Nápoles,departamento flat,proceso de separación,381392.0,68.65,5555.6,real_source:unidades.parquet,ok
UNIT_7E13581A76,Edificio Cuba Connect,estacionamiento simple,vendido,42000.0,12.95,3243.24,real_source:unidades.parquet,ok
UNIT_A7665945D7,Edificio Cuba Connect,departamento flat,vendido,506311.68,77.56,6528.0,real_source:unidades.parquet,ok
UNIT_9D300BA262,Los Jardines de Urteaga,departamento flat,vendido,622080.0,96.03,6477.98,real_source:unidades.parquet,ok
UNIT_5FD1A5D4A0,Edificio Urbanzen,estacionamiento simple,entregado,43650.0,14.55,3000.0,real_source:unidades.parquet,ok
UNIT_0DFE115DA6,Modena,estacionamiento con depósito,disponible,0.0,13.5,0.0,real_source:unidades.parquet,ok
UNIT_47E5661B34,Alicanto,estacionamiento simple,disponible,0.0,12.5,0.0,real_source:unidades.parquet,ok
UNIT_8FE1E0D3B3,Edificio Urbanzen,departamento flat,entregado,550000.0,74.98,7335.29,real_source:unidades.parquet,ok
UNIT_D755880E33,Edificio Urbanzen,estacionamiento simple,entregado,45500.0,12.0,3791.67,real_source:unidades.parquet,ok
UNIT_0EE7ABBC93,Tizón y Bueno,departamento duplex,vendido,812639.0,139.34,5832.06,real_source:unidades.parquet,ok
UNIT_AAE11390DD,Modena,departamento flat,proceso de separación,509000.0,73.02,6970.69,real_source:unidades.parquet,ok
UNIT_EA5BBD4CEC,Capadocia,departamento flat,no disponible,0.0,80.24,0.0,real_source:unidades.parquet,ok
UNIT_C68B280116,Capadocia,departamento flat,vendido,387000.0,54.12,7150.78,real_source:unidades.parquet,ok
UNIT_6EC47DD21C,Torre Nápoles,estacionamiento simple,proceso de separación,38553.0,12.96,2974.77,real_source:unidades.parquet,ok
UNIT_F8FD5F1322,Tizón y Bueno,departamento flat,vendido,488856.0,76.12,6422.18,real_source:unidades.parquet,ok
UNIT_11B038313A,Fenix,departamento flat,proceso de separación,528580.0,72.11,7330.19,real_source:unidades.parquet,ok
UNIT_D5BE9AFB7A,Torre Nápoles,departamento flat,vendido,227743.0,40.16,5670.89,real_source:unidades.parquet,ok
UNIT_51F3252E96,Modena,departamento flat,disponible,0.0,53.02,0.0,real_source:unidades.parquet,ok
UNIT_4FEDA09FE1,Modena,departamento flat,disponible,0.0,40.09,0.0,real_source:unidades.parquet,ok
UNIT_EAECA57A7C,Sialia,estacionamiento con depósito,no disponible,0.0,25.26,0.0,real_source:unidades.parquet,ok
UNIT_52B8730CA0,Alicanto,estacionamiento simple,proceso de separación,55651.2,13.2,4216.0,real_source:unidades.parquet,ok
UNIT_D1B1473608,Torre Nápoles,estacionamiento simple,disponible,0.0,12.5,0.0,real_source:unidades.parquet,ok
UNIT_524C07B99E,Edificio Urbanzen,departamento flat,entregado,568707.48,81.0,7021.08,real_source:unidades.parquet,ok
UNIT_3F9ED9D552,Los Jardines de Urteaga,departamento flat,vendido,675720.0,104.31,6478.0,real_source:unidades.parquet,ok
UNIT_63E48C1754,Los Jardines de Urteaga,departamento flat,vendido,657000.0,104.31,6298.53,real_source:unidades.parquet,ok
UNIT_5E75B393D3,Edificio Santa Cruz Infinite,departamento flat,vendido,549000.0,70.85,7748.76,real_source:unidades.parquet,ok
UNIT_86BB645DC4,Capadocia,departamento duplex,vendido,647000.0,103.93,6225.34,real_source:unidades.parquet,ok
UNIT_F1BC634FEF,Modena,estacionamiento simple,vendido,44450.0,12.5,3556.0,real_source:unidades.parquet,ok
UNIT_FA7FD74C79,Modena,departamento flat,vendido,367918.0,53.02,6939.23,real_source:unidades.parquet,ok
UNIT_905F5903EB,Modena,estacionamiento con depósito,disponible,0.0,13.5,0.0,real_source:unidades.parquet,ok
UNIT_57211C744A,Tizón y Bueno,departamento flat,vendido,392000.0,56.34,6957.76,real_source:unidades.parquet,ok
UNIT_8BBFDA2F94,Tizón y Bueno,departamento flat,vendido,410000.0,71.77,5712.69,real_source:unidades.parquet,ok
UNIT_4EA4EDF2F1,Torre Nápoles,departamento flat,no disponible,0.0,59.34,0.0,real_source:unidades.parquet,ok
UNIT_AAA503B1F3,Torre Nápoles,departamento flat,no disponible,0.0,37.89,0.0,real_source:unidades.parquet,ok
UNIT_454E6A4175,Torre Nápoles,departamento flat,vendido,296513.0,55.48,5344.5,real_source:unidades.parquet,ok
UNIT_05161F289E,Los Jardines de Urteaga,departamento flat,vendido,657000.0,104.31,6298.53,real_source:unidades.parquet,ok
UNIT_BB925EE615,Edificio Santa Cruz Infinite,departamento flat,vendido,522800.0,70.94,7369.61,real_source:unidades.parquet,ok
UNIT_950466312B,Edificio Santa Cruz Infinite,departamento flat,vendido,531300.0,70.94,7489.43,real_source:unidades.parquet,ok
UNIT_3F9FD66F08,Modena,estacionamiento simple,vendido,48450.0,12.5,3876.0,real_source:unidades.parquet,ok
UNIT_0330BFDF6F,Torre Nápoles,departamento flat,disponible,0.0,57.04,0.0,real_source:unidades.parquet,ok
UNIT_83CA8C832D,Modena,departamento flat,disponible,0.0,75.49,0.0,real_source:unidades.parquet,ok
UNIT_09A7E0EBDA,Edificio Urbanzen,departamento flat,entregado,300000.0,42.4,7075.47,real_source:unidades.parquet,ok
UNIT_4BDE86B0BF,Modena,departamento flat,disponible,0.0,49.01,0.0,real_source:unidades.parquet,ok
UNIT_0A99A2EE1F,Capadocia,departamento flat,no disponible,0.0,68.81,0.0,real_source:unidades.parquet,ok
UNIT_8D99A4DFEA,Modena,departamento flat,vendido,423680.0,57.1,7419.96,real_source:unidades.parquet,ok
UNIT_45216E1309,Capadocia,estacionamiento con depósito,disponible,0.0,15.3,0.0,real_source:unidades.parquet,ok
UNIT_D8B560F446,Tizón y Bueno,depósito,disponible,0.0,4.63,0.0,real_source:unidades.parquet,ok
UNIT_8374F409E5,Modena,departamento flat,vendido,387010.83,54.67,7079.03,real_source:unidades.parquet,ok
UNIT_157D850C37,Matera,departamento flat,disponible,0.0,56.51,0.0,real_source:unidades.parquet,ok
UNIT_5C80862D63,Edificio Cuba Connect,departamento flat,vendido,571550.4,83.56,6840.0,real_source:unidades.parquet,ok
UNIT_590B559CB9,Los Jardines de Urteaga,departamento flat,vendido,622080.0,96.03,6477.98,real_source:unidades.parquet,ok
UNIT_87A23EF1A2,Edificio Santa Cruz Infinite,estacionamiento simple,vendido,49200.0,12.63,3895.49,real_source:unidades.parquet,ok
UNIT_7C7158C5F1,Torre Nápoles,departamento flat,disponible,0.0,40.07,0.0,real_source:unidades.parquet,ok
UNIT_F5B762C2F6,Modena,departamento flat,disponible,0.0,40.02,0.0,real_source:unidades.parquet,ok
UNIT_970C3B5F32,Edificio Santa Cruz Infinite,departamento flat,vendido,504600.0,70.52,7155.42,real_source:unidades.parquet,ok
UNIT_B9F7FEBC6A,Edificio Cuba Connect,estacionamiento simple,vendido,46000.0,15.0,3066.67,real_source:unidades.parquet,ok
UNIT_04E62D9DB1,Edificio Cuba Connect,estacionamiento simple,vendido,42000.0,15.75,2666.67,real_source:unidades.parquet,ok
UNIT_5A74BDB8D8,Edificio Cuba Connect,departamento flat,vendido,506311.68,77.56,6528.0,real_source:unidades.parquet,ok
UNIT_A0B28A96E9,Edificio Santa Cruz Infinite,estacionamiento simple,vendido,51250.0,12.63,4057.8,real_source:unidades.parquet,ok
UNIT_231879F306,Modena,departamento flat,vendido,517063.74,73.02,7081.12,real_source:unidades.parquet,ok
UNIT_3BF6CEDC37,Modena,departamento flat,disponible,0.0,57.1,0.0,real_source:unidades.parquet,ok
UNIT_ABE5FB9988,Alicanto,departamento flat,disponible,0.0,65.65,0.0,real_source:unidades.parquet,ok
UNIT_E1E69538C1,Torre Nápoles,departamento flat,disponible,0.0,55.48,0.0,real_source:unidades.parquet,ok
UNIT_811F062411,Torre Nápoles,depósito,disponible,0.0,3.1,0.0,real_source:unidades.parquet,ok
UNIT_5D1C80B5A7,Torre Nápoles,depósito,disponible,0.0,3.0,0.0,real_source:unidades.parquet,ok
UNIT_1FFAECEA73,Capadocia,depósito,disponible,0.0,3.65,0.0,real_source:unidades.parquet,ok
UNIT_43730975C6,Capadocia,depósito,disponible,0.0,6.15,0.0,real_source:unidades.parquet,ok
UNIT_ABD1E32553,Capadocia,departamento flat,disponible,0.0,68.81,0.0,real_source:unidades.parquet,ok
UNIT_7C34A6E277,Matera,departamento flat,disponible,0.0,40.02,0.0,real_source:unidades.parquet,ok
UNIT_6C2BBD8DA5,Los Jardines de Urteaga,departamento flat,vendido,657000.0,104.31,6298.53,real_source:unidades.parquet,ok
UNIT_DA0474E44E,Modena,departamento flat,vendido,370000.0,54.67,6767.88,real_source:unidades.parquet,ok
UNIT_22680297F1,Edificio Santa Cruz Infinite,estacionamiento simple,vendido,49200.0,13.64,3607.04,real_source:unidades.parquet,ok
UNIT_7547E69EBD,Modena,estacionamiento con depósito,vendido,56179.0,15.4,3647.99,real_source:unidades.parquet,ok
UNIT_0F7785C024,Capadocia,estacionamiento simple,disponible,0.0,12.0,0.0,real_source:unidades.parquet,ok
UNIT_C196C2EEBB,Tizón y Bueno,estacionamiento con depósito,proceso de separación,60088.0,16.75,3587.34,real_source:unidades.parquet,ok
UNIT_CFACCB81C2,Torre Nápoles,departamento flat,disponible,0.0,40.07,0.0,real_source:unidades.parquet,ok
UNIT_363554C385,Torre Nápoles,departamento flat,proceso de separación,361900.0,65.49,5526.03,real_source:unidades.parquet,ok
UNIT_CE92081B39,Fenix,departamento flat,vendido,384000.49,67.37,5699.87,real_source:unidades.parquet,ok
UNIT_159E06523E,Torre Nápoles,departamento flat,no disponible,0.0,30.17,0.0,real_source:unidades.parquet,ok
UNIT_503F3FE9DC,Torre Nápoles,estacionamiento con depósito,disponible,0.0,15.3,0.0,real_source:unidades.parquet,ok
UNIT_509F633B04,Edificio Santa Cruz Infinite,departamento flat,vendido,520800.0,71.85,7248.43,real_source:unidades.parquet,ok
UNIT_47A0583BBD,Edificio Santa Cruz Infinite,estacionamiento simple,vendido,45100.0,14.65,3078.5,real_source:unidades.parquet,ok
UNIT_40B432AF5C,Edificio Valdizan,departamento flat,vendido,559100.0,74.48,7506.71,real_source:unidades.parquet,ok
UNIT_4BBB9B4FD2,Modena,departamento flat,disponible,0.0,40.02,0.0,real_source:unidades.parquet,ok
UNIT_94858C3900,Edificio Valdizan,departamento flat,vendido,561000.0,74.48,7532.22,real_source:unidades.parquet,ok
UNIT_FABDEC0389,Edificio Santa Cruz Infinite,estacionamiento simple,vendido,47150.0,12.63,3733.17,real_source:unidades.parquet,ok
UNIT_54F2EDB921,Modena,departamento flat,disponible,0.0,75.49,0.0,real_source:unidades.parquet,ok
UNIT_71D7088E6F,Capadocia,estacionamiento simple,no disponible,0.0,12.0,0.0,real_source:unidades.parquet,ok
UNIT_DCC444EC70,Capadocia,estacionamiento simple,proceso de separación,52896.0,12.0,4408.0,real_source:unidades.parquet,ok
UNIT_E8B26622C7,Modena,departamento flat,disponible,0.0,53.02,0.0,real_source:unidades.parquet,ok
UNIT_E1991FC74D,Fenix,departamento flat,vendido,381400.0,67.37,5661.27,real_source:unidades.parquet,ok
UNIT_587AD9DDB9,Modena,estacionamiento con depósito,disponible,0.0,13.45,0.0,real_source:unidades.parquet,ok
UNIT_DC4E8088E0,Tizón y Bueno,estacionamiento con depósito,proceso de separación,57544.0,14.62,3935.98,real_source:unidades.parquet,ok
UNIT_43B79AA0C8,Tizón y Bueno,departamento flat,vendido,517000.0,76.99,6715.16,real_source:unidades.parquet,ok
UNIT_2C93C24B94,Capadocia,estacionamiento con depósito,disponible,0.0,29.95,0.0,real_source:unidades.parquet,ok
UNIT_B8BDCF6D33,Tizón y Bueno,departamento flat,vendido,455792.42,71.77,6350.74,real_source:unidades.parquet,ok
UNIT_D4E77EA88A,Tizón y Bueno,departamento flat,vendido,420000.0,71.77,5852.03,real_source:unidades.parquet,ok
UNIT_9F82D227D4,Alicanto,departamento flat,disponible,0.0,70.58,0.0,real_source:unidades.parquet,ok
UNIT_34C9596A7B,Torre Nápoles,departamento flat,vendido,309906.0,55.48,5585.9,real_source:unidades.parquet,ok
UNIT_041822B0A1,Capadocia,estacionamiento con depósito,proceso de separación,72618.0,19.5,3724.0,real_source:unidades.parquet,ok
UNIT_1B9CC463A5,Modena,departamento flat,disponible,0.0,40.02,0.0,real_source:unidades.parquet,ok
UNIT_DC070C91A6,Torre Nápoles,departamento flat,disponible,0.0,40.07,0.0,real_source:unidades.parquet,ok
UNIT_B05CF96738,Torre Nápoles,departamento flat,disponible,0.0,40.07,0.0,real_source:unidades.parquet,ok
UNIT_CEEF464D0C,Torre Nápoles,departamento flat,no disponible,0.0,56.58,0.0,real_source:unidades.parquet,ok
UNIT_E5603B5D6E,Modena,estacionamiento simple,proceso de separación,55917.0,13.5,4142.0,real_source:unidades.parquet,ok
UNIT_A5A2579A55,Modena,estacionamiento simple,vendido,42408.0,12.0,3534.0,real_source:unidades.parquet,ok
UNIT_0F3BF5C554,Torre Nápoles,departamento flat,no disponible,0.0,55.38,0.0,real_source:unidades.parquet,ok
UNIT_9E989680B0,Torre Nápoles,departamento flat,no disponible,0.0,52.4,0.0,real_source:unidades.parquet,ok
UNIT_4C6E6E181C,Modena,estacionamiento con depósito,disponible,0.0,18.1,0.0,real_source:unidades.parquet,ok
UNIT_62FCEEECDF,Modena,departamento flat,disponible,0.0,73.02,0.0,real_source:unidades.parquet,ok
UNIT_7B110B8C0D,Modena,departamento flat,disponible,0.0,48.64,0.0,real_source:unidades.parquet,ok
UNIT_7CE20DBF6D,Modena,departamento flat,disponible,0.0,54.67,0.0,real_source:unidades.parquet,ok
UNIT_BB4C637F6D,Modena,departamento flat,proceso de separación,275900.0,40.02,6894.05,real_source:unidades.parquet,ok
UNIT_2F9A5C93AB,Modena,estacionamiento simple,proceso de venta,45600.0,12.5,3648.0,real_source:unidades.parquet,ok
UNIT_229752E81B,Torre Nápoles,departamento flat,vendido,342000.0,65.49,5222.17,real_source:unidades.parquet,ok
UNIT_00526A6BD6,Modena,estacionamiento simple,no disponible,0.0,12.5,0.0,real_source:unidades.parquet,ok
UNIT_CA6868323D,Modena,estacionamiento con depósito,no disponible,0.0,15.95,0.0,real_source:unidades.parquet,ok
UNIT_A4D2DC44A9,Modena,departamento flat,disponible,0.0,73.02,0.0,real_source:unidades.parquet,ok
UNIT_2A36797CF6,Torre Nápoles,departamento flat,no disponible,0.0,56.58,0.0,real_source:unidades.parquet,ok
UNIT_2E377280A4,Torre Nápoles,departamento flat,no disponible,0.0,52.4,0.0,real_source:unidades.parquet,ok
UNIT_4FA071C085,Torre Nápoles,departamento flat,no disponible,0.0,52.63,0.0,real_source:unidades.parquet,ok
UNIT_11580AC6FD,Torre Nápoles,departamento flat,disponible,0.0,40.16,0.0,real_source:unidades.parquet,ok
UNIT_4DC8A39CB7,Torre Nápoles,departamento flat,vendido,308301.0,55.48,5556.98,real_source:unidades.parquet,ok
UNIT_E7BE88A5F6,Torre Nápoles,departamento flat,proceso de venta,276531.0,57.06,4846.32,real_source:unidades.parquet,ok
UNIT_2295B6C24B,Torre Nápoles,departamento flat,no disponible,0.0,56.58,0.0,real_source:unidades.parquet,ok
UNIT_34AC374170,Modena,departamento flat,disponible,0.0,72.91,0.0,real_source:unidades.parquet,ok
UNIT_74D803542B,Torre Nápoles,estacionamiento simple,disponible,0.0,12.5,0.0,real_source:unidades.parquet,ok
UNIT_EEAD079A0D,Torre Nápoles,estacionamiento simple,disponible,0.0,12.5,0.0,real_source:unidades.parquet,ok
UNIT_CE4DE38E96,Torre Nápoles,departamento flat,vendido,366460.3,65.81,5568.46,real_source:unidades.parquet,ok
UNIT_1AE1069BD1,Torre Nápoles,departamento flat,proceso de separación,274815.8,57.06,4816.26,real_source:unidades.parquet,ok
UNIT_C0897A369A,Torre Nápoles,departamento flat,no disponible,0.0,68.33,0.0,real_source:unidades.parquet,ok
UNIT_E1B2A39EE4,Torre Nápoles,departamento flat,no disponible,0.0,59.0,0.0,real_source:unidades.parquet,ok
UNIT_9CE8B75835,Torre Nápoles,departamento flat,no disponible,0.0,37.8,0.0,real_source:unidades.parquet,ok
UNIT_C1394F85D7,Torre Nápoles,departamento flat,vendido,284731.0,57.06,4990.03,real_source:unidades.parquet,ok
UNIT_4B74BA8E46,Torre Nápoles,departamento flat,no disponible,0.0,52.63,0.0,real_source:unidades.parquet,ok
UNIT_EF71ACB10D,Torre Nápoles,departamento flat,no disponible,0.0,52.4,0.0,real_source:unidades.parquet,ok
UNIT_951A63415D,Torre Nápoles,departamento duplex,no disponible,0.0,104.66,0.0,real_source:unidades.parquet,ok
UNIT_A699DD0BDE,Torre Nápoles,departamento flat,no disponible,0.0,30.17,0.0,real_source:unidades.parquet,ok
UNIT_B069EB08A9,Torre Nápoles,departamento flat,no disponible,0.0,30.17,0.0,real_source:unidades.parquet,ok
UNIT_1812A57F79,Torre Nápoles,departamento flat,proceso de separación,219908.13,40.16,5475.8,real_source:unidades.parquet,ok
UNIT_58EC334CD5,Torre Nápoles,departamento flat,disponible,0.0,40.12,0.0,real_source:unidades.parquet,ok
UNIT_15F6E8E5B7,Torre Nápoles,departamento flat,disponible,0.0,65.49,0.0,real_source:unidades.parquet,ok
UNIT_142251EC86,Torre Nápoles,departamento flat,disponible,0.0,57.04,0.0,real_source:unidades.parquet,ok
UNIT_8357242A78,Torre Nápoles,departamento flat,no disponible,0.0,55.38,0.0,real_source:unidades.parquet,ok
UNIT_DDEFB6D24E,Torre Nápoles,estacionamiento simple,disponible,0.0,12.0,0.0,real_source:unidades.parquet,ok
UNIT_D2BC585AD7,Torre Nápoles,estacionamiento simple,vendido,46250.0,12.5,3700.0,real_source:unidades.parquet,ok
UNIT_E402653F8A,Torre Nápoles,estacionamiento simple,disponible,0.0,12.5,0.0,real_source:unidades.parquet,ok
UNIT_8DF713FA60,Torre Nápoles,estacionamiento simple,disponible,0.0,12.5,0.0,real_source:unidades.parquet,ok
UNIT_BA71A2CDA6,Torre Nápoles,departamento flat,no disponible,0.0,56.58,0.0,real_source:unidades.parquet,ok
UNIT_ECE450CD08,Torre Nápoles,departamento flat,no disponible,0.0,55.38,0.0,real_source:unidades.parquet,ok
UNIT_EDD1A54A66,Torre Nápoles,departamento flat,no disponible,0.0,37.8,0.0,real_source:unidades.parquet,ok
UNIT_17C38FD037,Torre Nápoles,departamento flat,no disponible,0.0,30.17,0.0,real_source:unidades.parquet,ok
UNIT_6694F451F2,Alicanto,departamento flat,vendido,325188.0,52.61,6181.11,real_source:unidades.parquet,ok
UNIT_EADA90CE6D,Edificio Urbanzen,estacionamiento simple,entregado,48000.0,12.0,4000.0,real_source:unidades.parquet,ok
UNIT_39D70AAF37,Sialia,estacionamiento simple,vendido,51800.0,13.3,3894.74,real_source:unidades.parquet,ok
UNIT_DB3AE0B979,Fenix,departamento flat,vendido,432679.33,67.37,6422.43,real_source:unidades.parquet,ok
UNIT_8354A8AABE,Matera,departamento flat,vendido,570537.73,70.88,8049.35,real_source:unidades.parquet,ok
UNIT_CB2C7566C4,Torre Nápoles,departamento flat,vendido,227233.31,40.16,5658.2,real_source:unidades.parquet,ok
UNIT_34738EF147,Alicanto,departamento flat,proceso de aprobación,259872.39,40.02,6493.56,real_source:unidades.parquet,ok
UNIT_97512510D7,Edificio Urbanzen,departamento flat,disponible,0.0,42.4,0.0,real_source:unidades.parquet,ok
UNIT_9F8773F0D4,Tizón y Bueno,estacionamiento con depósito,proceso de entrega,41920.0,17.45,2402.29,real_source:unidades.parquet,ok
UNIT_748C7C8315,Torre Nápoles,departamento flat,vendido,320000.0,57.04,5610.1,real_source:unidades.parquet,ok
UNIT_1EE7748B60,Fenix,departamento flat,disponible,0.0,67.78,0.0,real_source:unidades.parquet,ok
UNIT_0A4059AD72,Fenix,departamento flat,proceso de separación,507841.33,70.24,7230.09,real_source:unidades.parquet,ok
UNIT_BC2EFBA87C,Matera,departamento flat,disponible,0.0,41.82,0.0,real_source:unidades.parquet,ok
UNIT_BC57745CF7,Modena,estacionamiento con depósito,disponible,0.0,13.45,0.0,real_source:unidades.parquet,ok
UNIT_3B869B8993,Fenix,estacionamiento simple,vendido,46400.0,12.24,3790.85,real_source:unidades.parquet,ok
UNIT_0438B4DC37,Tizón y Bueno,departamento flat,proceso de entrega,310000.0,46.56,6658.08,real_source:unidades.parquet,ok
UNIT_2F67E00743,Alicanto,departamento flat,disponible,0.0,52.61,0.0,real_source:unidades.parquet,ok
UNIT_5304742023,Alicanto,departamento flat,vendido,320000.0,53.96,5930.32,real_source:unidades.parquet,ok
UNIT_0E37A500AE,Modena,estacionamiento con depósito,disponible,0.0,16.45,0.0,real_source:unidades.parquet,ok
UNIT_1DF2BD8D57,Modena,departamento flat,proceso de separación,490758.0,73.55,6672.44,real_source:unidades.parquet,ok
UNIT_156896BA38,Sialia,departamento flat,proceso de separación,429000.0,66.75,6426.97,real_source:unidades.parquet,ok
UNIT_774392CA24,Sialia,estacionamiento simple,no disponible,0.0,14.2,0.0,real_source:unidades.parquet,ok
UNIT_19078241EF,Torre Nápoles,departamento flat,no disponible,0.0,52.4,0.0,real_source:unidades.parquet,ok
UNIT_94483C242C,Edificio Santa Cruz Infinite,departamento flat,vendido,603200.0,71.85,8395.27,real_source:unidades.parquet,ok
UNIT_61681A8EB2,Torre Nápoles,departamento flat,no disponible,0.0,75.46,0.0,real_source:unidades.parquet,ok
UNIT_822566DD57,Modena,departamento flat,disponible,0.0,72.47,0.0,real_source:unidades.parquet,ok
UNIT_485E2CE3D4,Alicanto,departamento flat,vendido,453635.0,70.49,6435.45,real_source:unidades.parquet,ok
UNIT_B6408C05DC,Torre Nápoles,departamento flat,disponible,0.0,68.65,0.0,real_source:unidades.parquet,ok
UNIT_BDFCB9AE76,Modena,departamento flat,disponible,0.0,76.91,0.0,real_source:unidades.parquet,ok
UNIT_D22FB77447,Fenix,estacionamiento con depósito,disponible,0.0,21.24,0.0,real_source:unidades.parquet,ok
UNIT_F9D7AA7A55,Edificio Santa Cruz Infinite,departamento flat,vendido,507500.0,70.94,7153.93,real_source:unidades.parquet,ok
UNIT_AFC5995BFD,Edificio Santa Cruz Infinite,estacionamiento simple,vendido,51250.0,15.66,3272.67,real_source:unidades.parquet,ok
UNIT_7E9114F44A,Tizón y Bueno,departamento flat,proceso de entrega,355000.0,56.21,6315.6,real_source:unidades.parquet,ok
UNIT_347F7175B9,Fenix,departamento flat,proceso de separación,516484.0,70.79,7296.0,real_source:unidades.parquet,ok
UNIT_74AC01772E,Sialia,departamento flat,proceso de separación,372021.0,48.95,7600.02,real_source:unidades.parquet,ok
UNIT_C9E5D6CCEF,Sialia,estacionamiento simple,proceso de venta,53200.0,13.3,4000.0,real_source:unidades.parquet,ok
UNIT_57C0188DF8,Matera,departamento duplex,disponible,0.0,79.42,0.0,real_source:unidades.parquet,ok
UNIT_21AD413881,Los Jardines de Urteaga,departamento flat,vendido,657153.0,104.31,6300.0,real_source:unidades.parquet,ok
UNIT_37E5A11C4D,Edificio Santa Cruz Infinite,departamento flat,vendido,513800.0,71.85,7151.01,real_source:unidades.parquet,ok
UNIT_C3BAB20358,Torre Nápoles,departamento flat,no disponible,0.0,68.33,0.0,real_source:unidades.parquet,ok
UNIT_E139FE9E59,Los Jardines de Urteaga,departamento flat,vendido,604989.0,96.03,6300.0,real_source:unidades.parquet,ok
UNIT_87F3D35C0E,Edificio Santa Cruz Infinite,departamento flat,vendido,507500.0,70.94,7153.93,real_source:unidades.parquet,ok
UNIT_2006C1996D,Tizón y Bueno,departamento flat,proceso de entrega,469088.72,71.77,6536.0,real_source:unidades.parquet,ok
UNIT_2610D7023A,Edificio Santa Cruz Infinite,departamento flat,vendido,521600.0,71.27,7318.65,real_source:unidades.parquet,ok
UNIT_1E53EA698D,Edificio Cuba Connect,estacionamiento simple,vendido,49200.0,15.75,3123.81,real_source:unidades.parquet,ok
UNIT_F84B72B492,Edificio Santa Cruz Infinite,departamento flat,vendido,489400.0,70.52,6939.88,real_source:unidades.parquet,ok
UNIT_875F1450F7,Los Jardines de Urteaga,departamento flat,vendido,751136.0,104.31,7201.0,real_source:unidades.parquet,ok
UNIT_19CFC1F86F,Edificio Santa Cruz Infinite,departamento flat,vendido,515800.0,70.94,7270.93,real_source:unidades.parquet,ok
UNIT_48B5026428,Capadocia,estacionamiento simple,proceso de separación,55100.0,12.5,4408.0,real_source:unidades.parquet,ok
UNIT_CB6006049E,Torre Nápoles,departamento flat,no disponible,0.0,52.4,0.0,real_source:unidades.parquet,ok
UNIT_304A711783,Alicanto,departamento flat,vendido,403242.1,70.49,5720.56,real_source:unidades.parquet,ok
UNIT_7A868703D4,Sialia,estacionamiento simple,proceso de separación,54200.0,13.56,3997.05,real_source:unidades.parquet,ok
UNIT_661C217872,Edificio Urbanzen,departamento flat,entregado,591802.2,81.0,7306.2,real_source:unidades.parquet,ok
UNIT_395B839163,Modena,departamento flat,no disponible,0.0,57.1,0.0,real_source:unidades.parquet,ok
UNIT_C4C0E212D0,Matera,departamento flat,disponible,0.0,70.88,0.0,real_source:unidades.parquet,ok
UNIT_56A04DB771,Alicanto,departamento flat,disponible,0.0,80.37,0.0,real_source:unidades.parquet,ok
UNIT_14A26CE614,Edificio Santa Cruz Infinite,departamento flat,vendido,552100.0,71.85,7684.06,real_source:unidades.parquet,ok
UNIT_0BA0264796,Edificio Santa Cruz Infinite,estacionamiento simple,vendido,51250.0,12.37,4143.09,real_source:unidades.parquet,ok
UNIT_BB26F9B2FB,Los Jardines de Urteaga,departamento flat,vendido,691512.0,96.03,7201.0,real_source:unidades.parquet,ok
UNIT_A8426A34A8,Torre Nápoles,departamento flat,disponible,0.0,65.81,0.0,real_source:unidades.parquet,ok
UNIT_63A19F7EB5,Edificio Santa Cruz Infinite,departamento flat,vendido,494400.0,71.27,6937.0,real_source:unidades.parquet,ok
UNIT_FD6161F76C,Torre Nápoles,estacionamiento simple,disponible,0.0,12.5,0.0,real_source:unidades.parquet,ok
UNIT_6A12BECB9B,Edificio Cuba Connect,departamento flat,vendido,558871.68,78.67,7104.0,real_source:unidades.parquet,ok
UNIT_912A136539,Edificio Cuba Connect,estacionamiento simple,vendido,42000.0,13.5,3111.11,real_source:unidades.parquet,ok
UNIT_740D2A376B,Edificio Cuba Connect,departamento flat,vendido,628390.0,83.41,7533.75,real_source:unidades.parquet,ok
UNIT_CB39C196C4,Edificio Cuba Connect,departamento flat,vendido,563389.0,84.05,6703.02,real_source:unidades.parquet,ok
UNIT_5D9C6222CA,Edificio Santa Cruz Infinite,departamento flat,vendido,536900.0,71.27,7533.32,real_source:unidades.parquet,ok
UNIT_4BA463007A,Tizón y Bueno,estacionamiento con depósito,proceso de separación,54606.0,17.45,3129.28,real_source:unidades.parquet,ok
UNIT_CF28DA3E2D,Edificio Santa Cruz Infinite,departamento flat,vendido,498300.0,71.85,6935.28,real_source:unidades.parquet,ok
UNIT_D7A7A56D27,Los Jardines de Urteaga,departamento flat,vendido,657153.0,104.31,6300.0,real_source:unidades.parquet,ok
UNIT_0257664781,Los Jardines de Urteaga,departamento flat,vendido,571160.0,96.03,5947.72,real_source:unidades.parquet,ok
UNIT_8593F07660,Edificio Santa Cruz Infinite,departamento flat,proceso de separación,392900.0,70.52,5571.47,real_source:unidades.parquet,ok
UNIT_E96C812A1D,Edificio Saenz,departamento flat,proceso de separación,474000.0,74.92,6326.75,real_source:unidades.parquet,ok
UNIT_0C48F68192,Edificio Saenz,departamento flat,proceso de separación,484000.0,74.92,6460.22,real_source:unidades.parquet,ok
UNIT_F24E0A90DA,Edificio Cuba Connect,departamento flat,vendido,455934.0,77.56,5878.47,real_source:unidades.parquet,ok
UNIT_7F46C2906C,Edificio Cuba Connect,departamento flat,vendido,474920.0,84.05,5650.45,real_source:unidades.parquet,ok
UNIT_A15EDE1290,Edificio Cuba Connect,estacionamiento simple,vendido,42750.0,14.15,3021.2,real_source:unidades.parquet,ok
UNIT_0B0B753ADA,Edificio Cuba Connect,departamento flat,vendido,566697.0,107.58,5267.68,real_source:unidades.parquet,ok
UNIT_BF2023FEB4,Edificio Santa Cruz Infinite,estacionamiento simple,vendido,42750.0,13.64,3134.16,real_source:unidades.parquet,ok
UNIT_B9C00E3B0B,Alicanto,departamento duplex,vendido,340000.0,53.96,6300.96,real_source:unidades.parquet,ok
UNIT_B9DC53F001,Edificio Santa Cruz Infinite,departamento flat,proceso de separación,389900.0,70.94,5496.19,real_source:unidades.parquet,ok
UNIT_904EAB92D5,Edificio Santa Cruz Infinite,estacionamiento simple,proceso de separación,37620.0,12.63,2978.62,real_source:unidades.parquet,ok
UNIT_635B265453,Fenix,departamento flat,vendido,361781.0,56.67,6384.0,real_source:unidades.parquet,ok
UNIT_CDF561964C,Modena,departamento flat,disponible,0.0,49.01,0.0,real_source:unidades.parquet,ok
UNIT_00C6CE7B17,Modena,departamento flat,disponible,0.0,76.91,0.0,real_source:unidades.parquet,ok
UNIT_A19BFA7D6F,Alicanto,departamento duplex,proceso de separación,514910.0,78.23,6582.0,real_source:unidades.parquet,ok
UNIT_CD6B0C5F92,Capadocia,departamento flat,vendido,351000.0,50.29,6979.52,real_source:unidades.parquet,ok
UNIT_25C576569A,Edificio Santa Cruz Infinite,departamento flat,proceso de separación,396700.0,70.94,5592.05,real_source:unidades.parquet,ok
UNIT_EE99C5307E,Los Jardines de Urteaga,departamento flat,vendido,576160.0,96.03,5999.79,real_source:unidades.parquet,ok
UNIT_502C145387,Los Jardines de Urteaga,estacionamiento simple,vendido,34200.0,11.0,3109.09,real_source:unidades.parquet,ok
UNIT_6A2D37DDE6,Los Jardines de Urteaga,estacionamiento simple,vendido,37620.0,11.0,3420.0,real_source:unidades.parquet,ok
UNIT_7F1B33AE4E,Los Jardines de Urteaga,departamento flat,vendido,614295.0,104.31,5889.13,real_source:unidades.parquet,ok
UNIT_DCCD1B64E4,Edificio Saenz,estacionamiento simple,proceso de separación,35910.0,14.75,2434.58,real_source:unidades.parquet,ok
UNIT_2402E22524,Edificio Saenz,departamento flat,proceso de separación,454094.0,74.92,6061.05,real_source:unidades.parquet,ok
UNIT_FF47BC2EEB,Edificio Saenz,departamento flat,proceso de separación,631800.0,108.36,5830.56,real_source:unidades.parquet,ok
UNIT_9706A4060B,Edificio Saenz,departamento flat,proceso de separación,684800.0,116.0,5903.45,real_source:unidades.parquet,ok
UNIT_E19471EE5B,Edificio Saenz,departamento flat,proceso de separación,659200.0,106.54,6187.35,real_source:unidades.parquet,ok
UNIT_9753B6E6D7,Edificio Saenz,departamento flat,proceso de separación,418400.0,81.69,5121.8,real_source:unidades.parquet,ok
UNIT_B56695A241,Torre Nápoles,estacionamiento con depósito,no disponible,0.0,15.1,0.0,real_source:unidades.parquet,ok
UNIT_AF92C977B6,Torre Nápoles,departamento flat,no disponible,0.0,59.0,0.0,real_source:unidades.parquet,ok
UNIT_AD6666BE66,Modena,estacionamiento con depósito,no disponible,0.0,15.4,0.0,real_source:unidades.parquet,ok
UNIT_79839FA11D,Edificio Urbanzen,departamento flat,entregado,579360.0,70.08,8267.12,real_source:unidades.parquet,ok
UNIT_DCC3903690,Matera,estacionamiento simple,disponible,0.0,12.5,0.0,real_source:unidades.parquet,ok
UNIT_1F630F6962,Torre Nápoles,departamento flat,no disponible,0.0,56.58,0.0,real_source:unidades.parquet,ok
UNIT_7E9D5008C9,Torre Nápoles,departamento flat,no disponible,0.0,37.89,0.0,real_source:unidades.parquet,ok
UNIT_A447C37407,Edificio Cuba Connect,departamento flat,vendido,406077.0,77.56,5235.65,real_source:unidades.parquet,ok
UNIT_88AFE6806B,Edificio Cuba Connect,departamento flat,vendido,443135.0,84.05,5272.28,real_source:unidades.parquet,ok
UNIT_208C6A4247,Edificio Cuba Connect,depósito,vendido,15123.0,3.99,3790.23,real_source:unidades.parquet,ok
UNIT_3E123B092B,Edificio Cuba Connect,departamento flat,vendido,526686.0,78.67,6694.88,real_source:unidades.parquet,ok
UNIT_2AB2DA3989,Edificio Cuba Connect,estacionamiento simple,vendido,47375.0,14.15,3348.06,real_source:unidades.parquet,ok
UNIT_933066770F,Edificio Cuba Connect,departamento flat,vendido,316120.0,49.17,6429.12,real_source:unidades.parquet,ok
UNIT_A543BBBC8F,Edificio Saenz,departamento flat,vendido,546000.0,78.73,6935.09,real_source:unidades.parquet,ok
UNIT_C5F7084177,Edificio Santa Cruz Infinite,depósito,vendido,6766.0,1.79,3779.89,real_source:unidades.parquet,ok
UNIT_BB6A12539A,Edificio Santa Cruz Infinite,estacionamiento simple,vendido,43585.0,12.63,3450.91,real_source:unidades.parquet,ok
UNIT_452EFA6399,Edificio Santa Cruz Infinite,departamento flat,vendido,486400.0,72.76,6684.99,real_source:unidades.parquet,ok
UNIT_C9D34E5DE6,Los Jardines de Urteaga,departamento flat,vendido,587703.0,96.03,6119.99,real_source:unidades.parquet,ok
UNIT_6B14E3F922,Edificio Santa Cruz Infinite,departamento duplex,vendido,874500.0,143.18,6107.7,real_source:unidades.parquet,ok
UNIT_65BFB64425,Edificio Santa Cruz Infinite,estacionamiento simple,vendido,49200.0,15.66,3141.76,real_source:unidades.parquet,ok
UNIT_8491710C3E,Matera,estacionamiento simple,disponible,0.0,12.5,0.0,real_source:unidades.parquet,ok
UNIT_AFB29E46AC,Torre Nápoles,estacionamiento simple,disponible,0.0,12.5,0.0,real_source:unidades.parquet,ok
UNIT_ADF27B673B,Edificio Santa Cruz Infinite,departamento flat,vendido,546900.0,70.94,7709.33,real_source:unidades.parquet,ok
UNIT_819C70C37D,Edificio Santa Cruz Infinite,estacionamiento simple,vendido,45100.0,13.64,3306.45,real_source:unidades.parquet,ok
UNIT_A222898D24,Edificio Cuba Connect,departamento flat,vendido,624000.0,83.41,7481.12,real_source:unidades.parquet,ok
UNIT_BDCFE3B494,Edificio Cuba Connect,departamento flat,vendido,596665.43,84.05,7098.93,real_source:unidades.parquet,ok
UNIT_EB66304852,Edificio Mariategui,departamento flat,vendido,533500.0,75.0,7113.33,real_source:unidades.parquet,ok
UNIT_F1D4586DF7,Edificio Santa Cruz Infinite,departamento flat,vendido,563800.0,72.76,7748.76,real_source:unidades.parquet,ok
UNIT_08E852DB0A,Edificio Santa Cruz Infinite,departamento flat,vendido,490295.0,70.52,6952.57,real_source:unidades.parquet,ok
UNIT_32DBCCD114,Edificio Santa Cruz Infinite,estacionamiento simple,vendido,47150.0,14.0,3367.86,real_source:unidades.parquet,ok
UNIT_104CA9B149,Edificio Santa Cruz Infinite,departamento flat,vendido,480134.0,70.52,6808.48,real_source:unidades.parquet,ok
UNIT_E745F23667,Edificio Santa Cruz Infinite,departamento flat,vendido,485792.0,72.76,6676.64,real_source:unidades.parquet,ok
UNIT_DFC6C42779,Edificio Santa Cruz Infinite,departamento flat,vendido,532500.0,72.76,7318.58,real_source:unidades.parquet,ok
UNIT_B6ECC52045,Edificio Cuba Connect,departamento flat,vendido,601012.0,77.56,7748.99,real_source:unidades.parquet,ok
UNIT_1047916F91,Edificio Cuba Connect,departamento flat,vendido,601012.0,77.56,7748.99,real_source:unidades.parquet,ok
UNIT_7C2C62BD48,Edificio Cuba Connect,departamento flat,vendido,593547.0,83.56,7103.24,real_source:unidades.parquet,ok
UNIT_850C5B21CA,Edificio Cuba Connect,departamento flat,vendido,557934.18,83.56,6677.05,real_source:unidades.parquet,ok
UNIT_124A1EA351,Edificio Valdizan,departamento flat,vendido,578300.0,74.02,7812.75,real_source:unidades.parquet,ok
UNIT_19DF13FF58,Edificio Valdizan,departamento flat,vendido,610200.0,74.48,8192.8,real_source:unidades.parquet,ok
UNIT_D9DFCAC139,Edificio Cuba Connect,departamento flat,vendido,664298.0,83.41,7964.25,real_source:unidades.parquet,ok
UNIT_68454671D5,Edificio Mariategui,departamento flat,vendido,276450.0,40.44,6836.05,real_source:unidades.parquet,ok
UNIT_AECBE34D5E,Edificio Santa Cruz Infinite,estacionamiento simple,vendido,51250.0,12.0,4270.83,real_source:unidades.parquet,ok
UNIT_3BBD1380E8,Edificio Mariategui,estacionamiento simple,vendido,53000.0,12.93,4098.99,real_source:unidades.parquet,ok
UNIT_474703013E,Edificio Mariategui,departamento flat,vendido,485000.0,79.36,6111.39,real_source:unidades.parquet,ok
UNIT_6270A9B589,Edificio Santa Cruz Infinite,departamento flat,vendido,504735.0,70.52,7157.33,real_source:unidades.parquet,ok
UNIT_88E27EBA66,Edificio Mariategui,estacionamiento simple,vendido,50000.0,12.5,4000.0,real_source:unidades.parquet,ok
UNIT_79E65D9401,Edificio Mariategui,departamento flat,vendido,495140.0,75.0,6601.87,real_source:unidades.parquet,ok
UNIT_F91651B8AF,Capadocia,estacionamiento simple,vendido,46512.0,12.0,3876.0,real_source:unidades.parquet,ok
UNIT_29EBECF5D5,Edificio Mariategui,departamento flat,vendido,465975.0,75.0,6213.0,real_source:unidades.parquet,ok
UNIT_2FD706608D,Edificio Mariategui,departamento flat,vendido,508900.0,75.0,6785.33,real_source:unidades.parquet,ok
UNIT_E7DE77D15F,Edificio Cuba Connect,departamento flat,vendido,540000.0,77.56,6962.35,real_source:unidades.parquet,ok
UNIT_64588100D2,Edificio Cuba Connect,departamento flat,vendido,607563.36,83.41,7284.06,real_source:unidades.parquet,ok
UNIT_B642BDD405,Edificio Santa Cruz Infinite,departamento flat,vendido,482390.0,70.85,6808.61,real_source:unidades.parquet,ok
UNIT_00120DA46B,Edificio Valdizan,estacionamiento simple,vendido,58630.0,13.25,4424.91,real_source:unidades.parquet,ok
UNIT_4F09195057,Edificio Mariategui,estacionamiento simple,vendido,51200.0,13.95,3670.25,real_source:unidades.parquet,ok
UNIT_3D5F8BA1BA,Edificio Cuba Connect,depósito,vendido,14104.0,3.44,4100.0,real_source:unidades.parquet,ok
UNIT_518D7B40BA,Edificio Saenz,departamento flat,vendido,528798.0,77.34,6837.32,real_source:unidades.parquet,ok
UNIT_519FB32D94,Edificio Santa Cruz Infinite,departamento flat,vendido,532530.0,70.85,7516.3,real_source:unidades.parquet,ok
UNIT_B52D80D704,Torre Nápoles,departamento flat,disponible,0.0,40.09,0.0,real_source:unidades.parquet,ok
UNIT_D45E9A4E28,Edificio Valdizan,departamento flat,vendido,500000.0,67.55,7401.92,real_source:unidades.parquet,ok
UNIT_7A40D58FAA,Edificio Santa Cruz Infinite,departamento flat,vendido,531300.0,70.52,7534.03,real_source:unidades.parquet,ok
UNIT_2DB49B1FB8,Edificio Santa Cruz Infinite,departamento flat,vendido,552300.0,71.27,7749.4,real_source:unidades.parquet,ok
UNIT_7539A7F29F,Edificio Mariategui,departamento flat,vendido,453375.0,79.36,5712.89,real_source:unidades.parquet,ok
UNIT_C926D94680,Edificio Santa Cruz Infinite,estacionamiento simple,vendido,45100.0,14.0,3221.43,real_source:unidades.parquet,ok
UNIT_5247970B47,Edificio Santa Cruz Infinite,departamento flat,vendido,522904.0,70.85,7380.44,real_source:unidades.parquet,ok
UNIT_737CC10996,Edificio Mariategui,estacionamiento simple,vendido,56600.0,14.93,3791.02,real_source:unidades.parquet,ok
UNIT_9A434A4FB7,Edificio Valdizan,departamento flat,vendido,524900.0,67.55,7770.54,real_source:unidades.parquet,ok
UNIT_5199875C49,Edificio Mariategui,departamento flat,vendido,295100.0,40.44,7297.23,real_source:unidades.parquet,ok
UNIT_374526A0AF,Edificio Cuba Connect,departamento flat,vendido,593547.0,83.56,7103.24,real_source:unidades.parquet,ok
UNIT_00939FBD21,Edificio Cuba Connect,departamento flat,vendido,570000.0,83.56,6821.45,real_source:unidades.parquet,ok
UNIT_0C4F5D3901,Edificio Valdizan,departamento flat,vendido,500000.0,67.55,7401.92,real_source:unidades.parquet,ok
UNIT_2EF5F37EE6,Edificio Santa Cruz Infinite,departamento flat,vendido,503300.0,70.85,7103.74,real_source:unidades.parquet,ok
UNIT_CA182BE88D,Edificio Mariategui,departamento flat,vendido,283046.0,40.44,6999.16,real_source:unidades.parquet,ok
UNIT_A77A57DDE3,Edificio Cuba Connect,departamento flat,vendido,593547.0,83.56,7103.24,real_source:unidades.parquet,ok
UNIT_BF49313972,Edificio Mariategui,departamento flat,vendido,276644.0,40.44,6840.85,real_source:unidades.parquet,ok
UNIT_58E4427C9C,Edificio Cuba Connect,estacionamiento simple,vendido,43050.0,12.3,3500.0,real_source:unidades.parquet,ok
UNIT_C3B975D038,Edificio Cuba Connect,estacionamiento simple,vendido,43050.0,12.3,3500.0,real_source:unidades.parquet,ok
UNIT_36240BEAC1,Edificio Cuba Connect,departamento flat,vendido,608655.64,83.56,7284.06,real_source:unidades.parquet,ok
UNIT_9622C25FEC,Edificio Mariategui,estacionamiento simple,vendido,47400.0,14.75,3213.56,real_source:unidades.parquet,ok
UNIT_D92DCD8E73,Torre Nápoles,estacionamiento simple,proceso de separación,46250.0,12.5,3700.0,real_source:unidades.parquet,ok
UNIT_9E20375C20,Edificio Urbanzen,departamento flat,entregado,575000.0,81.0,7098.77,real_source:unidades.parquet,ok
UNIT_BF886CAD64,Edificio Mariategui,estacionamiento simple,vendido,48700.0,14.75,3301.69,real_source:unidades.parquet,ok
UNIT_DF69F32753,Edificio Mariategui,departamento flat,vendido,477565.0,79.36,6017.7,real_source:unidades.parquet,ok
UNIT_5AAA1315B1,Torre Nápoles,departamento flat,no disponible,0.0,55.38,0.0,real_source:unidades.parquet,ok
UNIT_C0F1D01A03,Capadocia,departamento flat,disponible,0.0,65.28,0.0,real_source:unidades.parquet,ok
UNIT_F0EA609040,Sialia,estacionamiento simple,no disponible,0.0,12.89,0.0,real_source:unidades.parquet,ok
UNIT_5E8EE1F72D,Edificio Mariategui,depósito,vendido,11700.0,3.17,3690.85,real_source:unidades.parquet,ok
UNIT_EB5BD47846,Edificio Mariategui,departamento flat,vendido,565598.0,78.9,7168.54,real_source:unidades.parquet,ok
UNIT_10AF7796CB,Edificio Mariategui,departamento flat,vendido,292896.0,40.44,7242.73,real_source:unidades.parquet,ok
UNIT_B13ADB9A6C,Edificio Mariategui,departamento flat,vendido,540000.0,87.83,6148.24,real_source:unidades.parquet,ok
UNIT_DEE730BE5D,Edificio Mariategui,estacionamiento simple,vendido,65900.0,16.93,3892.5,real_source:unidades.parquet,ok
UNIT_35025CCD64,Edificio Santa Cruz Infinite,depósito,proceso de separación,8938.0,2.18,4100.0,real_source:unidades.parquet,ok
UNIT_17279ABFFD,Edificio Santa Cruz Infinite,departamento flat,vendido,507110.0,70.85,7157.52,real_source:unidades.parquet,ok
UNIT_31AB15AEC1,Capadocia,estacionamiento simple,disponible,0.0,12.5,0.0,real_source:unidades.parquet,ok
UNIT_71062B21EC,Torre Nápoles,departamento flat,proceso de separación,304798.0,57.04,5343.58,real_source:unidades.parquet,ok
UNIT_EFB1F85267,Torre Nápoles,depósito,disponible,0.0,2.1,0.0,real_source:unidades.parquet,ok
UNIT_49A1CE838C,Edificio Mariategui,departamento flat,vendido,315000.0,40.44,7789.32,real_source:unidades.parquet,ok
UNIT_27D134D92C,Modena,estacionamiento simple,vendido,39900.0,12.5,3192.0,real_source:unidades.parquet,ok
UNIT_06C7B21766,Torre Nápoles,departamento flat,vendido,176000.0,40.16,4382.47,real_source:unidades.parquet,ok
UNIT_73BEDD34AB,Edificio Mariategui,estacionamiento simple,vendido,0.0,15.42,0.0,real_source:unidades.parquet,ok
UNIT_915CB191A2,Torre Nápoles,departamento flat,no disponible,0.0,30.17,0.0,real_source:unidades.parquet,ok
UNIT_6F121CD4D4,Torre Nápoles,departamento flat,no disponible,0.0,52.4,0.0,real_source:unidades.parquet,ok
UNIT_E002F170A9,Tizón y Bueno,departamento flat,vendido,340000.0,56.34,6034.79,real_source:unidades.parquet,ok
UNIT_D0008D0EE6,Capadocia,estacionamiento simple,disponible,0.0,12.5,0.0,real_source:unidades.parquet,ok
UNIT_4013DFD7BC,Capadocia,departamento flat,disponible,0.0,40.13,0.0,real_source:unidades.parquet,ok
UNIT_059D7B3837,Capadocia,estacionamiento con depósito,proceso de separación,60139.0,19.3,3116.01,real_source:unidades.parquet,ok
UNIT_D6AD0D62D3,Capadocia,estacionamiento simple,no disponible,0.0,12.0,0.0,real_source:unidades.parquet,ok
UNIT_876AD9B89E,Tizón y Bueno,estacionamiento simple,vendido,50090.0,12.73,3934.8,real_source:unidades.parquet,ok
UNIT_E1F6F35E99,Matera,estacionamiento simple,disponible,0.0,12.5,0.0,real_source:unidades.parquet,ok
UNIT_31CD6B92A4,Capadocia,estacionamiento simple,disponible,0.0,12.5,0.0,real_source:unidades.parquet,ok
UNIT_210926259B,Matera,departamento flat,disponible,0.0,55.29,0.0,real_source:unidades.parquet,ok
UNIT_F4A6E688AC,Torre Nápoles,estacionamiento con depósito,disponible,0.0,27.78,0.0,real_source:unidades.parquet,ok
UNIT_D53E368910,Torre Nápoles,departamento flat,proceso de separación,323465.0,57.04,5670.85,real_source:unidades.parquet,ok
UNIT_369C63911D,Torre Nápoles,departamento flat,no disponible,0.0,28.89,0.0,real_source:unidades.parquet,ok
UNIT_1BD37B7D2D,Torre Nápoles,departamento flat,no disponible,0.0,68.33,0.0,real_source:unidades.parquet,ok
UNIT_7E3BBA7DF4,Edificio Urbanzen,estacionamiento simple,disponible,0.0,14.72,0.0,real_source:unidades.parquet,ok
UNIT_5977B8C00F,Torre Nápoles,estacionamiento simple,vendido,46250.0,12.5,3700.0,real_source:unidades.parquet,ok
UNIT_6081329B6A,Torre Nápoles,departamento flat,vendido,219407.0,40.12,5468.77,real_source:unidades.parquet,ok
UNIT_CC306DEEBE,Modena,estacionamiento simple,vendido,47025.0,12.5,3762.0,real_source:unidades.parquet,ok
UNIT_3CF9874903,Torre Nápoles,departamento flat,proceso de separación,363000.0,68.65,5287.69,real_source:unidades.parquet,ok
UNIT_A6B5C40F16,Sialia,estacionamiento simple,no disponible,0.0,13.2,0.0,real_source:unidades.parquet,ok
UNIT_059D378868,Tizón y Bueno,departamento flat,vendido,357570.0,56.34,6346.65,real_source:unidades.parquet,ok
UNIT_ED7B16B307,Sialia,departamento flat,disponible,0.0,65.71,0.0,real_source:unidades.parquet,ok
UNIT_2264B2EDC8,Matera,departamento flat,disponible,0.0,67.98,0.0,real_source:unidades.parquet,ok
UNIT_7C1C4375EF,Matera,departamento flat,vendido,500736.0,71.08,7044.68,real_source:unidades.parquet,ok
UNIT_ED9D12E1C5,Capadocia,departamento flat,vendido,524433.0,69.59,7536.04,real_source:unidades.parquet,ok
UNIT_49FE02092E,Capadocia,estacionamiento con depósito,no disponible,0.0,16.3,0.0,real_source:unidades.parquet,ok
UNIT_C22FDE1A17,Matera,departamento flat,disponible,0.0,36.39,0.0,real_source:unidades.parquet,ok
UNIT_B861E63CB1,Capadocia,departamento flat,disponible,0.0,71.88,0.0,real_source:unidades.parquet,ok
UNIT_3662B33463,Tizón y Bueno,departamento flat,vendido,315000.0,50.9,6188.61,real_source:unidades.parquet,ok
UNIT_BEC11E44B4,Torre Nápoles,departamento flat,no disponible,0.0,56.58,0.0,real_source:unidades.parquet,ok
UNIT_995EF1FA0B,Matera,departamento flat,disponible,0.0,55.96,0.0,real_source:unidades.parquet,ok
UNIT_902CB9DF60,Tizón y Bueno,departamento flat,proceso de entrega,478756.0,71.18,6725.99,real_source:unidades.parquet,ok
UNIT_FA4D14F772,Sialia,departamento flat,vendido,326667.0,57.31,5700.0,real_source:unidades.parquet,ok
UNIT_2847FE2E2F,Sialia,departamento flat,vendido,339750.0,57.31,5928.28,real_source:unidades.parquet,ok
UNIT_BAF302371B,Torre Nápoles,depósito,disponible,0.0,4.2,0.0,real_source:unidades.parquet,ok
UNIT_21233056A7,Sialia,departamento flat,vendido,320000.0,57.31,5583.67,real_source:unidades.parquet,ok
UNIT_50A9E0B052,Sialia,departamento flat,vendido,426852.86,69.77,6118.0,real_source:unidades.parquet,ok
UNIT_3D337D29E7,Torre Nápoles,departamento flat,no disponible,0.0,37.8,0.0,real_source:unidades.parquet,ok
UNIT_12EF2F1A9F,Torre Nápoles,depósito,disponible,0.0,3.8,0.0,real_source:unidades.parquet,ok
UNIT_F5D195E058,Torre Nápoles,departamento flat,disponible,0.0,65.81,0.0,real_source:unidades.parquet,ok
UNIT_119B956D7A,Torre Nápoles,departamento flat,vendido,295000.0,55.48,5317.23,real_source:unidades.parquet,ok
UNIT_CF10B75D08,Torre Nápoles,departamento flat,disponible,0.0,55.48,0.0,real_source:unidades.parquet,ok
UNIT_493CD8918A,Matera,departamento flat,vendido,566650.0,70.88,7994.5,real_source:unidades.parquet,ok
UNIT_318CEE38C0,Capadocia,departamento flat,disponible,0.0,50.29,0.0,real_source:unidades.parquet,ok
UNIT_3BBD598E0B,Torre Nápoles,departamento flat,no disponible,0.0,30.17,0.0,real_source:unidades.parquet,ok
UNIT_A700F7362B,Tizón y Bueno,departamento flat,vendido,342222.6,50.9,6723.43,real_source:unidades.parquet,ok
UNIT_E86A4B1C21,Torre Nápoles,departamento flat,disponible,0.0,40.07,0.0,real_source:unidades.parquet,ok
UNIT_0BF0F0C275,Modena,estacionamiento simple,vendido,45247.18,12.5,3619.77,real_source:unidades.parquet,ok
UNIT_3873DCE8CF,Capadocia,departamento flat,no disponible,0.0,57.36,0.0,real_source:unidades.parquet,ok
UNIT_FD9333B4B6,Sialia,departamento flat,vendido,364208.0,48.95,7440.41,real_source:unidades.parquet,ok
UNIT_6290D27209,Sialia,departamento flat,vendido,447245.0,70.64,6331.33,real_source:unidades.parquet,ok
UNIT_47D9FC1B4F,Sialia,departamento flat,vendido,445088.51,70.64,6300.8,real_source:unidades.parquet,ok
UNIT_DBE9DA6B60,Capadocia,departamento flat,vendido,359004.21,50.29,7138.68,real_source:unidades.parquet,ok
UNIT_45613FB71C,Torre Nápoles,departamento flat,disponible,0.0,57.04,0.0,real_source:unidades.parquet,ok
UNIT_B6E4D5DF5D,Torre Nápoles,estacionamiento simple,disponible,0.0,12.5,0.0,real_source:unidades.parquet,ok
UNIT_232FCEB767,Torre Nápoles,estacionamiento con depósito,disponible,0.0,13.9,0.0,real_source:unidades.parquet,ok
UNIT_345E5C0857,Torre Nápoles,departamento flat,disponible,0.0,65.81,0.0,real_source:unidades.parquet,ok
UNIT_2B50DA9851,Alicanto,estacionamiento simple,disponible,0.0,12.5,0.0,real_source:unidades.parquet,ok
UNIT_DA474074B9,Alicanto,depósito,vendido,15088.0,4.0,3772.0,real_source:unidades.parquet,ok
UNIT_6B283933F6,Sialia,departamento flat,disponible,0.0,69.99,0.0,real_source:unidades.parquet,ok
UNIT_F958956278,Sialia,departamento flat,vendido,236000.0,40.0,5900.0,real_source:unidades.parquet,ok
UNIT_D62511CD43,Torre Nápoles,departamento flat,no disponible,0.0,56.58,0.0,real_source:unidades.parquet,ok
UNIT_5E8FC666F5,Alicanto,estacionamiento simple,vendido,47150.0,12.5,3772.0,real_source:unidades.parquet,ok
UNIT_F39A48984C,Torre Nápoles,estacionamiento con depósito,disponible,0.0,15.5,0.0,real_source:unidades.parquet,ok
UNIT_F366BDA737,Tizón y Bueno,departamento flat,vendido,339990.0,56.34,6034.61,real_source:unidades.parquet,ok
UNIT_41A805EBF7,Torre Nápoles,departamento flat,proceso de separación,294000.0,57.06,5152.47,real_source:unidades.parquet,ok
UNIT_9D992AF666,Tizón y Bueno,departamento flat,vendido,352783.0,56.34,6261.68,real_source:unidades.parquet,ok
UNIT_29D304E092,Alicanto,estacionamiento simple,vendido,45000.0,12.5,3600.0,real_source:unidades.parquet,ok
UNIT_5C6D3C023D,Capadocia,departamento flat,vendido,439549.27,65.15,6746.73,real_source:unidades.parquet,ok
UNIT_7F083F85E9,Torre Nápoles,estacionamiento simple,disponible,0.0,12.5,0.0,real_source:unidades.parquet,ok
UNIT_B5BE60EA0E,Torre Nápoles,departamento flat,no disponible,0.0,28.89,0.0,real_source:unidades.parquet,ok
UNIT_E51B7B14B8,Matera,departamento flat,disponible,0.0,40.02,0.0,real_source:unidades.parquet,ok
UNIT_23EC5215FD,Torre Nápoles,departamento flat,no disponible,0.0,52.63,0.0,real_source:unidades.parquet,ok
UNIT_84B8FB7DFC,Matera,estacionamiento simple,proceso de separación,45788.0,12.5,3663.04,real_source:unidades.parquet,ok
UNIT_B2C55B1023,Capadocia,departamento flat,disponible,0.0,71.88,0.0,real_source:unidades.parquet,ok
UNIT_557C2582EB,Capadocia,estacionamiento con depósito,no disponible,0.0,14.8,0.0,real_source:unidades.parquet,ok
UNIT_B8EDD49790,Capadocia,estacionamiento con depósito,disponible,0.0,14.9,0.0,real_source:unidades.parquet,ok
UNIT_6A0CFD075B,Capadocia,estacionamiento simple,no disponible,0.0,12.0,0.0,real_source:unidades.parquet,ok
UNIT_84DFEE11B7,Tizón y Bueno,estacionamiento con depósito,vendido,54392.0,14.42,3771.98,real_source:unidades.parquet,ok
UNIT_6DD793FA65,Tizón y Bueno,estacionamiento con depósito,proceso de separación,65329.0,17.45,3743.78,real_source:unidades.parquet,ok
UNIT_85BF569DE4,Tizón y Bueno,departamento flat,vendido,318642.0,50.9,6260.16,real_source:unidades.parquet,ok
UNIT_BEA866CCEA,Torre Nápoles,estacionamiento simple,disponible,0.0,12.0,0.0,real_source:unidades.parquet,ok
UNIT_057387D429,Tizón y Bueno,estacionamiento simple,vendido,47232.0,12.0,3936.0,real_source:unidades.parquet,ok
UNIT_55C5BF15C5,Sialia,departamento flat,no disponible,0.0,69.77,0.0,real_source:unidades.parquet,ok
UNIT_83DF2B4208,Sialia,departamento flat,proceso de separación,550136.45,69.77,7885.0,real_source:unidades.parquet,ok
UNIT_F28B4A9BDD,Sialia,estacionamiento simple,vendido,50200.0,12.89,3894.49,real_source:unidades.parquet,ok
UNIT_443F4D479A,Sialia,departamento flat,no disponible,0.0,48.95,0.0,real_source:unidades.parquet,ok
UNIT_1563ECC4EF,Sialia,estacionamiento simple,vendido,54000.0,13.5,4000.0,real_source:unidades.parquet,ok
UNIT_EB46F2DF17,Sialia,estacionamiento simple,no disponible,0.0,14.2,0.0,real_source:unidades.parquet,ok
UNIT_B2F7A63C57,Torre Nápoles,departamento flat,no disponible,0.0,30.17,0.0,real_source:unidades.parquet,ok
UNIT_0CF8FEFD07,Sialia,departamento flat,proceso de separación,375000.0,69.56,5391.03,real_source:unidades.parquet,ok
UNIT_4FA6B71D8A,Torre Nápoles,estacionamiento simple,disponible,0.0,12.5,0.0,real_source:unidades.parquet,ok
UNIT_0F647045F9,Capadocia,estacionamiento con depósito,proceso de venta,60701.0,16.3,3723.99,real_source:unidades.parquet,ok
UNIT_984858127B,Sialia,departamento flat,vendido,348450.0,57.31,6080.09,real_source:unidades.parquet,ok
UNIT_DA171299CD,Torre Nápoles,departamento flat,disponible,0.0,40.09,0.0,real_source:unidades.parquet,ok
UNIT_3BE3A4B04F,Matera,departamento flat,disponible,0.0,55.29,0.0,real_source:unidades.parquet,ok
UNIT_8DDDE65710,Matera,departamento flat,disponible,0.0,55.29,0.0,real_source:unidades.parquet,ok
UNIT_D51C9DABC1,Torre Nápoles,departamento flat,disponible,0.0,40.09,0.0,real_source:unidades.parquet,ok
UNIT_A47688A4BB,Torre Nápoles,departamento flat,vendido,357600.0,68.65,5209.03,real_source:unidades.parquet,ok
UNIT_C8ADEEC942,Torre Nápoles,estacionamiento simple,disponible,0.0,12.5,0.0,real_source:unidades.parquet,ok
UNIT_78A3FC29EE,Torre Nápoles,estacionamiento con depósito,disponible,0.0,15.8,0.0,real_source:unidades.parquet,ok
UNIT_CE7596EBDA,Torre Nápoles,departamento flat,no disponible,0.0,56.58,0.0,real_source:unidades.parquet,ok
UNIT_C5B7621547,Matera,departamento flat,disponible,0.0,68.18,0.0,real_source:unidades.parquet,ok
UNIT_303C28070C,Capadocia,departamento flat,no disponible,0.0,40.13,0.0,real_source:unidades.parquet,ok
UNIT_045FC36618,Capadocia,estacionamiento simple,no disponible,0.0,12.0,0.0,real_source:unidades.parquet,ok
UNIT_48F941D407,Torre Nápoles,departamento flat,vendido,212391.0,40.12,5293.89,real_source:unidades.parquet,ok
UNIT_7B21D4FFCC,Torre Nápoles,estacionamiento con depósito,disponible,0.0,15.5,0.0,real_source:unidades.parquet,ok
UNIT_381EC5C0C0,Torre Nápoles,estacionamiento simple,disponible,0.0,12.5,0.0,real_source:unidades.parquet,ok
UNIT_172E000725,Torre Nápoles,estacionamiento con depósito,disponible,0.0,14.9,0.0,real_source:unidades.parquet,ok
UNIT_18FC17697C,Sialia,departamento flat,no disponible,0.0,70.97,0.0,real_source:unidades.parquet,ok
UNIT_F72CB8CDEE,Sialia,departamento flat,disponible,0.0,83.34,0.0,real_source:unidades.parquet,ok
UNIT_D2562C2875,Sialia,estacionamiento simple,no disponible,0.0,12.36,0.0,real_source:unidades.parquet,ok
UNIT_E5C84B199D,Torre Nápoles,departamento flat,vendido,188000.0,40.16,4681.27,real_source:unidades.parquet,ok
UNIT_D31EFB2237,Sialia,departamento flat,vendido,400000.0,69.77,5733.12,real_source:unidades.parquet,ok
UNIT_018B6CD3AE,Sialia,departamento flat,vendido,418899.08,69.77,6004.0,real_source:unidades.parquet,ok
UNIT_EB21C5215F,Sialia,departamento flat,proceso de separación,440000.0,69.77,6306.44,real_source:unidades.parquet,ok
UNIT_4931F8CA05,Torre Nápoles,departamento flat,vendido,371218.01,68.65,5407.4,real_source:unidades.parquet,ok
UNIT_AFD0D83C08,Capadocia,depósito,disponible,0.0,4.55,0.0,real_source:unidades.parquet,ok
UNIT_E6C5E4D2B8,Capadocia,departamento flat,no disponible,0.0,40.13,0.0,real_source:unidades.parquet,ok
UNIT_E7FBB76C25,Capadocia,departamento flat,vendido,295000.0,40.13,7351.11,real_source:unidades.parquet,ok
UNIT_F05DC465DA,Torre Nápoles,estacionamiento simple,disponible,0.0,12.5,0.0,real_source:unidades.parquet,ok
UNIT_594A37C36E,Matera,departamento flat,disponible,0.0,36.39,0.0,real_source:unidades.parquet,ok
UNIT_52CB0B941D,Torre Nápoles,departamento flat,no disponible,0.0,55.38,0.0,real_source:unidades.parquet,ok
UNIT_3CFDC5D14E,Torre Nápoles,departamento flat,disponible,0.0,55.48,0.0,real_source:unidades.parquet,ok
UNIT_C16046CF92,Torre Nápoles,estacionamiento simple,disponible,0.0,12.5,0.0,real_source:unidades.parquet,ok
UNIT_F4EB49F2A0,Edificio Urbanzen,estacionamiento simple,entregado,69700.0,16.99,4102.41,real_source:unidades.parquet,ok
UNIT_9A8417BE46,Capadocia,estacionamiento simple,disponible,0.0,12.5,0.0,real_source:unidades.parquet,ok
UNIT_F80D1B4093,Capadocia,departamento flat,vendido,458177.79,65.15,7032.66,real_source:unidades.parquet,ok
UNIT_F8700484A4,Edificio Urbanzen,departamento flat,disponible,0.0,42.4,0.0,real_source:unidades.parquet,ok
UNIT_90E585A0DA,Sialia,departamento flat,disponible,0.0,66.75,0.0,real_source:unidades.parquet,ok
UNIT_B7C58194AC,Capadocia,departamento flat,vendido,483000.0,65.28,7398.9,real_source:unidades.parquet,ok
UNIT_EB91B42F40,Torre Nápoles,departamento flat,disponible,0.0,57.06,0.0,real_source:unidades.parquet,ok
UNIT_4FB109C90E,Torre Nápoles,estacionamiento con depósito,disponible,0.0,14.9,0.0,real_source:unidades.parquet,ok
UNIT_EABA8B2B44,Torre Nápoles,departamento flat,vendido,292098.19,55.48,5264.93,real_source:unidades.parquet,ok
UNIT_9CB8F491A0,Torre Nápoles,departamento flat,no disponible,0.0,56.58,0.0,real_source:unidades.parquet,ok
UNIT_3A2B8E295F,Capadocia,departamento flat,vendido,516000.0,66.87,7716.46,real_source:unidades.parquet,ok
UNIT_A5002D5711,Capadocia,departamento flat,disponible,0.0,65.28,0.0,real_source:unidades.parquet,ok
UNIT_F5975F2347,Matera,departamento flat,vendido,450000.0,68.18,6600.18,real_source:unidades.parquet,ok
UNIT_466A09F9FA,Capadocia,estacionamiento simple,disponible,0.0,12.5,0.0,real_source:unidades.parquet,ok
UNIT_E924A50C05,Torre Nápoles,departamento flat,no disponible,0.0,30.17,0.0,real_source:unidades.parquet,ok
UNIT_BF917BC0D6,Matera,departamento flat,disponible,0.0,40.2,0.0,real_source:unidades.parquet,ok
UNIT_1905A88B8C,Matera,departamento flat,disponible,0.0,40.2,0.0,real_source:unidades.parquet,ok
UNIT_2424766BAA,Sialia,departamento flat,disponible,0.0,65.71,0.0,real_source:unidades.parquet,ok
UNIT_D516780A17,Matera,departamento flat,disponible,0.0,49.7,0.0,real_source:unidades.parquet,ok
UNIT_D26BFAF3E9,Sialia,departamento flat,vendido,400000.0,69.77,5733.12,real_source:unidades.parquet,ok
UNIT_3D53B4E508,Edificio Urbanzen,depósito,entregado,15500.0,5.3,2924.53,real_source:unidades.parquet,ok
UNIT_18FF0218DD,Torre Nápoles,departamento flat,proceso de venta,366212.0,55.48,6600.79,real_source:unidades.parquet,ok
UNIT_D8C77C17FA,Capadocia,estacionamiento simple,disponible,0.0,12.5,0.0,real_source:unidades.parquet,ok
UNIT_587E5BA28A,Capadocia,estacionamiento con depósito,disponible,0.0,14.9,0.0,real_source:unidades.parquet,ok
UNIT_5B8C495E12,Capadocia,departamento flat,no disponible,0.0,73.23,0.0,real_source:unidades.parquet,ok
UNIT_328FF7E917,Torre Nápoles,estacionamiento simple,disponible,0.0,13.5,0.0,real_source:unidades.parquet,ok
UNIT_57B775BCDA,Torre Nápoles,estacionamiento simple,disponible,0.0,12.5,0.0,real_source:unidades.parquet,ok
UNIT_3B6C51B1FC,Torre Nápoles,estacionamiento simple,disponible,0.0,12.96,0.0,real_source:unidades.parquet,ok
UNIT_54C2F34ADA,Torre Nápoles,estacionamiento simple,disponible,0.0,12.5,0.0,real_source:unidades.parquet,ok
UNIT_7676A1C266,Torre Nápoles,estacionamiento simple,disponible,0.0,12.5,0.0,real_source:unidades.parquet,ok
UNIT_7E625A2AC0,Torre Nápoles,departamento flat,no disponible,0.0,79.48,0.0,real_source:unidades.parquet,ok
UNIT_9B2DA28644,Torre Nápoles,departamento flat,disponible,0.0,40.16,0.0,real_source:unidades.parquet,ok
UNIT_2F5D1EA2BE,Sialia,departamento flat,disponible,0.0,65.71,0.0,real_source:unidades.parquet,ok
UNIT_54F02CE3F1,Sialia,departamento flat,disponible,0.0,65.71,0.0,real_source:unidades.parquet,ok
UNIT_7BCDA9E33A,Torre Nápoles,estacionamiento simple,proceso de separación,41810.0,12.5,3344.8,real_source:unidades.parquet,ok
UNIT_0EC5CACE3D,Torre Nápoles,departamento flat,no disponible,0.0,59.0,0.0,real_source:unidades.parquet,ok
UNIT_20AAEBB975,Capadocia,depósito,disponible,0.0,4.55,0.0,real_source:unidades.parquet,ok
UNIT_9879097154,Matera,estacionamiento simple,disponible,0.0,12.5,0.0,real_source:unidades.parquet,ok
UNIT_D3A71CEFA3,Capadocia,departamento flat,vendido,641899.15,78.63,8163.54,real_source:unidades.parquet,ok
UNIT_6A544BAB39,Capadocia,departamento flat,vendido,357226.97,50.29,7103.34,real_source:unidades.parquet,ok
UNIT_AFA7EFB299,Capadocia,departamento flat,vendido,629454.0,78.12,8057.53,real_source:unidades.parquet,ok
UNIT_336D84483A,Torre Nápoles,departamento flat,proceso de separación,312927.23,55.48,5640.36,real_source:unidades.parquet,ok
UNIT_F30C2CB92E,Torre Nápoles,estacionamiento con depósito,disponible,0.0,15.6,0.0,real_source:unidades.parquet,ok
UNIT_F20AB66971,Torre Nápoles,departamento flat,no disponible,0.0,56.58,0.0,real_source:unidades.parquet,ok
UNIT_5759858700,Torre Nápoles,departamento flat,no disponible,0.0,37.8,0.0,real_source:unidades.parquet,ok
UNIT_89DD16AEC9,Torre Nápoles,departamento flat,no disponible,0.0,55.38,0.0,real_source:unidades.parquet,ok
UNIT_1A255C8937,Torre Nápoles,estacionamiento simple,disponible,0.0,12.0,0.0,real_source:unidades.parquet,ok
UNIT_07770E7C75,Torre Nápoles,departamento flat,vendido,361724.0,68.65,5269.1,real_source:unidades.parquet,ok
UNIT_16C58B6F70,Torre Nápoles,departamento flat,disponible,0.0,65.81,0.0,real_source:unidades.parquet,ok
UNIT_352956D4C3,Torre Nápoles,departamento flat,disponible,0.0,57.04,0.0,real_source:unidades.parquet,ok
UNIT_96372BFDB6,Matera,departamento flat,disponible,0.0,67.98,0.0,real_source:unidades.parquet,ok
UNIT_F34EED2057,Torre Nápoles,estacionamiento con depósito,disponible,0.0,14.15,0.0,real_source:unidades.parquet,ok
UNIT_A846D6A4D1,Torre Nápoles,departamento flat,no disponible,0.0,59.0,0.0,real_source:unidades.parquet,ok
UNIT_62AF660325,Torre Nápoles,departamento flat,no disponible,0.0,52.63,0.0,real_source:unidades.parquet,ok
UNIT_74C1769F96,Torre Nápoles,departamento flat,proceso de separación,225000.0,40.12,5608.18,real_source:unidades.parquet,ok
UNIT_A0EEADD004,Torre Nápoles,departamento flat,disponible,0.0,57.06,0.0,real_source:unidades.parquet,ok
UNIT_EDA4353C08,Torre Nápoles,estacionamiento simple,disponible,0.0,12.5,0.0,real_source:unidades.parquet,ok
UNIT_10FB4EB0A5,Matera,departamento flat,disponible,0.0,56.51,0.0,real_source:unidades.parquet,ok
UNIT_6A82E718EF,Matera,estacionamiento con depósito,proceso de separación,61894.0,16.4,3774.02,real_source:unidades.parquet,ok
UNIT_05E6F2CC82,Matera,departamento flat,disponible,0.0,77.4,0.0,real_source:unidades.parquet,ok
UNIT_C4B6B8EDFC,Sialia,estacionamiento simple,disponible,0.0,14.2,0.0,real_source:unidades.parquet,ok
UNIT_6F0EC93EB2,Sialia,estacionamiento simple,disponible,0.0,12.4,0.0,real_source:unidades.parquet,ok
UNIT_23B08BE2F6,Torre Nápoles,departamento flat,proceso de separación,295500.0,57.04,5180.58,real_source:unidades.parquet,ok
UNIT_73364DA1B9,Torre Nápoles,departamento flat,disponible,0.0,40.07,0.0,real_source:unidades.parquet,ok
UNIT_382CD3CCD7,Torre Nápoles,estacionamiento con depósito,disponible,0.0,22.4,0.0,real_source:unidades.parquet,ok
UNIT_BE0D79AA26,Torre Nápoles,departamento flat,proceso de venta,220000.0,40.12,5483.55,real_source:unidades.parquet,ok
UNIT_001B0A982C,Torre Nápoles,departamento flat,no disponible,0.0,28.89,0.0,real_source:unidades.parquet,ok
UNIT_4AF7933F0F,Torre Nápoles,estacionamiento simple,disponible,0.0,13.5,0.0,real_source:unidades.parquet,ok
UNIT_1953644452,Torre Nápoles,estacionamiento simple,disponible,0.0,12.5,0.0,real_source:unidades.parquet,ok
UNIT_F177D4DEEA,Matera,estacionamiento simple,disponible,0.0,12.5,0.0,real_source:unidades.parquet,ok
UNIT_80332CD0E4,Torre Nápoles,estacionamiento simple,proceso de separación,55145.0,13.5,4084.81,real_source:unidades.parquet,ok
UNIT_A242A4DBBF,Torre Nápoles,departamento flat,vendido,378106.68,65.49,5773.5,real_source:unidades.parquet,ok
UNIT_79172D6D48,Sialia,departamento flat,disponible,0.0,70.64,0.0,real_source:unidades.parquet,ok
UNIT_20A57C04AE,Sialia,estacionamiento simple,disponible,0.0,14.82,0.0,real_source:unidades.parquet,ok
UNIT_B5A3D3E3EF,Torre Nápoles,estacionamiento con depósito,vendido,55870.0,15.1,3700.0,real_source:unidades.parquet,ok
UNIT_DD64B83955,Torre Nápoles,departamento flat,no disponible,0.0,37.8,0.0,real_source:unidades.parquet,ok
UNIT_2ED6C5487D,Torre Nápoles,departamento flat,disponible,0.0,40.09,0.0,real_source:unidades.parquet,ok
UNIT_6CD1CA0F5F,Matera,departamento flat,proceso de separación,440000.0,54.94,8008.74,real_source:unidades.parquet,ok
UNIT_BCB9E5F222,Sialia,departamento flat,vendido,369785.12,57.31,6452.37,real_source:unidades.parquet,ok
UNIT_15B9190066,Torre Nápoles,estacionamiento simple,vendido,46250.0,12.5,3700.0,real_source:unidades.parquet,ok
UNIT_82B3932676,Torre Nápoles,departamento flat,no disponible,0.0,55.38,0.0,real_source:unidades.parquet,ok
UNIT_ED9045A622,Torre Nápoles,estacionamiento simple,disponible,0.0,12.5,0.0,real_source:unidades.parquet,ok
UNIT_1228A90109,Torre Nápoles,departamento flat,no disponible,0.0,55.38,0.0,real_source:unidades.parquet,ok
UNIT_7A916EAAB1,Torre Nápoles,departamento flat,vendido,359000.0,65.81,5455.1,real_source:unidades.parquet,ok
UNIT_4F43384841,Matera,estacionamiento simple,disponible,0.0,16.0,0.0,real_source:unidades.parquet,ok
UNIT_966A8C5CAA,Matera,departamento flat,disponible,0.0,56.75,0.0,real_source:unidades.parquet,ok
UNIT_071BCF1398,Matera,departamento flat,vendido,564039.17,70.88,7957.66,real_source:unidades.parquet,ok
UNIT_A0CA2823C3,Torre Nápoles,departamento flat,vendido,300000.0,65.81,4558.58,real_source:unidades.parquet,ok
UNIT_B4A62034E2,Torre Nápoles,estacionamiento simple,disponible,0.0,13.5,0.0,real_source:unidades.parquet,ok
UNIT_70E1516798,Torre Nápoles,departamento flat,vendido,195000.0,40.16,4855.58,real_source:unidades.parquet,ok
UNIT_70E2537B40,Torre Nápoles,estacionamiento simple,proceso de separación,40160.0,13.5,2974.81,real_source:unidades.parquet,ok
UNIT_5103B558D0,Torre Nápoles,estacionamiento simple,proceso de separación,41736.0,12.0,3478.0,real_source:unidades.parquet,ok
UNIT_0B9D4AC316,Torre Nápoles,estacionamiento simple,proceso de separación,44578.0,12.0,3714.83,real_source:unidades.parquet,ok
UNIT_9FB3384C30,Torre Nápoles,departamento duplex,no disponible,0.0,110.69,0.0,real_source:unidades.parquet,ok
UNIT_C618A387FD,Torre Nápoles,departamento flat,no disponible,0.0,59.34,0.0,real_source:unidades.parquet,ok
UNIT_F0A4C0D825,Torre Nápoles,departamento flat,disponible,0.0,65.49,0.0,real_source:unidades.parquet,ok
UNIT_860E8638B6,Torre Nápoles,departamento flat,no disponible,0.0,52.4,0.0,real_source:unidades.parquet,ok
UNIT_EB3019680D,Matera,departamento flat,disponible,0.0,53.93,0.0,real_source:unidades.parquet,ok
UNIT_3B456F54A6,Sialia,estacionamiento simple,disponible,0.0,12.9,0.0,real_source:unidades.parquet,ok
UNIT_90C7A537F0,Torre Nápoles,depósito,disponible,0.0,3.0,0.0,real_source:unidades.parquet,ok
UNIT_D7A40BEE6E,Torre Nápoles,depósito,disponible,0.0,3.8,0.0,real_source:unidades.parquet,ok
UNIT_67CBD512CE,Matera,estacionamiento simple,disponible,0.0,12.5,0.0,real_source:unidades.parquet,ok
UNIT_66660B12CC,Matera,departamento duplex,proceso de venta,931345.99,131.51,7081.94,real_source:unidades.parquet,ok
UNIT_37E9E376EB,Matera,departamento flat,disponible,0.0,70.88,0.0,real_source:unidades.parquet,ok
UNIT_EE7BC109DD,Edificio Urbanzen,depósito,proceso de separación,22000.0,6.0,3666.67,real_source:unidades.parquet,ok
UNIT_221A061595,Sialia,departamento flat,vendido,441110.07,70.64,6244.48,real_source:unidades.parquet,ok
UNIT_316368A5C6,Edificio Urbanzen,estacionamiento simple,vendido,46100.0,12.5,3688.0,real_source:unidades.parquet,ok
UNIT_123E49502E,Edificio Urbanzen,depósito,entregado,9300.0,2.6,3576.92,real_source:unidades.parquet,ok
UNIT_1072F70E26,Torre Nápoles,departamento flat,no disponible,0.0,55.38,0.0,real_source:unidades.parquet,ok
UNIT_8CDEA76979,Torre Nápoles,estacionamiento simple,disponible,0.0,12.5,0.0,real_source:unidades.parquet,ok
UNIT_7B5033A293,Torre Nápoles,depósito,disponible,0.0,3.1,0.0,real_source:unidades.parquet,ok
UNIT_450F0DEF60,Torre Nápoles,depósito,disponible,0.0,3.1,0.0,real_source:unidades.parquet,ok
UNIT_1DA721F8A3,Torre Nápoles,depósito,disponible,0.0,2.6,0.0,real_source:unidades.parquet,ok
UNIT_1F77C38755,Torre Nápoles,estacionamiento simple,disponible,0.0,12.5,0.0,real_source:unidades.parquet,ok
UNIT_CFB079F42C,Modena,estacionamiento simple,no disponible,0.0,15.25,0.0,real_source:unidades.parquet,ok
UNIT_5B27ED6339,Matera,departamento flat,disponible,0.0,56.75,0.0,real_source:unidades.parquet,ok
UNIT_C250928731,Fenix,departamento flat,vendido,388000.0,58.7,6609.88,real_source:unidades.parquet,ok
UNIT_84E74BB4B8,Edificio Urbanzen,depósito,entregado,15000.0,4.7,3191.49,real_source:unidades.parquet,ok
UNIT_B3624FC8C7,Edificio Urbanzen,depósito,proceso de separación,18800.0,4.7,4000.0,real_source:unidades.parquet,ok
UNIT_E8EE29D7BB,Fenix,estacionamiento simple,vendido,50000.0,13.5,3703.7,real_source:unidades.parquet,ok
UNIT_7084F55A8A,Torre Nápoles,departamento flat,no disponible,0.0,56.58,0.0,real_source:unidades.parquet,ok
UNIT_7986990939,Torre Nápoles,departamento flat,no disponible,0.0,30.17,0.0,real_source:unidades.parquet,ok
UNIT_F7F56B225F,Torre Nápoles,departamento flat,proceso de separación,301547.0,55.48,5435.24,real_source:unidades.parquet,ok
UNIT_DDAC8E5AF5,Torre Nápoles,departamento flat,disponible,0.0,40.16,0.0,real_source:unidades.parquet,ok
UNIT_7AD28F5AC9,Torre Nápoles,departamento flat,no disponible,0.0,52.4,0.0,real_source:unidades.parquet,ok
UNIT_F2DAA112CE,Torre Nápoles,estacionamiento con depósito,disponible,0.0,21.0,0.0,real_source:unidades.parquet,ok
UNIT_583197D64C,Torre Nápoles,departamento flat,no disponible,0.0,52.63,0.0,real_source:unidades.parquet,ok
UNIT_9BE3EA05ED,Torre Nápoles,departamento flat,no disponible,0.0,28.89,0.0,real_source:unidades.parquet,ok
UNIT_1355110FB8,Torre Nápoles,departamento flat,no disponible,0.0,59.34,0.0,real_source:unidades.parquet,ok
UNIT_FCA54A43D0,Torre Nápoles,depósito,disponible,0.0,4.2,0.0,real_source:unidades.parquet,ok
UNIT_2DEDF1313C,Torre Nápoles,estacionamiento simple,disponible,0.0,12.5,0.0,real_source:unidades.parquet,ok
UNIT_BD909A49FB,Torre Nápoles,departamento flat,disponible,0.0,40.09,0.0,real_source:unidades.parquet,ok
UNIT_51B764C666,Torre Nápoles,departamento flat,disponible,0.0,40.16,0.0,real_source:unidades.parquet,ok
UNIT_2B90B2B03D,Modena,estacionamiento simple,disponible,0.0,13.5,0.0,real_source:unidades.parquet,ok
UNIT_0551D3EFC5,Torre Nápoles,departamento flat,disponible,0.0,40.09,0.0,real_source:unidades.parquet,ok
UNIT_8BDF5FD1EB,Torre Nápoles,estacionamiento simple,proceso de separación,43512.0,12.0,3626.0,real_source:unidades.parquet,ok
UNIT_84DB14DF36,Torre Nápoles,departamento flat,no disponible,0.0,37.8,0.0,real_source:unidades.parquet,ok
UNIT_9B3AF88583,Torre Nápoles,estacionamiento simple,disponible,0.0,12.5,0.0,real_source:unidades.parquet,ok
UNIT_CE12F3EDB1,Torre Nápoles,departamento flat,no disponible,0.0,59.0,0.0,real_source:unidades.parquet,ok
UNIT_BBF77A3BB2,Torre Nápoles,departamento flat,disponible,0.0,40.09,0.0,real_source:unidades.parquet,ok
UNIT_8FAB109507,Torre Nápoles,departamento flat,disponible,0.0,44.63,0.0,real_source:unidades.parquet,ok
UNIT_F2864EDFF3,Torre Nápoles,departamento flat,disponible,0.0,34.82,0.0,real_source:unidades.parquet,ok
UNIT_F97CF90722,Torre Nápoles,departamento flat,disponible,0.0,40.09,0.0,real_source:unidades.parquet,ok
UNIT_2837D6E787,Torre Nápoles,estacionamiento con depósito,disponible,0.0,15.3,0.0,real_source:unidades.parquet,ok
UNIT_D312B7B578,Torre Nápoles,estacionamiento con depósito,disponible,0.0,13.9,0.0,real_source:unidades.parquet,ok
UNIT_BF368C798D,Torre Nápoles,departamento flat,disponible,0.0,57.06,0.0,real_source:unidades.parquet,ok
UNIT_39F3C89203,Torre Nápoles,departamento flat,no disponible,0.0,75.39,0.0,real_source:unidades.parquet,ok
UNIT_300F12443C,Modena,departamento flat,disponible,0.0,40.09,0.0,real_source:unidades.parquet,ok
UNIT_418168FCC1,Torre Nápoles,departamento flat,no disponible,0.0,52.63,0.0,real_source:unidades.parquet,ok
UNIT_E7A5351C1A,Torre Nápoles,departamento flat,no disponible,0.0,55.38,0.0,real_source:unidades.parquet,ok
UNIT_9B5A86B2DA,Modena,estacionamiento con depósito,disponible,0.0,15.35,0.0,real_source:unidades.parquet,ok
UNIT_36DBE1689B,Capadocia,departamento flat,no disponible,0.0,57.36,0.0,real_source:unidades.parquet,ok
UNIT_4C25416469,Torre Nápoles,departamento flat,no disponible,0.0,52.4,0.0,real_source:unidades.parquet,ok
UNIT_7D1BFA21C7,Torre Nápoles,departamento flat,disponible,0.0,65.49,0.0,real_source:unidades.parquet,ok
UNIT_972751A038,Torre Nápoles,estacionamiento con depósito,disponible,0.0,14.95,0.0,real_source:unidades.parquet,ok
UNIT_D000F12401,Torre Nápoles,estacionamiento simple,disponible,0.0,12.5,0.0,real_source:unidades.parquet,ok
UNIT_D37572E064,Torre Nápoles,departamento flat,vendido,357000.0,65.81,5424.71,real_source:unidades.parquet,ok
UNIT_0D3545035C,Torre Nápoles,departamento flat,no disponible,0.0,55.38,0.0,real_source:unidades.parquet,ok
UNIT_1FA2095688,Torre Nápoles,departamento flat,no disponible,0.0,52.4,0.0,real_source:unidades.parquet,ok
UNIT_FC085CF935,Torre Nápoles,departamento flat,no disponible,0.0,59.34,0.0,real_source:unidades.parquet,ok
UNIT_819B68A6CA,Modena,departamento flat,disponible,0.0,54.67,0.0,real_source:unidades.parquet,ok
UNIT_06A6116F78,Modena,estacionamiento simple,disponible,0.0,12.5,0.0,real_source:unidades.parquet,ok
UNIT_17FFA691C9,Modena,estacionamiento simple,disponible,0.0,12.5,0.0,real_source:unidades.parquet,ok
UNIT_369EAF0FC1,Torre Nápoles,departamento flat,no disponible,0.0,52.63,0.0,real_source:unidades.parquet,ok
UNIT_82690DD51E,Torre Nápoles,departamento flat,no disponible,0.0,28.89,0.0,real_source:unidades.parquet,ok
UNIT_05EBFB360E,Torre Nápoles,departamento flat,no disponible,0.0,68.33,0.0,real_source:unidades.parquet,ok
UNIT_1035C74F6B,Capadocia,estacionamiento simple,disponible,0.0,12.5,0.0,real_source:unidades.parquet,ok
UNIT_A3AB3D7452,Torre Nápoles,depósito,disponible,0.0,3.1,0.0,real_source:unidades.parquet,ok
UNIT_0B2F69BB6C,Torre Nápoles,departamento flat,no disponible,0.0,37.8,0.0,real_source:unidades.parquet,ok
UNIT_421915275C,Torre Nápoles,depósito,disponible,0.0,3.6,0.0,real_source:unidades.parquet,ok
UNIT_FBCA0A8C35,Torre Nápoles,departamento flat,no disponible,0.0,30.17,0.0,real_source:unidades.parquet,ok
UNIT_93C9DEA717,Torre Nápoles,departamento flat,no disponible,0.0,55.38,0.0,real_source:unidades.parquet,ok
UNIT_B4DD6E7839,Torre Nápoles,departamento flat,no disponible,0.0,52.4,0.0,real_source:unidades.parquet,ok
UNIT_C464F4BF4A,Torre Nápoles,departamento flat,no disponible,0.0,59.34,0.0,real_source:unidades.parquet,ok
UNIT_7038B94970,Torre Nápoles,departamento flat,no disponible,0.0,59.0,0.0,real_source:unidades.parquet,ok
UNIT_620C68A15D,Torre Nápoles,departamento flat,no disponible,0.0,37.8,0.0,real_source:unidades.parquet,ok
UNIT_BD5483284D,Torre Nápoles,departamento flat,no disponible,0.0,52.4,0.0,real_source:unidades.parquet,ok
UNIT_1C152C789F,Torre Nápoles,departamento flat,no disponible,0.0,80.27,0.0,real_source:unidades.parquet,ok
UNIT_C5FB017763,Torre Nápoles,departamento flat,no disponible,0.0,56.58,0.0,real_source:unidades.parquet,ok
UNIT_6C93BEFEBE,Torre Nápoles,departamento flat,no disponible,0.0,37.89,0.0,real_source:unidades.parquet,ok
UNIT_1DCA427C47,Torre Nápoles,departamento flat,no disponible,0.0,59.0,0.0,real_source:unidades.parquet,ok
UNIT_801521EAA3,Modena,departamento flat,disponible,0.0,57.1,0.0,real_source:unidades.parquet,ok
UNIT_FCED58184F,Torre Nápoles,departamento flat,disponible,0.0,40.07,0.0,real_source:unidades.parquet,ok
UNIT_7A7420335D,Torre Nápoles,departamento flat,no disponible,0.0,52.63,0.0,real_source:unidades.parquet,ok
UNIT_C3FB1B3A22,Torre Nápoles,departamento flat,disponible,0.0,40.07,0.0,real_source:unidades.parquet,ok
UNIT_AFD44FB8BA,Torre Nápoles,departamento flat,disponible,0.0,40.07,0.0,real_source:unidades.parquet,ok
UNIT_6FCF64AB84,Torre Nápoles,departamento flat,no disponible,0.0,59.0,0.0,real_source:unidades.parquet,ok
UNIT_DE60825192,Torre Nápoles,estacionamiento simple,disponible,0.0,12.5,0.0,real_source:unidades.parquet,ok
UNIT_C1D59E5053,Torre Nápoles,departamento flat,no disponible,0.0,52.63,0.0,real_source:unidades.parquet,ok
UNIT_89BF33DFA9,Torre Nápoles,departamento flat,no disponible,0.0,28.89,0.0,real_source:unidades.parquet,ok
UNIT_9ED38E1396,Torre Nápoles,estacionamiento simple,disponible,0.0,12.5,0.0,real_source:unidades.parquet,ok
UNIT_9468B8D4C4,Torre Nápoles,departamento flat,no disponible,0.0,52.63,0.0,real_source:unidades.parquet,ok
UNIT_54F7F440DA,Torre Nápoles,departamento flat,no disponible,0.0,28.89,0.0,real_source:unidades.parquet,ok
UNIT_97A74EEFC5,Torre Nápoles,estacionamiento simple,disponible,0.0,12.5,0.0,real_source:unidades.parquet,ok
UNIT_3DEFE3E142,Torre Nápoles,estacionamiento simple,disponible,0.0,12.5,0.0,real_source:unidades.parquet,ok
UNIT_EF9AEC2916,Torre Nápoles,departamento flat,no disponible,0.0,65.81,0.0,real_source:unidades.parquet,ok
UNIT_5317282BF6,Torre Nápoles,departamento flat,no disponible,0.0,28.89,0.0,real_source:unidades.parquet,ok
UNIT_2C8B730540,Torre Nápoles,depósito,disponible,0.0,3.1,0.0,real_source:unidades.parquet,ok
UNIT_0FA8914C5A,Torre Nápoles,departamento flat,no disponible,0.0,30.17,0.0,real_source:unidades.parquet,ok
UNIT_D5BE356977,Torre Nápoles,departamento flat,no disponible,0.0,52.63,0.0,real_source:unidades.parquet,ok
UNIT_28024A0747,Torre Nápoles,departamento flat,no disponible,0.0,68.33,0.0,real_source:unidades.parquet,ok
UNIT_071C585410,Torre Nápoles,departamento flat,proceso de separación,203487.46,40.09,5075.77,real_source:unidades.parquet,ok
UNIT_940DEFDB9A,Torre Nápoles,departamento flat,no disponible,0.0,37.89,0.0,real_source:unidades.parquet,ok
UNIT_F7D29539BD,Torre Nápoles,departamento flat,proceso de separación,239381.71,40.16,5960.7,real_source:unidades.parquet,ok
UNIT_47F6BAA3FD,Torre Nápoles,estacionamiento simple,disponible,0.0,12.5,0.0,real_source:unidades.parquet,ok
UNIT_044EEE3F13,Torre Nápoles,estacionamiento simple,disponible,0.0,12.5,0.0,real_source:unidades.parquet,ok
UNIT_7B7724EE70,Torre Nápoles,estacionamiento simple,disponible,0.0,12.5,0.0,real_source:unidades.parquet,ok
UNIT_0DAB3A2CDB,Torre Nápoles,departamento flat,disponible,0.0,40.09,0.0,real_source:unidades.parquet,ok
UNIT_5C1A9FF11F,Torre Nápoles,departamento flat,no disponible,0.0,55.38,0.0,real_source:unidades.parquet,ok
UNIT_1A4E44DFBB,Torre Nápoles,departamento flat,no disponible,0.0,59.34,0.0,real_source:unidades.parquet,ok
UNIT_158664B7DE,Torre Nápoles,departamento flat,no disponible,0.0,59.0,0.0,real_source:unidades.parquet,ok
UNIT_D09B45C944,Torre Nápoles,estacionamiento con depósito,disponible,0.0,14.9,0.0,real_source:unidades.parquet,ok
UNIT_CB3F45BE9E,Torre Nápoles,departamento flat,no disponible,0.0,59.34,0.0,real_source:unidades.parquet,ok
UNIT_EAD1C2BF7C,Torre Nápoles,departamento flat,no disponible,0.0,56.58,0.0,real_source:unidades.parquet,ok
UNIT_FAB3F7AA4D,Torre Nápoles,departamento flat,no disponible,0.0,37.89,0.0,real_source:unidades.parquet,ok
UNIT_309393955A,Torre Nápoles,departamento flat,no disponible,0.0,37.8,0.0,real_source:unidades.parquet,ok
UNIT_7D8CE38B41,Torre Nápoles,departamento flat,no disponible,0.0,30.17,0.0,real_source:unidades.parquet,ok
UNIT_3358454E41,Torre Nápoles,departamento flat,no disponible,0.0,37.8,0.0,real_source:unidades.parquet,ok
UNIT_667D0F53CD,Torre Nápoles,departamento flat,no disponible,0.0,55.38,0.0,real_source:unidades.parquet,ok
UNIT_9A5B05449D,Torre Nápoles,departamento flat,no disponible,0.0,59.0,0.0,real_source:unidades.parquet,ok
UNIT_1C46B0CA70,Torre Nápoles,departamento duplex,no disponible,0.0,115.94,0.0,real_source:unidades.parquet,ok
UNIT_57E6A72943,Torre Nápoles,departamento flat,proceso de separación,375000.0,65.49,5726.07,real_source:unidades.parquet,ok
UNIT_EFDEF6C5DE,Modena,departamento flat,vendido,430000.0,63.17,6807.03,real_source:unidades.parquet,ok
UNIT_2C5FE64C2B,Torre Nápoles,departamento flat,proceso de separación,388000.0,68.65,5651.86,real_source:unidades.parquet,ok
UNIT_4E7F0F0C4D,Torre Nápoles,departamento flat,no disponible,0.0,52.4,0.0,real_source:unidades.parquet,ok
UNIT_B36159BFCC,Torre Nápoles,departamento flat,vendido,210000.0,40.16,5229.08,real_source:unidades.parquet,ok
UNIT_CC88869CEE,Modena,departamento flat,proceso de venta,272752.0,40.02,6815.39,real_source:unidades.parquet,ok
UNIT_1B847E1B6D,Torre Nápoles,departamento flat,no disponible,0.0,59.0,0.0,real_source:unidades.parquet,ok
UNIT_8674623636,Torre Nápoles,estacionamiento simple,disponible,0.0,12.0,0.0,real_source:unidades.parquet,ok
UNIT_F773D31DDA,Torre Nápoles,departamento flat,no disponible,0.0,30.17,0.0,real_source:unidades.parquet,ok
UNIT_28B33CBA15,Torre Nápoles,estacionamiento simple,proceso de separación,35698.0,12.0,2974.83,real_source:unidades.parquet,ok
UNIT_7822B442CA,Torre Nápoles,departamento flat,disponible,0.0,65.49,0.0,real_source:unidades.parquet,ok
UNIT_ED046A2EB5,Modena,estacionamiento con depósito,no disponible,0.0,15.1,0.0,real_source:unidades.parquet,ok
UNIT_E9852E3CEC,Modena,departamento flat,disponible,0.0,75.41,0.0,real_source:unidades.parquet,ok
UNIT_1B7B607D1C,Torre Nápoles,departamento flat,no disponible,0.0,68.33,0.0,real_source:unidades.parquet,ok
UNIT_CAA373B9EB,Torre Nápoles,departamento flat,vendido,368500.0,68.65,5367.81,real_source:unidades.parquet,ok
UNIT_A36E6595F7,Modena,departamento flat,disponible,0.0,57.1,0.0,real_source:unidades.parquet,ok
UNIT_2AA91E7B43,Modena,estacionamiento con depósito,disponible,0.0,13.5,0.0,real_source:unidades.parquet,ok
UNIT_3A9C1790F2,Torre Nápoles,departamento flat,no disponible,0.0,59.34,0.0,real_source:unidades.parquet,ok
UNIT_5C25847C69,Torre Nápoles,departamento flat,no disponible,0.0,68.33,0.0,real_source:unidades.parquet,ok
UNIT_092C965D71,Torre Nápoles,departamento flat,no disponible,0.0,59.0,0.0,real_source:unidades.parquet,ok
UNIT_C8F032BE22,Modena,estacionamiento simple,disponible,0.0,13.5,0.0,real_source:unidades.parquet,ok
UNIT_9D1C302F39,Modena,departamento flat,disponible,0.0,40.02,0.0,real_source:unidades.parquet,ok
UNIT_DC01AD2BD1,Modena,departamento flat,vendido,537496.57,76.31,7043.59,real_source:unidades.parquet,ok
UNIT_1AA26969A4,Torre Nápoles,departamento flat,disponible,0.0,57.04,0.0,real_source:unidades.parquet,ok
UNIT_C878628D03,Modena,departamento flat,vendido,475000.0,73.55,6458.19,real_source:unidades.parquet,ok
UNIT_4A4C357193,Modena,estacionamiento con depósito,disponible,0.0,14.5,0.0,real_source:unidades.parquet,ok
UNIT_BA052EAC31,Torre Nápoles,estacionamiento simple,proceso de separación,46435.0,12.5,3714.8,real_source:unidades.parquet,ok
UNIT_D458122ECA,Modena,estacionamiento con depósito,proceso de separación,68092.0,18.1,3761.99,real_source:unidades.parquet,ok
UNIT_AF406DD43A,Modena,estacionamiento con depósito,proceso de separación,53489.0,13.8,3876.01,real_source:unidades.parquet,ok
UNIT_E2F6360AB6,Modena,departamento flat,disponible,0.0,75.49,0.0,real_source:unidades.parquet,ok
UNIT_ACF90EB907,Torre Nápoles,departamento flat,no disponible,0.0,59.34,0.0,real_source:unidades.parquet,ok
UNIT_FA88FB51FB,Torre Nápoles,departamento flat,no disponible,0.0,37.89,0.0,real_source:unidades.parquet,ok
UNIT_8CDAB80C23,Torre Nápoles,departamento flat,no disponible,0.0,55.38,0.0,real_source:unidades.parquet,ok
UNIT_31B26696E1,Modena,departamento flat,vendido,434264.0,63.9,6795.99,real_source:unidades.parquet,ok
UNIT_28F9256BB9,Modena,departamento flat,vendido,356000.0,49.01,7263.82,real_source:unidades.parquet,ok
UNIT_24EFA5D139,Torre Nápoles,departamento flat,no disponible,0.0,52.4,0.0,real_source:unidades.parquet,ok
UNIT_ED67174496,Torre Nápoles,departamento flat,no disponible,0.0,59.34,0.0,real_source:unidades.parquet,ok
UNIT_29006E6323,Torre Nápoles,departamento flat,vendido,175655.0,40.16,4373.88,real_source:unidades.parquet,ok
UNIT_21DA8F3522,Torre Nápoles,depósito,proceso de separación,13373.0,3.6,3714.72,real_source:unidades.parquet,ok
UNIT_B0383CBC5B,Modena,departamento flat,proceso de venta,485000.0,74.86,6478.76,real_source:unidades.parquet,ok
UNIT_C561C089E3,Modena,departamento flat,disponible,0.0,49.01,0.0,real_source:unidades.parquet,ok
UNIT_8D699DDB6D,Modena,estacionamiento simple,no disponible,0.0,15.25,0.0,real_source:unidades.parquet,ok
UNIT_3006ED77BE,Torre Nápoles,estacionamiento con depósito,disponible,0.0,15.1,0.0,real_source:unidades.parquet,ok
UNIT_BAC05A7918,Torre Nápoles,departamento flat,no disponible,0.0,30.17,0.0,real_source:unidades.parquet,ok
UNIT_3D8F26C174,Torre Nápoles,estacionamiento simple,vendido,44400.0,12.0,3700.0,real_source:unidades.parquet,ok
UNIT_0DD9998FAB,Torre Nápoles,departamento flat,no disponible,0.0,28.89,0.0,real_source:unidades.parquet,ok
UNIT_9D027B458C,Torre Nápoles,departamento flat,no disponible,0.0,68.33,0.0,real_source:unidades.parquet,ok
UNIT_C8FC7A6FFF,Torre Nápoles,departamento flat,no disponible,0.0,56.58,0.0,real_source:unidades.parquet,ok
UNIT_CDC0CA2790,Torre Nápoles,depósito,disponible,0.0,4.6,0.0,real_source:unidades.parquet,ok
UNIT_34725DFEE9,Torre Nápoles,departamento flat,no disponible,0.0,37.89,0.0,real_source:unidades.parquet,ok
UNIT_5F7A7BBE09,Torre Nápoles,departamento flat,disponible,0.0,48.44,0.0,real_source:unidades.parquet,ok
UNIT_B31C32A05A,Torre Nápoles,departamento flat,disponible,0.0,68.65,0.0,real_source:unidades.parquet,ok
UNIT_01AFC59603,Torre Nápoles,departamento flat,no disponible,0.0,37.89,0.0,real_source:unidades.parquet,ok
UNIT_3F65DFE5F0,Torre Nápoles,departamento flat,disponible,0.0,40.09,0.0,real_source:unidades.parquet,ok
UNIT_A82FF252C2,Torre Nápoles,estacionamiento simple,disponible,0.0,12.5,0.0,real_source:unidades.parquet,ok
UNIT_8564B55457,Torre Nápoles,estacionamiento simple,disponible,0.0,12.5,0.0,real_source:unidades.parquet,ok
UNIT_53F61C5B8E,Torre Nápoles,departamento flat,no disponible,0.0,37.89,0.0,real_source:unidades.parquet,ok
UNIT_D765A0B661,Torre Nápoles,departamento flat,no disponible,0.0,28.89,0.0,real_source:unidades.parquet,ok
UNIT_95DB781901,Alicanto,departamento flat,vendido,492500.0,81.0,6080.25,real_source:unidades.parquet,ok
UNIT_546DEA6524,Edificio Urbanzen,departamento flat,entregado,580254.84,81.0,7163.64,real_source:unidades.parquet,ok
UNIT_9F96A54C65,Sialia,departamento flat,vendido,376713.0,68.53,5497.05,real_source:unidades.parquet,ok
UNIT_D66CF9C559,Edificio Urbanzen,departamento flat,separado,612500.0,70.08,8740.01,real_source:unidades.parquet,ok
UNIT_8F618DEA78,Modena,departamento flat,vendido,290800.0,40.02,7266.37,real_source:unidades.parquet,ok
UNIT_FBAE534F53,Modena,departamento flat,proceso de separación,274000.0,40.09,6834.62,real_source:unidades.parquet,ok
UNIT_781287ADF6,Tizón y Bueno,departamento flat,proceso de entrega,460746.0,65.54,7030.0,real_source:unidades.parquet,ok
UNIT_D38C9F6FAC,Tizón y Bueno,estacionamiento con depósito,proceso de entrega,51137.0,14.9,3432.01,real_source:unidades.parquet,ok
UNIT_87A3F23FBB,Alicanto,departamento flat,vendido,404143.87,68.5,5899.91,real_source:unidades.parquet,ok
UNIT_98DC5A2F2C,Alicanto,estacionamiento simple,vendido,47150.0,12.5,3772.0,real_source:unidades.parquet,ok
UNIT_D8D79F0C4B,Fenix,estacionamiento con depósito,proceso de separación,62600.0,16.07,3895.46,real_source:unidades.parquet,ok
