id_operacion,fecha_separacion,proyecto,asesor,medio_captacion,canal_agrupado,tipo_unidad,dormitorios,precio_departamento,dias_en_tuberia,tiene_cuota_inicial,cambios_unidad,interacciones_ult_7d,descuento_pct,caida_30d
OP-000001,2026-05-29,Proyecto Faro,Asesor Centro,sala de ventas,tradicional,departamento,2,629966.0,11,True,0,4,0.0623,1
OP-000002,2025-03-29,Proyecto Cobalto,Asesora Premium,facebook,digital,departamento,3,643119.0,32,True,0,3,0.0116,1
OP-000003,2025-08-13,Proyecto Granito,Asesor Centro,web,digital,departamento,1,375775.0,15,True,0,2,0.0113,0
OP-000004,2025-11-11,Proyecto Ébano,Asesor Centro,facebook,digital,departamento,2,430994.0,25,True,1,3,0.0201,0
OP-000005,2025-08-12,Proyecto Aurora,Asesora Oeste,sala de ventas,tradicional,departamento,2,491176.0,8,True,0,4,0.0613,0
OP-000006,2025-08-02,Proyecto Horizonte,Asesora Sur,facebook,digital,departamento,3,655927.0,33,True,0,1,0.0129,0
OP-000007,2025-01-20,Proyecto Faro,Asesora Sur,facebook,digital,departamento,3,556408.0,24,False,1,2,0.035,0
OP-000008,2025-09-06,Proyecto Faro,Asesora Premium,sala de ventas,tradicional,departamento,3,658572.0,14,True,0,2,0.0321,0
OP-000009,2026-04-28,Proyecto Aurora,Asesor Norte,feria,feria,departamento,2,445204.0,95,False,0,1,0.0,1
OP-000010,2026-03-31,Proyecto Cobalto,Asesor Norte,facebook,digital,departamento,2,513187.0,18,False,0,0,0.0247,0
OP-000011,2026-02-20,Proyecto Cobalto,Asesor Este,referido,tradicional,departamento,2,508296.0,38,True,1,3,0.015,0
OP-000012,2025-02-10,Proyecto Horizonte,Asesora Premium,referido,tradicional,departamento,2,510545.0,6,False,0,3,0.0372,1
OP-000013,2025-03-07,Proyecto Ébano,Asesor Centro,portal inmobiliario,digital,departamento,1,427806.0,31,True,0,1,0.0563,0
OP-000014,2025-10-02,Proyecto Faro,Asesor Centro,sala de ventas,tradicional,departamento,3,607615.0,36,True,0,2,0.0188,0
OP-000015,2025-06-04,Proyecto Cobalto,Asesora Oeste,sala de ventas,tradicional,departamento,3,575191.0,42,False,0,4,0.0188,0
OP-000016,2025-04-01,Proyecto Bruma,Asesor Norte,facebook,digital,departamento,2,442725.0,39,True,0,0,0.0703,0
OP-000017,2025-04-07,Proyecto Duna,Asesor Este,facebook,digital,departamento,3,673204.0,8,True,0,6,0.0122,0
OP-000018,2025-04-06,Proyecto Aurora,Asesor Norte,facebook,digital,departamento,3,559569.0,22,True,0,1,0.0008,0
OP-000019,2025-02-17,Proyecto Faro,Asesora Premium,feria,feria,departamento,2,595484.0,70,True,0,1,0.0498,0
OP-000020,2025-11-14,Proyecto Ébano,Asesora Premium,sala de ventas,tradicional,departamento,1,491092.0,14,True,0,0,0.0241,0
OP-000021,2025-08-04,Proyecto Faro,Asesora Sur,sala de ventas,tradicional,departamento,1,364370.0,40,True,0,2,0.0301,0
OP-000022,2025-12-15,Proyecto Cobalto,Asesor Este,facebook,digital,departamento,2,323345.0,114,True,0,0,0.0652,0
OP-000023,2025-04-22,Proyecto Horizonte,Asesor Este,feria,feria,departamento,2,601448.0,78,True,1,0,0.0,1
OP-000024,2025-11-12,Proyecto Granito,Asesor Digital,portal inmobiliario,digital,departamento,1,398192.0,9,True,0,0,0.0215,0
OP-000025,2025-04-06,Proyecto Faro,Asesora Oeste,web,digital,departamento,1,357360.0,38,True,1,1,0.0027,1
OP-000026,2026-04-26,Proyecto Bruma,Asesora Premium,referido,tradicional,departamento,1,324621.0,39,True,0,4,0.031,0
OP-000027,2025-03-31,Proyecto Cobalto,Asesora Oeste,web,digital,departamento,3,576185.0,34,False,0,2,0.015,1
OP-000028,2026-02-18,Proyecto Aurora,Asesor Centro,web,digital,departamento,3,646346.0,8,True,0,0,0.0039,1
OP-000029,2025-12-23,Proyecto Aurora,Asesora Oeste,sala de ventas,tradicional,departamento,2,468795.0,25,True,0,2,0.0382,0
OP-000030,2025-04-14,Proyecto Ébano,Asesora Sur,referido,tradicional,departamento,1,463598.0,25,True,0,0,0.0252,0
OP-000031,2025-02-17,Proyecto Faro,Asesor Digital,feria,feria,departamento,1,432182.0,7,True,0,1,0.0025,0
OP-000032,2025-11-27,Proyecto Horizonte,Asesor Centro,facebook,digital,departamento,1,411992.0,18,True,0,1,0.0036,0
OP-000033,2025-01-23,Proyecto Bruma,Asesora Premium,web,digital,departamento,2,450530.0,26,True,1,3,0.0287,0
OP-000034,2025-11-19,Proyecto Cobalto,Asesor Digital,referido,tradicional,departamento,1,399888.0,21,False,0,4,0.0,1
OP-000035,2025-12-19,Proyecto Cobalto,Asesora Sur,referido,tradicional,departamento,2,529123.0,35,False,0,2,0.0291,0
OP-000036,2025-12-03,Proyecto Bruma,Asesor Norte,sala de ventas,tradicional,departamento,3,641824.0,17,True,0,0,0.0491,0
OP-000037,2026-05-23,Proyecto Aurora,Asesor Centro,web,digital,departamento,2,445615.0,24,True,1,2,0.037,0
OP-000038,2025-08-12,Proyecto Cobalto,Asesor Este,portal inmobiliario,digital,departamento,3,608636.0,41,True,0,1,0.0138,1
OP-000039,2025-09-18,Proyecto Bruma,Asesora Oeste,sala de ventas,tradicional,departamento,1,389122.0,64,False,0,0,0.0299,0
OP-000040,2026-05-08,Proyecto Ébano,Asesora Sur,facebook,digital,departamento,1,371882.0,8,True,0,2,0.0025,0
OP-000041,2026-03-24,Proyecto Cobalto,Asesor Este,sala de ventas,tradicional,departamento,3,536578.0,34,False,0,1,0.0275,1
OP-000042,2025-08-30,Proyecto Granito,Asesor Este,sala de ventas,tradicional,departamento,2,487655.0,15,True,0,4,0.0191,0
OP-000043,2025-08-08,Proyecto Ébano,Asesor Este,whatsapp,digital,departamento,2,494743.0,29,False,1,4,0.0063,1
OP-000044,2026-02-15,Proyecto Bruma,Asesora Premium,referido,tradicional,departamento,3,623421.0,7,True,0,1,0.0362,1
OP-000045,2025-10-21,Proyecto Granito,Asesor Centro,facebook,digital,departamento,2,601244.0,48,True,2,0,0.0,0
OP-000046,2025-09-08,Proyecto Faro,Asesora Oeste,facebook,digital,departamento,2,445417.0,12,True,0,2,0.0037,0
OP-000047,2026-03-01,Proyecto Cobalto,Asesor Norte,whatsapp,digital,departamento,2,451146.0,42,True,1,3,0.0058,0
OP-000048,2026-02-14,Proyecto Bruma,Asesora Oeste,facebook,digital,departamento,1,337318.0,8,True,0,5,0.0159,0
OP-000049,2025-08-04,Proyecto Ébano,Asesora Sur,web,digital,departamento,1,436709.0,6,True,0,0,0.0484,1
OP-000050,2025-07-25,Proyecto Aurora,Asesor Este,facebook,digital,departamento,1,315954.0,19,True,1,3,0.0386,0
OP-000051,2025-12-14,Proyecto Bruma,Asesor Este,sala de ventas,tradicional,departamento,3,563365.0,26,True,0,2,0.0269,0
OP-000052,2025-01-01,Proyecto Aurora,Asesor Norte,web,digital,departamento,3,497340.0,82,False,0,1,0.026,0
OP-000053,2026-02-11,Proyecto Faro,Asesor Este,sala de ventas,tradicional,departamento,2,546587.0,25,True,0,2,0.0248,0
OP-000054,2025-09-17,Proyecto Ébano,Asesora Sur,web,digital,departamento,1,384123.0,9,True,0,6,0.0497,0
OP-000055,2026-03-31,Proyecto Ébano,Asesora Premium,facebook,digital,departamento,3,587028.0,38,True,0,2,0.0,0
OP-000056,2025-10-12,Proyecto Faro,Asesor Digital,feria,feria,departamento,3,620727.0,54,True,1,1,0.0389,1
OP-000057,2025-07-21,Proyecto Cobalto,Asesor Norte,feria,feria,departamento,2,545985.0,11,True,1,1,0.0159,0
OP-000058,2025-03-02,Proyecto Duna,Asesor Centro,web,digital,departamento,2,440731.0,41,False,0,2,0.0341,1
OP-000059,2025-01-01,Proyecto Aurora,Asesor Centro,sala de ventas,tradicional,departamento,3,528709.0,49,True,0,3,0.0341,0
OP-000060,2025-12-12,Proyecto Aurora,Asesor Este,web,digital,departamento,3,643874.0,38,True,0,0,0.0382,1
OP-000061,2025-04-14,Proyecto Ébano,Asesora Oeste,whatsapp,digital,departamento,3,627168.0,13,True,0,1,0.0535,0
OP-000062,2026-03-20,Proyecto Cobalto,Asesora Premium,sala de ventas,tradicional,departamento,2,520836.0,26,True,0,4,0.0003,0
OP-000063,2025-09-15,Proyecto Duna,Asesor Este,facebook,digital,departamento,1,403096.0,29,True,0,1,0.0431,0
OP-000064,2026-03-28,Proyecto Faro,Asesor Norte,feria,feria,departamento,2,518057.0,47,True,1,2,0.0239,0
OP-000065,2025-08-31,Proyecto Ébano,Asesor Este,sala de ventas,tradicional,departamento,2,488844.0,14,False,0,2,0.0167,1
OP-000066,2025-07-15,Proyecto Duna,Asesora Sur,web,digital,departamento,3,656736.0,42,False,1,4,0.0616,1
OP-000067,2025-03-15,Proyecto Duna,Asesor Este,feria,feria,departamento,1,444929.0,20,False,1,2,0.0376,0
OP-000068,2025-08-02,Proyecto Bruma,Asesora Sur,sala de ventas,tradicional,departamento,2,531630.0,17,True,0,0,0.0175,1
OP-000069,2026-03-03,Proyecto Aurora,Asesora Sur,referido,tradicional,departamento,3,509799.0,23,True,0,1,0.0422,0
OP-000070,2026-03-23,Proyecto Cobalto,Asesor Digital,referido,tradicional,departamento,3,670770.0,2,False,0,3,0.0242,0
OP-000071,2025-09-06,Proyecto Bruma,Asesor Norte,facebook,digital,departamento,2,452314.0,3,True,1,3,0.0172,0
OP-000072,2026-06-04,Proyecto Cobalto,Asesor Centro,portal inmobiliario,digital,departamento,3,557473.0,4,True,0,4,0.0141,0
OP-000073,2025-01-19,Proyecto Granito,Asesora Premium,sala de ventas,tradicional,departamento,1,407687.0,30,False,0,1,0.0305,0
OP-000074,2025-01-28,Proyecto Bruma,Asesor Centro,facebook,digital,departamento,2,517712.0,18,True,0,3,0.014,0
OP-000075,2025-02-01,Proyecto Aurora,Asesor Digital,portal inmobiliario,digital,departamento,1,374726.0,13,True,0,1,0.0278,0
OP-000076,2025-02-02,Proyecto Bruma,Asesor Norte,sala de ventas,tradicional,departamento,3,572954.0,22,False,0,1,0.041,0
OP-000077,2025-01-03,Proyecto Bruma,Asesor Este,feria,feria,departamento,3,633072.0,42,True,1,3,0.027,0
OP-000078,2025-01-29,Proyecto Ébano,Asesora Sur,sala de ventas,tradicional,departamento,1,400692.0,21,False,0,2,0.0606,1
OP-000079,2026-02-19,Proyecto Duna,Asesor Centro,referido,tradicional,departamento,1,349487.0,9,True,0,6,0.0252,0
OP-000080,2025-08-29,Proyecto Faro,Asesor Centro,sala de ventas,tradicional,departamento,2,481058.0,91,True,0,2,0.0493,1
OP-000081,2026-02-11,Proyecto Ébano,Asesor Digital,web,digital,departamento,1,415563.0,22,False,0,2,0.0426,1
OP-000082,2026-02-12,Proyecto Cobalto,Asesor Este,feria,feria,departamento,3,594462.0,50,False,0,2,0.0525,0
OP-000083,2025-12-26,Proyecto Faro,Asesora Sur,portal inmobiliario,digital,departamento,1,329347.0,38,False,0,0,0.0605,1
OP-000084,2025-02-18,Proyecto Aurora,Asesor Digital,whatsapp,digital,departamento,3,621594.0,16,True,0,4,0.0,0
OP-000085,2025-03-05,Proyecto Aurora,Asesor Centro,web,digital,departamento,2,433585.0,64,True,2,1,0.0298,0
OP-000086,2025-12-25,Proyecto Aurora,Asesora Premium,feria,feria,departamento,2,547567.0,14,True,2,2,0.023,0
OP-000087,2026-05-12,Proyecto Ébano,Asesora Oeste,referido,tradicional,departamento,1,315836.0,30,True,0,4,0.027,0
OP-000088,2025-03-31,Proyecto Cobalto,Asesora Oeste,portal inmobiliario,digital,departamento,3,589061.0,27,False,0,3,0.0178,0
OP-000089,2025-11-27,Proyecto Aurora,Asesor Este,web,digital,departamento,2,421501.0,29,False,0,2,0.0152,1
OP-000090,2025-01-18,Proyecto Duna,Asesora Premium,portal inmobiliario,digital,departamento,2,442352.0,57,True,1,1,0.0052,0
OP-000091,2025-04-14,Proyecto Aurora,Asesora Sur,sala de ventas,tradicional,departamento,2,433227.0,23,False,0,1,0.0268,0
OP-000092,2025-11-06,Proyecto Ébano,Asesor Digital,referido,tradicional,departamento,3,720381.0,26,True,0,1,0.0418,0
OP-000093,2025-12-07,Proyecto Cobalto,Asesora Sur,web,digital,departamento,3,606885.0,27,False,1,1,0.0161,1
OP-000094,2025-11-05,Proyecto Cobalto,Asesora Oeste,sala de ventas,tradicional,departamento,3,555456.0,80,False,2,1,0.0191,1
OP-000095,2025-08-24,Proyecto Bruma,Asesor Este,sala de ventas,tradicional,departamento,2,371425.0,47,False,1,2,0.0124,0
OP-000096,2025-05-28,Proyecto Ébano,Asesor Centro,whatsapp,digital,departamento,3,528325.0,6,True,0,1,0.0071,0
OP-000097,2026-02-20,Proyecto Cobalto,Asesor Centro,facebook,digital,departamento,2,454495.0,15,True,1,1,0.0207,1
OP-000098,2025-06-17,Proyecto Aurora,Asesor Digital,sala de ventas,tradicional,departamento,3,540147.0,24,False,0,3,0.0312,0
OP-000099,2026-01-06,Proyecto Aurora,Asesora Premium,facebook,digital,departamento,2,447677.0,56,True,1,1,0.0476,1
OP-000100,2025-07-04,Proyecto Horizonte,Asesora Sur,facebook,digital,departamento,2,419030.0,60,False,0,1,0.0035,0
OP-000101,2025-09-26,Proyecto Granito,Asesora Sur,web,digital,departamento,3,641958.0,22,True,0,0,0.0245,0
OP-000102,2026-04-29,Proyecto Ébano,Asesor Digital,portal inmobiliario,digital,departamento,3,679525.0,14,True,0,0,0.0462,0
OP-000103,2025-07-26,Proyecto Bruma,Asesora Oeste,whatsapp,digital,departamento,2,561256.0,20,True,0,3,0.0038,0
OP-000104,2026-03-27,Proyecto Horizonte,Asesor Norte,web,digital,departamento,2,439805.0,25,False,0,2,0.0478,0
OP-000105,2025-02-01,Proyecto Faro,Asesora Premium,web,digital,departamento,3,590923.0,19,False,1,2,0.0171,0
OP-000106,2025-10-02,Proyecto Ébano,Asesor Centro,facebook,digital,departamento,3,576017.0,50,True,0,3,0.0378,1
OP-000107,2025-09-24,Proyecto Cobalto,Asesor Norte,portal inmobiliario,digital,departamento,3,607015.0,17,True,0,0,0.0211,0
OP-000108,2026-05-16,Proyecto Bruma,Asesora Premium,sala de ventas,tradicional,departamento,1,289913.0,11,True,0,2,0.0333,0
OP-000109,2025-05-18,Proyecto Aurora,Asesor Centro,sala de ventas,tradicional,departamento,2,552524.0,19,False,0,0,0.054,0
OP-000110,2025-10-30,Proyecto Granito,Asesor Centro,whatsapp,digital,departamento,3,649394.0,28,False,0,1,0.0228,0
OP-000111,2025-11-02,Proyecto Cobalto,Asesor Digital,portal inmobiliario,digital,departamento,3,592227.0,51,False,0,1,0.0429,0
OP-000112,2025-02-22,Proyecto Bruma,Asesora Oeste,facebook,digital,departamento,3,674599.0,11,True,0,3,0.0299,0
OP-000113,2026-06-02,Proyecto Bruma,Asesora Oeste,web,digital,departamento,2,471117.0,28,False,0,2,0.0109,0
OP-000114,2025-09-11,Proyecto Duna,Asesor Centro,facebook,digital,departamento,2,518017.0,29,True,0,3,0.0224,0
OP-000115,2025-08-15,Proyecto Aurora,Asesora Sur,facebook,digital,departamento,2,418706.0,33,False,0,0,0.0213,0
OP-000116,2026-04-11,Proyecto Granito,Asesora Sur,facebook,digital,departamento,3,571622.0,17,True,0,1,0.0,1
OP-000117,2025-02-05,Proyecto Faro,Asesora Premium,sala de ventas,tradicional,departamento,2,486430.0,32,True,0,2,0.0333,0
OP-000118,2025-12-11,Proyecto Ébano,Asesora Sur,referido,tradicional,departamento,3,743284.0,38,True,0,1,0.0368,0
OP-000119,2025-01-11,Proyecto Cobalto,Asesora Oeste,facebook,digital,departamento,3,633816.0,17,False,0,3,0.0396,0
OP-000120,2026-05-11,Proyecto Ébano,Asesora Sur,referido,tradicional,departamento,3,638099.0,26,True,0,1,0.0507,0
OP-000121,2026-02-26,Proyecto Duna,Asesora Sur,sala de ventas,tradicional,departamento,2,442299.0,20,True,0,2,0.0422,0
OP-000122,2025-10-04,Proyecto Ébano,Asesor Centro,portal inmobiliario,digital,departamento,3,673119.0,13,True,0,1,0.0141,0
OP-000123,2025-07-24,Proyecto Aurora,Asesora Premium,web,digital,departamento,1,270327.0,8,False,0,2,0.018,0
OP-000124,2026-04-20,Proyecto Cobalto,Asesora Oeste,portal inmobiliario,digital,departamento,1,282812.0,14,True,0,1,0.0401,0
OP-000125,2025-05-08,Proyecto Aurora,Asesor Norte,sala de ventas,tradicional,departamento,2,429261.0,15,True,0,4,0.032,1
OP-000126,2026-02-03,Proyecto Duna,Asesora Sur,web,digital,departamento,1,488497.0,8,True,0,4,0.0247,0
OP-000127,2025-08-04,Proyecto Bruma,Asesora Sur,portal inmobiliario,digital,departamento,3,691384.0,31,True,0,3,0.0093,1
OP-000128,2026-03-04,Proyecto Aurora,Asesor Digital,facebook,digital,departamento,3,550182.0,40,True,0,2,0.0154,0
OP-000129,2026-01-25,Proyecto Aurora,Asesor Este,sala de ventas,tradicional,departamento,1,307919.0,20,True,1,3,0.0355,0
OP-000130,2026-05-31,Proyecto Duna,Asesor Este,facebook,digital,departamento,3,520780.0,22,True,0,1,0.0,1
OP-000131,2025-11-11,Proyecto Aurora,Asesor Norte,facebook,digital,departamento,2,464292.0,16,True,1,0,0.0,0
OP-000132,2025-06-07,Proyecto Horizonte,Asesora Oeste,facebook,digital,departamento,3,667911.0,21,True,0,3,0.0375,0
OP-000133,2026-04-07,Proyecto Duna,Asesor Digital,facebook,digital,departamento,3,654426.0,32,True,0,3,0.0154,0
OP-000134,2025-11-23,Proyecto Cobalto,Asesor Este,facebook,digital,departamento,2,534089.0,28,True,1,2,0.0334,0
OP-000135,2026-01-01,Proyecto Duna,Asesor Centro,web,digital,departamento,1,370142.0,21,True,0,3,0.0534,0
OP-000136,2025-05-14,Proyecto Aurora,Asesora Sur,sala de ventas,tradicional,departamento,1,375582.0,15,True,0,1,0.0068,0
OP-000137,2025-10-03,Proyecto Horizonte,Asesora Sur,facebook,digital,departamento,2,505465.0,37,True,0,3,0.0,0
OP-000138,2026-03-21,Proyecto Duna,Asesora Premium,web,digital,departamento,3,640537.0,16,False,0,0,0.02,1
OP-000139,2025-07-10,Proyecto Faro,Asesor Norte,sala de ventas,tradicional,departamento,2,492102.0,8,False,0,1,0.0127,0
OP-000140,2025-11-01,Proyecto Aurora,Asesora Oeste,sala de ventas,tradicional,departamento,2,485270.0,25,True,0,2,0.0245,0
OP-000141,2025-04-18,Proyecto Duna,Asesor Este,sala de ventas,tradicional,departamento,1,401818.0,5,True,0,5,0.0347,0
OP-000142,2025-04-02,Proyecto Duna,Asesor Norte,sala de ventas,tradicional,departamento,3,614784.0,27,False,0,2,0.0309,0
OP-000143,2026-02-05,Proyecto Horizonte,Asesora Oeste,referido,tradicional,departamento,2,587700.0,29,True,0,1,0.0258,0
OP-000144,2025-08-08,Proyecto Duna,Asesor Digital,sala de ventas,tradicional,departamento,3,524628.0,14,True,0,3,0.044,0
OP-000145,2025-04-17,Proyecto Cobalto,Asesor Norte,facebook,digital,departamento,3,540430.0,16,True,0,1,0.0371,0
OP-000146,2025-04-05,Proyecto Bruma,Asesora Premium,whatsapp,digital,departamento,1,342147.0,41,True,0,2,0.0217,0
OP-000147,2025-03-06,Proyecto Bruma,Asesora Oeste,portal inmobiliario,digital,departamento,1,277621.0,75,True,0,4,0.0364,1
OP-000148,2025-08-27,Proyecto Duna,Asesora Premium,sala de ventas,tradicional,departamento,2,473622.0,23,True,0,0,0.0,0
OP-000149,2025-06-11,Proyecto Cobalto,Asesor Norte,facebook,digital,departamento,2,463395.0,14,False,0,0,0.0441,1
OP-000150,2025-02-10,Proyecto Aurora,Asesor Digital,facebook,digital,departamento,3,647033.0,29,True,0,3,0.0254,1
OP-000151,2025-09-08,Proyecto Faro,Asesor Norte,portal inmobiliario,digital,departamento,3,642839.0,20,True,0,1,0.0034,0
OP-000152,2026-05-17,Proyecto Granito,Asesor Digital,feria,feria,departamento,1,473619.0,28,False,0,1,0.0175,1
OP-000153,2026-05-25,Proyecto Aurora,Asesor Centro,sala de ventas,tradicional,departamento,2,476592.0,25,True,0,3,0.0437,0
OP-000154,2025-11-07,Proyecto Duna,Asesor Este,sala de ventas,tradicional,departamento,1,351538.0,25,True,0,2,0.0112,1
OP-000155,2025-10-28,Proyecto Aurora,Asesor Norte,facebook,digital,departamento,1,352354.0,3,False,0,3,0.0324,1
OP-000156,2026-05-31,Proyecto Ébano,Asesor Centro,portal inmobiliario,digital,departamento,3,663118.0,16,True,0,3,0.0408,0
OP-000157,2026-01-29,Proyecto Bruma,Asesor Norte,portal inmobiliario,digital,departamento,3,652637.0,14,True,0,4,0.0254,0
OP-000158,2025-04-01,Proyecto Ébano,Asesor Centro,sala de ventas,tradicional,departamento,3,615723.0,14,True,0,3,0.0094,0
OP-000159,2025-10-01,Proyecto Ébano,Asesora Premium,referido,tradicional,departamento,1,302387.0,34,True,0,1,0.0238,0
OP-000160,2025-07-19,Proyecto Faro,Asesora Sur,sala de ventas,tradicional,departamento,2,425521.0,9,False,0,5,0.0,1
OP-000161,2025-03-17,Proyecto Aurora,Asesora Sur,web,digital,departamento,2,442047.0,3,True,0,4,0.0162,0
OP-000162,2026-04-30,Proyecto Granito,Asesora Sur,portal inmobiliario,digital,departamento,3,518415.0,14,False,1,0,0.0051,1
OP-000163,2025-11-03,Proyecto Bruma,Asesora Sur,facebook,digital,departamento,2,570731.0,12,True,1,1,0.0242,1
OP-000164,2025-12-26,Proyecto Aurora,Asesor Norte,sala de ventas,tradicional,departamento,3,607831.0,23,False,1,2,0.0022,0
OP-000165,2026-02-16,Proyecto Duna,Asesora Sur,referido,tradicional,departamento,1,346038.0,12,True,0,0,0.0265,0
OP-000166,2025-02-06,Proyecto Cobalto,Asesor Centro,facebook,digital,departamento,2,422969.0,18,False,0,3,0.0454,1
OP-000167,2025-06-14,Proyecto Faro,Asesor Este,feria,feria,departamento,3,691547.0,16,True,0,3,0.0465,0
OP-000168,2026-04-05,Proyecto Faro,Asesora Premium,facebook,digital,departamento,2,458750.0,49,False,0,3,0.0026,1
OP-000169,2025-04-16,Proyecto Bruma,Asesora Premium,portal inmobiliario,digital,departamento,2,415998.0,12,False,1,3,0.013,0
OP-000170,2025-04-09,Proyecto Horizonte,Asesora Premium,facebook,digital,departamento,2,501873.0,33,True,0,1,0.0403,0
OP-000171,2025-11-17,Proyecto Bruma,Asesora Oeste,sala de ventas,tradicional,departamento,3,593275.0,21,True,0,0,0.0377,0
OP-000172,2025-05-17,Proyecto Duna,Asesor Este,facebook,digital,departamento,1,415144.0,42,True,0,1,0.0139,0
OP-000173,2026-03-09,Proyecto Bruma,Asesor Digital,sala de ventas,tradicional,departamento,3,652597.0,59,False,0,3,0.0162,1
OP-000174,2026-01-16,Proyecto Horizonte,Asesora Sur,facebook,digital,departamento,2,601473.0,21,True,0,3,0.0265,0
OP-000175,2026-02-05,Proyecto Aurora,Asesora Oeste,web,digital,departamento,2,460043.0,5,True,0,8,0.0,0
OP-000176,2026-01-05,Proyecto Aurora,Asesora Oeste,sala de ventas,tradicional,departamento,2,516129.0,9,False,0,3,0.0345,0
OP-000177,2025-03-19,Proyecto Cobalto,Asesora Premium,sala de ventas,tradicional,departamento,1,332095.0,7,False,0,4,0.0445,0
OP-000178,2025-12-10,Proyecto Horizonte,Asesora Oeste,sala de ventas,tradicional,departamento,3,558852.0,16,True,0,1,0.018,0
OP-000179,2025-03-31,Proyecto Granito,Asesora Premium,sala de ventas,tradicional,departamento,3,610088.0,14,True,0,2,0.0,0
OP-000180,2025-01-03,Proyecto Faro,Asesor Digital,portal inmobiliario,digital,departamento,3,590656.0,26,True,0,3,0.0504,0
OP-000181,2026-05-23,Proyecto Granito,Asesor Este,whatsapp,digital,departamento,3,612241.0,39,False,0,2,0.0289,0
OP-000182,2025-05-10,Proyecto Granito,Asesor Digital,sala de ventas,tradicional,departamento,2,479234.0,5,False,0,3,0.0378,0
OP-000183,2025-12-29,Proyecto Duna,Asesora Sur,feria,feria,departamento,2,470639.0,22,True,1,2,0.0012,0
OP-000184,2025-06-29,Proyecto Bruma,Asesor Digital,web,digital,departamento,3,621101.0,12,True,0,2,0.0013,1
OP-000185,2025-12-31,Proyecto Faro,Asesora Sur,whatsapp,digital,departamento,1,499339.0,23,True,0,0,0.0325,0
OP-000186,2025-07-28,Proyecto Ébano,Asesora Premium,facebook,digital,departamento,3,528106.0,16,True,0,0,0.0435,0
OP-000187,2025-08-17,Proyecto Cobalto,Asesor Este,facebook,digital,departamento,2,413175.0,35,False,0,4,0.0047,1
OP-000188,2025-02-08,Proyecto Aurora,Asesor Digital,facebook,digital,departamento,3,531470.0,9,True,1,5,0.0232,0
OP-000189,2025-08-30,Proyecto Faro,Asesor Norte,portal inmobiliario,digital,departamento,2,562116.0,13,True,0,0,0.0,1
OP-000190,2025-12-18,Proyecto Bruma,Asesora Oeste,web,digital,departamento,2,460728.0,20,True,0,5,0.0124,0
OP-000191,2026-01-07,Proyecto Horizonte,Asesor Digital,referido,tradicional,departamento,1,389174.0,17,True,2,3,0.0204,0
OP-000192,2026-04-09,Proyecto Bruma,Asesor Norte,sala de ventas,tradicional,departamento,2,511420.0,20,True,0,1,0.0338,0
OP-000193,2025-11-03,Proyecto Aurora,Asesora Sur,web,digital,departamento,2,512601.0,6,True,0,1,0.0,0
OP-000194,2026-05-30,Proyecto Granito,Asesor Norte,portal inmobiliario,digital,departamento,1,415968.0,54,True,0,1,0.0488,0
OP-000195,2025-11-23,Proyecto Aurora,Asesor Este,facebook,digital,departamento,1,300108.0,15,True,0,1,0.0219,0
OP-000196,2026-02-19,Proyecto Aurora,Asesor Este,web,digital,departamento,2,474865.0,10,False,0,0,0.0483,0
OP-000197,2025-03-19,Proyecto Duna,Asesor Centro,facebook,digital,departamento,2,483170.0,20,False,0,4,0.0376,0
OP-000198,2025-04-16,Proyecto Granito,Asesora Sur,referido,tradicional,departamento,3,633744.0,22,True,0,5,0.0403,0
OP-000199,2025-11-02,Proyecto Bruma,Asesora Sur,referido,tradicional,departamento,1,328818.0,69,True,1,0,0.0614,0
OP-000200,2025-09-23,Proyecto Bruma,Asesora Sur,feria,feria,departamento,2,522874.0,44,False,0,0,0.0109,0
OP-000201,2025-09-14,Proyecto Faro,Asesor Digital,whatsapp,digital,departamento,1,418743.0,17,True,1,3,0.0274,0
OP-000202,2026-04-22,Proyecto Horizonte,Asesor Digital,facebook,digital,departamento,2,600964.0,61,False,2,1,0.0072,0
OP-000203,2025-09-05,Proyecto Duna,Asesora Sur,facebook,digital,departamento,2,569498.0,54,True,0,4,0.0232,0
OP-000204,2025-02-04,Proyecto Aurora,Asesora Sur,facebook,digital,departamento,2,485244.0,10,True,0,3,0.038,0
OP-000205,2025-09-30,Proyecto Aurora,Asesor Norte,sala de ventas,tradicional,departamento,2,432144.0,79,True,0,3,0.0453,0
OP-000206,2025-04-29,Proyecto Bruma,Asesor Digital,facebook,digital,departamento,2,529218.0,15,False,1,3,0.0181,0
OP-000207,2025-01-18,Proyecto Aurora,Asesor Centro,sala de ventas,tradicional,departamento,1,370612.0,24,True,0,2,0.0033,0
OP-000208,2025-05-18,Proyecto Ébano,Asesora Premium,facebook,digital,departamento,2,651185.0,48,True,2,2,0.0263,0
OP-000209,2025-01-01,Proyecto Aurora,Asesor Este,sala de ventas,tradicional,departamento,2,477056.0,5,False,0,1,0.0097,0
OP-000210,2025-11-13,Proyecto Duna,Asesor Centro,facebook,digital,departamento,2,534373.0,20,False,1,3,0.0146,0
OP-000211,2025-08-30,Proyecto Ébano,Asesor Norte,feria,feria,departamento,2,523973.0,27,True,0,0,0.0371,0
OP-000212,2026-05-10,Proyecto Duna,Asesor Centro,sala de ventas,tradicional,departamento,3,605550.0,43,True,0,0,0.0337,0
OP-000213,2025-02-02,Proyecto Bruma,Asesor Centro,web,digital,departamento,2,457766.0,21,True,0,2,0.04,0
OP-000214,2025-09-08,Proyecto Faro,Asesor Este,portal inmobiliario,digital,departamento,1,421183.0,5,True,0,5,0.0189,1
OP-000215,2026-04-21,Proyecto Ébano,Asesor Centro,referido,tradicional,departamento,1,421665.0,68,False,1,2,0.0432,1
OP-000216,2025-10-21,Proyecto Faro,Asesor Centro,sala de ventas,tradicional,departamento,1,468491.0,22,True,0,2,0.0253,0
OP-000217,2025-07-07,Proyecto Aurora,Asesora Oeste,facebook,digital,departamento,2,476987.0,27,False,0,3,0.0199,1
OP-000218,2025-11-29,Proyecto Aurora,Asesora Sur,referido,tradicional,departamento,3,549541.0,6,False,0,2,0.0052,0
OP-000219,2025-05-22,Proyecto Horizonte,Asesor Norte,referido,tradicional,departamento,3,641023.0,52,False,1,0,0.0,1
OP-000220,2026-03-19,Proyecto Cobalto,Asesor Digital,sala de ventas,tradicional,departamento,2,411238.0,15,False,0,0,0.0,0
OP-000221,2025-12-12,Proyecto Bruma,Asesora Sur,facebook,digital,departamento,1,448367.0,12,True,0,2,0.0289,0
OP-000222,2025-05-29,Proyecto Duna,Asesor Este,referido,tradicional,departamento,3,581235.0,45,True,0,3,0.0087,0
OP-000223,2025-02-09,Proyecto Ébano,Asesor Centro,facebook,digital,departamento,1,446209.0,7,True,0,1,0.0,0
OP-000224,2025-11-22,Proyecto Horizonte,Asesora Sur,web,digital,departamento,2,559210.0,28,True,0,1,0.0175,0
OP-000225,2026-04-12,Proyecto Bruma,Asesor Este,sala de ventas,tradicional,departamento,3,603705.0,12,True,1,0,0.03,0
OP-000226,2026-04-27,Proyecto Horizonte,Asesor Centro,facebook,digital,departamento,2,537540.0,30,True,0,1,0.0325,1
OP-000227,2025-12-12,Proyecto Aurora,Asesor Centro,feria,feria,departamento,1,301671.0,36,True,0,0,0.0245,0
OP-000228,2026-05-04,Proyecto Duna,Asesor Centro,facebook,digital,departamento,1,327731.0,15,True,0,2,0.0239,0
OP-000229,2026-03-01,Proyecto Ébano,Asesor Norte,referido,tradicional,departamento,2,603066.0,50,False,0,3,0.0153,1
OP-000230,2025-07-18,Proyecto Aurora,Asesora Oeste,facebook,digital,departamento,1,351268.0,22,True,1,3,0.0364,1
OP-000231,2026-03-17,Proyecto Aurora,Asesora Oeste,facebook,digital,departamento,2,521890.0,69,False,0,1,0.0218,1
OP-000232,2025-02-28,Proyecto Cobalto,Asesor Centro,portal inmobiliario,digital,departamento,2,560170.0,45,True,0,2,0.0236,0
OP-000233,2026-04-08,Proyecto Horizonte,Asesora Sur,facebook,digital,departamento,2,521403.0,24,False,0,2,0.0437,0
OP-000234,2026-04-26,Proyecto Duna,Asesora Sur,sala de ventas,tradicional,departamento,1,404293.0,24,True,0,2,0.0393,0
OP-000235,2025-10-21,Proyecto Horizonte,Asesora Premium,portal inmobiliario,digital,departamento,3,661476.0,8,True,0,3,0.0217,1
OP-000236,2026-04-24,Proyecto Faro,Asesor Centro,feria,feria,departamento,2,456353.0,45,True,1,1,0.0191,1
OP-000237,2025-03-11,Proyecto Cobalto,Asesora Premium,web,digital,departamento,3,588799.0,14,True,1,1,0.019,0
OP-000238,2025-02-20,Proyecto Faro,Asesora Sur,sala de ventas,tradicional,departamento,2,552313.0,26,True,0,2,0.0,0
OP-000239,2025-06-28,Proyecto Aurora,Asesor Digital,sala de ventas,tradicional,departamento,1,317553.0,69,False,1,1,0.0447,1
OP-000240,2025-02-12,Proyecto Aurora,Asesora Sur,web,digital,departamento,2,442134.0,50,True,0,2,0.0127,0
OP-000241,2025-05-05,Proyecto Faro,Asesor Centro,sala de ventas,tradicional,departamento,2,510465.0,10,False,1,4,0.0404,0
OP-000242,2025-04-07,Proyecto Faro,Asesora Sur,sala de ventas,tradicional,departamento,2,636134.0,22,False,1,3,0.0257,1
OP-000243,2025-08-26,Proyecto Bruma,Asesor Digital,feria,feria,departamento,3,486127.0,28,True,0,0,0.0501,0
OP-000244,2025-12-03,Proyecto Duna,Asesor Este,facebook,digital,departamento,3,638590.0,53,False,0,0,0.0345,0
OP-000245,2025-04-14,Proyecto Duna,Asesora Premium,sala de ventas,tradicional,departamento,3,597066.0,48,False,0,1,0.0414,0
OP-000246,2025-06-07,Proyecto Granito,Asesor Este,sala de ventas,tradicional,departamento,2,496764.0,32,True,0,1,0.0143,0
OP-000247,2026-01-19,Proyecto Duna,Asesora Premium,facebook,digital,departamento,2,480717.0,30,False,1,2,0.0019,1
OP-000248,2025-05-05,Proyecto Cobalto,Asesora Oeste,web,digital,departamento,2,520706.0,22,False,0,2,0.0277,0
OP-000249,2025-06-23,Proyecto Cobalto,Asesor Norte,portal inmobiliario,digital,departamento,2,523849.0,27,True,1,0,0.0,0
OP-000250,2026-02-20,Proyecto Cobalto,Asesora Sur,sala de ventas,tradicional,departamento,3,609231.0,18,True,0,2,0.0166,0
OP-000251,2025-07-25,Proyecto Ébano,Asesor Centro,sala de ventas,tradicional,departamento,3,683101.0,38,True,0,0,0.0036,0
OP-000252,2025-05-07,Proyecto Granito,Asesora Sur,referido,tradicional,departamento,1,486786.0,32,True,0,1,0.0099,0
OP-000253,2026-02-22,Proyecto Cobalto,Asesora Sur,facebook,digital,departamento,3,643901.0,44,True,0,2,0.0357,0
OP-000254,2026-05-15,Proyecto Bruma,Asesora Oeste,referido,tradicional,departamento,3,556959.0,43,True,0,1,0.0345,0
OP-000255,2026-04-15,Proyecto Bruma,Asesora Sur,portal inmobiliario,digital,departamento,2,499194.0,14,False,0,5,0.0221,0
OP-000256,2025-08-16,Proyecto Faro,Asesor Norte,referido,tradicional,departamento,3,662456.0,3,True,0,3,0.0308,1
OP-000257,2025-01-12,Proyecto Faro,Asesor Centro,facebook,digital,departamento,1,360140.0,13,True,1,3,0.0153,0
OP-000258,2025-08-08,Proyecto Aurora,Asesor Centro,whatsapp,digital,departamento,1,258681.0,27,False,0,1,0.0687,1
OP-000259,2026-02-03,Proyecto Aurora,Asesora Premium,sala de ventas,tradicional,departamento,2,348747.0,18,True,0,1,0.0304,0
OP-000260,2026-05-06,Proyecto Duna,Asesor Digital,portal inmobiliario,digital,departamento,2,499842.0,18,True,2,0,0.0144,0
OP-000261,2025-02-05,Proyecto Aurora,Asesor Norte,referido,tradicional,departamento,2,476392.0,12,True,0,1,0.0408,0
OP-000262,2025-03-04,Proyecto Faro,Asesor Este,referido,tradicional,departamento,3,570002.0,29,True,0,1,0.0473,0
OP-000263,2025-05-30,Proyecto Bruma,Asesora Sur,portal inmobiliario,digital,departamento,1,414532.0,5,True,0,1,0.0111,0
OP-000264,2025-03-01,Proyecto Aurora,Asesor Digital,referido,tradicional,departamento,2,468372.0,32,True,0,2,0.0,0
OP-000265,2025-04-03,Proyecto Horizonte,Asesora Oeste,facebook,digital,departamento,2,618220.0,33,False,0,1,0.003,1
OP-000266,2025-08-14,Proyecto Aurora,Asesor Norte,facebook,digital,departamento,1,365379.0,43,True,0,1,0.0129,0
OP-000267,2025-05-12,Proyecto Bruma,Asesor Centro,web,digital,departamento,3,528352.0,121,False,0,1,0.024,1
OP-000268,2025-11-02,Proyecto Aurora,Asesor Norte,referido,tradicional,departamento,2,485205.0,2,False,0,1,0.0,1
OP-000269,2026-05-08,Proyecto Aurora,Asesora Sur,sala de ventas,tradicional,departamento,3,611856.0,32,True,1,2,0.0175,0
OP-000270,2025-09-22,Proyecto Aurora,Asesora Premium,web,digital,departamento,3,544881.0,36,True,0,1,0.0213,0
OP-000271,2025-09-21,Proyecto Aurora,Asesora Oeste,web,digital,departamento,1,265685.0,13,False,0,2,0.0308,0
OP-000272,2026-05-12,Proyecto Aurora,Asesora Premium,facebook,digital,departamento,1,350516.0,19,True,0,3,0.036,1
OP-000273,2025-11-12,Proyecto Aurora,Asesora Oeste,sala de ventas,tradicional,departamento,1,289954.0,15,True,0,0,0.0322,1
OP-000274,2026-06-01,Proyecto Duna,Asesora Premium,facebook,digital,departamento,3,672649.0,33,True,0,2,0.0573,1
OP-000275,2026-04-26,Proyecto Ébano,Asesora Oeste,sala de ventas,tradicional,departamento,3,600605.0,46,False,0,2,0.0447,0
OP-000276,2025-01-22,Proyecto Cobalto,Asesor Norte,sala de ventas,tradicional,departamento,2,578853.0,8,True,0,0,0.029,0
OP-000277,2026-05-03,Proyecto Bruma,Asesor Norte,facebook,digital,departamento,1,240171.0,30,True,1,2,0.0075,0
OP-000278,2025-03-28,Proyecto Duna,Asesora Premium,sala de ventas,tradicional,departamento,3,618414.0,52,True,0,0,0.0128,1
OP-000279,2025-05-20,Proyecto Granito,Asesor Norte,facebook,digital,departamento,1,495617.0,14,False,0,0,0.0,0
OP-000280,2025-10-15,Proyecto Granito,Asesor Este,web,digital,departamento,3,598033.0,2,True,0,1,0.0278,0
OP-000281,2026-02-06,Proyecto Aurora,Asesor Norte,facebook,digital,departamento,3,566244.0,11,True,0,4,0.031,1
OP-000282,2026-05-10,Proyecto Bruma,Asesor Este,whatsapp,digital,departamento,2,449833.0,10,True,0,4,0.0411,0
OP-000283,2025-08-28,Proyecto Bruma,Asesor Centro,portal inmobiliario,digital,departamento,2,434393.0,12,True,0,4,0.0298,0
OP-000284,2025-05-26,Proyecto Bruma,Asesora Sur,referido,tradicional,departamento,1,370454.0,68,True,1,2,0.044,1
OP-000285,2025-07-20,Proyecto Duna,Asesora Oeste,whatsapp,digital,departamento,2,424752.0,78,True,0,1,0.0443,1
OP-000286,2025-07-10,Proyecto Cobalto,Asesor Digital,portal inmobiliario,digital,departamento,3,592897.0,57,True,0,3,0.0065,1
OP-000287,2025-06-02,Proyecto Aurora,Asesor Norte,facebook,digital,departamento,3,603380.0,18,False,0,3,0.0157,0
OP-000288,2025-05-01,Proyecto Cobalto,Asesor Norte,feria,feria,departamento,3,587170.0,58,True,0,3,0.0248,0
OP-000289,2026-01-04,Proyecto Duna,Asesora Sur,sala de ventas,tradicional,departamento,2,440989.0,3,False,0,7,0.0123,1
OP-000290,2026-05-19,Proyecto Aurora,Asesora Premium,web,digital,departamento,1,401660.0,10,True,0,1,0.0206,0
OP-000291,2025-11-06,Proyecto Granito,Asesor Este,referido,tradicional,departamento,3,687164.0,38,True,0,4,0.0304,0
OP-000292,2025-03-22,Proyecto Aurora,Asesor Centro,sala de ventas,tradicional,departamento,2,402735.0,15,True,0,0,0.0228,0
OP-000293,2025-12-14,Proyecto Horizonte,Asesor Norte,facebook,digital,departamento,1,357824.0,9,False,0,4,0.025,1
OP-000294,2025-10-21,Proyecto Aurora,Asesora Premium,whatsapp,digital,departamento,2,407644.0,29,True,0,5,0.008,0
OP-000295,2025-07-28,Proyecto Granito,Asesor Norte,facebook,digital,departamento,2,561990.0,30,True,2,0,0.0341,0
OP-000296,2025-01-12,Proyecto Granito,Asesor Centro,sala de ventas,tradicional,departamento,3,662157.0,32,True,0,3,0.0328,0
OP-000297,2026-02-08,Proyecto Horizonte,Asesora Sur,sala de ventas,tradicional,departamento,1,472455.0,34,True,0,3,0.0113,1
OP-000298,2025-11-09,Proyecto Faro,Asesor Digital,referido,tradicional,departamento,3,617062.0,28,True,1,2,0.0017,0
OP-000299,2025-05-03,Proyecto Faro,Asesor Este,portal inmobiliario,digital,departamento,2,469140.0,21,False,0,2,0.0471,1
OP-000300,2025-07-24,Proyecto Ébano,Asesora Sur,feria,feria,departamento,1,443537.0,23,True,0,3,0.0565,0
OP-000301,2025-10-02,Proyecto Faro,Asesor Este,facebook,digital,departamento,1,374560.0,39,False,0,2,0.0292,0
OP-000302,2025-10-22,Proyecto Aurora,Asesor Norte,sala de ventas,tradicional,departamento,3,585260.0,27,True,0,2,0.0185,0
OP-000303,2025-12-08,Proyecto Duna,Asesora Sur,sala de ventas,tradicional,departamento,2,410754.0,16,False,0,4,0.0438,0
OP-000304,2025-02-11,Proyecto Duna,Asesor Centro,facebook,digital,departamento,2,464660.0,13,False,0,0,0.0335,0
OP-000305,2025-10-06,Proyecto Granito,Asesor Este,feria,feria,departamento,1,472517.0,23,True,0,2,0.0212,0
OP-000306,2025-02-17,Proyecto Cobalto,Asesor Este,web,digital,departamento,3,559605.0,52,False,0,1,0.0424,1
OP-000307,2025-03-27,Proyecto Cobalto,Asesora Premium,facebook,digital,departamento,3,643798.0,34,False,0,0,0.0104,1
OP-000308,2025-02-17,Proyecto Ébano,Asesor Norte,referido,tradicional,departamento,2,379794.0,54,True,1,2,0.0126,0
OP-000309,2025-11-19,Proyecto Bruma,Asesor Este,facebook,digital,departamento,3,556233.0,18,True,0,2,0.0315,0
OP-000310,2026-03-11,Proyecto Aurora,Asesora Sur,referido,tradicional,departamento,1,335575.0,26,True,0,3,0.0271,1
OP-000311,2026-05-19,Proyecto Cobalto,Asesora Oeste,referido,tradicional,departamento,1,464840.0,29,True,0,0,0.0365,0
OP-000312,2026-01-12,Proyecto Cobalto,Asesor Este,web,digital,departamento,2,419702.0,40,True,0,1,0.0465,0
OP-000313,2026-02-11,Proyecto Bruma,Asesor Norte,referido,tradicional,departamento,3,623905.0,18,True,0,3,0.0,0
OP-000314,2025-03-08,Proyecto Cobalto,Asesor Norte,whatsapp,digital,departamento,1,427131.0,34,True,0,1,0.0257,0
OP-000315,2025-01-04,Proyecto Cobalto,Asesora Premium,facebook,digital,departamento,2,444318.0,50,True,0,2,0.0592,0
OP-000316,2025-06-14,Proyecto Bruma,Asesor Norte,sala de ventas,tradicional,departamento,2,451456.0,21,True,0,2,0.0143,1
OP-000317,2025-07-08,Proyecto Cobalto,Asesora Premium,sala de ventas,tradicional,departamento,2,491790.0,11,True,0,3,0.0121,0
OP-000318,2025-08-15,Proyecto Ébano,Asesor Digital,referido,tradicional,departamento,2,426518.0,51,False,0,2,0.0,0
OP-000319,2025-12-12,Proyecto Bruma,Asesora Oeste,referido,tradicional,departamento,3,561969.0,36,True,0,2,0.0268,0
OP-000320,2025-02-21,Proyecto Horizonte,Asesor Este,referido,tradicional,departamento,2,614186.0,7,True,1,1,0.0355,0
OP-000321,2025-02-24,Proyecto Granito,Asesora Premium,web,digital,departamento,2,560746.0,22,True,0,2,0.0354,0
OP-000322,2026-03-13,Proyecto Duna,Asesor Digital,facebook,digital,departamento,2,487379.0,70,False,1,0,0.0063,0
OP-000323,2025-10-29,Proyecto Bruma,Asesor Norte,web,digital,departamento,2,478219.0,33,True,0,3,0.0248,0
OP-000324,2025-07-08,Proyecto Duna,Asesor Digital,web,digital,departamento,1,412950.0,23,True,0,1,0.029,0
OP-000325,2026-03-10,Proyecto Granito,Asesor Digital,facebook,digital,departamento,3,689483.0,10,True,1,4,0.0259,0
OP-000326,2025-12-15,Proyecto Ébano,Asesor Norte,facebook,digital,departamento,1,362397.0,10,True,1,1,0.0053,0
OP-000327,2026-03-12,Proyecto Faro,Asesor Norte,sala de ventas,tradicional,departamento,3,719410.0,38,False,1,0,0.0264,1
OP-000328,2025-11-30,Proyecto Duna,Asesora Premium,facebook,digital,departamento,1,453399.0,11,True,0,3,0.0103,1
OP-000329,2025-09-20,Proyecto Ébano,Asesor Norte,feria,feria,departamento,3,660249.0,29,True,0,0,0.0,0
OP-000330,2026-04-21,Proyecto Bruma,Asesor Centro,portal inmobiliario,digital,departamento,1,310637.0,21,True,0,2,0.0373,0
OP-000331,2026-05-31,Proyecto Faro,Asesor Norte,referido,tradicional,departamento,3,578888.0,28,False,0,0,0.0275,0
OP-000332,2026-01-21,Proyecto Bruma,Asesor Centro,facebook,digital,departamento,3,569037.0,20,True,0,1,0.0357,0
OP-000333,2025-11-24,Proyecto Ébano,Asesora Sur,web,digital,departamento,1,396342.0,32,False,0,2,0.0154,0
OP-000334,2025-01-18,Proyecto Granito,Asesor Norte,feria,feria,departamento,3,549733.0,43,True,0,1,0.0363,0
OP-000335,2026-03-29,Proyecto Aurora,Asesor Norte,facebook,digital,departamento,2,487208.0,20,True,0,3,0.0434,0
OP-000336,2025-03-22,Proyecto Ébano,Asesora Sur,feria,feria,departamento,2,578810.0,40,True,0,0,0.0566,1
OP-000337,2025-01-17,Proyecto Aurora,Asesora Oeste,sala de ventas,tradicional,departamento,1,376706.0,56,False,0,2,0.0396,0
OP-000338,2025-08-20,Proyecto Ébano,Asesor Norte,sala de ventas,tradicional,departamento,3,585817.0,29,False,0,1,0.0319,0
OP-000339,2025-02-10,Proyecto Aurora,Asesora Premium,sala de ventas,tradicional,departamento,3,531308.0,38,True,0,3,0.0002,0
OP-000340,2025-02-18,Proyecto Horizonte,Asesor Centro,sala de ventas,tradicional,departamento,2,560492.0,9,True,0,2,0.0231,0
OP-000341,2025-08-29,Proyecto Aurora,Asesor Este,portal inmobiliario,digital,departamento,3,566568.0,21,True,0,1,0.0,0
OP-000342,2025-07-23,Proyecto Horizonte,Asesor Digital,facebook,digital,departamento,1,453367.0,6,True,0,3,0.0103,0
OP-000343,2025-03-08,Proyecto Faro,Asesor Centro,facebook,digital,departamento,1,438095.0,16,False,0,5,0.0602,1
OP-000344,2026-05-24,Proyecto Duna,Asesor Centro,facebook,digital,departamento,2,556054.0,21,True,0,1,0.0066,0
OP-000345,2025-04-18,Proyecto Faro,Asesora Sur,facebook,digital,departamento,1,342733.0,74,True,1,4,0.0,0
OP-000346,2025-04-17,Proyecto Faro,Asesor Centro,facebook,digital,departamento,1,417189.0,13,True,0,1,0.0396,0
OP-000347,2026-02-24,Proyecto Horizonte,Asesora Oeste,sala de ventas,tradicional,departamento,2,524009.0,23,True,0,4,0.0129,0
OP-000348,2026-01-02,Proyecto Bruma,Asesor Digital,web,digital,departamento,2,466575.0,11,False,1,0,0.0388,1
OP-000349,2025-07-04,Proyecto Duna,Asesora Oeste,sala de ventas,tradicional,departamento,1,428542.0,20,True,0,3,0.0039,0
OP-000350,2025-05-16,Proyecto Aurora,Asesor Centro,feria,feria,departamento,3,628522.0,32,False,0,1,0.0173,1
OP-000351,2026-04-20,Proyecto Ébano,Asesor Este,sala de ventas,tradicional,departamento,2,584914.0,35,False,0,2,0.0465,0
OP-000352,2025-01-18,Proyecto Aurora,Asesor Norte,web,digital,departamento,3,598407.0,18,True,1,1,0.0012,0
OP-000353,2025-11-29,Proyecto Duna,Asesor Norte,feria,feria,departamento,2,489949.0,14,True,0,2,0.022,0
OP-000354,2025-02-21,Proyecto Duna,Asesor Digital,sala de ventas,tradicional,departamento,2,482092.0,60,False,0,2,0.0302,0
OP-000355,2025-01-02,Proyecto Cobalto,Asesora Premium,sala de ventas,tradicional,departamento,1,273588.0,17,True,0,2,0.0121,1
OP-000356,2025-02-24,Proyecto Duna,Asesor Este,whatsapp,digital,departamento,3,684685.0,3,True,0,1,0.0294,0
OP-000357,2025-10-20,Proyecto Faro,Asesor Centro,facebook,digital,departamento,1,387296.0,51,False,1,2,0.0253,1
OP-000358,2025-06-05,Proyecto Faro,Asesor Norte,web,digital,departamento,1,432824.0,4,True,0,2,0.0346,0
OP-000359,2025-12-26,Proyecto Duna,Asesor Norte,sala de ventas,tradicional,departamento,3,648345.0,51,True,0,1,0.0582,0
OP-000360,2026-05-15,Proyecto Duna,Asesora Oeste,facebook,digital,departamento,3,542508.0,6,True,0,2,0.0732,1
OP-000361,2025-01-21,Proyecto Horizonte,Asesor Centro,referido,tradicional,departamento,2,493216.0,7,True,0,1,0.0333,0
OP-000362,2025-11-19,Proyecto Aurora,Asesor Digital,portal inmobiliario,digital,departamento,1,430086.0,9,True,0,2,0.023,0
OP-000363,2026-04-19,Proyecto Aurora,Asesora Premium,facebook,digital,departamento,1,360974.0,16,True,0,2,0.0329,0
OP-000364,2025-03-05,Proyecto Aurora,Asesora Sur,feria,feria,departamento,2,428068.0,51,True,0,2,0.0208,0
OP-000365,2025-08-06,Proyecto Ébano,Asesora Premium,web,digital,departamento,3,616051.0,10,True,1,0,0.0,0
OP-000366,2025-02-06,Proyecto Cobalto,Asesora Oeste,sala de ventas,tradicional,departamento,2,543743.0,32,True,0,1,0.0242,0
OP-000367,2025-02-26,Proyecto Faro,Asesora Premium,facebook,digital,departamento,1,456387.0,27,False,0,2,0.0445,1
OP-000368,2026-05-20,Proyecto Ébano,Asesora Sur,sala de ventas,tradicional,departamento,1,312366.0,24,True,0,3,0.0,0
OP-000369,2025-05-11,Proyecto Bruma,Asesor Norte,facebook,digital,departamento,2,561886.0,45,False,0,1,0.0073,1
OP-000370,2025-03-31,Proyecto Granito,Asesor Norte,web,digital,departamento,3,700138.0,25,True,1,4,0.0145,0
OP-000371,2026-04-11,Proyecto Faro,Asesor Digital,facebook,digital,departamento,1,396614.0,27,False,0,2,0.0317,1
OP-000372,2025-05-21,Proyecto Bruma,Asesor Norte,sala de ventas,tradicional,departamento,1,291455.0,37,False,1,2,0.0678,0
OP-000373,2025-05-25,Proyecto Cobalto,Asesor Digital,web,digital,departamento,1,426970.0,16,True,1,2,0.0104,0
OP-000374,2026-03-14,Proyecto Bruma,Asesora Premium,referido,tradicional,departamento,1,383204.0,23,True,0,3,0.0266,0
OP-000375,2026-01-30,Proyecto Aurora,Asesora Sur,referido,tradicional,departamento,2,379821.0,29,True,0,3,0.0251,0
OP-000376,2025-10-16,Proyecto Aurora,Asesor Digital,referido,tradicional,departamento,1,332236.0,42,True,0,2,0.0196,0
OP-000377,2026-03-17,Proyecto Horizonte,Asesora Sur,sala de ventas,tradicional,departamento,2,715940.0,21,True,0,1,0.0241,0
OP-000378,2025-04-28,Proyecto Cobalto,Asesora Sur,web,digital,departamento,3,599908.0,22,True,1,1,0.0166,0
OP-000379,2026-02-19,Proyecto Cobalto,Asesor Centro,facebook,digital,departamento,3,558192.0,31,False,2,0,0.0744,1
OP-000380,2025-12-12,Proyecto Ébano,Asesor Este,facebook,digital,departamento,3,567533.0,21,True,0,0,0.0385,0
OP-000381,2025-10-24,Proyecto Duna,Asesor Este,sala de ventas,tradicional,departamento,1,478465.0,13,False,1,1,0.0168,0
OP-000382,2025-07-13,Proyecto Horizonte,Asesora Sur,referido,tradicional,departamento,1,475627.0,37,True,0,0,0.0463,0
OP-000383,2025-03-04,Proyecto Faro,Asesor Centro,referido,tradicional,departamento,2,597409.0,26,True,0,1,0.0296,1
OP-000384,2025-10-30,Proyecto Cobalto,Asesor Norte,facebook,digital,departamento,3,612650.0,17,True,0,0,0.026,0
OP-000385,2026-02-22,Proyecto Cobalto,Asesora Sur,portal inmobiliario,digital,departamento,1,437971.0,9,True,0,1,0.0217,1
OP-000386,2025-02-20,Proyecto Horizonte,Asesora Oeste,portal inmobiliario,digital,departamento,2,497342.0,4,True,0,0,0.0205,1
OP-000387,2025-03-25,Proyecto Ébano,Asesora Oeste,sala de ventas,tradicional,departamento,2,516943.0,32,True,1,2,0.003,0
OP-000388,2026-04-03,Proyecto Horizonte,Asesor Centro,web,digital,departamento,1,444788.0,13,True,0,2,0.0,0
OP-000389,2026-03-26,Proyecto Aurora,Asesora Sur,facebook,digital,departamento,3,651035.0,6,True,0,2,0.0317,0
OP-000390,2025-11-06,Proyecto Granito,Asesor Centro,whatsapp,digital,departamento,2,549536.0,12,False,1,2,0.0215,1
OP-000391,2025-08-27,Proyecto Ébano,Asesora Premium,sala de ventas,tradicional,departamento,2,473597.0,29,True,0,3,0.0408,0
OP-000392,2025-01-03,Proyecto Aurora,Asesor Este,facebook,digital,departamento,3,578524.0,13,True,0,2,0.009,0
OP-000393,2026-04-20,Proyecto Duna,Asesora Sur,facebook,digital,departamento,1,288797.0,29,True,1,4,0.0052,0
OP-000394,2025-10-18,Proyecto Ébano,Asesora Oeste,facebook,digital,departamento,1,265347.0,15,True,1,6,0.039,0
OP-000395,2025-02-11,Proyecto Aurora,Asesor Centro,web,digital,departamento,2,505724.0,23,True,1,3,0.0197,0
OP-000396,2025-07-08,Proyecto Cobalto,Asesor Norte,referido,tradicional,departamento,2,463389.0,24,False,0,2,0.0404,0
OP-000397,2026-03-11,Proyecto Faro,Asesora Oeste,sala de ventas,tradicional,departamento,2,505622.0,36,True,0,1,0.0256,0
OP-000398,2026-04-16,Proyecto Bruma,Asesora Sur,referido,tradicional,departamento,1,402702.0,37,True,0,2,0.0588,0
OP-000399,2025-11-28,Proyecto Cobalto,Asesora Oeste,portal inmobiliario,digital,departamento,3,675836.0,23,False,1,2,0.0386,1
OP-000400,2025-03-14,Proyecto Cobalto,Asesor Digital,feria,feria,departamento,2,513397.0,11,False,1,4,0.0324,0
OP-000401,2025-03-25,Proyecto Bruma,Asesora Oeste,referido,tradicional,departamento,2,578044.0,48,False,1,2,0.0394,0
OP-000402,2025-06-23,Proyecto Granito,Asesora Premium,facebook,digital,departamento,2,559648.0,17,False,1,1,0.0201,1
OP-000403,2026-02-01,Proyecto Faro,Asesor Este,sala de ventas,tradicional,departamento,3,651622.0,2,True,0,3,0.0,0
OP-000404,2026-02-02,Proyecto Aurora,Asesor Digital,portal inmobiliario,digital,departamento,2,473221.0,28,False,0,1,0.0315,0
OP-000405,2026-01-25,Proyecto Horizonte,Asesora Premium,web,digital,departamento,3,588298.0,29,True,0,0,0.0599,0
OP-000406,2025-04-28,Proyecto Granito,Asesor Digital,referido,tradicional,departamento,1,469580.0,17,False,0,2,0.0,1
OP-000407,2025-06-12,Proyecto Bruma,Asesora Premium,portal inmobiliario,digital,departamento,2,337499.0,6,True,1,4,0.0334,0
OP-000408,2025-06-12,Proyecto Granito,Asesor Centro,sala de ventas,tradicional,departamento,3,614756.0,5,True,0,2,0.0,1
OP-000409,2026-01-14,Proyecto Aurora,Asesora Oeste,web,digital,departamento,2,461261.0,18,True,1,3,0.0246,0
OP-000410,2026-02-06,Proyecto Horizonte,Asesor Digital,sala de ventas,tradicional,departamento,2,500563.0,10,False,0,4,0.0264,1
OP-000411,2025-01-16,Proyecto Ébano,Asesora Premium,sala de ventas,tradicional,departamento,3,598153.0,42,True,0,2,0.0384,0
OP-000412,2026-01-06,Proyecto Ébano,Asesor Este,facebook,digital,departamento,1,494166.0,18,False,0,3,0.0288,1
OP-000413,2025-07-21,Proyecto Aurora,Asesor Norte,facebook,digital,departamento,2,520721.0,16,True,0,5,0.0497,0
OP-000414,2025-07-07,Proyecto Granito,Asesor Norte,whatsapp,digital,departamento,3,609279.0,69,True,0,3,0.046,0
OP-000415,2025-09-22,Proyecto Aurora,Asesora Sur,facebook,digital,departamento,3,549174.0,2,True,0,3,0.0215,0
OP-000416,2025-09-01,Proyecto Bruma,Asesor Norte,feria,feria,departamento,3,516765.0,22,True,0,0,0.0447,0
OP-000417,2026-05-25,Proyecto Aurora,Asesora Sur,feria,feria,departamento,3,613775.0,4,True,1,5,0.0194,0
OP-000418,2025-10-15,Proyecto Faro,Asesor Norte,web,digital,departamento,1,391264.0,51,False,2,3,0.0163,0
OP-000419,2026-03-06,Proyecto Bruma,Asesor Digital,portal inmobiliario,digital,departamento,3,478844.0,6,True,0,6,0.0033,0
OP-000420,2026-04-07,Proyecto Granito,Asesor Norte,facebook,digital,departamento,2,537543.0,29,True,0,1,0.0486,1
OP-000421,2026-05-26,Proyecto Ébano,Asesor Centro,facebook,digital,departamento,2,532144.0,27,True,1,3,0.0196,0
OP-000422,2025-12-10,Proyecto Aurora,Asesor Este,sala de ventas,tradicional,departamento,2,512973.0,4,False,1,1,0.0,0
OP-000423,2026-05-08,Proyecto Aurora,Asesora Sur,facebook,digital,departamento,3,570965.0,30,True,0,3,0.0348,0
OP-000424,2025-11-05,Proyecto Aurora,Asesor Centro,portal inmobiliario,digital,departamento,2,439503.0,15,False,0,1,0.0172,1
OP-000425,2025-07-12,Proyecto Duna,Asesor Digital,referido,tradicional,departamento,3,720245.0,34,True,0,1,0.0196,0
OP-000426,2026-02-26,Proyecto Faro,Asesora Premium,facebook,digital,departamento,1,405362.0,14,False,0,3,0.0208,0
OP-000427,2026-04-04,Proyecto Bruma,Asesor Digital,sala de ventas,tradicional,departamento,1,396576.0,30,True,0,4,0.0189,0
OP-000428,2025-06-08,Proyecto Granito,Asesor Centro,referido,tradicional,departamento,2,502325.0,21,False,0,2,0.0741,1
OP-000429,2026-05-16,Proyecto Aurora,Asesor Centro,web,digital,departamento,1,382945.0,30,False,0,1,0.0549,1
OP-000430,2025-08-19,Proyecto Faro,Asesora Sur,facebook,digital,departamento,3,554940.0,33,False,0,0,0.0376,0
OP-000431,2025-04-30,Proyecto Horizonte,Asesora Premium,feria,feria,departamento,2,518586.0,19,True,0,1,0.0293,0
OP-000432,2025-12-24,Proyecto Faro,Asesora Premium,web,digital,departamento,2,453545.0,17,False,0,3,0.0453,1
OP-000433,2025-05-07,Proyecto Ébano,Asesora Sur,feria,feria,departamento,1,359726.0,33,True,0,2,0.0294,0
OP-000434,2025-07-30,Proyecto Granito,Asesor Este,facebook,digital,departamento,1,485776.0,15,True,0,1,0.0397,1
OP-000435,2025-10-05,Proyecto Aurora,Asesor Centro,web,digital,departamento,2,426322.0,20,True,0,2,0.035,0
OP-000436,2025-09-07,Proyecto Bruma,Asesor Norte,sala de ventas,tradicional,departamento,2,511504.0,58,True,0,1,0.0273,1
OP-000437,2025-03-02,Proyecto Aurora,Asesora Premium,facebook,digital,departamento,1,428450.0,23,True,0,3,0.0419,0
OP-000438,2025-03-25,Proyecto Duna,Asesora Sur,web,digital,departamento,1,379483.0,37,False,0,0,0.0174,1
OP-000439,2025-02-11,Proyecto Faro,Asesor Norte,web,digital,departamento,1,459657.0,13,True,0,1,0.0261,0
OP-000440,2025-11-14,Proyecto Ébano,Asesor Este,sala de ventas,tradicional,departamento,2,537210.0,29,True,0,2,0.0074,0
OP-000441,2026-05-31,Proyecto Granito,Asesora Premium,portal inmobiliario,digital,departamento,1,423404.0,20,True,0,2,0.0094,1
OP-000442,2025-11-29,Proyecto Aurora,Asesora Sur,sala de ventas,tradicional,departamento,2,501267.0,17,True,1,3,0.0,0
OP-000443,2025-10-18,Proyecto Faro,Asesora Oeste,referido,tradicional,departamento,3,736197.0,4,True,1,4,0.0332,0
OP-000444,2026-03-22,Proyecto Bruma,Asesora Premium,whatsapp,digital,departamento,2,436950.0,10,True,0,2,0.0382,0
OP-000445,2025-01-13,Proyecto Bruma,Asesor Norte,referido,tradicional,departamento,2,419244.0,3,True,0,2,0.0445,0
OP-000446,2025-02-14,Proyecto Ébano,Asesora Premium,feria,feria,departamento,1,337015.0,72,False,1,1,0.0052,0
OP-000447,2026-05-30,Proyecto Horizonte,Asesor Este,referido,tradicional,departamento,3,713694.0,21,True,0,2,0.0329,0
OP-000448,2026-04-13,Proyecto Ébano,Asesor Centro,feria,feria,departamento,2,570115.0,23,True,1,4,0.025,0
OP-000449,2025-10-16,Proyecto Aurora,Asesora Sur,web,digital,departamento,2,430463.0,41,False,0,1,0.0383,1
OP-000450,2025-02-14,Proyecto Ébano,Asesor Norte,web,digital,departamento,3,505519.0,27,False,0,0,0.0133,0
OP-000451,2025-04-09,Proyecto Aurora,Asesora Premium,sala de ventas,tradicional,departamento,2,422888.0,17,True,0,5,0.0189,0
OP-000452,2026-01-23,Proyecto Granito,Asesora Premium,feria,feria,departamento,2,562132.0,17,False,0,2,0.0,0
OP-000453,2025-04-30,Proyecto Ébano,Asesor Digital,sala de ventas,tradicional,departamento,3,619330.0,9,False,1,1,0.0121,1
OP-000454,2025-11-03,Proyecto Aurora,Asesor Centro,whatsapp,digital,departamento,1,354919.0,31,True,0,4,0.0251,0
OP-000455,2026-01-29,Proyecto Aurora,Asesora Oeste,sala de ventas,tradicional,departamento,3,546216.0,32,True,0,5,0.0281,0
OP-000456,2025-07-31,Proyecto Bruma,Asesora Sur,sala de ventas,tradicional,departamento,3,642775.0,23,True,0,2,0.0,0
OP-000457,2025-09-02,Proyecto Horizonte,Asesor Este,portal inmobiliario,digital,departamento,2,562876.0,20,False,0,3,0.0158,1
OP-000458,2026-04-26,Proyecto Cobalto,Asesor Centro,sala de ventas,tradicional,departamento,1,401255.0,32,False,0,0,0.0279,1
OP-000459,2026-05-25,Proyecto Faro,Asesor Este,facebook,digital,departamento,1,413749.0,9,True,0,2,0.0503,1
OP-000460,2025-08-26,Proyecto Ébano,Asesora Oeste,web,digital,departamento,3,651840.0,29,False,0,2,0.0098,0
OP-000461,2025-04-17,Proyecto Duna,Asesora Sur,sala de ventas,tradicional,departamento,1,406221.0,60,False,0,1,0.0338,0
OP-000462,2025-01-13,Proyecto Aurora,Asesora Oeste,sala de ventas,tradicional,departamento,1,293956.0,14,True,0,3,0.0149,0
OP-000463,2025-04-04,Proyecto Horizonte,Asesora Sur,referido,tradicional,departamento,3,679518.0,19,False,0,2,0.017,1
OP-000464,2025-09-28,Proyecto Bruma,Asesor Norte,sala de ventas,tradicional,departamento,3,630533.0,50,False,1,2,0.0092,0
OP-000465,2026-05-25,Proyecto Duna,Asesor Norte,sala de ventas,tradicional,departamento,1,444533.0,23,False,0,2,0.0062,1
OP-000466,2025-10-04,Proyecto Ébano,Asesora Oeste,sala de ventas,tradicional,departamento,3,645886.0,39,False,1,2,0.0165,1
OP-000467,2026-05-27,Proyecto Ébano,Asesor Este,facebook,digital,departamento,2,454911.0,30,True,1,0,0.0439,1
OP-000468,2026-01-23,Proyecto Horizonte,Asesor Norte,facebook,digital,departamento,3,614378.0,31,False,0,3,0.0114,1
OP-000469,2025-02-12,Proyecto Aurora,Asesora Oeste,sala de ventas,tradicional,departamento,1,321067.0,13,True,0,1,0.0086,0
OP-000470,2025-07-06,Proyecto Duna,Asesora Sur,web,digital,departamento,1,391421.0,13,False,0,2,0.0288,0
OP-000471,2025-10-30,Proyecto Cobalto,Asesor Norte,web,digital,departamento,2,477277.0,35,False,1,3,0.0251,1
OP-000472,2025-02-08,Proyecto Cobalto,Asesor Norte,sala de ventas,tradicional,departamento,1,307195.0,7,False,0,2,0.0238,0
OP-000473,2025-01-10,Proyecto Aurora,Asesora Oeste,facebook,digital,departamento,2,397865.0,20,False,1,4,0.0296,1
OP-000474,2025-07-01,Proyecto Aurora,Asesor Digital,portal inmobiliario,digital,departamento,1,229581.0,32,False,0,0,0.0068,1
OP-000475,2026-04-10,Proyecto Bruma,Asesora Sur,referido,tradicional,departamento,3,415429.0,19,True,0,2,0.0088,0
OP-000476,2025-11-10,Proyecto Bruma,Asesora Sur,facebook,digital,departamento,3,579752.0,20,True,0,1,0.0428,0
OP-000477,2025-09-30,Proyecto Cobalto,Asesora Sur,facebook,digital,departamento,3,726613.0,40,True,0,3,0.0224,0
OP-000478,2025-10-11,Proyecto Ébano,Asesor Este,sala de ventas,tradicional,departamento,3,721823.0,54,False,1,2,0.0357,1
OP-000479,2025-10-11,Proyecto Ébano,Asesora Premium,feria,feria,departamento,3,569197.0,91,False,1,1,0.047,1
OP-000480,2026-03-17,Proyecto Cobalto,Asesor Este,portal inmobiliario,digital,departamento,2,492245.0,51,True,0,2,0.0402,0
OP-000481,2025-06-16,Proyecto Cobalto,Asesor Centro,portal inmobiliario,digital,departamento,2,403448.0,16,True,0,2,0.0003,0
OP-000482,2025-05-21,Proyecto Bruma,Asesor Digital,sala de ventas,tradicional,departamento,3,514834.0,11,True,0,0,0.0229,0
OP-000483,2025-05-28,Proyecto Duna,Asesor Digital,facebook,digital,departamento,3,545139.0,16,True,0,1,0.0437,1
OP-000484,2025-10-24,Proyecto Bruma,Asesora Oeste,sala de ventas,tradicional,departamento,3,574598.0,32,False,0,2,0.0344,1
OP-000485,2025-05-20,Proyecto Aurora,Asesor Centro,facebook,digital,departamento,3,564965.0,17,False,1,1,0.0283,0
OP-000486,2026-05-23,Proyecto Cobalto,Asesor Digital,facebook,digital,departamento,1,382899.0,13,True,0,2,0.0,0
OP-000487,2025-12-25,Proyecto Cobalto,Asesora Premium,web,digital,departamento,3,635477.0,58,False,0,1,0.0139,0
OP-000488,2025-06-13,Proyecto Bruma,Asesor Este,sala de ventas,tradicional,departamento,3,568472.0,17,True,0,2,0.0262,0
OP-000489,2025-05-16,Proyecto Duna,Asesor Norte,portal inmobiliario,digital,departamento,2,497991.0,31,True,0,1,0.0,0
OP-000490,2025-08-15,Proyecto Duna,Asesor Norte,sala de ventas,tradicional,departamento,3,550840.0,30,True,0,0,0.0393,0
OP-000491,2026-03-24,Proyecto Ébano,Asesor Digital,sala de ventas,tradicional,departamento,2,434053.0,4,True,1,4,0.0229,0
OP-000492,2026-06-01,Proyecto Ébano,Asesora Oeste,portal inmobiliario,digital,departamento,3,540557.0,56,True,2,1,0.0,1
OP-000493,2025-10-04,Proyecto Ébano,Asesor Este,web,digital,departamento,1,428709.0,9,True,1,4,0.0148,0
OP-000494,2025-03-17,Proyecto Bruma,Asesor Este,facebook,digital,departamento,3,568415.0,6,True,1,1,0.0198,0
OP-000495,2025-01-23,Proyecto Faro,Asesora Sur,referido,tradicional,departamento,1,302088.0,16,True,0,1,0.0227,0
OP-000496,2025-10-26,Proyecto Duna,Asesora Premium,sala de ventas,tradicional,departamento,2,492530.0,11,True,0,2,0.0506,0
OP-000497,2025-11-20,Proyecto Cobalto,Asesor Centro,sala de ventas,tradicional,departamento,1,300315.0,50,True,0,0,0.0354,0
OP-000498,2025-07-12,Proyecto Ébano,Asesor Digital,referido,tradicional,departamento,2,599321.0,27,False,0,0,0.0004,0
OP-000499,2026-04-08,Proyecto Cobalto,Asesor Este,facebook,digital,departamento,1,337165.0,14,True,0,1,0.0,0
OP-000500,2025-01-24,Proyecto Duna,Asesora Oeste,web,digital,departamento,3,648483.0,6,True,0,1,0.0202,1
OP-000501,2025-06-09,Proyecto Faro,Asesor Norte,sala de ventas,tradicional,departamento,2,579893.0,29,True,1,1,0.0273,0
OP-000502,2026-01-31,Proyecto Granito,Asesor Digital,web,digital,departamento,3,594479.0,18,True,0,1,0.0429,0
OP-000503,2025-05-07,Proyecto Horizonte,Asesora Oeste,feria,feria,departamento,1,433183.0,32,False,0,4,0.0561,0
OP-000504,2025-04-14,Proyecto Duna,Asesora Oeste,sala de ventas,tradicional,departamento,1,411441.0,27,True,0,1,0.0571,0
OP-000505,2026-01-15,Proyecto Duna,Asesor Este,sala de ventas,tradicional,departamento,3,617355.0,12,True,1,5,0.017,0
OP-000506,2026-04-09,Proyecto Faro,Asesora Sur,facebook,digital,departamento,3,654861.0,35,False,0,4,0.0418,0
OP-000507,2025-04-06,Proyecto Bruma,Asesor Digital,feria,feria,departamento,2,398870.0,8,False,1,0,0.0327,0
OP-000508,2025-08-06,Proyecto Granito,Asesora Oeste,web,digital,departamento,3,677472.0,18,True,0,3,0.0054,0
OP-000509,2026-05-22,Proyecto Duna,Asesor Centro,web,digital,departamento,3,584261.0,19,True,0,1,0.0,0
OP-000510,2025-03-17,Proyecto Aurora,Asesor Norte,facebook,digital,departamento,2,479220.0,21,False,0,3,0.0276,0
OP-000511,2025-03-14,Proyecto Aurora,Asesora Sur,sala de ventas,tradicional,departamento,3,625599.0,7,True,1,4,0.0,0
OP-000512,2025-05-08,Proyecto Granito,Asesora Premium,referido,tradicional,departamento,3,683784.0,49,False,0,2,0.0097,1
OP-000513,2025-09-07,Proyecto Aurora,Asesor Norte,sala de ventas,tradicional,departamento,3,594180.0,12,True,0,4,0.0127,0
OP-000514,2026-03-10,Proyecto Bruma,Asesor Norte,web,digital,departamento,2,507317.0,5,False,0,1,0.0289,0
OP-000515,2025-08-15,Proyecto Bruma,Asesora Premium,sala de ventas,tradicional,departamento,1,394863.0,28,True,0,0,0.0481,0
OP-000516,2025-07-14,Proyecto Aurora,Asesor Este,facebook,digital,departamento,1,427253.0,72,True,0,2,0.0252,1
OP-000517,2026-03-18,Proyecto Bruma,Asesora Sur,referido,tradicional,departamento,3,585127.0,4,True,0,0,0.0153,0
OP-000518,2025-05-14,Proyecto Faro,Asesora Oeste,referido,tradicional,departamento,3,644018.0,10,True,0,1,0.0,0
OP-000519,2025-07-10,Proyecto Aurora,Asesora Sur,referido,tradicional,departamento,2,511264.0,40,True,0,2,0.0333,0
OP-000520,2025-05-10,Proyecto Faro,Asesor Norte,facebook,digital,departamento,2,493029.0,23,True,0,3,0.0255,1
OP-000521,2025-02-27,Proyecto Granito,Asesor Norte,portal inmobiliario,digital,departamento,1,343560.0,8,False,0,2,0.0151,0
OP-000522,2025-10-31,Proyecto Cobalto,Asesor Norte,feria,feria,departamento,1,396128.0,19,True,1,1,0.046,0
OP-000523,2026-05-19,Proyecto Aurora,Asesora Sur,portal inmobiliario,digital,departamento,3,563669.0,61,True,1,2,0.0036,0
OP-000524,2025-05-14,Proyecto Duna,Asesor Centro,web,digital,departamento,2,429586.0,52,True,0,0,0.0127,0
OP-000525,2025-02-07,Proyecto Aurora,Asesor Este,web,digital,departamento,1,372530.0,102,True,1,2,0.0206,0
OP-000526,2026-05-02,Proyecto Cobalto,Asesor Norte,referido,tradicional,departamento,2,562712.0,36,False,0,1,0.0149,0
OP-000527,2025-02-25,Proyecto Horizonte,Asesor Norte,facebook,digital,departamento,2,454364.0,15,True,1,1,0.0349,0
OP-000528,2025-01-26,Proyecto Horizonte,Asesora Oeste,facebook,digital,departamento,3,715228.0,40,True,0,2,0.0334,0
OP-000529,2026-01-19,Proyecto Faro,Asesora Premium,referido,tradicional,departamento,3,495461.0,13,True,0,0,0.0439,1
OP-000530,2025-03-23,Proyecto Bruma,Asesor Este,sala de ventas,tradicional,departamento,2,449984.0,21,True,0,0,0.034,0
OP-000531,2026-06-02,Proyecto Ébano,Asesor Norte,sala de ventas,tradicional,departamento,2,609228.0,13,True,0,2,0.0229,0
OP-000532,2025-08-12,Proyecto Ébano,Asesora Sur,portal inmobiliario,digital,departamento,2,489942.0,36,True,0,1,0.0189,0
OP-000533,2025-12-15,Proyecto Cobalto,Asesora Oeste,sala de ventas,tradicional,departamento,2,488947.0,34,False,0,1,0.0332,0
OP-000534,2025-04-19,Proyecto Ébano,Asesora Sur,referido,tradicional,departamento,2,549958.0,14,False,0,2,0.0216,0
OP-000535,2025-04-21,Proyecto Aurora,Asesor Digital,web,digital,departamento,1,250594.0,46,False,0,2,0.0259,0
OP-000536,2026-02-09,Proyecto Bruma,Asesora Premium,sala de ventas,tradicional,departamento,3,590965.0,56,True,1,2,0.0342,0
OP-000537,2025-09-23,Proyecto Duna,Asesor Este,portal inmobiliario,digital,departamento,2,499532.0,15,False,0,4,0.0275,1
OP-000538,2026-04-22,Proyecto Aurora,Asesor Digital,sala de ventas,tradicional,departamento,2,562428.0,30,True,0,2,0.0306,1
OP-000539,2026-04-25,Proyecto Aurora,Asesor Este,portal inmobiliario,digital,departamento,1,277034.0,58,True,0,0,0.0108,0
OP-000540,2025-11-09,Proyecto Granito,Asesor Norte,feria,feria,departamento,3,626015.0,28,True,1,3,0.0493,0
OP-000541,2026-02-11,Proyecto Horizonte,Asesor Digital,sala de ventas,tradicional,departamento,1,377940.0,18,True,0,4,0.0051,0
OP-000542,2026-03-21,Proyecto Duna,Asesor Digital,sala de ventas,tradicional,departamento,2,439107.0,21,True,0,2,0.0329,0
OP-000543,2025-10-30,Proyecto Granito,Asesor Este,facebook,digital,departamento,3,709007.0,15,True,0,3,0.0163,0
OP-000544,2026-02-21,Proyecto Horizonte,Asesor Centro,facebook,digital,departamento,2,545466.0,47,False,0,1,0.0445,1
OP-000545,2025-01-14,Proyecto Aurora,Asesora Sur,sala de ventas,tradicional,departamento,3,544444.0,43,False,0,1,0.0409,0
OP-000546,2025-03-24,Proyecto Cobalto,Asesor Centro,whatsapp,digital,departamento,1,340518.0,81,True,0,3,0.025,1
OP-000547,2025-09-04,Proyecto Cobalto,Asesor Centro,sala de ventas,tradicional,departamento,3,568023.0,13,False,1,2,0.053,0
OP-000548,2025-02-10,Proyecto Aurora,Asesor Centro,feria,feria,departamento,3,548941.0,14,True,0,0,0.0216,0
OP-000549,2025-08-29,Proyecto Faro,Asesora Oeste,sala de ventas,tradicional,departamento,2,450456.0,6,True,0,2,0.0409,0
OP-000550,2025-11-24,Proyecto Cobalto,Asesor Centro,whatsapp,digital,departamento,3,584770.0,33,False,0,1,0.0119,0
OP-000551,2025-07-11,Proyecto Cobalto,Asesora Oeste,sala de ventas,tradicional,departamento,2,464244.0,9,True,0,1,0.0323,1
OP-000552,2026-05-26,Proyecto Aurora,Asesora Premium,facebook,digital,departamento,3,533321.0,78,False,0,1,0.0082,1
OP-000553,2026-03-30,Proyecto Bruma,Asesora Sur,referido,tradicional,departamento,3,595528.0,11,True,0,0,0.0254,0
OP-000554,2026-03-09,Proyecto Granito,Asesora Oeste,sala de ventas,tradicional,departamento,3,660194.0,4,True,0,0,0.0241,0
OP-000555,2026-01-06,Proyecto Aurora,Asesor Este,feria,feria,departamento,3,544384.0,8,False,0,2,0.0408,1
OP-000556,2025-11-17,Proyecto Bruma,Asesora Oeste,facebook,digital,departamento,2,464073.0,27,True,1,2,0.0129,0
OP-000557,2025-12-11,Proyecto Bruma,Asesor Norte,referido,tradicional,departamento,2,590724.0,21,True,0,1,0.0803,0
OP-000558,2025-02-27,Proyecto Duna,Asesor Este,referido,tradicional,departamento,2,612624.0,11,True,0,3,0.0001,0
OP-000559,2026-05-03,Proyecto Duna,Asesor Digital,referido,tradicional,departamento,3,553025.0,20,True,0,2,0.0292,1
OP-000560,2026-02-10,Proyecto Duna,Asesor Norte,sala de ventas,tradicional,departamento,3,560705.0,14,True,0,4,0.0302,0
OP-000561,2025-05-31,Proyecto Aurora,Asesor Centro,sala de ventas,tradicional,departamento,2,401733.0,32,False,0,1,0.0347,1
OP-000562,2025-12-22,Proyecto Bruma,Asesor Centro,sala de ventas,tradicional,departamento,1,415138.0,9,True,0,1,0.0157,0
OP-000563,2025-08-03,Proyecto Granito,Asesora Oeste,facebook,digital,departamento,2,510081.0,25,False,0,2,0.0294,1
OP-000564,2026-05-01,Proyecto Ébano,Asesor Norte,sala de ventas,tradicional,departamento,3,636182.0,25,True,0,0,0.0148,0
OP-000565,2025-10-06,Proyecto Ébano,Asesor Norte,portal inmobiliario,digital,departamento,3,732833.0,21,True,0,3,0.0587,0
OP-000566,2026-01-04,Proyecto Ébano,Asesora Sur,referido,tradicional,departamento,1,392424.0,29,True,0,2,0.0136,0
OP-000567,2025-04-09,Proyecto Faro,Asesor Norte,web,digital,departamento,1,443844.0,20,True,0,1,0.0223,0
OP-000568,2025-02-23,Proyecto Aurora,Asesor Norte,facebook,digital,departamento,2,488623.0,36,False,0,2,0.0131,0
OP-000569,2026-04-14,Proyecto Cobalto,Asesora Sur,facebook,digital,departamento,1,336648.0,21,False,0,2,0.0106,1
OP-000570,2025-11-13,Proyecto Duna,Asesora Sur,referido,tradicional,departamento,3,669254.0,48,True,1,0,0.0,1
OP-000571,2025-12-12,Proyecto Bruma,Asesora Premium,facebook,digital,departamento,2,425266.0,25,False,1,4,0.0371,1
OP-000572,2025-07-29,Proyecto Granito,Asesor Centro,facebook,digital,departamento,2,605693.0,46,False,1,1,0.0129,0
OP-000573,2025-11-25,Proyecto Duna,Asesor Norte,facebook,digital,departamento,1,348690.0,14,True,0,1,0.0107,0
OP-000574,2025-08-08,Proyecto Faro,Asesor Centro,referido,tradicional,departamento,2,493712.0,10,True,0,2,0.0077,0
OP-000575,2025-11-27,Proyecto Granito,Asesor Norte,whatsapp,digital,departamento,3,587133.0,36,False,1,1,0.0305,1
OP-000576,2025-11-26,Proyecto Duna,Asesor Este,sala de ventas,tradicional,departamento,2,445166.0,22,False,1,0,0.0254,0
OP-000577,2025-04-25,Proyecto Granito,Asesor Norte,referido,tradicional,departamento,1,393528.0,2,True,0,2,0.0255,1
OP-000578,2026-04-13,Proyecto Duna,Asesor Norte,sala de ventas,tradicional,departamento,1,247276.0,12,True,0,2,0.0113,0
OP-000579,2026-05-07,Proyecto Granito,Asesor Norte,facebook,digital,departamento,3,634167.0,27,True,0,2,0.0328,1
OP-000580,2026-01-31,Proyecto Cobalto,Asesora Oeste,web,digital,departamento,3,571061.0,20,True,2,1,0.0131,0
OP-000581,2025-01-11,Proyecto Duna,Asesora Oeste,sala de ventas,tradicional,departamento,1,424451.0,12,True,0,3,0.0263,0
OP-000582,2025-01-12,Proyecto Duna,Asesor Este,referido,tradicional,departamento,2,519264.0,22,True,0,2,0.0225,0
OP-000583,2026-02-23,Proyecto Aurora,Asesor Centro,facebook,digital,departamento,1,306080.0,24,True,0,1,0.0,1
OP-000584,2025-03-18,Proyecto Cobalto,Asesora Premium,sala de ventas,tradicional,departamento,2,458780.0,5,True,0,4,0.0615,0
OP-000585,2026-05-24,Proyecto Granito,Asesora Premium,portal inmobiliario,digital,departamento,1,404096.0,46,True,1,0,0.0353,0
OP-000586,2025-07-08,Proyecto Ébano,Asesor Centro,facebook,digital,departamento,3,704728.0,52,True,2,1,0.0282,0
OP-000587,2025-04-02,Proyecto Aurora,Asesora Oeste,feria,feria,departamento,3,529773.0,12,True,0,2,0.0311,0
OP-000588,2025-12-23,Proyecto Bruma,Asesora Oeste,facebook,digital,departamento,1,317413.0,70,False,0,3,0.0619,1
OP-000589,2025-12-23,Proyecto Bruma,Asesora Sur,portal inmobiliario,digital,departamento,2,409928.0,20,False,0,0,0.0455,0
OP-000590,2025-11-26,Proyecto Aurora,Asesora Oeste,facebook,digital,departamento,1,263488.0,13,True,0,1,0.0313,0
OP-000591,2026-02-04,Proyecto Horizonte,Asesor Norte,facebook,digital,departamento,2,560885.0,13,False,0,3,0.0123,0
OP-000592,2025-09-19,Proyecto Cobalto,Asesor Digital,feria,feria,departamento,1,380160.0,67,False,0,2,0.0151,0
OP-000593,2025-06-13,Proyecto Bruma,Asesor Este,facebook,digital,departamento,1,427552.0,9,True,1,2,0.0,1
OP-000594,2025-08-12,Proyecto Duna,Asesora Premium,facebook,digital,departamento,3,668277.0,25,False,0,0,0.0184,0
OP-000595,2025-11-24,Proyecto Aurora,Asesor Digital,whatsapp,digital,departamento,1,476841.0,27,True,1,2,0.0369,0
OP-000596,2026-02-15,Proyecto Bruma,Asesora Oeste,referido,tradicional,departamento,3,582937.0,36,True,0,1,0.0364,0
OP-000597,2025-08-13,Proyecto Ébano,Asesor Digital,web,digital,departamento,1,378671.0,23,False,0,3,0.0361,0
OP-000598,2025-02-19,Proyecto Ébano,Asesora Oeste,web,digital,departamento,2,436488.0,64,True,0,1,0.0157,0
OP-000599,2025-07-28,Proyecto Horizonte,Asesor Norte,feria,feria,departamento,2,582312.0,72,True,0,4,0.0349,1
OP-000600,2025-11-06,Proyecto Ébano,Asesor Norte,portal inmobiliario,digital,departamento,3,629519.0,55,True,1,0,0.0398,1
OP-000601,2026-02-07,Proyecto Cobalto,Asesor Norte,referido,tradicional,departamento,1,404820.0,29,True,0,2,0.0,0
OP-000602,2026-02-25,Proyecto Faro,Asesor Digital,facebook,digital,departamento,1,342348.0,41,True,0,2,0.0305,0
OP-000603,2026-02-15,Proyecto Granito,Asesora Oeste,sala de ventas,tradicional,departamento,3,666338.0,17,True,0,1,0.0625,0
OP-000604,2025-05-22,Proyecto Ébano,Asesor Este,web,digital,departamento,3,634286.0,47,False,2,2,0.0198,0
OP-000605,2025-01-13,Proyecto Horizonte,Asesora Oeste,feria,feria,departamento,3,666647.0,14,True,0,4,0.0,0
OP-000606,2025-04-16,Proyecto Faro,Asesora Sur,facebook,digital,departamento,1,367420.0,11,False,0,1,0.0104,0
OP-000607,2025-03-04,Proyecto Granito,Asesor Digital,sala de ventas,tradicional,departamento,1,482413.0,10,True,1,2,0.0,0
OP-000608,2025-12-17,Proyecto Aurora,Asesor Digital,facebook,digital,departamento,3,687767.0,33,True,0,1,0.0136,0
OP-000609,2025-05-21,Proyecto Faro,Asesor Norte,referido,tradicional,departamento,2,458931.0,59,False,0,1,0.003,0
OP-000610,2025-04-02,Proyecto Cobalto,Asesora Premium,feria,feria,departamento,2,523624.0,62,True,0,0,0.0418,0
OP-000611,2025-10-08,Proyecto Duna,Asesor Este,sala de ventas,tradicional,departamento,2,337718.0,3,True,0,3,0.039,0
OP-000612,2025-09-11,Proyecto Ébano,Asesor Norte,web,digital,departamento,1,429774.0,42,False,0,2,0.0312,1
OP-000613,2026-01-01,Proyecto Horizonte,Asesor Digital,feria,feria,departamento,3,556141.0,10,True,0,6,0.0471,0
OP-000614,2026-04-25,Proyecto Horizonte,Asesor Norte,portal inmobiliario,digital,departamento,3,630127.0,90,True,0,0,0.0148,0
OP-000615,2025-02-13,Proyecto Bruma,Asesora Sur,sala de ventas,tradicional,departamento,1,284784.0,7,False,0,1,0.0263,0
OP-000616,2025-02-01,Proyecto Faro,Asesor Norte,portal inmobiliario,digital,departamento,3,623141.0,5,True,0,3,0.0645,1
OP-000617,2026-03-01,Proyecto Faro,Asesora Oeste,referido,tradicional,departamento,2,566134.0,43,False,0,1,0.0355,1
OP-000618,2026-04-18,Proyecto Cobalto,Asesor Centro,feria,feria,departamento,2,381848.0,17,True,0,0,0.0355,0
OP-000619,2025-06-24,Proyecto Aurora,Asesor Este,sala de ventas,tradicional,departamento,2,440229.0,16,True,0,4,0.0112,0
OP-000620,2025-04-09,Proyecto Aurora,Asesor Norte,referido,tradicional,departamento,3,546765.0,12,True,0,4,0.0175,0
OP-000621,2025-06-05,Proyecto Faro,Asesor Norte,web,digital,departamento,2,606958.0,14,True,1,1,0.0069,0
OP-000622,2025-09-08,Proyecto Duna,Asesor Digital,facebook,digital,departamento,2,519747.0,44,True,1,4,0.0553,0
OP-000623,2025-01-07,Proyecto Horizonte,Asesora Premium,facebook,digital,departamento,3,594253.0,10,False,0,3,0.0,0
OP-000624,2025-03-10,Proyecto Cobalto,Asesor Digital,referido,tradicional,departamento,1,343079.0,20,False,0,2,0.0415,1
OP-000625,2025-01-19,Proyecto Horizonte,Asesora Oeste,referido,tradicional,departamento,3,744586.0,9,True,0,2,0.0355,0
OP-000626,2026-01-05,Proyecto Cobalto,Asesora Oeste,sala de ventas,tradicional,departamento,2,523290.0,24,True,1,2,0.0,0
OP-000627,2025-08-20,Proyecto Faro,Asesora Premium,facebook,digital,departamento,2,469497.0,16,True,0,0,0.0456,1
OP-000628,2026-06-03,Proyecto Aurora,Asesor Centro,sala de ventas,tradicional,departamento,3,560311.0,31,False,1,2,0.0203,0
OP-000629,2025-08-20,Proyecto Duna,Asesora Oeste,portal inmobiliario,digital,departamento,2,483069.0,34,True,0,4,0.0012,0
OP-000630,2025-06-07,Proyecto Faro,Asesor Este,whatsapp,digital,departamento,2,490411.0,60,False,0,0,0.0316,1
OP-000631,2025-06-09,Proyecto Horizonte,Asesora Oeste,facebook,digital,departamento,2,449938.0,86,True,2,3,0.0102,1
OP-000632,2026-04-26,Proyecto Faro,Asesor Norte,sala de ventas,tradicional,departamento,3,597731.0,13,False,0,2,0.0213,0
OP-000633,2025-04-08,Proyecto Aurora,Asesora Sur,sala de ventas,tradicional,departamento,3,651406.0,36,False,0,3,0.0159,1
OP-000634,2026-01-15,Proyecto Cobalto,Asesora Premium,referido,tradicional,departamento,3,578037.0,15,True,0,1,0.0092,0
OP-000635,2026-04-03,Proyecto Aurora,Asesor Digital,portal inmobiliario,digital,departamento,1,339321.0,33,True,1,1,0.0036,0
OP-000636,2026-05-18,Proyecto Aurora,Asesor Norte,referido,tradicional,departamento,2,467729.0,32,True,0,1,0.0393,0
OP-000637,2025-02-13,Proyecto Ébano,Asesor Norte,sala de ventas,tradicional,departamento,2,629998.0,31,True,0,2,0.0308,1
OP-000638,2025-12-16,Proyecto Ébano,Asesor Norte,sala de ventas,tradicional,departamento,1,393488.0,38,False,0,2,0.0297,0
OP-000639,2026-02-26,Proyecto Faro,Asesora Premium,sala de ventas,tradicional,departamento,3,695167.0,25,True,0,1,0.0184,0
OP-000640,2025-12-21,Proyecto Granito,Asesor Este,portal inmobiliario,digital,departamento,2,499100.0,17,True,0,0,0.0259,1
OP-000641,2026-03-14,Proyecto Faro,Asesor Este,web,digital,departamento,2,505733.0,24,False,1,3,0.0118,0
OP-000642,2026-05-06,Proyecto Faro,Asesor Norte,referido,tradicional,departamento,1,405690.0,82,False,0,0,0.0114,1
OP-000643,2026-04-03,Proyecto Aurora,Asesor Digital,facebook,digital,departamento,2,417423.0,14,True,0,1,0.0558,0
OP-000644,2026-01-14,Proyecto Bruma,Asesora Oeste,portal inmobiliario,digital,departamento,2,460796.0,18,False,1,4,0.0409,0
OP-000645,2025-04-11,Proyecto Ébano,Asesora Premium,facebook,digital,departamento,2,556843.0,12,True,0,4,0.0149,1
OP-000646,2026-03-17,Proyecto Granito,Asesor Centro,feria,feria,departamento,2,487980.0,4,True,0,2,0.0,0
OP-000647,2025-12-23,Proyecto Aurora,Asesor Norte,portal inmobiliario,digital,departamento,1,345005.0,21,True,0,1,0.0,1
OP-000648,2025-05-28,Proyecto Duna,Asesora Premium,referido,tradicional,departamento,1,419980.0,34,True,0,4,0.0136,0
OP-000649,2025-12-03,Proyecto Ébano,Asesora Oeste,portal inmobiliario,digital,departamento,3,577654.0,11,True,1,1,0.0269,0
OP-000650,2025-03-29,Proyecto Aurora,Asesor Centro,facebook,digital,departamento,1,405248.0,54,True,0,2,0.0271,0
OP-000651,2026-03-10,Proyecto Cobalto,Asesora Sur,web,digital,departamento,2,488009.0,30,True,1,3,0.0277,0
OP-000652,2025-11-29,Proyecto Granito,Asesora Premium,sala de ventas,tradicional,departamento,2,522918.0,45,False,0,2,0.031,0
OP-000653,2025-12-01,Proyecto Ébano,Asesor Digital,referido,tradicional,departamento,2,397552.0,28,True,0,4,0.0063,0
OP-000654,2025-05-12,Proyecto Bruma,Asesor Este,sala de ventas,tradicional,departamento,3,566451.0,20,True,0,3,0.0521,0
OP-000655,2025-03-20,Proyecto Granito,Asesor Norte,sala de ventas,tradicional,departamento,2,552438.0,17,True,0,6,0.0214,0
OP-000656,2025-08-12,Proyecto Cobalto,Asesora Premium,sala de ventas,tradicional,departamento,3,694994.0,27,True,2,2,0.0303,0
OP-000657,2025-07-01,Proyecto Granito,Asesor Digital,facebook,digital,departamento,3,678234.0,29,True,0,1,0.0132,1
OP-000658,2026-03-21,Proyecto Bruma,Asesora Oeste,referido,tradicional,departamento,1,418942.0,15,True,0,3,0.0306,1
OP-000659,2026-05-27,Proyecto Duna,Asesor Centro,facebook,digital,departamento,1,314499.0,19,True,1,1,0.0624,0
OP-000660,2025-11-25,Proyecto Cobalto,Asesora Sur,facebook,digital,departamento,2,477025.0,72,False,0,1,0.0072,1
OP-000661,2026-02-19,Proyecto Bruma,Asesor Norte,whatsapp,digital,departamento,2,539141.0,24,True,0,3,0.0049,0
OP-000662,2026-05-06,Proyecto Granito,Asesor Digital,portal inmobiliario,digital,departamento,2,483175.0,26,True,0,1,0.0094,0
OP-000663,2026-01-18,Proyecto Bruma,Asesora Oeste,sala de ventas,tradicional,departamento,1,410087.0,61,False,0,2,0.019,0
OP-000664,2025-07-04,Proyecto Aurora,Asesora Sur,facebook,digital,departamento,1,385332.0,29,False,0,2,0.0156,1
OP-000665,2025-05-01,Proyecto Cobalto,Asesor Centro,web,digital,departamento,2,499110.0,22,True,0,3,0.0063,1
OP-000666,2025-05-26,Proyecto Ébano,Asesor Norte,web,digital,departamento,3,604921.0,44,False,0,2,0.0241,0
OP-000667,2025-06-13,Proyecto Faro,Asesor Norte,facebook,digital,departamento,3,580754.0,37,True,0,1,0.0531,0
OP-000668,2025-04-22,Proyecto Horizonte,Asesora Sur,feria,feria,departamento,3,756646.0,27,True,0,1,0.0223,0
OP-000669,2025-12-18,Proyecto Bruma,Asesora Oeste,sala de ventas,tradicional,departamento,1,391752.0,28,False,0,2,0.0233,0
OP-000670,2026-05-23,Proyecto Cobalto,Asesor Este,facebook,digital,departamento,2,502734.0,18,True,0,1,0.0312,0
OP-000671,2025-05-15,Proyecto Aurora,Asesora Sur,web,digital,departamento,3,552293.0,9,False,0,1,0.0367,0
OP-000672,2025-08-12,Proyecto Duna,Asesor Este,web,digital,departamento,3,613083.0,34,True,0,3,0.0497,1
OP-000673,2026-05-05,Proyecto Horizonte,Asesor Este,feria,feria,departamento,2,553059.0,6,False,0,1,0.0293,0
OP-000674,2026-04-24,Proyecto Ébano,Asesora Oeste,sala de ventas,tradicional,departamento,2,529993.0,9,False,0,0,0.025,0
OP-000675,2025-01-14,Proyecto Duna,Asesora Oeste,sala de ventas,tradicional,departamento,1,421389.0,19,True,0,2,0.0072,0
OP-000676,2025-06-29,Proyecto Cobalto,Asesor Digital,sala de ventas,tradicional,departamento,3,555964.0,18,True,0,2,0.0383,0
OP-000677,2025-07-01,Proyecto Granito,Asesora Premium,sala de ventas,tradicional,departamento,2,451337.0,36,True,1,0,0.0098,1
OP-000678,2025-05-30,Proyecto Duna,Asesor Este,sala de ventas,tradicional,departamento,2,500635.0,43,False,0,1,0.0092,0
OP-000679,2026-05-05,Proyecto Aurora,Asesor Digital,referido,tradicional,departamento,2,363903.0,79,False,0,1,0.0285,0
OP-000680,2026-02-05,Proyecto Cobalto,Asesora Oeste,referido,tradicional,departamento,2,466199.0,5,False,1,3,0.0527,0
OP-000681,2025-02-03,Proyecto Aurora,Asesora Sur,web,digital,departamento,1,316995.0,31,True,1,3,0.0381,1
OP-000682,2025-11-18,Proyecto Bruma,Asesor Este,facebook,digital,departamento,3,614046.0,30,True,0,1,0.0243,0
OP-000683,2025-10-27,Proyecto Aurora,Asesora Premium,sala de ventas,tradicional,departamento,2,569043.0,28,False,0,1,0.0073,0
OP-000684,2025-09-30,Proyecto Cobalto,Asesora Premium,web,digital,departamento,1,262048.0,34,False,0,2,0.0524,0
OP-000685,2026-01-11,Proyecto Ébano,Asesor Este,sala de ventas,tradicional,departamento,2,633080.0,39,True,0,2,0.024,0
OP-000686,2025-08-17,Proyecto Cobalto,Asesora Sur,portal inmobiliario,digital,departamento,3,586181.0,55,True,0,0,0.0198,0
OP-000687,2026-01-06,Proyecto Cobalto,Asesora Sur,sala de ventas,tradicional,departamento,2,503129.0,28,False,0,1,0.035,0
OP-000688,2025-08-31,Proyecto Horizonte,Asesor Norte,referido,tradicional,departamento,2,466184.0,66,False,1,1,0.0169,1
OP-000689,2026-05-07,Proyecto Faro,Asesor Centro,portal inmobiliario,digital,departamento,2,574828.0,28,True,1,1,0.0114,0
OP-000690,2026-03-10,Proyecto Duna,Asesora Oeste,referido,tradicional,departamento,3,613281.0,16,True,1,1,0.0132,0
OP-000691,2025-01-28,Proyecto Bruma,Asesora Oeste,referido,tradicional,departamento,2,468619.0,27,True,1,3,0.0131,0
OP-000692,2025-03-21,Proyecto Granito,Asesor Centro,web,digital,departamento,3,540444.0,12,True,0,2,0.0047,0
OP-000693,2025-07-27,Proyecto Bruma,Asesora Premium,sala de ventas,tradicional,departamento,1,361059.0,12,True,1,1,0.0027,1
OP-000694,2025-01-27,Proyecto Bruma,Asesora Premium,web,digital,departamento,3,633521.0,21,True,0,1,0.0425,0
OP-000695,2025-02-05,Proyecto Granito,Asesor Norte,portal inmobiliario,digital,departamento,3,634005.0,18,False,0,2,0.037,1
OP-000696,2025-01-04,Proyecto Duna,Asesor Centro,whatsapp,digital,departamento,2,560581.0,54,True,0,4,0.0102,0
OP-000697,2026-04-13,Proyecto Faro,Asesor Digital,facebook,digital,departamento,2,582309.0,20,False,0,2,0.041,1
OP-000698,2025-09-15,Proyecto Duna,Asesora Premium,facebook,digital,departamento,1,345740.0,10,True,0,1,0.0306,1
OP-000699,2026-02-11,Proyecto Ébano,Asesor Este,feria,feria,departamento,2,595731.0,23,True,0,1,0.0192,0
OP-000700,2026-03-02,Proyecto Bruma,Asesor Este,referido,tradicional,departamento,1,359491.0,28,True,1,2,0.0029,0
OP-000701,2025-03-28,Proyecto Bruma,Asesor Digital,facebook,digital,departamento,1,359736.0,25,True,0,2,0.0311,0
OP-000702,2025-12-15,Proyecto Bruma,Asesor Norte,sala de ventas,tradicional,departamento,3,592444.0,10,True,0,3,0.0586,0
OP-000703,2025-11-18,Proyecto Aurora,Asesora Oeste,sala de ventas,tradicional,departamento,1,348812.0,58,False,0,2,0.0253,0
OP-000704,2026-05-31,Proyecto Granito,Asesor Norte,facebook,digital,departamento,2,387343.0,5,True,0,0,0.043,0
OP-000705,2026-03-31,Proyecto Bruma,Asesor Digital,sala de ventas,tradicional,departamento,2,461797.0,25,False,0,0,0.0212,1
OP-000706,2025-11-14,Proyecto Duna,Asesor Norte,sala de ventas,tradicional,departamento,2,420983.0,9,False,1,6,0.0416,1
OP-000707,2025-12-18,Proyecto Faro,Asesor Norte,sala de ventas,tradicional,departamento,2,609448.0,45,False,0,1,0.0223,0
OP-000708,2025-09-22,Proyecto Faro,Asesor Este,portal inmobiliario,digital,departamento,2,607235.0,31,True,0,0,0.0,1
OP-000709,2025-10-31,Proyecto Cobalto,Asesora Sur,sala de ventas,tradicional,departamento,2,530857.0,28,False,0,2,0.012,0
OP-000710,2025-10-30,Proyecto Cobalto,Asesora Oeste,sala de ventas,tradicional,departamento,3,585884.0,19,True,0,2,0.0274,0
OP-000711,2026-04-05,Proyecto Horizonte,Asesor Este,facebook,digital,departamento,2,488559.0,55,True,0,4,0.0445,0
OP-000712,2026-04-04,Proyecto Ébano,Asesor Este,sala de ventas,tradicional,departamento,3,586833.0,19,True,1,0,0.0222,1
OP-000713,2025-04-26,Proyecto Faro,Asesora Oeste,whatsapp,digital,departamento,2,626845.0,70,False,2,1,0.0255,1
OP-000714,2025-01-08,Proyecto Granito,Asesora Oeste,portal inmobiliario,digital,departamento,2,493929.0,12,True,0,2,0.0144,0
OP-000715,2025-05-16,Proyecto Faro,Asesor Digital,facebook,digital,departamento,1,275442.0,23,False,0,2,0.0531,0
OP-000716,2025-08-31,Proyecto Bruma,Asesora Oeste,facebook,digital,departamento,1,413659.0,38,True,0,2,0.052,0
OP-000717,2025-04-25,Proyecto Duna,Asesora Oeste,facebook,digital,departamento,3,693528.0,33,False,1,3,0.0128,0
OP-000718,2025-08-02,Proyecto Aurora,Asesor Centro,sala de ventas,tradicional,departamento,2,551257.0,22,False,0,3,0.0,0
OP-000719,2025-08-14,Proyecto Ébano,Asesora Sur,facebook,digital,departamento,2,565109.0,5,True,0,3,0.0,0
OP-000720,2026-05-11,Proyecto Horizonte,Asesor Centro,sala de ventas,tradicional,departamento,3,725084.0,26,False,0,1,0.0359,0
OP-000721,2025-08-17,Proyecto Duna,Asesor Digital,sala de ventas,tradicional,departamento,2,498911.0,17,False,1,5,0.0274,1
OP-000722,2025-04-08,Proyecto Cobalto,Asesor Este,referido,tradicional,departamento,3,484804.0,14,False,0,2,0.0109,0
OP-000723,2025-08-01,Proyecto Aurora,Asesora Sur,sala de ventas,tradicional,departamento,2,461533.0,39,False,0,2,0.0299,1
OP-000724,2025-01-14,Proyecto Horizonte,Asesor Este,sala de ventas,tradicional,departamento,3,693187.0,4,True,0,2,0.0029,0
OP-000725,2025-01-16,Proyecto Aurora,Asesora Sur,referido,tradicional,departamento,1,337560.0,23,True,0,2,0.0393,0
OP-000726,2025-11-25,Proyecto Aurora,Asesor Centro,facebook,digital,departamento,1,335054.0,1,True,0,3,0.0181,0
OP-000727,2025-05-11,Proyecto Bruma,Asesor Digital,sala de ventas,tradicional,departamento,3,533974.0,33,True,0,2,0.0055,0
OP-000728,2025-11-22,Proyecto Aurora,Asesor Centro,sala de ventas,tradicional,departamento,1,289904.0,40,True,1,2,0.0184,1
OP-000729,2025-01-20,Proyecto Cobalto,Asesor Norte,sala de ventas,tradicional,departamento,3,700098.0,26,True,0,0,0.0178,0
OP-000730,2025-06-16,Proyecto Duna,Asesor Este,sala de ventas,tradicional,departamento,2,599089.0,16,True,0,3,0.0316,0
OP-000731,2025-10-26,Proyecto Bruma,Asesor Centro,feria,feria,departamento,1,356854.0,54,False,0,1,0.046,0
OP-000732,2025-10-08,Proyecto Aurora,Asesor Este,portal inmobiliario,digital,departamento,1,360484.0,56,False,0,1,0.0451,1
OP-000733,2025-11-05,Proyecto Aurora,Asesor Centro,facebook,digital,departamento,3,521053.0,29,False,0,2,0.0279,1
OP-000734,2025-11-07,Proyecto Cobalto,Asesor Centro,facebook,digital,departamento,2,519342.0,62,True,1,1,0.0216,1
OP-000735,2025-06-17,Proyecto Aurora,Asesor Este,web,digital,departamento,3,671781.0,12,True,0,2,0.0148,0
OP-000736,2025-07-03,Proyecto Ébano,Asesor Centro,web,digital,departamento,1,308892.0,21,True,0,4,0.0,0
OP-000737,2025-08-01,Proyecto Bruma,Asesor Este,sala de ventas,tradicional,departamento,3,612514.0,2,True,0,0,0.0247,0
OP-000738,2025-08-07,Proyecto Bruma,Asesor Norte,sala de ventas,tradicional,departamento,2,501646.0,9,True,0,2,0.0097,0
OP-000739,2026-02-13,Proyecto Cobalto,Asesor Este,facebook,digital,departamento,2,513018.0,8,True,1,2,0.0469,1
OP-000740,2025-03-15,Proyecto Cobalto,Asesora Oeste,referido,tradicional,departamento,2,574355.0,33,False,0,2,0.0214,0
OP-000741,2025-10-19,Proyecto Aurora,Asesor Norte,sala de ventas,tradicional,departamento,1,456981.0,9,True,0,3,0.0384,0
OP-000742,2026-02-05,Proyecto Aurora,Asesor Digital,facebook,digital,departamento,3,562158.0,4,False,0,0,0.0163,1
OP-000743,2025-06-27,Proyecto Granito,Asesora Oeste,facebook,digital,departamento,3,684025.0,14,False,0,1,0.0128,0
OP-000744,2025-07-22,Proyecto Aurora,Asesor Norte,facebook,digital,departamento,2,464633.0,15,True,0,6,0.0359,0
OP-000745,2025-12-19,Proyecto Duna,Asesor Digital,facebook,digital,departamento,3,576234.0,7,True,1,2,0.03,0
OP-000746,2025-12-02,Proyecto Duna,Asesora Premium,web,digital,departamento,1,395895.0,24,True,0,2,0.0308,0
OP-000747,2025-10-16,Proyecto Bruma,Asesor Norte,referido,tradicional,departamento,1,393932.0,28,False,0,1,0.0233,0
OP-000748,2025-08-10,Proyecto Cobalto,Asesora Sur,sala de ventas,tradicional,departamento,1,380931.0,6,True,0,3,0.0392,0
OP-000749,2025-01-25,Proyecto Faro,Asesor Este,sala de ventas,tradicional,departamento,2,471535.0,36,True,0,2,0.0366,0
OP-000750,2025-03-26,Proyecto Granito,Asesora Oeste,feria,feria,departamento,1,391504.0,11,False,1,3,0.0,0
OP-000751,2025-09-11,Proyecto Bruma,Asesora Premium,referido,tradicional,departamento,2,446925.0,15,False,1,0,0.0204,1
OP-000752,2025-12-31,Proyecto Bruma,Asesor Este,sala de ventas,tradicional,departamento,1,310666.0,31,False,0,1,0.0433,0
OP-000753,2025-04-16,Proyecto Bruma,Asesor Centro,facebook,digital,departamento,3,604245.0,15,True,0,0,0.0066,0
OP-000754,2025-08-06,Proyecto Cobalto,Asesor Norte,feria,feria,departamento,3,621996.0,9,True,0,2,0.0,1
OP-000755,2025-05-09,Proyecto Ébano,Asesor Centro,feria,feria,departamento,3,676873.0,23,False,0,3,0.0225,0
OP-000756,2025-04-07,Proyecto Bruma,Asesor Digital,portal inmobiliario,digital,departamento,1,309831.0,46,True,1,0,0.0344,0
OP-000757,2026-04-13,Proyecto Bruma,Asesora Oeste,referido,tradicional,departamento,3,555239.0,42,True,0,4,0.0167,1
OP-000758,2026-05-01,Proyecto Horizonte,Asesora Oeste,facebook,digital,departamento,1,514501.0,14,True,0,0,0.0483,0
OP-000759,2026-05-28,Proyecto Aurora,Asesor Este,facebook,digital,departamento,3,565953.0,10,True,0,2,0.0582,0
OP-000760,2026-04-10,Proyecto Cobalto,Asesor Digital,sala de ventas,tradicional,departamento,2,485657.0,12,True,0,2,0.0,0
OP-000761,2025-07-30,Proyecto Ébano,Asesor Norte,web,digital,departamento,2,498369.0,42,False,0,2,0.0181,0
OP-000762,2026-01-14,Proyecto Aurora,Asesor Este,referido,tradicional,departamento,1,407317.0,12,True,0,2,0.0,0
OP-000763,2025-05-28,Proyecto Aurora,Asesor Norte,sala de ventas,tradicional,departamento,3,639449.0,60,True,0,3,0.0369,0
OP-000764,2025-10-27,Proyecto Aurora,Asesor Digital,portal inmobiliario,digital,departamento,3,636226.0,31,False,0,1,0.0128,0
OP-000765,2025-05-12,Proyecto Granito,Asesora Oeste,facebook,digital,departamento,2,533461.0,21,False,0,2,0.0164,0
OP-000766,2025-11-22,Proyecto Aurora,Asesor Digital,sala de ventas,tradicional,departamento,3,527016.0,14,True,0,0,0.0457,0
OP-000767,2025-08-08,Proyecto Bruma,Asesor Centro,facebook,digital,departamento,3,692887.0,24,False,0,2,0.0011,1
OP-000768,2025-07-07,Proyecto Aurora,Asesora Oeste,portal inmobiliario,digital,departamento,1,392097.0,9,True,0,1,0.0,0
OP-000769,2025-02-15,Proyecto Aurora,Asesora Oeste,portal inmobiliario,digital,departamento,3,549884.0,6,True,1,3,0.0,0
OP-000770,2025-05-17,Proyecto Ébano,Asesora Sur,referido,tradicional,departamento,2,586310.0,31,True,0,1,0.0479,1
OP-000771,2025-08-18,Proyecto Bruma,Asesora Oeste,whatsapp,digital,departamento,2,442542.0,21,True,0,2,0.0437,0
OP-000772,2025-11-04,Proyecto Duna,Asesor Centro,portal inmobiliario,digital,departamento,1,458589.0,37,False,0,3,0.0197,0
OP-000773,2026-03-11,Proyecto Duna,Asesor Digital,feria,feria,departamento,3,692306.0,27,False,1,1,0.002,1
OP-000774,2026-01-20,Proyecto Granito,Asesora Oeste,portal inmobiliario,digital,departamento,3,596318.0,13,True,0,0,0.04,0
OP-000775,2025-10-11,Proyecto Aurora,Asesor Digital,facebook,digital,departamento,1,376997.0,42,True,0,1,0.0746,1
OP-000776,2025-09-15,Proyecto Granito,Asesor Digital,feria,feria,departamento,2,575020.0,15,False,1,0,0.0208,1
OP-000777,2025-09-01,Proyecto Ébano,Asesora Oeste,referido,tradicional,departamento,2,651820.0,50,True,0,3,0.0033,1
OP-000778,2026-04-11,Proyecto Aurora,Asesora Oeste,web,digital,departamento,3,534173.0,14,True,0,2,0.0474,0
OP-000779,2026-03-12,Proyecto Faro,Asesor Norte,sala de ventas,tradicional,departamento,3,713790.0,7,True,1,4,0.0046,1
OP-000780,2025-07-21,Proyecto Granito,Asesora Sur,web,digital,departamento,2,532954.0,56,True,0,2,0.0184,0
OP-000781,2025-10-21,Proyecto Bruma,Asesor Digital,whatsapp,digital,departamento,2,403725.0,14,True,1,3,0.0,0
OP-000782,2025-07-15,Proyecto Granito,Asesor Norte,facebook,digital,departamento,2,525401.0,15,True,0,0,0.0195,0
OP-000783,2025-10-22,Proyecto Cobalto,Asesor Este,whatsapp,digital,departamento,2,484136.0,7,True,0,0,0.002,0
OP-000784,2025-08-10,Proyecto Duna,Asesor Centro,facebook,digital,departamento,2,437761.0,20,True,0,1,0.0477,0
OP-000785,2026-03-19,Proyecto Horizonte,Asesora Sur,sala de ventas,tradicional,departamento,1,446170.0,8,True,0,3,0.0074,0
OP-000786,2026-01-02,Proyecto Cobalto,Asesor Digital,sala de ventas,tradicional,departamento,1,421680.0,54,True,0,2,0.039,0
OP-000787,2025-04-01,Proyecto Faro,Asesor Centro,feria,feria,departamento,2,533101.0,17,True,0,2,0.0231,1
OP-000788,2025-01-15,Proyecto Bruma,Asesor Norte,referido,tradicional,departamento,3,557199.0,11,True,0,2,0.0273,0
OP-000789,2026-05-15,Proyecto Faro,Asesora Sur,facebook,digital,departamento,2,511834.0,23,False,0,2,0.0344,0
OP-000790,2025-07-03,Proyecto Duna,Asesora Premium,referido,tradicional,departamento,1,380750.0,85,False,0,0,0.024,1
OP-000791,2025-03-20,Proyecto Bruma,Asesor Digital,facebook,digital,departamento,3,598953.0,23,True,0,0,0.0133,0
OP-000792,2026-01-22,Proyecto Cobalto,Asesor Digital,facebook,digital,departamento,3,660041.0,18,True,1,2,0.0104,0
OP-000793,2025-09-04,Proyecto Bruma,Asesora Premium,portal inmobiliario,digital,departamento,2,486957.0,22,True,0,4,0.0342,0
OP-000794,2025-10-16,Proyecto Aurora,Asesor Norte,web,digital,departamento,1,267852.0,38,True,0,0,0.0,0
OP-000795,2025-11-28,Proyecto Aurora,Asesora Premium,feria,feria,departamento,3,544072.0,36,False,1,1,0.0552,1
OP-000796,2025-06-11,Proyecto Cobalto,Asesor Norte,referido,tradicional,departamento,2,493131.0,26,False,0,3,0.0274,0
OP-000797,2025-10-23,Proyecto Aurora,Asesor Norte,whatsapp,digital,departamento,3,636827.0,43,True,0,0,0.0189,1
OP-000798,2025-12-08,Proyecto Aurora,Asesor Centro,sala de ventas,tradicional,departamento,1,416382.0,23,True,0,1,0.0298,0
OP-000799,2025-11-16,Proyecto Ébano,Asesora Oeste,facebook,digital,departamento,1,490608.0,19,True,0,1,0.0143,0
OP-000800,2026-04-14,Proyecto Ébano,Asesor Centro,sala de ventas,tradicional,departamento,2,515184.0,23,True,0,2,0.0218,0
OP-000801,2025-07-23,Proyecto Faro,Asesora Premium,referido,tradicional,departamento,3,676982.0,14,True,0,1,0.0046,0
OP-000802,2025-09-20,Proyecto Bruma,Asesor Norte,web,digital,departamento,2,392005.0,39,True,0,0,0.0318,0
OP-000803,2026-01-26,Proyecto Granito,Asesora Oeste,web,digital,departamento,1,440643.0,14,True,0,1,0.0236,0
OP-000804,2026-01-20,Proyecto Duna,Asesora Premium,facebook,digital,departamento,2,436860.0,3,True,1,2,0.0284,0
OP-000805,2026-06-03,Proyecto Aurora,Asesora Oeste,sala de ventas,tradicional,departamento,3,571560.0,6,True,1,5,0.0517,0
OP-000806,2025-04-14,Proyecto Aurora,Asesora Oeste,web,digital,departamento,1,511641.0,28,True,0,4,0.0105,0
OP-000807,2026-04-24,Proyecto Ébano,Asesora Oeste,whatsapp,digital,departamento,3,639695.0,12,False,1,3,0.0227,1
OP-000808,2025-09-03,Proyecto Aurora,Asesor Digital,facebook,digital,departamento,2,412490.0,37,False,0,0,0.0,1
OP-000809,2025-04-22,Proyecto Duna,Asesor Norte,sala de ventas,tradicional,departamento,2,518428.0,22,True,0,3,0.0349,0
OP-000810,2025-06-01,Proyecto Horizonte,Asesor Digital,facebook,digital,departamento,3,630561.0,39,False,1,0,0.0247,1
OP-000811,2025-07-03,Proyecto Aurora,Asesora Premium,facebook,digital,departamento,3,522159.0,4,False,0,3,0.0253,0
OP-000812,2026-06-01,Proyecto Aurora,Asesora Premium,facebook,digital,departamento,2,575673.0,14,True,0,1,0.0222,0
OP-000813,2025-02-26,Proyecto Horizonte,Asesor Este,facebook,digital,departamento,1,487675.0,10,True,0,5,0.0146,0
OP-000814,2025-04-24,Proyecto Duna,Asesora Oeste,web,digital,departamento,2,515005.0,96,False,0,1,0.0699,0
OP-000815,2026-01-07,Proyecto Aurora,Asesor Este,facebook,digital,departamento,1,323450.0,16,True,1,2,0.0257,0
OP-000816,2026-05-08,Proyecto Granito,Asesora Sur,facebook,digital,departamento,2,514907.0,6,False,0,2,0.0303,1
OP-000817,2025-02-11,Proyecto Granito,Asesor Digital,sala de ventas,tradicional,departamento,3,731837.0,28,True,0,1,0.0045,0
OP-000818,2025-08-01,Proyecto Duna,Asesora Oeste,portal inmobiliario,digital,departamento,3,627862.0,10,True,1,4,0.0409,0
OP-000819,2025-08-01,Proyecto Ébano,Asesora Premium,facebook,digital,departamento,2,338446.0,41,True,0,2,0.0228,1
OP-000820,2025-09-17,Proyecto Bruma,Asesor Norte,facebook,digital,departamento,2,605152.0,46,False,0,0,0.033,1
OP-000821,2026-02-02,Proyecto Aurora,Asesora Premium,sala de ventas,tradicional,departamento,1,355068.0,10,True,0,4,0.0412,0
OP-000822,2025-09-30,Proyecto Duna,Asesor Centro,web,digital,departamento,2,514885.0,12,True,0,3,0.0231,0
OP-000823,2025-03-14,Proyecto Bruma,Asesor Digital,portal inmobiliario,digital,departamento,1,416768.0,26,True,0,3,0.0128,0
OP-000824,2025-05-06,Proyecto Ébano,Asesor Norte,sala de ventas,tradicional,departamento,3,648597.0,42,False,0,2,0.0,1
OP-000825,2026-01-20,Proyecto Granito,Asesora Oeste,sala de ventas,tradicional,departamento,3,688080.0,28,True,0,1,0.018,0
OP-000826,2025-05-05,Proyecto Aurora,Asesora Oeste,sala de ventas,tradicional,departamento,1,321695.0,16,True,0,3,0.0127,0
OP-000827,2025-09-16,Proyecto Duna,Asesora Oeste,referido,tradicional,departamento,3,543361.0,7,True,0,0,0.0044,0
OP-000828,2025-07-15,Proyecto Bruma,Asesor Norte,portal inmobiliario,digital,departamento,2,487413.0,63,True,1,0,0.0512,0
OP-000829,2025-08-17,Proyecto Granito,Asesora Oeste,facebook,digital,departamento,3,725739.0,29,True,0,2,0.0427,0
OP-000830,2026-01-23,Proyecto Bruma,Asesor Este,facebook,digital,departamento,2,436371.0,72,True,1,0,0.0,1
OP-000831,2025-05-07,Proyecto Ébano,Asesor Centro,feria,feria,departamento,1,352959.0,32,False,0,3,0.0278,0
OP-000832,2025-12-31,Proyecto Duna,Asesora Sur,feria,feria,departamento,2,563156.0,66,True,0,2,0.0103,1
OP-000833,2026-02-01,Proyecto Cobalto,Asesora Oeste,sala de ventas,tradicional,departamento,1,343852.0,12,True,1,2,0.0316,0
OP-000834,2026-06-03,Proyecto Ébano,Asesor Centro,sala de ventas,tradicional,departamento,2,485419.0,12,True,0,1,0.0106,0
OP-000835,2025-08-23,Proyecto Ébano,Asesor Norte,facebook,digital,departamento,1,372477.0,19,True,1,0,0.0153,0
OP-000836,2025-02-15,Proyecto Duna,Asesora Premium,feria,feria,departamento,3,607426.0,11,True,0,0,0.0423,0
OP-000837,2025-12-13,Proyecto Faro,Asesora Premium,web,digital,departamento,3,548450.0,5,True,0,1,0.0397,0
OP-000838,2026-01-30,Proyecto Horizonte,Asesor Norte,web,digital,departamento,1,399336.0,13,True,0,0,0.0522,0
OP-000839,2025-01-17,Proyecto Cobalto,Asesor Norte,feria,feria,departamento,2,496670.0,31,True,0,0,0.0211,1
OP-000840,2025-04-12,Proyecto Duna,Asesora Premium,facebook,digital,departamento,3,623278.0,8,False,0,0,0.0,1
OP-000841,2025-06-28,Proyecto Aurora,Asesora Sur,facebook,digital,departamento,1,408690.0,9,True,0,3,0.0416,0
OP-000842,2025-09-23,Proyecto Faro,Asesor Digital,sala de ventas,tradicional,departamento,2,621167.0,14,True,0,2,0.0417,0
OP-000843,2025-09-25,Proyecto Duna,Asesora Oeste,portal inmobiliario,digital,departamento,3,694187.0,10,False,0,2,0.0363,1
OP-000844,2025-04-13,Proyecto Cobalto,Asesor Este,referido,tradicional,departamento,2,534306.0,15,True,0,2,0.0116,0
OP-000845,2025-04-14,Proyecto Aurora,Asesora Sur,facebook,digital,departamento,3,566820.0,20,False,0,0,0.0057,0
OP-000846,2026-05-02,Proyecto Granito,Asesor Centro,sala de ventas,tradicional,departamento,2,497731.0,8,True,0,5,0.0346,0
OP-000847,2026-01-09,Proyecto Cobalto,Asesor Norte,web,digital,departamento,2,484983.0,14,True,0,1,0.009,0
OP-000848,2025-09-21,Proyecto Ébano,Asesor Este,feria,feria,departamento,1,425207.0,21,False,0,2,0.0195,1
OP-000849,2025-06-22,Proyecto Aurora,Asesor Este,web,digital,departamento,1,390207.0,11,True,0,0,0.0773,0
OP-000850,2025-09-02,Proyecto Horizonte,Asesora Sur,sala de ventas,tradicional,departamento,1,463270.0,7,False,0,2,0.0633,0
OP-000851,2026-05-18,Proyecto Aurora,Asesor Este,portal inmobiliario,digital,departamento,3,568335.0,12,True,0,0,0.0393,0
OP-000852,2025-06-09,Proyecto Bruma,Asesora Oeste,feria,feria,departamento,3,630277.0,16,True,0,4,0.0131,1
OP-000853,2025-06-21,Proyecto Granito,Asesor Centro,web,digital,departamento,3,716348.0,5,True,1,1,0.012,0
OP-000854,2025-08-22,Proyecto Granito,Asesor Norte,web,digital,departamento,1,465409.0,32,True,0,0,0.0379,0
OP-000855,2025-04-08,Proyecto Bruma,Asesor Digital,portal inmobiliario,digital,departamento,2,470239.0,17,True,0,0,0.0519,0
OP-000856,2025-02-27,Proyecto Cobalto,Asesor Digital,portal inmobiliario,digital,departamento,3,553138.0,12,False,0,2,0.0158,0
OP-000857,2026-04-10,Proyecto Faro,Asesor Centro,referido,tradicional,departamento,3,587834.0,6,True,0,2,0.0168,0
OP-000858,2025-12-22,Proyecto Granito,Asesor Digital,facebook,digital,departamento,1,379533.0,29,False,0,4,0.0266,1
OP-000859,2025-06-24,Proyecto Cobalto,Asesor Este,facebook,digital,departamento,3,613139.0,46,True,1,2,0.0,1
OP-000860,2025-10-24,Proyecto Duna,Asesora Premium,feria,feria,departamento,1,409589.0,14,True,0,3,0.0005,0
OP-000861,2025-09-15,Proyecto Faro,Asesora Premium,web,digital,departamento,1,327201.0,68,True,1,1,0.0038,1
OP-000862,2025-02-21,Proyecto Faro,Asesora Oeste,sala de ventas,tradicional,departamento,3,607280.0,21,True,0,1,0.0348,0
OP-000863,2026-01-28,Proyecto Faro,Asesora Sur,sala de ventas,tradicional,departamento,2,533381.0,21,True,0,1,0.0299,0
OP-000864,2025-02-23,Proyecto Duna,Asesora Oeste,portal inmobiliario,digital,departamento,2,446518.0,38,False,0,2,0.0455,1
OP-000865,2025-10-24,Proyecto Aurora,Asesor Digital,portal inmobiliario,digital,departamento,2,483865.0,30,False,1,3,0.0,0
OP-000866,2025-06-02,Proyecto Granito,Asesor Digital,whatsapp,digital,departamento,3,630091.0,8,True,0,0,0.0,0
OP-000867,2025-08-16,Proyecto Granito,Asesora Oeste,facebook,digital,departamento,1,377212.0,13,True,0,0,0.0332,1
OP-000868,2025-09-04,Proyecto Faro,Asesora Sur,feria,feria,departamento,3,637926.0,42,True,0,2,0.0093,0
OP-000869,2025-08-15,Proyecto Aurora,Asesora Premium,feria,feria,departamento,2,481575.0,30,True,0,2,0.0106,0
OP-000870,2025-04-26,Proyecto Bruma,Asesor Norte,facebook,digital,departamento,1,310331.0,69,False,0,1,0.0432,1
OP-000871,2025-02-13,Proyecto Faro,Asesora Sur,sala de ventas,tradicional,departamento,2,506656.0,27,True,0,5,0.015,0
OP-000872,2025-03-10,Proyecto Aurora,Asesora Oeste,whatsapp,digital,departamento,2,485722.0,31,True,0,0,0.0172,0
OP-000873,2026-01-14,Proyecto Horizonte,Asesor Digital,sala de ventas,tradicional,departamento,1,387085.0,12,True,0,7,0.0205,0
OP-000874,2025-02-20,Proyecto Cobalto,Asesor Este,referido,tradicional,departamento,2,392823.0,46,False,0,3,0.0216,0
OP-000875,2025-09-21,Proyecto Ébano,Asesora Oeste,web,digital,departamento,2,423488.0,2,True,0,2,0.0373,0
OP-000876,2025-06-08,Proyecto Granito,Asesor Este,web,digital,departamento,2,509007.0,24,False,0,3,0.0032,0
OP-000877,2025-12-28,Proyecto Cobalto,Asesora Oeste,facebook,digital,departamento,3,526487.0,32,True,0,1,0.0216,0
OP-000878,2025-11-24,Proyecto Bruma,Asesor Norte,web,digital,departamento,3,567875.0,26,True,0,2,0.0459,0
OP-000879,2025-04-06,Proyecto Duna,Asesor Centro,sala de ventas,tradicional,departamento,2,587572.0,21,True,0,1,0.0634,0
OP-000880,2025-12-19,Proyecto Duna,Asesor Centro,feria,feria,departamento,2,420177.0,19,False,0,2,0.0006,0
OP-000881,2025-12-09,Proyecto Cobalto,Asesor Este,sala de ventas,tradicional,departamento,2,468457.0,21,True,0,2,0.031,0
OP-000882,2025-05-28,Proyecto Duna,Asesora Sur,web,digital,departamento,2,613277.0,9,True,0,2,0.0216,0
OP-000883,2026-03-14,Proyecto Horizonte,Asesora Premium,feria,feria,departamento,1,451447.0,26,True,1,4,0.0232,0
OP-000884,2025-08-18,Proyecto Cobalto,Asesora Sur,sala de ventas,tradicional,departamento,2,463775.0,12,True,0,2,0.0108,0
OP-000885,2025-01-18,Proyecto Bruma,Asesor Norte,sala de ventas,tradicional,departamento,1,348371.0,14,True,0,3,0.0386,0
OP-000886,2025-11-23,Proyecto Cobalto,Asesor Norte,feria,feria,departamento,2,507615.0,8,True,0,1,0.0377,1
OP-000887,2025-08-23,Proyecto Cobalto,Asesor Digital,sala de ventas,tradicional,departamento,3,692267.0,109,False,0,2,0.0704,0
OP-000888,2025-07-07,Proyecto Aurora,Asesor Este,sala de ventas,tradicional,departamento,2,430803.0,25,False,0,1,0.0012,1
OP-000889,2025-08-23,Proyecto Aurora,Asesor Norte,facebook,digital,departamento,2,418331.0,7,True,0,0,0.0,0
OP-000890,2026-05-24,Proyecto Ébano,Asesor Digital,portal inmobiliario,digital,departamento,2,432166.0,23,True,0,0,0.062,0
OP-000891,2025-07-21,Proyecto Bruma,Asesora Sur,referido,tradicional,departamento,2,477670.0,46,False,0,1,0.0241,1
OP-000892,2025-12-27,Proyecto Horizonte,Asesor Este,facebook,digital,departamento,2,466687.0,26,True,0,0,0.0168,0
OP-000893,2026-03-19,Proyecto Bruma,Asesor Norte,whatsapp,digital,departamento,2,446492.0,20,False,0,1,0.0284,0
OP-000894,2025-10-28,Proyecto Aurora,Asesor Centro,facebook,digital,departamento,3,525022.0,11,False,0,1,0.0,0
OP-000895,2026-04-08,Proyecto Faro,Asesor Centro,facebook,digital,departamento,1,464077.0,26,True,0,5,0.0318,0
OP-000896,2025-09-16,Proyecto Granito,Asesora Premium,facebook,digital,departamento,2,504038.0,35,True,0,0,0.0236,1
OP-000897,2025-04-28,Proyecto Bruma,Asesora Sur,facebook,digital,departamento,2,493831.0,35,True,0,2,0.0443,0
OP-000898,2025-09-13,Proyecto Bruma,Asesor Este,facebook,digital,departamento,3,498775.0,24,True,1,2,0.0404,1
OP-000899,2025-03-06,Proyecto Bruma,Asesor Digital,web,digital,departamento,3,594233.0,24,False,0,2,0.0419,0
OP-000900,2025-06-01,Proyecto Duna,Asesora Premium,sala de ventas,tradicional,departamento,3,544826.0,51,False,1,1,0.0284,1
OP-000901,2025-04-17,Proyecto Cobalto,Asesor Norte,web,digital,departamento,2,460589.0,47,True,2,2,0.0539,0
OP-000902,2025-02-10,Proyecto Bruma,Asesor Centro,sala de ventas,tradicional,departamento,1,478616.0,18,True,0,3,0.0354,0
OP-000903,2025-03-21,Proyecto Aurora,Asesora Premium,facebook,digital,departamento,2,511270.0,65,False,0,0,0.0154,1
OP-000904,2026-03-12,Proyecto Duna,Asesora Oeste,sala de ventas,tradicional,departamento,3,603937.0,7,True,0,1,0.0104,0
OP-000905,2026-03-23,Proyecto Horizonte,Asesor Centro,referido,tradicional,departamento,3,834942.0,25,True,0,1,0.0125,1
OP-000906,2026-04-16,Proyecto Ébano,Asesor Norte,web,digital,departamento,3,572665.0,27,True,0,2,0.0356,0
OP-000907,2025-01-13,Proyecto Duna,Asesor Norte,facebook,digital,departamento,1,445087.0,11,True,1,1,0.001,0
OP-000908,2026-05-22,Proyecto Aurora,Asesor Norte,sala de ventas,tradicional,departamento,3,490703.0,5,True,0,4,0.0278,0
OP-000909,2025-06-28,Proyecto Bruma,Asesora Sur,sala de ventas,tradicional,departamento,3,573584.0,11,True,1,1,0.01,1
OP-000910,2025-07-30,Proyecto Bruma,Asesor Digital,feria,feria,departamento,3,512872.0,40,True,1,2,0.0024,0
OP-000911,2025-04-04,Proyecto Faro,Asesor Centro,facebook,digital,departamento,3,649150.0,41,False,1,1,0.0054,1
OP-000912,2026-05-08,Proyecto Granito,Asesora Premium,feria,feria,departamento,2,535078.0,34,False,0,3,0.0246,1
OP-000913,2026-06-04,Proyecto Granito,Asesor Este,facebook,digital,departamento,2,515078.0,12,False,0,5,0.0387,0
OP-000914,2026-01-01,Proyecto Horizonte,Asesor Digital,sala de ventas,tradicional,departamento,2,604063.0,41,False,0,1,0.0128,0
OP-000915,2025-02-09,Proyecto Horizonte,Asesora Sur,web,digital,departamento,1,397810.0,13,True,1,3,0.0,0
OP-000916,2025-08-08,Proyecto Horizonte,Asesor Digital,facebook,digital,departamento,3,676977.0,26,True,0,2,0.0818,0
OP-000917,2025-05-25,Proyecto Aurora,Asesor Norte,sala de ventas,tradicional,departamento,3,620131.0,21,True,0,2,0.0451,0
OP-000918,2026-04-23,Proyecto Aurora,Asesor Norte,whatsapp,digital,departamento,3,493423.0,16,True,0,2,0.0418,0
OP-000919,2025-12-05,Proyecto Bruma,Asesor Norte,sala de ventas,tradicional,departamento,2,430837.0,33,False,0,4,0.0543,0
OP-000920,2026-05-19,Proyecto Duna,Asesora Premium,facebook,digital,departamento,1,383962.0,37,True,0,2,0.0267,0
OP-000921,2026-03-10,Proyecto Aurora,Asesora Sur,facebook,digital,departamento,2,494658.0,11,True,0,0,0.0226,0
OP-000922,2025-10-05,Proyecto Granito,Asesora Oeste,referido,tradicional,departamento,3,725168.0,22,True,0,3,0.0494,0
OP-000923,2025-05-27,Proyecto Ébano,Asesora Oeste,feria,feria,departamento,2,496127.0,36,False,0,0,0.0493,0
OP-000924,2026-02-10,Proyecto Duna,Asesora Premium,sala de ventas,tradicional,departamento,3,593594.0,1,True,0,2,0.0361,0
OP-000925,2025-12-29,Proyecto Aurora,Asesor Este,portal inmobiliario,digital,departamento,2,412007.0,28,True,0,0,0.0409,0
OP-000926,2026-02-08,Proyecto Bruma,Asesor Norte,web,digital,departamento,2,490149.0,36,True,2,6,0.0027,1
OP-000927,2026-04-30,Proyecto Aurora,Asesor Este,whatsapp,digital,departamento,3,558659.0,29,True,0,0,0.0204,0
OP-000928,2025-11-13,Proyecto Granito,Asesor Este,feria,feria,departamento,1,401928.0,30,False,0,1,0.0557,0
OP-000929,2025-12-13,Proyecto Duna,Asesora Premium,portal inmobiliario,digital,departamento,3,605836.0,20,True,0,4,0.0395,1
OP-000930,2025-08-08,Proyecto Faro,Asesora Premium,referido,tradicional,departamento,2,550340.0,35,False,0,1,0.0,1
OP-000931,2025-09-13,Proyecto Bruma,Asesor Norte,facebook,digital,departamento,1,325995.0,8,True,2,2,0.0154,0
OP-000932,2025-03-11,Proyecto Cobalto,Asesora Premium,facebook,digital,departamento,1,326531.0,11,True,0,3,0.0527,0
OP-000933,2025-04-10,Proyecto Cobalto,Asesor Norte,web,digital,departamento,3,622745.0,30,False,1,1,0.0332,1
OP-000934,2026-06-03,Proyecto Faro,Asesor Centro,facebook,digital,departamento,2,353585.0,35,True,3,2,0.0283,1
OP-000935,2025-04-03,Proyecto Faro,Asesor Este,web,digital,departamento,3,601798.0,46,True,0,1,0.0288,0
OP-000936,2025-02-07,Proyecto Bruma,Asesor Este,sala de ventas,tradicional,departamento,3,523678.0,59,True,0,1,0.0235,0
OP-000937,2026-02-20,Proyecto Horizonte,Asesora Oeste,feria,feria,departamento,2,610179.0,12,False,1,1,0.0156,1
OP-000938,2025-03-12,Proyecto Aurora,Asesor Este,sala de ventas,tradicional,departamento,3,550749.0,9,True,0,5,0.01,0
OP-000939,2025-08-29,Proyecto Granito,Asesora Premium,whatsapp,digital,departamento,3,616161.0,39,True,0,4,0.0432,0
OP-000940,2025-07-14,Proyecto Aurora,Asesor Digital,sala de ventas,tradicional,departamento,1,342326.0,15,False,0,2,0.0293,0
OP-000941,2025-08-05,Proyecto Bruma,Asesora Premium,sala de ventas,tradicional,departamento,3,554255.0,21,True,0,3,0.0377,0
OP-000942,2025-07-27,Proyecto Granito,Asesora Oeste,feria,feria,departamento,2,509854.0,37,True,1,0,0.0348,0
OP-000943,2025-01-19,Proyecto Aurora,Asesora Oeste,feria,feria,departamento,2,465341.0,25,True,0,2,0.0504,0
OP-000944,2025-05-19,Proyecto Cobalto,Asesora Oeste,web,digital,departamento,2,460788.0,34,True,0,0,0.0332,1
OP-000945,2025-11-30,Proyecto Cobalto,Asesora Premium,whatsapp,digital,departamento,3,575393.0,11,False,0,2,0.0398,1
OP-000946,2025-02-10,Proyecto Bruma,Asesora Oeste,facebook,digital,departamento,1,301441.0,27,True,0,2,0.028,1
OP-000947,2025-05-19,Proyecto Ébano,Asesora Oeste,feria,feria,departamento,2,444542.0,26,False,1,1,0.0079,1
OP-000948,2026-04-13,Proyecto Granito,Asesor Este,facebook,digital,departamento,3,650335.0,45,False,0,3,0.0209,0
OP-000949,2025-12-07,Proyecto Granito,Asesor Este,referido,tradicional,departamento,1,433863.0,52,True,1,3,0.0356,1
OP-000950,2025-09-24,Proyecto Bruma,Asesora Oeste,facebook,digital,departamento,3,508451.0,15,True,0,2,0.0372,0
OP-000951,2025-10-11,Proyecto Duna,Asesor Centro,sala de ventas,tradicional,departamento,3,652797.0,10,True,0,0,0.0511,1
OP-000952,2026-05-20,Proyecto Bruma,Asesora Oeste,referido,tradicional,departamento,1,399023.0,35,False,0,1,0.0167,0
OP-000953,2025-01-26,Proyecto Bruma,Asesora Premium,feria,feria,departamento,1,410608.0,5,True,0,3,0.0291,0
OP-000954,2026-04-02,Proyecto Aurora,Asesora Premium,sala de ventas,tradicional,departamento,3,591494.0,37,True,0,1,0.0227,0
OP-000955,2025-09-06,Proyecto Horizonte,Asesora Oeste,portal inmobiliario,digital,departamento,1,464040.0,39,False,0,0,0.0542,1
OP-000956,2025-09-14,Proyecto Granito,Asesor Digital,referido,tradicional,departamento,1,537176.0,14,True,0,1,0.0318,0
OP-000957,2025-04-30,Proyecto Faro,Asesora Sur,sala de ventas,tradicional,departamento,3,618416.0,2,False,0,3,0.0321,0
OP-000958,2025-07-21,Proyecto Duna,Asesor Digital,web,digital,departamento,3,553487.0,42,True,0,1,0.0244,0
OP-000959,2025-10-10,Proyecto Duna,Asesor Este,sala de ventas,tradicional,departamento,2,411627.0,54,True,1,2,0.0209,0
OP-000960,2025-05-13,Proyecto Duna,Asesora Oeste,sala de ventas,tradicional,departamento,2,592562.0,52,False,0,1,0.0,1
OP-000961,2025-07-01,Proyecto Duna,Asesora Sur,web,digital,departamento,3,708283.0,53,False,0,2,0.0023,0
OP-000962,2026-06-01,Proyecto Cobalto,Asesora Oeste,sala de ventas,tradicional,departamento,2,433147.0,7,True,0,0,0.0282,0
OP-000963,2026-03-01,Proyecto Aurora,Asesor Este,sala de ventas,tradicional,departamento,2,419997.0,23,True,0,5,0.026,0
OP-000964,2025-11-11,Proyecto Aurora,Asesor Centro,web,digital,departamento,3,557180.0,26,False,0,5,0.0283,0
OP-000965,2025-06-02,Proyecto Horizonte,Asesor Norte,sala de ventas,tradicional,departamento,2,611334.0,24,False,0,2,0.0419,0
OP-000966,2026-03-14,Proyecto Duna,Asesora Premium,feria,feria,departamento,2,425198.0,34,True,0,1,0.0267,0
OP-000967,2026-03-23,Proyecto Horizonte,Asesor Digital,feria,feria,departamento,2,435836.0,9,True,0,2,0.0187,0
OP-000968,2026-05-28,Proyecto Aurora,Asesora Oeste,sala de ventas,tradicional,departamento,2,579213.0,5,True,0,2,0.0212,0
OP-000969,2025-12-14,Proyecto Duna,Asesora Oeste,referido,tradicional,departamento,2,513181.0,3,True,0,4,0.0294,0
OP-000970,2025-04-27,Proyecto Bruma,Asesor Centro,sala de ventas,tradicional,departamento,2,496993.0,42,True,1,2,0.0182,0
OP-000971,2025-07-15,Proyecto Bruma,Asesora Sur,web,digital,departamento,2,460719.0,7,True,0,1,0.0442,0
OP-000972,2026-04-26,Proyecto Aurora,Asesora Premium,sala de ventas,tradicional,departamento,3,600618.0,24,True,0,1,0.0248,0
OP-000973,2025-02-23,Proyecto Aurora,Asesora Sur,whatsapp,digital,departamento,2,376719.0,14,True,0,4,0.0295,0
OP-000974,2026-02-18,Proyecto Granito,Asesor Centro,sala de ventas,tradicional,departamento,1,370749.0,14,True,0,0,0.0103,0
OP-000975,2025-09-18,Proyecto Bruma,Asesor Este,web,digital,departamento,2,477784.0,19,False,0,1,0.0442,0
OP-000976,2025-08-25,Proyecto Duna,Asesora Premium,sala de ventas,tradicional,departamento,1,256101.0,15,True,0,0,0.0509,0
OP-000977,2025-03-25,Proyecto Cobalto,Asesora Premium,sala de ventas,tradicional,departamento,3,582362.0,5,False,0,2,0.0005,0
OP-000978,2026-05-09,Proyecto Cobalto,Asesora Sur,facebook,digital,departamento,2,463971.0,19,True,0,1,0.0322,0
OP-000979,2025-04-19,Proyecto Duna,Asesor Centro,referido,tradicional,departamento,2,479352.0,11,False,1,1,0.0231,1
OP-000980,2025-11-03,Proyecto Bruma,Asesora Oeste,whatsapp,digital,departamento,3,556691.0,11,False,0,1,0.0301,0
OP-000981,2025-10-14,Proyecto Horizonte,Asesor Este,sala de ventas,tradicional,departamento,1,374226.0,64,True,0,1,0.0331,0
OP-000982,2025-07-24,Proyecto Faro,Asesor Centro,sala de ventas,tradicional,departamento,1,304788.0,6,True,0,3,0.0,0
OP-000983,2025-03-17,Proyecto Faro,Asesor Digital,facebook,digital,departamento,3,642961.0,18,True,0,3,0.0387,1
OP-000984,2025-03-25,Proyecto Cobalto,Asesor Norte,facebook,digital,departamento,2,467493.0,25,True,0,4,0.045,0
OP-000985,2025-11-28,Proyecto Aurora,Asesor Digital,portal inmobiliario,digital,departamento,3,499360.0,64,False,1,0,0.047,1
OP-000986,2026-01-14,Proyecto Horizonte,Asesora Premium,portal inmobiliario,digital,departamento,3,662439.0,8,True,0,2,0.008,0
OP-000987,2025-05-07,Proyecto Cobalto,Asesora Oeste,portal inmobiliario,digital,departamento,3,582778.0,50,True,0,3,0.0244,1
OP-000988,2026-02-07,Proyecto Aurora,Asesor Centro,sala de ventas,tradicional,departamento,1,319644.0,19,False,1,1,0.0153,1
OP-000989,2025-12-22,Proyecto Cobalto,Asesor Este,facebook,digital,departamento,3,480371.0,19,True,1,0,0.0,0
OP-000990,2025-04-18,Proyecto Faro,Asesor Norte,feria,feria,departamento,3,672552.0,33,True,0,2,0.0138,0
OP-000991,2025-07-19,Proyecto Ébano,Asesor Centro,facebook,digital,departamento,1,325182.0,55,True,1,1,0.0055,0
OP-000992,2025-07-13,Proyecto Faro,Asesora Premium,web,digital,departamento,3,638480.0,15,False,0,2,0.031,1
OP-000993,2025-10-16,Proyecto Faro,Asesora Sur,sala de ventas,tradicional,departamento,2,475545.0,26,True,0,1,0.0,0
OP-000994,2025-01-29,Proyecto Bruma,Asesora Premium,facebook,digital,departamento,3,565620.0,24,True,1,1,0.0074,0
OP-000995,2026-05-10,Proyecto Horizonte,Asesora Premium,portal inmobiliario,digital,departamento,2,607376.0,23,True,0,2,0.0156,0
OP-000996,2025-10-17,Proyecto Cobalto,Asesora Premium,facebook,digital,departamento,2,513239.0,37,False,1,2,0.0389,1
OP-000997,2025-12-23,Proyecto Ébano,Asesor Este,whatsapp,digital,departamento,1,455152.0,12,True,0,4,0.075,0
OP-000998,2025-11-09,Proyecto Aurora,Asesor Este,facebook,digital,departamento,3,593171.0,16,False,0,2,0.0305,0
OP-000999,2025-07-27,Proyecto Horizonte,Asesor Este,sala de ventas,tradicional,departamento,2,565788.0,5,True,0,1,0.0064,0
OP-001000,2026-03-18,Proyecto Bruma,Asesora Premium,facebook,digital,departamento,1,259037.0,31,True,0,1,0.0128,0
OP-001001,2025-06-18,Proyecto Aurora,Asesor Digital,sala de ventas,tradicional,departamento,1,327536.0,22,True,1,3,0.0368,0
OP-001002,2025-01-14,Proyecto Cobalto,Asesor Este,referido,tradicional,departamento,3,586630.0,54,True,1,1,0.0008,0
OP-001003,2025-10-19,Proyecto Aurora,Asesor Digital,sala de ventas,tradicional,departamento,1,412302.0,8,False,0,3,0.0447,1
OP-001004,2025-03-04,Proyecto Aurora,Asesora Oeste,web,digital,departamento,2,432157.0,70,True,1,3,0.0299,0
OP-001005,2026-03-03,Proyecto Ébano,Asesor Este,portal inmobiliario,digital,departamento,3,637567.0,35,True,0,2,0.0227,0
OP-001006,2025-01-17,Proyecto Cobalto,Asesor Norte,facebook,digital,departamento,1,381417.0,34,True,0,1,0.0,0
OP-001007,2025-04-19,Proyecto Horizonte,Asesor Centro,sala de ventas,tradicional,departamento,2,607672.0,13,True,0,1,0.0416,1
OP-001008,2026-05-07,Proyecto Bruma,Asesor Centro,facebook,digital,departamento,1,349644.0,17,False,0,8,0.0113,0
OP-001009,2025-05-17,Proyecto Ébano,Asesor Digital,feria,feria,departamento,3,668528.0,15,True,0,1,0.0278,1
OP-001010,2025-09-24,Proyecto Cobalto,Asesora Premium,referido,tradicional,departamento,3,505232.0,48,False,0,6,0.0222,1
OP-001011,2026-03-31,Proyecto Ébano,Asesor Norte,sala de ventas,tradicional,departamento,2,419229.0,4,True,0,1,0.0,0
OP-001012,2025-05-08,Proyecto Duna,Asesora Oeste,referido,tradicional,departamento,2,370416.0,19,False,0,2,0.0208,0
OP-001013,2025-06-06,Proyecto Cobalto,Asesora Premium,facebook,digital,departamento,2,527229.0,21,False,1,4,0.0032,1
OP-001014,2025-01-10,Proyecto Horizonte,Asesora Oeste,facebook,digital,departamento,3,696052.0,15,True,0,2,0.0133,0
OP-001015,2026-02-22,Proyecto Cobalto,Asesora Oeste,sala de ventas,tradicional,departamento,2,533326.0,10,True,1,3,0.0328,0
OP-001016,2025-02-20,Proyecto Aurora,Asesora Premium,whatsapp,digital,departamento,2,422745.0,2,False,1,4,0.0376,0
OP-001017,2026-05-24,Proyecto Ébano,Asesor Centro,sala de ventas,tradicional,departamento,3,592005.0,20,True,0,2,0.0247,0
OP-001018,2026-01-10,Proyecto Granito,Asesor Centro,sala de ventas,tradicional,departamento,1,410342.0,31,True,1,3,0.0091,1
OP-001019,2025-06-13,Proyecto Aurora,Asesora Oeste,sala de ventas,tradicional,departamento,2,539403.0,22,False,0,2,0.0133,0
OP-001020,2025-09-07,Proyecto Cobalto,Asesora Sur,referido,tradicional,departamento,1,462161.0,10,False,0,2,0.013,0
OP-001021,2025-09-26,Proyecto Granito,Asesora Oeste,facebook,digital,departamento,2,575659.0,21,False,0,1,0.0,1
OP-001022,2026-01-17,Proyecto Faro,Asesor Digital,sala de ventas,tradicional,departamento,2,538206.0,55,False,1,3,0.0263,1
OP-001023,2025-07-12,Proyecto Horizonte,Asesor Centro,facebook,digital,departamento,3,732446.0,13,True,0,3,0.0,0
OP-001024,2025-05-18,Proyecto Duna,Asesor Centro,web,digital,departamento,2,481929.0,25,False,0,1,0.0264,1
OP-001025,2025-03-10,Proyecto Ébano,Asesor Norte,facebook,digital,departamento,1,371498.0,27,True,0,3,0.0,0
OP-001026,2025-08-17,Proyecto Bruma,Asesor Digital,portal inmobiliario,digital,departamento,3,579904.0,6,False,0,3,0.0033,0
OP-001027,2025-09-08,Proyecto Horizonte,Asesora Sur,facebook,digital,departamento,3,605171.0,17,True,0,3,0.037,0
OP-001028,2025-11-21,Proyecto Cobalto,Asesor Digital,sala de ventas,tradicional,departamento,3,589374.0,17,True,0,3,0.0254,0
OP-001029,2026-03-10,Proyecto Faro,Asesora Oeste,whatsapp,digital,departamento,3,573543.0,22,False,0,0,0.0,0
OP-001030,2025-04-21,Proyecto Cobalto,Asesor Digital,feria,feria,departamento,1,425375.0,47,True,0,2,0.0149,0
OP-001031,2025-04-26,Proyecto Duna,Asesor Digital,facebook,digital,departamento,2,525903.0,8,True,0,1,0.0297,0
OP-001032,2025-05-30,Proyecto Ébano,Asesora Premium,portal inmobiliario,digital,departamento,1,471626.0,49,True,0,0,0.0139,0
OP-001033,2025-03-27,Proyecto Duna,Asesor Digital,referido,tradicional,departamento,1,291389.0,33,True,0,3,0.0188,0
OP-001034,2025-03-15,Proyecto Granito,Asesor Centro,facebook,digital,departamento,3,751593.0,71,True,0,3,0.0294,0
OP-001035,2026-02-20,Proyecto Cobalto,Asesora Premium,feria,feria,departamento,3,512514.0,3,False,0,2,0.0258,1
OP-001036,2026-01-06,Proyecto Ébano,Asesora Sur,feria,feria,departamento,1,327093.0,1,True,0,1,0.0071,0
OP-001037,2026-03-08,Proyecto Cobalto,Asesor Norte,facebook,digital,departamento,1,334855.0,96,False,0,3,0.0254,0
OP-001038,2025-10-30,Proyecto Cobalto,Asesora Oeste,referido,tradicional,departamento,3,670925.0,6,True,1,1,0.0198,0
OP-001039,2026-03-01,Proyecto Cobalto,Asesora Premium,facebook,digital,departamento,1,381407.0,11,False,0,1,0.056,0
OP-001040,2025-08-20,Proyecto Aurora,Asesora Premium,sala de ventas,tradicional,departamento,1,331589.0,11,False,0,4,0.0231,1
OP-001041,2026-04-03,Proyecto Aurora,Asesora Oeste,whatsapp,digital,departamento,1,301405.0,32,True,0,2,0.0274,0
OP-001042,2025-10-23,Proyecto Ébano,Asesora Oeste,referido,tradicional,departamento,1,317324.0,18,True,0,2,0.0297,0
OP-001043,2025-01-18,Proyecto Ébano,Asesor Centro,referido,tradicional,departamento,2,570295.0,12,True,0,2,0.0192,0
OP-001044,2025-03-30,Proyecto Ébano,Asesor Digital,referido,tradicional,departamento,3,666925.0,63,True,1,0,0.012,0
OP-001045,2025-09-26,Proyecto Aurora,Asesora Premium,referido,tradicional,departamento,2,534385.0,2,True,1,2,0.0333,1
OP-001046,2026-02-27,Proyecto Bruma,Asesor Norte,facebook,digital,departamento,2,493825.0,41,True,0,0,0.0334,0
OP-001047,2025-03-18,Proyecto Bruma,Asesor Centro,whatsapp,digital,departamento,3,441684.0,20,True,0,4,0.0625,0
OP-001048,2026-01-28,Proyecto Faro,Asesor Este,web,digital,departamento,2,451548.0,12,False,0,3,0.0384,0
OP-001049,2026-04-08,Proyecto Granito,Asesora Premium,web,digital,departamento,3,672568.0,13,False,1,3,0.0387,1
OP-001050,2025-04-05,Proyecto Bruma,Asesora Oeste,facebook,digital,departamento,2,451666.0,17,False,0,1,0.0379,0
OP-001051,2025-10-16,Proyecto Ébano,Asesor Digital,facebook,digital,departamento,2,477264.0,11,True,1,3,0.0126,0
OP-001052,2026-04-06,Proyecto Aurora,Asesora Oeste,sala de ventas,tradicional,departamento,2,399323.0,37,False,0,1,0.0024,0
OP-001053,2025-06-10,Proyecto Bruma,Asesor Centro,facebook,digital,departamento,3,639117.0,16,True,0,3,0.0069,0
OP-001054,2025-07-24,Proyecto Aurora,Asesor Norte,sala de ventas,tradicional,departamento,3,600091.0,34,False,0,4,0.0374,0
OP-001055,2025-08-22,Proyecto Bruma,Asesor Digital,web,digital,departamento,3,614566.0,13,True,1,2,0.0506,0
OP-001056,2025-08-30,Proyecto Ébano,Asesora Sur,portal inmobiliario,digital,departamento,1,358152.0,24,True,0,0,0.0382,0
OP-001057,2025-06-22,Proyecto Granito,Asesor Este,facebook,digital,departamento,3,656696.0,24,True,0,3,0.022,0
OP-001058,2025-10-04,Proyecto Bruma,Asesora Premium,facebook,digital,departamento,3,513423.0,21,False,0,3,0.0552,0
OP-001059,2025-05-21,Proyecto Duna,Asesor Digital,web,digital,departamento,2,488859.0,50,True,1,2,0.017,1
OP-001060,2026-02-17,Proyecto Ébano,Asesora Oeste,sala de ventas,tradicional,departamento,3,483964.0,53,True,0,0,0.0043,0
OP-001061,2025-12-21,Proyecto Horizonte,Asesora Oeste,portal inmobiliario,digital,departamento,2,457754.0,36,True,0,5,0.0296,0
OP-001062,2025-03-27,Proyecto Ébano,Asesor Norte,facebook,digital,departamento,1,375273.0,44,False,0,1,0.0483,0
OP-001063,2026-03-19,Proyecto Bruma,Asesor Digital,sala de ventas,tradicional,departamento,3,717631.0,34,False,0,5,0.0098,0
OP-001064,2025-05-18,Proyecto Ébano,Asesor Norte,sala de ventas,tradicional,departamento,1,293959.0,15,False,0,1,0.0,1
OP-001065,2025-10-03,Proyecto Bruma,Asesor Norte,portal inmobiliario,digital,departamento,2,403603.0,19,True,0,5,0.0257,1
OP-001066,2026-05-02,Proyecto Horizonte,Asesora Oeste,sala de ventas,tradicional,departamento,2,555923.0,3,False,0,2,0.0389,0
OP-001067,2025-12-21,Proyecto Cobalto,Asesor Norte,web,digital,departamento,3,696318.0,9,True,0,4,0.0,0
OP-001068,2026-05-03,Proyecto Ébano,Asesora Sur,sala de ventas,tradicional,departamento,2,519119.0,6,True,0,3,0.0426,0
OP-001069,2025-11-10,Proyecto Aurora,Asesor Centro,sala de ventas,tradicional,departamento,3,613618.0,12,True,0,2,0.0004,0
OP-001070,2026-02-25,Proyecto Cobalto,Asesor Centro,portal inmobiliario,digital,departamento,3,580432.0,26,True,0,1,0.038,0
OP-001071,2025-08-30,Proyecto Granito,Asesor Este,sala de ventas,tradicional,departamento,2,503916.0,14,True,0,2,0.0,0
OP-001072,2025-03-29,Proyecto Ébano,Asesora Premium,sala de ventas,tradicional,departamento,3,627520.0,38,True,0,0,0.0,0
OP-001073,2025-04-03,Proyecto Cobalto,Asesor Centro,referido,tradicional,departamento,3,562794.0,10,False,0,1,0.0361,0
OP-001074,2025-11-06,Proyecto Horizonte,Asesora Sur,portal inmobiliario,digital,departamento,2,583835.0,32,False,0,1,0.0469,0
OP-001075,2025-03-16,Proyecto Granito,Asesor Centro,facebook,digital,departamento,3,558655.0,9,True,1,3,0.0248,1
OP-001076,2025-08-20,Proyecto Bruma,Asesor Centro,sala de ventas,tradicional,departamento,2,520949.0,48,False,0,0,0.0681,1
OP-001077,2025-08-29,Proyecto Duna,Asesora Premium,whatsapp,digital,departamento,1,383162.0,10,True,0,2,0.0066,0
OP-001078,2025-02-11,Proyecto Duna,Asesora Sur,web,digital,departamento,1,369190.0,29,True,0,1,0.0064,0
OP-001079,2026-03-17,Proyecto Ébano,Asesora Sur,portal inmobiliario,digital,departamento,2,417636.0,12,True,0,3,0.0196,0
OP-001080,2025-02-09,Proyecto Bruma,Asesor Este,feria,feria,departamento,1,303112.0,59,True,1,1,0.0187,0
OP-001081,2025-06-13,Proyecto Bruma,Asesor Este,web,digital,departamento,2,537926.0,57,True,0,2,0.0301,1
OP-001082,2026-03-22,Proyecto Granito,Asesor Digital,facebook,digital,departamento,2,520527.0,29,False,0,3,0.0116,1
OP-001083,2025-01-20,Proyecto Horizonte,Asesora Premium,facebook,digital,departamento,2,559312.0,28,False,1,2,0.0352,1
OP-001084,2025-02-17,Proyecto Granito,Asesora Oeste,web,digital,departamento,1,368626.0,36,True,0,1,0.0348,1
OP-001085,2026-03-15,Proyecto Horizonte,Asesora Oeste,web,digital,departamento,3,657402.0,32,False,0,1,0.054,0
OP-001086,2025-05-22,Proyecto Faro,Asesor Digital,whatsapp,digital,departamento,2,444532.0,40,False,2,2,0.0162,1
OP-001087,2026-04-19,Proyecto Faro,Asesora Oeste,referido,tradicional,departamento,1,410494.0,10,True,0,3,0.0311,0
OP-001088,2025-03-20,Proyecto Faro,Asesora Sur,facebook,digital,departamento,2,540385.0,21,True,1,4,0.0359,0
OP-001089,2025-03-27,Proyecto Duna,Asesor Norte,referido,tradicional,departamento,2,513634.0,13,True,0,4,0.0249,0
OP-001090,2025-10-27,Proyecto Cobalto,Asesor Este,web,digital,departamento,2,434303.0,56,False,0,1,0.0212,1
OP-001091,2026-05-11,Proyecto Bruma,Asesor Centro,facebook,digital,departamento,2,453187.0,7,True,0,1,0.0,0
OP-001092,2026-01-31,Proyecto Ébano,Asesora Oeste,feria,feria,departamento,1,422546.0,63,False,1,1,0.0265,1
OP-001093,2025-11-13,Proyecto Bruma,Asesor Este,referido,tradicional,departamento,3,575371.0,22,True,0,6,0.0357,1
OP-001094,2025-05-18,Proyecto Bruma,Asesora Oeste,sala de ventas,tradicional,departamento,2,456198.0,40,True,0,4,0.024,0
OP-001095,2025-02-05,Proyecto Duna,Asesor Digital,referido,tradicional,departamento,1,485691.0,14,True,0,3,0.0109,0
OP-001096,2026-02-11,Proyecto Cobalto,Asesor Digital,web,digital,departamento,3,546696.0,7,True,0,2,0.0,1
OP-001097,2025-03-03,Proyecto Bruma,Asesora Sur,portal inmobiliario,digital,departamento,2,531423.0,55,True,0,1,0.0332,0
OP-001098,2025-04-01,Proyecto Faro,Asesor Norte,facebook,digital,departamento,2,456493.0,30,False,0,0,0.0256,1
OP-001099,2025-08-18,Proyecto Granito,Asesora Sur,referido,tradicional,departamento,2,568013.0,8,True,1,3,0.05,0
OP-001100,2025-07-05,Proyecto Aurora,Asesora Premium,referido,tradicional,departamento,2,498948.0,20,True,0,1,0.0,1
OP-001101,2026-03-27,Proyecto Aurora,Asesora Oeste,referido,tradicional,departamento,2,431930.0,19,True,0,0,0.0165,1
OP-001102,2025-05-07,Proyecto Bruma,Asesor Digital,sala de ventas,tradicional,departamento,1,290039.0,30,True,0,0,0.0012,0
OP-001103,2025-12-06,Proyecto Faro,Asesor Centro,portal inmobiliario,digital,departamento,2,411626.0,10,True,0,1,0.0435,1
OP-001104,2025-08-25,Proyecto Granito,Asesora Oeste,portal inmobiliario,digital,departamento,3,613169.0,8,True,0,2,0.0473,1
OP-001105,2025-05-05,Proyecto Aurora,Asesora Sur,referido,tradicional,departamento,2,488942.0,24,True,1,3,0.0596,0
OP-001106,2026-05-26,Proyecto Faro,Asesor Este,referido,tradicional,departamento,2,460730.0,10,True,0,3,0.0344,0
OP-001107,2026-02-18,Proyecto Aurora,Asesora Sur,sala de ventas,tradicional,departamento,1,350332.0,56,True,0,3,0.0392,0
OP-001108,2026-01-19,Proyecto Cobalto,Asesora Oeste,referido,tradicional,departamento,3,517796.0,38,False,1,3,0.0328,1
OP-001109,2025-08-27,Proyecto Horizonte,Asesora Sur,facebook,digital,departamento,1,416136.0,37,True,0,0,0.0353,0
OP-001110,2025-04-17,Proyecto Bruma,Asesor Este,web,digital,departamento,1,293913.0,3,True,0,1,0.0259,0
OP-001111,2025-12-02,Proyecto Aurora,Asesor Norte,sala de ventas,tradicional,departamento,1,340711.0,15,True,0,3,0.0361,0
OP-001112,2026-05-18,Proyecto Cobalto,Asesora Premium,web,digital,departamento,3,571441.0,17,True,0,2,0.0635,0
OP-001113,2025-05-19,Proyecto Ébano,Asesor Digital,facebook,digital,departamento,2,442530.0,9,True,0,0,0.0289,0
OP-001114,2025-12-21,Proyecto Horizonte,Asesora Oeste,web,digital,departamento,1,392762.0,32,True,1,2,0.0254,0
OP-001115,2026-03-23,Proyecto Horizonte,Asesora Oeste,web,digital,departamento,1,377621.0,29,True,1,2,0.0286,0
OP-001116,2025-08-25,Proyecto Aurora,Asesor Digital,sala de ventas,tradicional,departamento,2,387734.0,36,False,1,1,0.0223,1
OP-001117,2025-02-11,Proyecto Aurora,Asesora Oeste,facebook,digital,departamento,2,519551.0,43,True,0,2,0.0294,0
OP-001118,2026-04-22,Proyecto Faro,Asesor Centro,feria,feria,departamento,3,615190.0,42,True,0,1,0.0217,0
OP-001119,2025-02-25,Proyecto Bruma,Asesor Este,referido,tradicional,departamento,1,235878.0,101,False,0,2,0.0456,0
OP-001120,2026-02-01,Proyecto Granito,Asesora Oeste,sala de ventas,tradicional,departamento,3,612720.0,21,True,1,4,0.0438,0
OP-001121,2025-09-06,Proyecto Ébano,Asesora Oeste,facebook,digital,departamento,3,673309.0,18,True,2,3,0.064,0
OP-001122,2026-01-15,Proyecto Aurora,Asesor Centro,facebook,digital,departamento,2,418125.0,32,True,0,2,0.0246,0
OP-001123,2026-01-02,Proyecto Granito,Asesor Centro,web,digital,departamento,1,499376.0,48,False,1,1,0.0302,0
OP-001124,2025-04-15,Proyecto Aurora,Asesora Oeste,web,digital,departamento,3,527884.0,5,False,0,1,0.0294,0
OP-001125,2025-02-20,Proyecto Cobalto,Asesor Norte,sala de ventas,tradicional,departamento,2,511687.0,11,True,0,1,0.0286,0
OP-001126,2025-03-08,Proyecto Duna,Asesor Digital,referido,tradicional,departamento,1,438015.0,13,True,0,0,0.0453,0
OP-001127,2025-04-15,Proyecto Duna,Asesor Digital,web,digital,departamento,2,520761.0,23,True,0,1,0.0,1
OP-001128,2026-03-27,Proyecto Ébano,Asesora Sur,feria,feria,departamento,3,547403.0,15,True,0,4,0.0333,0
OP-001129,2025-02-15,Proyecto Ébano,Asesor Este,sala de ventas,tradicional,departamento,2,456164.0,43,False,2,2,0.0609,1
OP-001130,2025-12-20,Proyecto Horizonte,Asesor Digital,facebook,digital,departamento,3,723354.0,25,True,0,2,0.0495,1
OP-001131,2025-07-19,Proyecto Horizonte,Asesor Este,facebook,digital,departamento,2,499746.0,20,True,0,2,0.0475,0
OP-001132,2026-03-01,Proyecto Duna,Asesora Premium,sala de ventas,tradicional,departamento,2,549662.0,29,True,0,1,0.0402,0
OP-001133,2025-11-08,Proyecto Aurora,Asesora Premium,facebook,digital,departamento,1,321334.0,4,True,0,3,0.0143,1
OP-001134,2026-02-03,Proyecto Ébano,Asesor Digital,sala de ventas,tradicional,departamento,2,515779.0,28,True,0,4,0.0115,0
OP-001135,2026-03-07,Proyecto Horizonte,Asesor Norte,sala de ventas,tradicional,departamento,1,352764.0,10,True,0,2,0.0116,0
OP-001136,2026-04-15,Proyecto Bruma,Asesora Oeste,web,digital,departamento,2,438545.0,38,False,0,2,0.0045,0
OP-001137,2026-02-21,Proyecto Cobalto,Asesora Oeste,facebook,digital,departamento,1,320858.0,4,True,0,4,0.042,0
OP-001138,2025-07-15,Proyecto Cobalto,Asesora Premium,web,digital,departamento,2,496408.0,31,True,0,1,0.0514,0
OP-001139,2026-04-24,Proyecto Aurora,Asesora Sur,sala de ventas,tradicional,departamento,2,465126.0,11,True,0,2,0.0328,0
OP-001140,2025-07-02,Proyecto Ébano,Asesor Este,referido,tradicional,departamento,1,418446.0,49,False,0,1,0.0395,1
OP-001141,2025-11-01,Proyecto Cobalto,Asesora Sur,facebook,digital,departamento,2,457021.0,5,True,1,1,0.0303,1
OP-001142,2025-05-04,Proyecto Faro,Asesora Premium,feria,feria,departamento,3,583837.0,22,True,0,2,0.0352,0
OP-001143,2026-02-27,Proyecto Granito,Asesor Digital,feria,feria,departamento,1,427050.0,35,True,0,2,0.0,0
OP-001144,2025-02-24,Proyecto Faro,Asesor Norte,facebook,digital,departamento,2,463373.0,27,True,0,3,0.0307,0
OP-001145,2026-05-16,Proyecto Cobalto,Asesora Sur,web,digital,departamento,2,543313.0,27,True,0,1,0.0173,0
OP-001146,2025-09-09,Proyecto Bruma,Asesor Este,sala de ventas,tradicional,departamento,2,465701.0,7,True,0,4,0.0243,0
OP-001147,2026-03-18,Proyecto Faro,Asesor Digital,referido,tradicional,departamento,3,617063.0,7,True,0,4,0.0291,0
OP-001148,2025-09-17,Proyecto Faro,Asesora Oeste,sala de ventas,tradicional,departamento,1,430420.0,26,True,0,2,0.0121,0
OP-001149,2025-03-14,Proyecto Duna,Asesora Sur,facebook,digital,departamento,2,491800.0,24,True,0,3,0.0056,1
OP-001150,2025-03-01,Proyecto Granito,Asesor Este,sala de ventas,tradicional,departamento,2,440807.0,9,True,0,2,0.0116,0
OP-001151,2026-04-05,Proyecto Aurora,Asesor Centro,portal inmobiliario,digital,departamento,2,401621.0,9,True,0,5,0.0,1
OP-001152,2025-11-10,Proyecto Granito,Asesor Este,facebook,digital,departamento,3,705174.0,20,True,1,1,0.0042,0
OP-001153,2025-03-15,Proyecto Aurora,Asesor Norte,referido,tradicional,departamento,3,579614.0,16,False,1,1,0.0067,0
OP-001154,2025-07-08,Proyecto Aurora,Asesora Premium,facebook,digital,departamento,1,252514.0,69,False,0,1,0.0,0
OP-001155,2025-10-25,Proyecto Duna,Asesor Este,facebook,digital,departamento,2,515366.0,51,True,1,1,0.0345,0
OP-001156,2025-08-26,Proyecto Aurora,Asesora Sur,sala de ventas,tradicional,departamento,1,314241.0,37,False,0,4,0.0088,0
OP-001157,2025-02-08,Proyecto Aurora,Asesora Premium,portal inmobiliario,digital,departamento,1,296903.0,55,True,1,0,0.0,0
OP-001158,2025-09-23,Proyecto Aurora,Asesora Premium,feria,feria,departamento,2,397032.0,13,True,1,4,0.0178,1
OP-001159,2025-04-01,Proyecto Cobalto,Asesora Sur,sala de ventas,tradicional,departamento,2,538996.0,14,True,0,1,0.005,0
OP-001160,2025-06-11,Proyecto Faro,Asesor Norte,feria,feria,departamento,2,411898.0,46,False,0,5,0.0513,0
OP-001161,2025-12-13,Proyecto Aurora,Asesor Norte,facebook,digital,departamento,1,298936.0,22,True,0,4,0.0274,0
OP-001162,2025-12-23,Proyecto Ébano,Asesora Premium,sala de ventas,tradicional,departamento,1,399607.0,23,True,1,0,0.0,1
OP-001163,2025-02-11,Proyecto Faro,Asesor Centro,referido,tradicional,departamento,3,721810.0,8,False,0,1,0.0352,0
OP-001164,2025-09-23,Proyecto Aurora,Asesora Premium,sala de ventas,tradicional,departamento,3,605462.0,45,True,1,1,0.0265,0
OP-001165,2025-05-14,Proyecto Aurora,Asesor Centro,sala de ventas,tradicional,departamento,1,298469.0,32,True,0,2,0.0207,0
OP-001166,2025-08-18,Proyecto Granito,Asesor Este,web,digital,departamento,2,616114.0,17,True,0,5,0.0533,0
OP-001167,2026-02-23,Proyecto Faro,Asesor Centro,facebook,digital,departamento,2,445468.0,14,True,1,2,0.0074,0
OP-001168,2025-08-01,Proyecto Duna,Asesora Premium,portal inmobiliario,digital,departamento,3,625593.0,49,True,0,3,0.0436,0
OP-001169,2025-11-01,Proyecto Faro,Asesor Este,web,digital,departamento,2,546828.0,13,True,0,2,0.0176,0
OP-001170,2025-01-13,Proyecto Aurora,Asesor Digital,feria,feria,departamento,3,526539.0,6,True,0,2,0.0247,0
OP-001171,2025-09-14,Proyecto Cobalto,Asesor Digital,web,digital,departamento,1,407368.0,51,True,1,2,0.0115,0
OP-001172,2026-02-06,Proyecto Faro,Asesora Premium,portal inmobiliario,digital,departamento,2,491736.0,52,False,1,1,0.0127,1
OP-001173,2025-12-04,Proyecto Bruma,Asesor Digital,facebook,digital,departamento,3,625233.0,13,True,0,2,0.0172,0
OP-001174,2026-05-18,Proyecto Faro,Asesor Este,referido,tradicional,departamento,1,303822.0,78,True,0,1,0.0,1
OP-001175,2026-02-13,Proyecto Duna,Asesor Norte,referido,tradicional,departamento,1,399424.0,20,True,1,1,0.0312,0
OP-001176,2025-03-10,Proyecto Faro,Asesora Oeste,portal inmobiliario,digital,departamento,3,612334.0,13,True,0,2,0.0271,0
OP-001177,2025-02-01,Proyecto Cobalto,Asesora Premium,sala de ventas,tradicional,departamento,3,662234.0,31,False,0,5,0.0,1
OP-001178,2025-05-31,Proyecto Cobalto,Asesora Premium,referido,tradicional,departamento,3,596581.0,7,False,0,4,0.0369,0
OP-001179,2026-02-27,Proyecto Bruma,Asesor Este,feria,feria,departamento,3,655708.0,10,False,0,2,0.0512,1
OP-001180,2026-03-17,Proyecto Bruma,Asesor Este,facebook,digital,departamento,3,614919.0,27,False,0,4,0.013,0
OP-001181,2026-01-13,Proyecto Faro,Asesora Oeste,portal inmobiliario,digital,departamento,1,397987.0,23,True,0,0,0.0109,0
OP-001182,2026-01-04,Proyecto Aurora,Asesora Premium,facebook,digital,departamento,2,503322.0,40,True,0,2,0.045,0
OP-001183,2025-12-14,Proyecto Aurora,Asesor Norte,sala de ventas,tradicional,departamento,3,618673.0,8,True,0,3,0.0323,0
OP-001184,2025-06-12,Proyecto Aurora,Asesor Este,referido,tradicional,departamento,3,600955.0,70,False,1,0,0.0226,1
OP-001185,2025-12-20,Proyecto Aurora,Asesora Sur,facebook,digital,departamento,1,218923.0,16,True,1,2,0.0397,0
OP-001186,2025-12-04,Proyecto Faro,Asesora Premium,sala de ventas,tradicional,departamento,1,350959.0,23,True,0,0,0.0299,0
OP-001187,2025-02-12,Proyecto Cobalto,Asesora Oeste,sala de ventas,tradicional,departamento,3,675126.0,15,False,0,4,0.0507,0
OP-001188,2026-04-22,Proyecto Horizonte,Asesor Norte,sala de ventas,tradicional,departamento,1,359923.0,7,True,0,0,0.0247,0
OP-001189,2026-01-29,Proyecto Aurora,Asesora Sur,feria,feria,departamento,1,393535.0,21,False,0,2,0.0327,0
OP-001190,2025-04-25,Proyecto Ébano,Asesor Norte,portal inmobiliario,digital,departamento,3,661855.0,34,False,0,1,0.0448,1
OP-001191,2025-05-30,Proyecto Cobalto,Asesora Oeste,referido,tradicional,departamento,2,444084.0,19,False,0,2,0.0,0
OP-001192,2025-12-20,Proyecto Cobalto,Asesor Digital,sala de ventas,tradicional,departamento,2,374262.0,11,True,0,2,0.0454,0
OP-001193,2025-05-07,Proyecto Granito,Asesora Oeste,referido,tradicional,departamento,1,385710.0,41,True,0,2,0.0159,0
OP-001194,2026-02-27,Proyecto Horizonte,Asesor Digital,portal inmobiliario,digital,departamento,1,543291.0,42,False,0,1,0.034,0
OP-001195,2025-09-02,Proyecto Granito,Asesora Premium,feria,feria,departamento,3,599520.0,18,True,0,0,0.055,0
OP-001196,2025-02-19,Proyecto Bruma,Asesor Digital,facebook,digital,departamento,2,428316.0,28,True,0,2,0.0195,0
OP-001197,2025-12-26,Proyecto Bruma,Asesor Este,sala de ventas,tradicional,departamento,1,302133.0,41,False,0,0,0.0168,1
OP-001198,2026-05-01,Proyecto Ébano,Asesor Digital,portal inmobiliario,digital,departamento,2,574813.0,34,False,1,1,0.024,1
OP-001199,2025-06-22,Proyecto Bruma,Asesora Sur,portal inmobiliario,digital,departamento,1,343640.0,27,False,0,1,0.0,0
OP-001200,2026-05-14,Proyecto Faro,Asesora Oeste,sala de ventas,tradicional,departamento,1,370575.0,33,True,1,1,0.0646,1
OP-001201,2026-01-10,Proyecto Duna,Asesor Centro,feria,feria,departamento,1,458741.0,29,True,0,1,0.0242,0
OP-001202,2026-01-17,Proyecto Duna,Asesor Este,sala de ventas,tradicional,departamento,2,527872.0,22,False,0,4,0.0546,1
OP-001203,2025-07-07,Proyecto Faro,Asesora Sur,sala de ventas,tradicional,departamento,1,354439.0,8,True,0,4,0.019,0
OP-001204,2025-09-26,Proyecto Ébano,Asesor Norte,feria,feria,departamento,2,440703.0,10,True,0,2,0.0256,1
OP-001205,2025-04-26,Proyecto Aurora,Asesor Norte,referido,tradicional,departamento,2,523699.0,30,True,0,2,0.042,0
OP-001206,2025-11-11,Proyecto Aurora,Asesora Oeste,facebook,digital,departamento,2,460923.0,15,False,1,0,0.0052,1
OP-001207,2026-03-23,Proyecto Duna,Asesor Digital,portal inmobiliario,digital,departamento,1,295801.0,29,True,0,1,0.0232,0
OP-001208,2025-12-04,Proyecto Duna,Asesora Sur,feria,feria,departamento,1,282929.0,8,True,0,4,0.0413,0
OP-001209,2026-03-31,Proyecto Bruma,Asesora Oeste,sala de ventas,tradicional,departamento,1,295618.0,12,True,0,1,0.0212,1
OP-001210,2025-03-22,Proyecto Cobalto,Asesor Digital,web,digital,departamento,2,415828.0,19,True,0,2,0.0163,0
OP-001211,2025-11-12,Proyecto Faro,Asesora Premium,feria,feria,departamento,3,522466.0,2,True,0,0,0.0451,1
OP-001212,2025-06-03,Proyecto Faro,Asesor Norte,referido,tradicional,departamento,1,344527.0,11,True,0,3,0.0502,0
OP-001213,2025-10-21,Proyecto Duna,Asesora Oeste,whatsapp,digital,departamento,3,560451.0,13,True,0,2,0.0531,0
OP-001214,2025-02-22,Proyecto Cobalto,Asesora Sur,web,digital,departamento,3,573553.0,25,True,0,4,0.0129,0
OP-001215,2025-07-19,Proyecto Bruma,Asesora Sur,sala de ventas,tradicional,departamento,1,450110.0,18,True,1,4,0.0146,0
OP-001216,2025-07-12,Proyecto Duna,Asesora Sur,sala de ventas,tradicional,departamento,1,366324.0,25,True,0,1,0.0165,0
OP-001217,2025-10-02,Proyecto Bruma,Asesor Centro,feria,feria,departamento,1,347783.0,22,False,0,2,0.0379,1
OP-001218,2026-01-23,Proyecto Duna,Asesora Sur,whatsapp,digital,departamento,1,409009.0,17,True,1,2,0.0035,0
OP-001219,2025-10-26,Proyecto Ébano,Asesora Sur,sala de ventas,tradicional,departamento,2,494948.0,13,True,0,1,0.0045,1
OP-001220,2026-04-06,Proyecto Aurora,Asesora Sur,sala de ventas,tradicional,departamento,1,367008.0,23,True,1,1,0.0121,0
OP-001221,2025-05-28,Proyecto Aurora,Asesor Este,feria,feria,departamento,3,590434.0,48,False,0,1,0.0081,1
OP-001222,2025-07-13,Proyecto Bruma,Asesor Centro,sala de ventas,tradicional,departamento,2,478742.0,13,False,0,6,0.0409,0
OP-001223,2025-09-03,Proyecto Granito,Asesor Este,sala de ventas,tradicional,departamento,3,799156.0,68,True,0,2,0.0397,0
OP-001224,2025-11-17,Proyecto Ébano,Asesor Este,portal inmobiliario,digital,departamento,3,673112.0,23,True,0,2,0.0163,0
OP-001225,2026-03-18,Proyecto Aurora,Asesora Oeste,feria,feria,departamento,2,400505.0,39,True,1,2,0.0215,1
OP-001226,2025-11-06,Proyecto Granito,Asesor Centro,portal inmobiliario,digital,departamento,3,667362.0,28,False,0,0,0.0,0
OP-001227,2026-05-14,Proyecto Cobalto,Asesor Norte,web,digital,departamento,3,555454.0,31,False,0,2,0.0168,0
OP-001228,2025-09-03,Proyecto Cobalto,Asesor Digital,facebook,digital,departamento,2,508544.0,10,True,0,1,0.0474,1
OP-001229,2025-10-03,Proyecto Horizonte,Asesor Digital,portal inmobiliario,digital,departamento,1,353365.0,15,False,0,0,0.0158,0
OP-001230,2025-12-27,Proyecto Aurora,Asesor Centro,facebook,digital,departamento,2,399072.0,5,True,1,1,0.0053,0
OP-001231,2025-03-18,Proyecto Bruma,Asesor Centro,facebook,digital,departamento,1,375915.0,18,True,1,2,0.0498,0
OP-001232,2025-03-20,Proyecto Duna,Asesor Centro,portal inmobiliario,digital,departamento,2,550872.0,33,True,0,2,0.0049,1
OP-001233,2025-06-23,Proyecto Bruma,Asesora Oeste,web,digital,departamento,2,499645.0,18,False,0,1,0.0528,0
OP-001234,2025-02-08,Proyecto Ébano,Asesor Este,portal inmobiliario,digital,departamento,2,554976.0,40,True,0,2,0.077,1
OP-001235,2025-08-04,Proyecto Bruma,Asesor Este,sala de ventas,tradicional,departamento,3,607560.0,16,True,0,0,0.023,0
OP-001236,2025-06-30,Proyecto Aurora,Asesora Sur,whatsapp,digital,departamento,1,354487.0,12,True,0,1,0.0474,0
OP-001237,2025-11-18,Proyecto Bruma,Asesora Premium,web,digital,departamento,2,444297.0,14,True,0,0,0.0,0
OP-001238,2026-05-20,Proyecto Cobalto,Asesor Este,web,digital,departamento,2,528715.0,35,False,0,3,0.0,1
OP-001239,2025-10-22,Proyecto Aurora,Asesora Sur,portal inmobiliario,digital,departamento,3,631368.0,59,True,1,1,0.0107,0
OP-001240,2026-05-11,Proyecto Aurora,Asesor Digital,facebook,digital,departamento,2,456529.0,72,False,0,2,0.0398,1
OP-001241,2025-11-11,Proyecto Granito,Asesora Oeste,web,digital,departamento,1,410569.0,33,True,0,0,0.025,0
OP-001242,2025-11-26,Proyecto Bruma,Asesor Centro,web,digital,departamento,2,559527.0,39,True,0,4,0.0216,0
OP-001243,2026-03-12,Proyecto Cobalto,Asesora Sur,feria,feria,departamento,1,367877.0,6,False,0,2,0.0018,0
OP-001244,2025-10-28,Proyecto Aurora,Asesora Sur,portal inmobiliario,digital,departamento,3,579163.0,8,False,0,5,0.0227,0
OP-001245,2026-05-19,Proyecto Cobalto,Asesora Premium,web,digital,departamento,2,510632.0,11,False,0,2,0.0134,1
OP-001246,2025-11-26,Proyecto Bruma,Asesora Oeste,sala de ventas,tradicional,departamento,2,466621.0,50,True,0,0,0.0084,1
OP-001247,2025-06-24,Proyecto Ébano,Asesora Sur,sala de ventas,tradicional,departamento,3,577881.0,50,True,1,0,0.0069,1
OP-001248,2025-08-12,Proyecto Bruma,Asesora Premium,whatsapp,digital,departamento,3,607788.0,83,False,0,0,0.0285,1
OP-001249,2025-12-03,Proyecto Granito,Asesor Este,whatsapp,digital,departamento,3,644868.0,11,False,0,6,0.012,0
OP-001250,2025-05-30,Proyecto Horizonte,Asesor Centro,whatsapp,digital,departamento,2,645324.0,20,False,0,2,0.0249,1
OP-001251,2026-01-17,Proyecto Aurora,Asesor Este,sala de ventas,tradicional,departamento,3,618365.0,5,True,0,3,0.0,0
OP-001252,2025-01-03,Proyecto Aurora,Asesora Oeste,facebook,digital,departamento,2,427248.0,6,True,0,3,0.0341,0
OP-001253,2026-01-15,Proyecto Aurora,Asesora Premium,feria,feria,departamento,3,615098.0,17,True,0,2,0.0293,0
OP-001254,2025-01-10,Proyecto Ébano,Asesor Digital,feria,feria,departamento,3,639933.0,11,False,0,6,0.0208,0
OP-001255,2025-03-26,Proyecto Aurora,Asesora Sur,sala de ventas,tradicional,departamento,1,417018.0,11,True,0,3,0.0279,0
OP-001256,2026-05-21,Proyecto Granito,Asesor Centro,referido,tradicional,departamento,1,388155.0,14,False,0,1,0.0418,0
OP-001257,2026-03-08,Proyecto Faro,Asesor Digital,sala de ventas,tradicional,departamento,1,415377.0,54,True,2,1,0.0,1
OP-001258,2026-01-23,Proyecto Faro,Asesor Centro,referido,tradicional,departamento,1,399550.0,44,False,0,1,0.0262,0
OP-001259,2026-04-28,Proyecto Duna,Asesora Sur,sala de ventas,tradicional,departamento,2,499216.0,10,False,1,0,0.0015,0
OP-001260,2025-12-25,Proyecto Horizonte,Asesora Sur,sala de ventas,tradicional,departamento,1,380314.0,43,True,0,2,0.0266,0
OP-001261,2025-02-25,Proyecto Aurora,Asesora Sur,sala de ventas,tradicional,departamento,2,491675.0,12,False,0,1,0.0203,0
OP-001262,2026-03-16,Proyecto Cobalto,Asesor Norte,portal inmobiliario,digital,departamento,1,391988.0,6,True,1,1,0.0246,0
OP-001263,2025-05-03,Proyecto Bruma,Asesora Premium,feria,feria,departamento,1,427687.0,13,True,0,1,0.0403,0
OP-001264,2025-11-12,Proyecto Horizonte,Asesor Digital,portal inmobiliario,digital,departamento,2,543449.0,26,False,0,0,0.0397,1
OP-001265,2026-04-09,Proyecto Duna,Asesora Oeste,facebook,digital,departamento,2,473349.0,10,True,0,2,0.0446,0
OP-001266,2025-12-14,Proyecto Faro,Asesor Centro,facebook,digital,departamento,2,563411.0,32,True,0,3,0.0179,0
OP-001267,2025-01-20,Proyecto Aurora,Asesora Premium,facebook,digital,departamento,3,531319.0,14,True,0,2,0.0377,1
OP-001268,2026-02-15,Proyecto Horizonte,Asesor Este,web,digital,departamento,3,718674.0,28,False,0,0,0.0341,1
OP-001269,2026-02-21,Proyecto Duna,Asesora Oeste,facebook,digital,departamento,2,555556.0,9,True,0,1,0.0183,0
OP-001270,2025-03-07,Proyecto Duna,Asesor Centro,feria,feria,departamento,1,450150.0,21,True,0,3,0.0271,0
OP-001271,2026-05-05,Proyecto Horizonte,Asesor Este,feria,feria,departamento,1,449714.0,11,True,0,1,0.0226,0
OP-001272,2025-04-08,Proyecto Cobalto,Asesor Norte,portal inmobiliario,digital,departamento,3,572243.0,18,True,0,4,0.0501,0
OP-001273,2025-01-28,Proyecto Cobalto,Asesora Oeste,sala de ventas,tradicional,departamento,3,605005.0,68,False,1,2,0.0396,0
OP-001274,2025-10-17,Proyecto Duna,Asesora Premium,referido,tradicional,departamento,3,631904.0,15,True,0,4,0.019,0
OP-001275,2025-12-18,Proyecto Aurora,Asesor Norte,sala de ventas,tradicional,departamento,3,544192.0,7,False,0,3,0.0177,0
OP-001276,2025-02-20,Proyecto Bruma,Asesora Sur,sala de ventas,tradicional,departamento,1,430321.0,22,False,2,3,0.0422,0
OP-001277,2025-03-22,Proyecto Bruma,Asesora Sur,web,digital,departamento,2,503905.0,23,False,0,3,0.0491,0
OP-001278,2025-12-09,Proyecto Aurora,Asesora Premium,referido,tradicional,departamento,3,525928.0,23,False,0,4,0.0307,0
OP-001279,2025-02-12,Proyecto Granito,Asesora Oeste,web,digital,departamento,3,750558.0,31,True,0,0,0.0369,0
OP-001280,2026-03-09,Proyecto Duna,Asesora Oeste,sala de ventas,tradicional,departamento,1,386356.0,15,False,0,1,0.0485,0
OP-001281,2025-05-22,Proyecto Cobalto,Asesor Centro,whatsapp,digital,departamento,2,423824.0,33,True,1,5,0.0219,0
OP-001282,2026-03-12,Proyecto Cobalto,Asesora Sur,whatsapp,digital,departamento,1,323336.0,21,True,1,2,0.0265,1
OP-001283,2026-01-21,Proyecto Cobalto,Asesor Centro,facebook,digital,departamento,3,680828.0,7,True,2,3,0.0338,1
OP-001284,2025-06-18,Proyecto Ébano,Asesor Norte,portal inmobiliario,digital,departamento,1,493374.0,36,False,0,2,0.0173,1
OP-001285,2026-02-20,Proyecto Horizonte,Asesor Norte,sala de ventas,tradicional,departamento,3,714522.0,24,True,0,4,0.0556,0
OP-001286,2025-04-16,Proyecto Horizonte,Asesora Premium,web,digital,departamento,1,501562.0,32,True,1,0,0.0171,1
OP-001287,2025-09-08,Proyecto Cobalto,Asesor Centro,portal inmobiliario,digital,departamento,2,550914.0,8,True,0,3,0.0261,0
OP-001288,2026-05-14,Proyecto Bruma,Asesora Sur,feria,feria,departamento,2,502630.0,38,True,0,2,0.0595,1
OP-001289,2026-04-08,Proyecto Cobalto,Asesora Oeste,feria,feria,departamento,2,502097.0,80,False,0,2,0.0,0
OP-001290,2026-04-20,Proyecto Duna,Asesor Norte,facebook,digital,departamento,3,640692.0,7,True,0,1,0.0289,0
OP-001291,2025-03-19,Proyecto Cobalto,Asesor Centro,feria,feria,departamento,3,639481.0,41,False,0,0,0.0131,1
OP-001292,2025-06-13,Proyecto Ébano,Asesora Premium,web,digital,departamento,3,582212.0,24,False,1,2,0.025,0
OP-001293,2025-02-09,Proyecto Duna,Asesora Sur,sala de ventas,tradicional,departamento,2,536258.0,21,True,1,3,0.0033,0
OP-001294,2026-04-10,Proyecto Bruma,Asesor Este,sala de ventas,tradicional,departamento,3,667224.0,38,True,1,2,0.0183,0
OP-001295,2026-02-13,Proyecto Cobalto,Asesora Sur,feria,feria,departamento,2,472650.0,35,True,0,0,0.0254,0
OP-001296,2026-04-04,Proyecto Cobalto,Asesor Este,web,digital,departamento,2,466771.0,48,True,2,2,0.0293,0
OP-001297,2025-03-01,Proyecto Aurora,Asesora Sur,referido,tradicional,departamento,2,486210.0,8,True,0,1,0.0411,0
OP-001298,2025-06-25,Proyecto Aurora,Asesora Sur,portal inmobiliario,digital,departamento,2,424269.0,49,True,0,2,0.0,0
OP-001299,2026-01-08,Proyecto Ébano,Asesora Oeste,web,digital,departamento,1,320575.0,27,False,0,1,0.0227,0
OP-001300,2025-07-08,Proyecto Cobalto,Asesor Digital,facebook,digital,departamento,2,547125.0,5,True,0,2,0.0219,0
OP-001301,2025-06-02,Proyecto Bruma,Asesora Premium,facebook,digital,departamento,1,332198.0,15,True,1,4,0.0238,0
OP-001302,2026-04-30,Proyecto Duna,Asesor Este,referido,tradicional,departamento,2,497015.0,24,True,0,0,0.0256,0
OP-001303,2025-10-06,Proyecto Faro,Asesor Digital,feria,feria,departamento,1,371443.0,15,False,0,1,0.0101,0
OP-001304,2026-01-21,Proyecto Bruma,Asesora Sur,referido,tradicional,departamento,1,427222.0,19,True,0,1,0.0,0
OP-001305,2026-02-06,Proyecto Faro,Asesor Digital,referido,tradicional,departamento,3,681925.0,14,True,0,0,0.0289,1
OP-001306,2025-11-18,Proyecto Horizonte,Asesor Este,web,digital,departamento,2,530759.0,107,True,1,0,0.0071,1
OP-001307,2026-01-20,Proyecto Duna,Asesora Oeste,web,digital,departamento,1,316106.0,33,False,0,2,0.0322,0
OP-001308,2026-05-11,Proyecto Ébano,Asesora Sur,feria,feria,departamento,3,603919.0,22,True,0,2,0.0081,0
OP-001309,2025-09-17,Proyecto Aurora,Asesora Premium,sala de ventas,tradicional,departamento,3,606358.0,9,True,0,2,0.0375,0
OP-001310,2026-03-26,Proyecto Horizonte,Asesor Este,feria,feria,departamento,3,669375.0,48,True,0,4,0.024,1
OP-001311,2025-02-04,Proyecto Cobalto,Asesor Digital,referido,tradicional,departamento,3,605000.0,30,True,0,0,0.0253,0
OP-001312,2025-02-08,Proyecto Horizonte,Asesor Norte,sala de ventas,tradicional,departamento,3,670643.0,10,True,0,2,0.0206,0
OP-001313,2025-07-23,Proyecto Duna,Asesora Oeste,web,digital,departamento,2,537734.0,10,True,0,0,0.0177,0
OP-001314,2025-09-17,Proyecto Aurora,Asesora Sur,web,digital,departamento,3,572698.0,19,True,0,2,0.0208,0
OP-001315,2025-06-21,Proyecto Aurora,Asesor Digital,referido,tradicional,departamento,3,599751.0,23,True,0,1,0.0463,0
OP-001316,2026-04-11,Proyecto Ébano,Asesor Este,feria,feria,departamento,2,453719.0,33,True,0,1,0.0,0
OP-001317,2025-01-12,Proyecto Duna,Asesor Centro,facebook,digital,departamento,3,751462.0,20,False,0,3,0.0133,1
OP-001318,2025-02-27,Proyecto Aurora,Asesor Digital,sala de ventas,tradicional,departamento,3,559388.0,35,True,0,1,0.044,0
OP-001319,2025-11-24,Proyecto Faro,Asesora Oeste,facebook,digital,departamento,3,646198.0,15,False,0,0,0.0398,1
OP-001320,2025-02-07,Proyecto Granito,Asesor Norte,facebook,digital,departamento,3,678156.0,20,False,0,1,0.0492,0
OP-001321,2025-04-12,Proyecto Duna,Asesora Sur,web,digital,departamento,2,473407.0,49,True,0,2,0.0239,0
OP-001322,2026-03-23,Proyecto Cobalto,Asesora Sur,portal inmobiliario,digital,departamento,2,484430.0,36,True,0,2,0.0013,0
OP-001323,2026-03-01,Proyecto Aurora,Asesor Digital,web,digital,departamento,2,459762.0,21,True,0,3,0.0051,0
OP-001324,2026-02-09,Proyecto Faro,Asesor Digital,sala de ventas,tradicional,departamento,3,584728.0,27,True,1,6,0.0196,0
OP-001325,2025-06-28,Proyecto Bruma,Asesora Oeste,facebook,digital,departamento,3,611122.0,21,False,0,2,0.0387,0
OP-001326,2025-03-28,Proyecto Granito,Asesor Digital,sala de ventas,tradicional,departamento,3,556293.0,7,True,0,3,0.0204,0
OP-001327,2025-06-15,Proyecto Cobalto,Asesora Sur,web,digital,departamento,3,695399.0,60,True,0,0,0.019,0
OP-001328,2025-04-05,Proyecto Duna,Asesor Centro,sala de ventas,tradicional,departamento,3,654613.0,11,True,0,2,0.0321,0
OP-001329,2025-05-04,Proyecto Bruma,Asesor Este,referido,tradicional,departamento,1,392152.0,16,True,0,2,0.0255,0
OP-001330,2026-03-09,Proyecto Aurora,Asesora Sur,feria,feria,departamento,3,479485.0,95,False,1,0,0.0171,1
OP-001331,2025-05-08,Proyecto Faro,Asesora Sur,web,digital,departamento,1,361411.0,9,True,0,2,0.007,1
OP-001332,2025-04-19,Proyecto Duna,Asesor Este,facebook,digital,departamento,2,572414.0,20,True,0,0,0.042,0
OP-001333,2025-05-13,Proyecto Duna,Asesor Este,facebook,digital,departamento,1,609318.0,51,True,0,3,0.0439,0
OP-001334,2025-03-16,Proyecto Horizonte,Asesora Sur,web,digital,departamento,2,609708.0,69,True,0,3,0.006,0
OP-001335,2026-03-26,Proyecto Horizonte,Asesor Este,referido,tradicional,departamento,2,601032.0,30,False,0,1,0.0178,1
OP-001336,2026-04-17,Proyecto Granito,Asesor Norte,sala de ventas,tradicional,departamento,1,445874.0,48,True,0,2,0.037,0
OP-001337,2025-04-15,Proyecto Bruma,Asesor Digital,portal inmobiliario,digital,departamento,2,425388.0,18,False,1,3,0.0045,1
OP-001338,2026-02-23,Proyecto Duna,Asesor Este,referido,tradicional,departamento,3,665735.0,1,False,0,5,0.0316,1
OP-001339,2025-05-21,Proyecto Granito,Asesor Norte,referido,tradicional,departamento,1,356434.0,45,True,0,4,0.0191,1
OP-001340,2025-07-29,Proyecto Cobalto,Asesor Centro,sala de ventas,tradicional,departamento,3,532418.0,21,False,0,1,0.0031,1
OP-001341,2026-06-04,Proyecto Aurora,Asesor Digital,facebook,digital,departamento,1,274956.0,17,True,0,0,0.057,0
OP-001342,2025-11-22,Proyecto Faro,Asesor Este,facebook,digital,departamento,1,458665.0,16,True,0,2,0.0189,0
OP-001343,2026-02-25,Proyecto Duna,Asesora Premium,facebook,digital,departamento,1,377842.0,34,False,0,1,0.0344,0
OP-001344,2025-08-12,Proyecto Duna,Asesor Centro,referido,tradicional,departamento,2,501547.0,34,True,1,0,0.0048,1
OP-001345,2025-11-20,Proyecto Horizonte,Asesora Premium,facebook,digital,departamento,3,658153.0,21,False,0,2,0.0529,0
OP-001346,2025-05-23,Proyecto Duna,Asesor Este,portal inmobiliario,digital,departamento,2,434086.0,29,True,1,3,0.0601,1
OP-001347,2026-01-17,Proyecto Cobalto,Asesor Norte,whatsapp,digital,departamento,3,562110.0,9,True,1,0,0.0,0
OP-001348,2026-05-29,Proyecto Cobalto,Asesor Este,sala de ventas,tradicional,departamento,2,449877.0,18,True,0,2,0.022,0
OP-001349,2025-03-23,Proyecto Cobalto,Asesor Digital,sala de ventas,tradicional,departamento,3,521710.0,9,True,0,2,0.0489,0
OP-001350,2025-10-11,Proyecto Aurora,Asesora Premium,feria,feria,departamento,3,547268.0,9,True,0,2,0.0166,0
OP-001351,2025-05-20,Proyecto Faro,Asesora Premium,whatsapp,digital,departamento,2,460528.0,27,False,0,1,0.0324,1
OP-001352,2025-11-28,Proyecto Granito,Asesor Digital,portal inmobiliario,digital,departamento,1,448772.0,22,True,0,0,0.0,1
OP-001353,2025-08-26,Proyecto Bruma,Asesor Este,sala de ventas,tradicional,departamento,1,393353.0,15,False,1,1,0.0108,1
OP-001354,2025-08-01,Proyecto Bruma,Asesor Este,facebook,digital,departamento,2,400850.0,18,True,0,2,0.0305,0
OP-001355,2025-07-22,Proyecto Granito,Asesor Digital,sala de ventas,tradicional,departamento,2,515685.0,29,True,0,0,0.0144,0
OP-001356,2025-09-18,Proyecto Aurora,Asesor Centro,feria,feria,departamento,1,447083.0,35,True,0,2,0.0185,0
OP-001357,2025-04-18,Proyecto Duna,Asesor Este,referido,tradicional,departamento,3,557058.0,31,True,0,3,0.0,1
OP-001358,2025-05-30,Proyecto Cobalto,Asesora Sur,referido,tradicional,departamento,3,622465.0,5,True,0,2,0.0368,0
OP-001359,2025-02-06,Proyecto Ébano,Asesor Digital,referido,tradicional,departamento,1,398804.0,2,True,1,3,0.0009,0
OP-001360,2025-08-12,Proyecto Aurora,Asesor Norte,facebook,digital,departamento,1,405109.0,11,True,0,3,0.0527,0
OP-001361,2025-11-15,Proyecto Ébano,Asesor Norte,referido,tradicional,departamento,1,409251.0,2,True,0,5,0.0127,1
OP-001362,2025-11-23,Proyecto Cobalto,Asesora Premium,sala de ventas,tradicional,departamento,2,460279.0,56,True,0,1,0.0394,0
OP-001363,2025-04-20,Proyecto Ébano,Asesor Norte,web,digital,departamento,3,626672.0,17,True,0,2,0.0376,1
OP-001364,2026-02-27,Proyecto Aurora,Asesora Sur,web,digital,departamento,2,464475.0,7,True,0,3,0.0073,0
OP-001365,2025-08-05,Proyecto Cobalto,Asesor Digital,web,digital,departamento,1,363957.0,17,True,0,0,0.0146,0
OP-001366,2026-02-22,Proyecto Duna,Asesor Este,facebook,digital,departamento,2,423449.0,4,False,0,3,0.0168,1
OP-001367,2026-03-03,Proyecto Bruma,Asesora Premium,feria,feria,departamento,1,425370.0,7,True,0,3,0.018,0
OP-001368,2025-01-06,Proyecto Aurora,Asesora Oeste,web,digital,departamento,2,518654.0,16,True,0,2,0.0016,0
OP-001369,2025-01-25,Proyecto Bruma,Asesor Norte,sala de ventas,tradicional,departamento,2,414570.0,14,True,1,2,0.0346,1
OP-001370,2025-10-06,Proyecto Cobalto,Asesora Sur,sala de ventas,tradicional,departamento,2,467460.0,16,True,1,2,0.0126,0
OP-001371,2026-03-12,Proyecto Aurora,Asesora Premium,web,digital,departamento,2,447620.0,30,False,1,1,0.0229,0
OP-001372,2025-07-14,Proyecto Horizonte,Asesor Norte,facebook,digital,departamento,3,595391.0,41,False,0,2,0.0431,0
OP-001373,2025-11-14,Proyecto Cobalto,Asesor Centro,sala de ventas,tradicional,departamento,1,266326.0,23,False,0,1,0.0353,0
OP-001374,2025-11-12,Proyecto Faro,Asesor Este,sala de ventas,tradicional,departamento,3,598117.0,42,True,0,2,0.0138,0
OP-001375,2026-02-01,Proyecto Horizonte,Asesor Este,sala de ventas,tradicional,departamento,1,409398.0,14,True,1,3,0.0437,0
OP-001376,2026-04-04,Proyecto Aurora,Asesor Digital,referido,tradicional,departamento,2,380732.0,46,True,1,4,0.037,1
OP-001377,2025-10-23,Proyecto Ébano,Asesor Centro,referido,tradicional,departamento,3,632734.0,24,False,0,2,0.0123,0
OP-001378,2026-02-08,Proyecto Granito,Asesor Centro,sala de ventas,tradicional,departamento,3,710957.0,38,True,0,2,0.0157,0
OP-001379,2025-11-10,Proyecto Ébano,Asesor Este,web,digital,departamento,1,439316.0,15,True,0,2,0.043,0
OP-001380,2025-06-21,Proyecto Cobalto,Asesor Este,facebook,digital,departamento,2,477032.0,23,True,0,1,0.039,0
OP-001381,2025-10-24,Proyecto Cobalto,Asesor Centro,facebook,digital,departamento,3,497777.0,75,False,0,0,0.0,0
OP-001382,2026-01-20,Proyecto Aurora,Asesor Norte,sala de ventas,tradicional,departamento,3,614364.0,23,True,0,1,0.0069,0
OP-001383,2026-04-11,Proyecto Duna,Asesora Sur,feria,feria,departamento,2,504052.0,40,True,0,2,0.0375,1
OP-001384,2025-02-22,Proyecto Horizonte,Asesor Centro,whatsapp,digital,departamento,1,452339.0,44,False,0,5,0.0039,1
OP-001385,2025-06-24,Proyecto Horizonte,Asesor Centro,referido,tradicional,departamento,2,650486.0,33,True,1,1,0.0395,0
OP-001386,2025-03-08,Proyecto Aurora,Asesor Norte,sala de ventas,tradicional,departamento,1,299635.0,37,False,0,0,0.0598,0
OP-001387,2025-03-31,Proyecto Ébano,Asesora Premium,facebook,digital,departamento,1,234885.0,15,True,0,3,0.0317,0
OP-001388,2025-04-28,Proyecto Bruma,Asesora Oeste,sala de ventas,tradicional,departamento,2,414060.0,11,False,1,4,0.0084,0
OP-001389,2026-04-15,Proyecto Granito,Asesora Sur,portal inmobiliario,digital,departamento,3,673732.0,9,False,0,5,0.0282,0
OP-001390,2025-07-27,Proyecto Aurora,Asesora Premium,sala de ventas,tradicional,departamento,1,346481.0,29,True,0,1,0.0436,1
OP-001391,2026-04-23,Proyecto Horizonte,Asesor Digital,whatsapp,digital,departamento,3,592140.0,22,False,0,4,0.0268,1
OP-001392,2025-09-23,Proyecto Granito,Asesor Este,referido,tradicional,departamento,3,568916.0,27,True,0,3,0.0337,0
OP-001393,2025-01-10,Proyecto Aurora,Asesora Sur,referido,tradicional,departamento,3,555497.0,8,True,0,3,0.0106,0
OP-001394,2025-07-26,Proyecto Aurora,Asesor Este,portal inmobiliario,digital,departamento,1,276465.0,13,True,1,4,0.012,0
OP-001395,2026-01-13,Proyecto Granito,Asesor Centro,sala de ventas,tradicional,departamento,2,560635.0,40,True,1,0,0.0413,0
OP-001396,2025-11-23,Proyecto Aurora,Asesor Norte,feria,feria,departamento,1,322372.0,25,True,0,1,0.0122,0
OP-001397,2025-07-11,Proyecto Duna,Asesora Oeste,sala de ventas,tradicional,departamento,1,346509.0,24,True,0,1,0.0,0
OP-001398,2025-03-06,Proyecto Granito,Asesor Norte,portal inmobiliario,digital,departamento,2,490295.0,18,False,0,3,0.0195,1
OP-001399,2026-01-29,Proyecto Duna,Asesor Norte,referido,tradicional,departamento,2,510472.0,12,False,0,4,0.0307,1
OP-001400,2025-09-29,Proyecto Cobalto,Asesora Oeste,sala de ventas,tradicional,departamento,1,371344.0,47,True,1,2,0.0441,0
OP-001401,2026-02-16,Proyecto Cobalto,Asesora Premium,feria,feria,departamento,1,380108.0,52,True,1,1,0.0546,0
OP-001402,2025-05-22,Proyecto Aurora,Asesor Digital,sala de ventas,tradicional,departamento,3,584907.0,23,True,0,2,0.0265,0
OP-001403,2025-03-23,Proyecto Horizonte,Asesor Norte,sala de ventas,tradicional,departamento,3,655029.0,20,True,0,1,0.0369,0
OP-001404,2025-07-09,Proyecto Bruma,Asesora Sur,feria,feria,departamento,2,415178.0,54,False,0,2,0.0272,0
OP-001405,2025-05-05,Proyecto Bruma,Asesor Este,facebook,digital,departamento,3,546829.0,13,False,0,2,0.0314,0
OP-001406,2025-09-22,Proyecto Bruma,Asesor Centro,portal inmobiliario,digital,departamento,1,335293.0,15,True,0,2,0.0216,1
OP-001407,2025-09-18,Proyecto Horizonte,Asesor Digital,web,digital,departamento,2,657586.0,38,True,0,3,0.032,0
OP-001408,2025-03-10,Proyecto Aurora,Asesor Centro,web,digital,departamento,3,500814.0,15,True,0,0,0.0119,0
OP-001409,2025-09-01,Proyecto Granito,Asesora Oeste,facebook,digital,departamento,2,508956.0,22,True,0,1,0.0606,0
OP-001410,2025-07-21,Proyecto Ébano,Asesor Norte,sala de ventas,tradicional,departamento,1,398405.0,3,True,0,1,0.0,0
OP-001411,2025-09-28,Proyecto Granito,Asesor Norte,whatsapp,digital,departamento,2,515317.0,53,True,0,2,0.0353,0
OP-001412,2026-01-31,Proyecto Horizonte,Asesora Sur,sala de ventas,tradicional,departamento,2,603068.0,36,True,0,2,0.0308,0
OP-001413,2025-08-25,Proyecto Granito,Asesor Centro,referido,tradicional,departamento,2,515033.0,45,True,0,4,0.0317,0
OP-001414,2025-05-25,Proyecto Horizonte,Asesor Este,facebook,digital,departamento,2,531100.0,10,False,2,0,0.0037,1
OP-001415,2026-04-15,Proyecto Aurora,Asesora Sur,facebook,digital,departamento,2,504805.0,60,False,2,3,0.0,1
OP-001416,2026-02-02,Proyecto Faro,Asesor Centro,referido,tradicional,departamento,1,504589.0,21,True,1,1,0.0359,0
OP-001417,2026-05-15,Proyecto Duna,Asesora Premium,feria,feria,departamento,2,573412.0,47,True,1,2,0.0491,0
OP-001418,2025-05-01,Proyecto Duna,Asesora Oeste,feria,feria,departamento,1,373484.0,28,False,1,1,0.029,0
OP-001419,2025-11-16,Proyecto Granito,Asesor Digital,portal inmobiliario,digital,departamento,3,644277.0,37,True,1,1,0.0395,0
OP-001420,2026-01-28,Proyecto Horizonte,Asesora Premium,facebook,digital,departamento,3,661570.0,30,False,1,3,0.0168,1
OP-001421,2026-04-10,Proyecto Ébano,Asesora Premium,facebook,digital,departamento,2,516085.0,15,True,0,3,0.031,0
OP-001422,2025-04-12,Proyecto Duna,Asesor Digital,sala de ventas,tradicional,departamento,3,564396.0,5,False,1,3,0.0471,1
OP-001423,2025-05-12,Proyecto Cobalto,Asesora Sur,feria,feria,departamento,1,420513.0,50,True,0,1,0.0194,1
OP-001424,2026-05-10,Proyecto Cobalto,Asesora Premium,facebook,digital,departamento,2,495364.0,2,False,1,0,0.0463,1
OP-001425,2025-10-22,Proyecto Cobalto,Asesor Digital,referido,tradicional,departamento,2,481533.0,40,True,0,3,0.0,0
OP-001426,2025-03-21,Proyecto Cobalto,Asesor Digital,sala de ventas,tradicional,departamento,2,414087.0,50,False,0,2,0.014,1
OP-001427,2025-04-11,Proyecto Aurora,Asesor Centro,feria,feria,departamento,3,578426.0,7,True,0,5,0.0348,0
OP-001428,2026-06-04,Proyecto Aurora,Asesora Premium,feria,feria,departamento,3,470873.0,16,True,0,2,0.0593,0
OP-001429,2026-04-13,Proyecto Faro,Asesor Digital,portal inmobiliario,digital,departamento,2,488009.0,6,False,0,3,0.0253,0
OP-001430,2025-04-30,Proyecto Cobalto,Asesora Premium,sala de ventas,tradicional,departamento,2,453030.0,13,True,1,1,0.0064,1
OP-001431,2025-10-15,Proyecto Horizonte,Asesor Digital,whatsapp,digital,departamento,2,559785.0,44,True,0,1,0.0588,0
OP-001432,2026-01-05,Proyecto Ébano,Asesora Premium,sala de ventas,tradicional,departamento,2,611392.0,37,True,0,3,0.0227,0
OP-001433,2025-08-21,Proyecto Aurora,Asesor Este,facebook,digital,departamento,1,376455.0,34,False,1,1,0.037,1
OP-001434,2025-06-08,Proyecto Aurora,Asesora Premium,sala de ventas,tradicional,departamento,3,654662.0,16,False,0,0,0.019,1
OP-001435,2025-12-31,Proyecto Bruma,Asesor Este,facebook,digital,departamento,3,622487.0,2,True,0,3,0.0276,0
OP-001436,2025-02-12,Proyecto Horizonte,Asesora Premium,referido,tradicional,departamento,3,720878.0,8,False,0,0,0.0149,0
OP-001437,2025-04-18,Proyecto Bruma,Asesora Premium,sala de ventas,tradicional,departamento,1,459142.0,18,False,0,4,0.0656,0
OP-001438,2025-01-13,Proyecto Duna,Asesor Digital,facebook,digital,departamento,1,340749.0,9,True,0,1,0.0464,0
OP-001439,2026-04-09,Proyecto Horizonte,Asesor Centro,web,digital,departamento,2,500159.0,40,True,0,2,0.0568,0
OP-001440,2025-03-18,Proyecto Horizonte,Asesora Oeste,feria,feria,departamento,3,695785.0,61,True,0,1,0.0108,0
OP-001441,2026-03-29,Proyecto Bruma,Asesora Sur,web,digital,departamento,1,356798.0,28,True,0,0,0.0,0
OP-001442,2025-08-01,Proyecto Aurora,Asesor Centro,referido,tradicional,departamento,1,357119.0,7,True,0,4,0.0197,0
OP-001443,2025-02-24,Proyecto Aurora,Asesora Oeste,sala de ventas,tradicional,departamento,1,331323.0,51,True,0,0,0.0703,1
OP-001444,2025-10-29,Proyecto Aurora,Asesora Oeste,feria,feria,departamento,3,542206.0,24,False,0,1,0.0192,0
OP-001445,2025-06-15,Proyecto Bruma,Asesor Centro,sala de ventas,tradicional,departamento,3,676142.0,21,True,0,3,0.0439,0
OP-001446,2025-09-06,Proyecto Duna,Asesora Premium,facebook,digital,departamento,3,550508.0,32,True,0,3,0.0066,0
OP-001447,2026-05-24,Proyecto Granito,Asesora Sur,sala de ventas,tradicional,departamento,1,454752.0,8,True,0,1,0.0101,0
OP-001448,2025-11-24,Proyecto Duna,Asesora Oeste,web,digital,departamento,3,639833.0,16,True,1,4,0.0236,0
OP-001449,2025-01-10,Proyecto Ébano,Asesora Premium,facebook,digital,departamento,2,421154.0,20,False,0,0,0.063,0
OP-001450,2025-02-19,Proyecto Bruma,Asesora Premium,web,digital,departamento,1,311307.0,26,True,1,2,0.0448,0
OP-001451,2026-02-05,Proyecto Faro,Asesora Premium,facebook,digital,departamento,2,483552.0,28,False,2,0,0.0,1
OP-001452,2025-12-18,Proyecto Ébano,Asesora Premium,facebook,digital,departamento,2,539052.0,32,True,0,0,0.037,1
OP-001453,2025-09-12,Proyecto Granito,Asesora Premium,facebook,digital,departamento,2,511813.0,14,True,1,2,0.0043,0
OP-001454,2026-02-13,Proyecto Horizonte,Asesor Digital,sala de ventas,tradicional,departamento,3,654293.0,4,True,0,2,0.0127,0
OP-001455,2025-04-27,Proyecto Cobalto,Asesor Centro,facebook,digital,departamento,2,403829.0,18,True,0,3,0.0342,0
OP-001456,2025-04-30,Proyecto Aurora,Asesora Sur,web,digital,departamento,2,587925.0,20,True,0,1,0.0502,0
OP-001457,2025-07-31,Proyecto Bruma,Asesora Oeste,referido,tradicional,departamento,3,590916.0,4,True,1,2,0.0493,0
OP-001458,2026-02-16,Proyecto Cobalto,Asesor Centro,sala de ventas,tradicional,departamento,2,511445.0,13,True,0,1,0.031,0
OP-001459,2026-05-26,Proyecto Horizonte,Asesor Norte,web,digital,departamento,1,399266.0,25,True,0,1,0.0312,0
OP-001460,2025-05-11,Proyecto Cobalto,Asesora Premium,facebook,digital,departamento,2,448105.0,15,True,0,3,0.0492,0
OP-001461,2025-11-18,Proyecto Faro,Asesora Oeste,sala de ventas,tradicional,departamento,1,510198.0,24,True,0,1,0.0,0
OP-001462,2025-08-19,Proyecto Duna,Asesor Digital,sala de ventas,tradicional,departamento,2,390580.0,14,True,0,0,0.0579,0
OP-001463,2026-04-04,Proyecto Bruma,Asesora Sur,referido,tradicional,departamento,3,602326.0,33,True,0,1,0.0118,0
OP-001464,2026-02-24,Proyecto Bruma,Asesor Digital,facebook,digital,departamento,2,405367.0,10,False,0,1,0.0297,1
OP-001465,2025-03-31,Proyecto Ébano,Asesora Oeste,web,digital,departamento,2,485725.0,22,False,1,3,0.0161,0
OP-001466,2025-12-24,Proyecto Ébano,Asesor Centro,sala de ventas,tradicional,departamento,1,357905.0,22,True,0,1,0.0042,1
OP-001467,2025-01-09,Proyecto Cobalto,Asesor Centro,feria,feria,departamento,2,429771.0,39,True,0,2,0.0333,0
OP-001468,2025-09-19,Proyecto Bruma,Asesor Centro,facebook,digital,departamento,2,473949.0,17,True,0,0,0.0293,0
OP-001469,2025-05-19,Proyecto Ébano,Asesor Digital,web,digital,departamento,3,481758.0,61,True,0,0,0.0231,0
OP-001470,2025-07-12,Proyecto Aurora,Asesora Sur,feria,feria,departamento,2,442648.0,59,False,0,1,0.0223,1
OP-001471,2025-06-21,Proyecto Horizonte,Asesora Premium,facebook,digital,departamento,3,654034.0,10,False,0,3,0.0525,0
OP-001472,2025-10-21,Proyecto Bruma,Asesor Digital,sala de ventas,tradicional,departamento,2,397240.0,21,True,0,0,0.0645,0
OP-001473,2026-03-18,Proyecto Aurora,Asesora Sur,referido,tradicional,departamento,3,658227.0,7,True,0,3,0.0476,0
OP-001474,2025-09-28,Proyecto Duna,Asesora Sur,whatsapp,digital,departamento,1,348305.0,30,True,0,0,0.03,0
OP-001475,2026-03-27,Proyecto Duna,Asesora Oeste,whatsapp,digital,departamento,2,482938.0,15,True,0,1,0.0,0
OP-001476,2026-05-21,Proyecto Duna,Asesora Premium,sala de ventas,tradicional,departamento,1,348428.0,24,True,0,1,0.0363,0
OP-001477,2025-04-26,Proyecto Cobalto,Asesor Digital,feria,feria,departamento,1,364514.0,18,True,1,2,0.0371,0
OP-001478,2026-03-06,Proyecto Horizonte,Asesora Premium,facebook,digital,departamento,3,730948.0,104,True,0,0,0.0389,1
OP-001479,2025-04-23,Proyecto Duna,Asesora Premium,sala de ventas,tradicional,departamento,3,747016.0,19,True,0,2,0.0045,0
OP-001480,2025-03-02,Proyecto Cobalto,Asesora Oeste,web,digital,departamento,2,525010.0,18,True,0,1,0.0403,0
OP-001481,2025-04-19,Proyecto Cobalto,Asesor Centro,referido,tradicional,departamento,2,543840.0,41,True,0,2,0.0531,0
OP-001482,2025-08-03,Proyecto Aurora,Asesora Sur,referido,tradicional,departamento,2,554404.0,45,True,0,1,0.0073,0
OP-001483,2025-03-30,Proyecto Duna,Asesora Oeste,feria,feria,departamento,2,509688.0,26,True,0,5,0.0373,0
OP-001484,2025-11-02,Proyecto Bruma,Asesora Sur,facebook,digital,departamento,3,673364.0,46,True,2,0,0.0104,0
OP-001485,2025-11-07,Proyecto Ébano,Asesor Norte,web,digital,departamento,2,551582.0,93,True,1,0,0.0231,1
OP-001486,2026-01-02,Proyecto Aurora,Asesora Premium,facebook,digital,departamento,3,582919.0,17,False,0,7,0.0079,1
OP-001487,2026-04-20,Proyecto Horizonte,Asesora Premium,sala de ventas,tradicional,departamento,2,563269.0,8,True,0,3,0.0187,0
OP-001488,2025-04-03,Proyecto Cobalto,Asesora Oeste,facebook,digital,departamento,3,498822.0,29,True,0,5,0.0188,1
OP-001489,2026-05-25,Proyecto Granito,Asesor Norte,whatsapp,digital,departamento,1,433067.0,43,True,0,4,0.0324,0
OP-001490,2026-03-08,Proyecto Cobalto,Asesor Norte,referido,tradicional,departamento,2,399094.0,58,True,0,5,0.041,1
OP-001491,2025-01-28,Proyecto Aurora,Asesor Norte,sala de ventas,tradicional,departamento,3,485610.0,32,True,0,0,0.0469,0
OP-001492,2025-11-24,Proyecto Faro,Asesora Premium,web,digital,departamento,1,415608.0,22,False,0,3,0.0133,0
OP-001493,2025-05-15,Proyecto Ébano,Asesora Sur,whatsapp,digital,departamento,1,331726.0,12,False,0,2,0.0315,0
OP-001494,2025-02-05,Proyecto Faro,Asesora Sur,portal inmobiliario,digital,departamento,2,519609.0,50,True,1,4,0.0052,0
OP-001495,2025-12-21,Proyecto Cobalto,Asesor Digital,referido,tradicional,departamento,2,491614.0,27,True,0,0,0.023,1
OP-001496,2025-01-31,Proyecto Ébano,Asesor Digital,facebook,digital,departamento,3,633068.0,4,False,0,3,0.0258,0
OP-001497,2025-04-03,Proyecto Granito,Asesora Premium,referido,tradicional,departamento,3,597273.0,74,True,0,1,0.0084,0
OP-001498,2025-12-23,Proyecto Ébano,Asesor Este,feria,feria,departamento,2,557428.0,9,True,0,1,0.0351,0
OP-001499,2025-02-13,Proyecto Cobalto,Asesor Centro,portal inmobiliario,digital,departamento,3,594092.0,44,False,0,0,0.0222,0
OP-001500,2026-01-28,Proyecto Ébano,Asesora Sur,feria,feria,departamento,2,532259.0,25,True,0,1,0.0278,0
OP-001501,2025-01-14,Proyecto Ébano,Asesor Digital,facebook,digital,departamento,3,557196.0,5,True,1,4,0.047,0
OP-001502,2025-06-11,Proyecto Horizonte,Asesor Norte,sala de ventas,tradicional,departamento,1,419192.0,20,True,0,0,0.0173,0
OP-001503,2025-05-14,Proyecto Cobalto,Asesora Premium,referido,tradicional,departamento,2,544351.0,17,True,0,3,0.0403,0
OP-001504,2025-03-26,Proyecto Cobalto,Asesora Oeste,sala de ventas,tradicional,departamento,1,422360.0,6,False,0,1,0.051,0
OP-001505,2025-10-04,Proyecto Faro,Asesora Premium,sala de ventas,tradicional,departamento,1,361149.0,30,True,0,2,0.0499,0
OP-001506,2025-04-25,Proyecto Duna,Asesora Oeste,referido,tradicional,departamento,3,580994.0,40,True,0,1,0.0216,0
OP-001507,2025-03-20,Proyecto Faro,Asesora Sur,web,digital,departamento,1,350622.0,21,True,0,2,0.0075,0
OP-001508,2025-07-23,Proyecto Cobalto,Asesora Premium,portal inmobiliario,digital,departamento,2,447897.0,17,True,0,2,0.0122,0
OP-001509,2025-09-16,Proyecto Bruma,Asesor Centro,feria,feria,departamento,3,510051.0,32,True,0,2,0.0,0
OP-001510,2025-11-25,Proyecto Faro,Asesora Oeste,portal inmobiliario,digital,departamento,1,397400.0,1,True,0,3,0.0373,0
OP-001511,2025-02-14,Proyecto Aurora,Asesor Este,feria,feria,departamento,2,494823.0,15,True,0,1,0.0385,0
OP-001512,2025-04-08,Proyecto Bruma,Asesor Este,web,digital,departamento,3,543822.0,16,True,0,1,0.0271,0
OP-001513,2025-01-27,Proyecto Ébano,Asesora Oeste,sala de ventas,tradicional,departamento,3,618017.0,22,False,0,1,0.0002,0
OP-001514,2026-02-16,Proyecto Faro,Asesora Sur,web,digital,departamento,2,507873.0,6,True,0,2,0.0184,0
OP-001515,2025-10-18,Proyecto Granito,Asesora Sur,sala de ventas,tradicional,departamento,3,705032.0,3,False,0,4,0.0498,0
OP-001516,2025-05-10,Proyecto Bruma,Asesora Sur,sala de ventas,tradicional,departamento,3,553362.0,9,True,0,0,0.036,0
OP-001517,2025-10-04,Proyecto Aurora,Asesor Norte,sala de ventas,tradicional,departamento,2,428363.0,30,True,1,1,0.0391,0
OP-001518,2026-02-25,Proyecto Horizonte,Asesor Digital,feria,feria,departamento,2,497469.0,16,False,1,1,0.0845,0
OP-001519,2026-01-31,Proyecto Aurora,Asesora Sur,feria,feria,departamento,3,512437.0,9,False,0,2,0.0309,1
OP-001520,2026-04-26,Proyecto Bruma,Asesora Sur,whatsapp,digital,departamento,3,616105.0,67,True,0,4,0.0,1
OP-001521,2025-04-30,Proyecto Bruma,Asesora Sur,whatsapp,digital,departamento,2,464569.0,17,True,0,1,0.0052,0
OP-001522,2025-03-27,Proyecto Duna,Asesor Digital,portal inmobiliario,digital,departamento,3,614015.0,22,False,1,2,0.0305,0
OP-001523,2026-02-02,Proyecto Granito,Asesora Oeste,sala de ventas,tradicional,departamento,3,717105.0,49,True,0,2,0.0253,0
OP-001524,2026-04-23,Proyecto Faro,Asesor Este,portal inmobiliario,digital,departamento,2,593264.0,24,True,1,3,0.0219,0
OP-001525,2025-04-02,Proyecto Ébano,Asesor Este,feria,feria,departamento,3,532457.0,32,True,0,3,0.0222,1
OP-001526,2026-01-02,Proyecto Aurora,Asesor Norte,portal inmobiliario,digital,departamento,2,495631.0,11,False,0,3,0.0109,1
OP-001527,2025-10-26,Proyecto Cobalto,Asesor Este,sala de ventas,tradicional,departamento,3,611411.0,23,True,1,4,0.0317,0
OP-001528,2026-04-07,Proyecto Cobalto,Asesora Sur,sala de ventas,tradicional,departamento,3,573612.0,62,True,1,2,0.0501,1
OP-001529,2025-04-11,Proyecto Aurora,Asesora Premium,portal inmobiliario,digital,departamento,1,363023.0,29,False,2,3,0.0562,0
OP-001530,2025-06-30,Proyecto Bruma,Asesor Norte,sala de ventas,tradicional,departamento,1,262049.0,26,True,0,1,0.0557,0
OP-001531,2025-11-19,Proyecto Bruma,Asesor Este,facebook,digital,departamento,2,552445.0,18,False,0,2,0.0078,0
OP-001532,2026-03-26,Proyecto Aurora,Asesora Premium,facebook,digital,departamento,3,603322.0,7,True,1,1,0.0246,1
OP-001533,2026-03-06,Proyecto Duna,Asesora Premium,sala de ventas,tradicional,departamento,2,448414.0,46,False,2,0,0.0194,0
OP-001534,2025-09-05,Proyecto Ébano,Asesora Oeste,sala de ventas,tradicional,departamento,3,590802.0,21,True,0,3,0.0357,0
OP-001535,2025-07-12,Proyecto Aurora,Asesora Sur,whatsapp,digital,departamento,2,366327.0,13,True,0,4,0.0235,0
OP-001536,2025-04-09,Proyecto Duna,Asesor Este,portal inmobiliario,digital,departamento,2,478732.0,6,True,0,2,0.0209,0
OP-001537,2025-07-28,Proyecto Faro,Asesora Sur,portal inmobiliario,digital,departamento,3,608450.0,27,False,0,2,0.0512,0
OP-001538,2026-06-03,Proyecto Faro,Asesor Centro,facebook,digital,departamento,2,447119.0,8,True,0,1,0.0268,0
OP-001539,2025-04-29,Proyecto Faro,Asesor Este,sala de ventas,tradicional,departamento,2,562719.0,46,True,1,3,0.0272,0
OP-001540,2026-05-09,Proyecto Cobalto,Asesor Centro,facebook,digital,departamento,1,439224.0,13,True,0,0,0.0324,0
OP-001541,2025-05-26,Proyecto Faro,Asesor Centro,facebook,digital,departamento,1,403495.0,23,True,0,1,0.0372,0
OP-001542,2025-03-06,Proyecto Bruma,Asesor Digital,sala de ventas,tradicional,departamento,1,340189.0,28,True,0,4,0.0373,0
OP-001543,2026-01-09,Proyecto Cobalto,Asesor Este,feria,feria,departamento,2,507924.0,26,True,0,1,0.0529,0
OP-001544,2025-08-26,Proyecto Aurora,Asesor Digital,whatsapp,digital,departamento,2,458920.0,40,True,0,0,0.0019,0
OP-001545,2026-01-16,Proyecto Cobalto,Asesor Este,referido,tradicional,departamento,2,424480.0,14,True,1,2,0.0308,0
OP-001546,2026-05-28,Proyecto Cobalto,Asesor Centro,facebook,digital,departamento,1,333103.0,22,True,1,2,0.0232,1
OP-001547,2025-03-18,Proyecto Bruma,Asesor Centro,facebook,digital,departamento,1,340696.0,33,True,0,1,0.0196,0
OP-001548,2025-10-13,Proyecto Faro,Asesora Premium,sala de ventas,tradicional,departamento,2,533650.0,58,True,0,2,0.0386,0
OP-001549,2025-05-19,Proyecto Bruma,Asesora Oeste,facebook,digital,departamento,3,587514.0,38,True,0,2,0.0483,1
OP-001550,2025-09-16,Proyecto Bruma,Asesora Premium,referido,tradicional,departamento,2,483570.0,43,False,0,1,0.0143,0
OP-001551,2025-05-14,Proyecto Aurora,Asesor Este,facebook,digital,departamento,1,261134.0,17,True,1,1,0.0554,0
OP-001552,2025-04-12,Proyecto Cobalto,Asesora Oeste,referido,tradicional,departamento,2,520587.0,29,True,1,1,0.0,1
OP-001553,2025-09-27,Proyecto Bruma,Asesora Oeste,portal inmobiliario,digital,departamento,3,587188.0,52,False,1,5,0.0356,0
OP-001554,2025-08-07,Proyecto Cobalto,Asesor Centro,sala de ventas,tradicional,departamento,3,739399.0,21,True,0,6,0.009,0
OP-001555,2026-02-03,Proyecto Bruma,Asesor Centro,sala de ventas,tradicional,departamento,3,565680.0,29,False,0,1,0.0134,1
OP-001556,2025-09-17,Proyecto Faro,Asesor Norte,sala de ventas,tradicional,departamento,3,652790.0,5,True,0,1,0.0261,0
OP-001557,2025-11-10,Proyecto Horizonte,Asesora Premium,sala de ventas,tradicional,departamento,2,699607.0,35,False,1,0,0.0178,1
OP-001558,2026-01-07,Proyecto Duna,Asesora Premium,referido,tradicional,departamento,3,621675.0,26,False,0,1,0.0,0
OP-001559,2025-01-29,Proyecto Ébano,Asesor Norte,feria,feria,departamento,1,389280.0,33,False,0,1,0.036,1
OP-001560,2025-08-23,Proyecto Granito,Asesor Digital,portal inmobiliario,digital,departamento,3,592719.0,17,True,0,4,0.039,0
OP-001561,2025-09-30,Proyecto Horizonte,Asesor Centro,web,digital,departamento,3,743055.0,4,False,0,3,0.0221,0
OP-001562,2025-11-27,Proyecto Ébano,Asesor Norte,facebook,digital,departamento,3,559249.0,36,False,0,6,0.0207,0
OP-001563,2025-01-21,Proyecto Granito,Asesora Oeste,sala de ventas,tradicional,departamento,2,555492.0,12,True,0,0,0.0183,0
OP-001564,2025-02-22,Proyecto Granito,Asesora Premium,facebook,digital,departamento,3,620954.0,6,True,2,1,0.0,0
OP-001565,2026-03-18,Proyecto Faro,Asesora Sur,facebook,digital,departamento,1,394587.0,25,True,0,0,0.0,0
OP-001566,2026-02-02,Proyecto Cobalto,Asesor Digital,portal inmobiliario,digital,departamento,2,405684.0,63,False,0,2,0.0395,1
OP-001567,2025-08-07,Proyecto Aurora,Asesor Este,referido,tradicional,departamento,2,533872.0,11,False,0,2,0.0442,0
OP-001568,2025-01-02,Proyecto Aurora,Asesora Sur,sala de ventas,tradicional,departamento,2,444721.0,13,True,0,0,0.0357,0
OP-001569,2025-05-15,Proyecto Cobalto,Asesor Este,facebook,digital,departamento,3,532170.0,37,True,1,3,0.0318,0
OP-001570,2025-11-30,Proyecto Duna,Asesora Oeste,sala de ventas,tradicional,departamento,2,564898.0,19,True,0,3,0.0391,0
OP-001571,2025-12-20,Proyecto Cobalto,Asesor Centro,portal inmobiliario,digital,departamento,1,341272.0,36,True,0,1,0.0379,1
OP-001572,2026-03-06,Proyecto Duna,Asesor Digital,sala de ventas,tradicional,departamento,2,514403.0,18,False,0,3,0.0109,1
OP-001573,2025-10-15,Proyecto Duna,Asesora Sur,sala de ventas,tradicional,departamento,2,542278.0,16,True,0,2,0.029,0
OP-001574,2026-02-03,Proyecto Granito,Asesor Digital,sala de ventas,tradicional,departamento,3,673072.0,11,False,0,1,0.0197,1
OP-001575,2025-05-03,Proyecto Aurora,Asesora Oeste,feria,feria,departamento,3,454185.0,27,True,1,3,0.0199,0
OP-001576,2025-03-18,Proyecto Bruma,Asesor Norte,referido,tradicional,departamento,1,395245.0,11,True,0,2,0.0455,0
OP-001577,2025-06-24,Proyecto Faro,Asesor Digital,web,digital,departamento,3,629466.0,15,False,1,2,0.0533,1
OP-001578,2026-03-16,Proyecto Granito,Asesor Este,facebook,digital,departamento,3,628903.0,46,True,0,3,0.0,0
OP-001579,2026-04-07,Proyecto Horizonte,Asesor Centro,sala de ventas,tradicional,departamento,1,423001.0,80,False,1,3,0.0204,1
OP-001580,2025-02-11,Proyecto Granito,Asesor Centro,portal inmobiliario,digital,departamento,2,443448.0,30,False,0,1,0.0195,0
OP-001581,2025-04-12,Proyecto Granito,Asesor Norte,sala de ventas,tradicional,departamento,2,542569.0,47,False,0,2,0.0459,0
OP-001582,2025-02-04,Proyecto Bruma,Asesora Sur,sala de ventas,tradicional,departamento,2,396958.0,17,False,0,3,0.0,0
OP-001583,2026-02-02,Proyecto Cobalto,Asesor Centro,referido,tradicional,departamento,1,353279.0,18,True,0,3,0.0,0
OP-001584,2026-03-04,Proyecto Bruma,Asesor Este,sala de ventas,tradicional,departamento,1,365595.0,25,True,0,4,0.0398,0
OP-001585,2026-04-28,Proyecto Duna,Asesor Norte,sala de ventas,tradicional,departamento,1,440072.0,13,False,0,1,0.0423,1
OP-001586,2025-04-05,Proyecto Horizonte,Asesor Norte,feria,feria,departamento,1,383921.0,16,True,0,3,0.0,0
OP-001587,2025-09-27,Proyecto Cobalto,Asesora Premium,referido,tradicional,departamento,1,448837.0,35,False,0,1,0.0228,1
OP-001588,2025-08-21,Proyecto Duna,Asesora Sur,sala de ventas,tradicional,departamento,3,663077.0,22,True,0,1,0.0525,0
OP-001589,2026-05-23,Proyecto Bruma,Asesor Norte,facebook,digital,departamento,2,448382.0,20,False,1,4,0.0056,0
OP-001590,2026-05-03,Proyecto Aurora,Asesora Oeste,web,digital,departamento,2,399019.0,19,True,0,0,0.0268,0
OP-001591,2026-03-12,Proyecto Bruma,Asesor Norte,sala de ventas,tradicional,departamento,2,392590.0,9,False,1,2,0.0341,0
OP-001592,2025-04-19,Proyecto Aurora,Asesor Centro,sala de ventas,tradicional,departamento,2,474946.0,25,True,0,1,0.0,0
OP-001593,2025-06-23,Proyecto Horizonte,Asesora Oeste,web,digital,departamento,1,388449.0,13,True,0,2,0.0149,0
OP-001594,2026-02-10,Proyecto Cobalto,Asesor Centro,referido,tradicional,departamento,1,434965.0,5,False,0,2,0.0,0
OP-001595,2025-11-13,Proyecto Granito,Asesora Oeste,whatsapp,digital,departamento,1,379626.0,8,True,0,1,0.022,0
OP-001596,2025-10-31,Proyecto Ébano,Asesora Premium,facebook,digital,departamento,2,458463.0,19,True,0,0,0.0108,0
OP-001597,2025-02-09,Proyecto Bruma,Asesor Centro,sala de ventas,tradicional,departamento,2,484849.0,33,True,0,3,0.0287,0
OP-001598,2025-07-30,Proyecto Aurora,Asesor Este,referido,tradicional,departamento,2,422267.0,39,True,0,0,0.0364,1
OP-001599,2026-05-23,Proyecto Faro,Asesor Norte,web,digital,departamento,2,520470.0,7,True,0,2,0.05,0
OP-001600,2025-08-27,Proyecto Bruma,Asesora Sur,sala de ventas,tradicional,departamento,3,641229.0,31,True,0,0,0.067,1
OP-001601,2026-04-05,Proyecto Granito,Asesor Norte,referido,tradicional,departamento,2,538448.0,65,True,0,0,0.0287,1
OP-001602,2025-08-02,Proyecto Aurora,Asesor Norte,sala de ventas,tradicional,departamento,2,466653.0,41,True,1,0,0.0193,0
OP-001603,2026-03-17,Proyecto Ébano,Asesora Sur,portal inmobiliario,digital,departamento,2,519283.0,24,False,0,0,0.0183,0
OP-001604,2026-03-07,Proyecto Faro,Asesora Sur,feria,feria,departamento,3,541880.0,25,True,0,3,0.0076,0
OP-001605,2025-11-20,Proyecto Bruma,Asesor Norte,facebook,digital,departamento,3,608551.0,24,True,0,2,0.0331,1
OP-001606,2026-02-28,Proyecto Bruma,Asesor Este,whatsapp,digital,departamento,3,595796.0,15,True,0,0,0.0161,1
OP-001607,2025-01-25,Proyecto Horizonte,Asesora Oeste,whatsapp,digital,departamento,1,478109.0,42,True,0,0,0.0343,0
OP-001608,2025-07-14,Proyecto Bruma,Asesora Sur,sala de ventas,tradicional,departamento,2,505320.0,10,False,0,0,0.0082,1
OP-001609,2025-02-16,Proyecto Cobalto,Asesora Sur,facebook,digital,departamento,3,587893.0,25,False,0,1,0.0166,1
OP-001610,2025-12-29,Proyecto Cobalto,Asesor Norte,referido,tradicional,departamento,2,540782.0,5,True,0,2,0.0328,1
OP-001611,2025-06-02,Proyecto Bruma,Asesor Norte,sala de ventas,tradicional,departamento,3,570905.0,44,True,0,0,0.0228,0
OP-001612,2025-10-04,Proyecto Faro,Asesora Sur,facebook,digital,departamento,2,533594.0,24,False,0,3,0.0,1
OP-001613,2026-03-15,Proyecto Faro,Asesora Oeste,facebook,digital,departamento,2,502887.0,6,True,0,0,0.0247,0
OP-001614,2026-01-25,Proyecto Cobalto,Asesor Centro,whatsapp,digital,departamento,2,509397.0,54,True,0,2,0.0106,0
OP-001615,2025-12-13,Proyecto Granito,Asesora Premium,facebook,digital,departamento,2,511293.0,20,True,1,3,0.0463,0
OP-001616,2025-01-27,Proyecto Bruma,Asesor Centro,feria,feria,departamento,3,677615.0,7,False,0,1,0.0425,0
OP-001617,2025-11-17,Proyecto Aurora,Asesor Centro,facebook,digital,departamento,1,455955.0,69,True,1,2,0.0,1
OP-001618,2025-06-24,Proyecto Duna,Asesor Digital,sala de ventas,tradicional,departamento,2,544067.0,18,True,1,2,0.0394,1
OP-001619,2026-05-30,Proyecto Horizonte,Asesora Sur,portal inmobiliario,digital,departamento,2,628771.0,12,False,1,6,0.032,0
OP-001620,2025-06-24,Proyecto Aurora,Asesora Premium,sala de ventas,tradicional,departamento,3,490343.0,26,True,0,3,0.0,0
OP-001621,2026-01-25,Proyecto Bruma,Asesor Digital,sala de ventas,tradicional,departamento,2,393824.0,8,True,0,3,0.0408,0
OP-001622,2025-11-07,Proyecto Duna,Asesora Oeste,facebook,digital,departamento,3,593314.0,15,True,1,3,0.002,0
OP-001623,2025-06-24,Proyecto Faro,Asesora Premium,web,digital,departamento,3,637268.0,50,False,0,2,0.0456,1
OP-001624,2025-04-18,Proyecto Aurora,Asesor Norte,facebook,digital,departamento,2,449099.0,18,True,1,3,0.0134,0
OP-001625,2025-05-16,Proyecto Cobalto,Asesor Digital,sala de ventas,tradicional,departamento,3,508683.0,30,True,0,0,0.0,0
OP-001626,2025-10-04,Proyecto Faro,Asesora Oeste,facebook,digital,departamento,3,698338.0,52,False,0,0,0.0632,1
OP-001627,2026-04-06,Proyecto Cobalto,Asesora Sur,sala de ventas,tradicional,departamento,1,487481.0,18,True,1,0,0.0,0
OP-001628,2026-05-25,Proyecto Bruma,Asesor Norte,sala de ventas,tradicional,departamento,2,542454.0,11,True,0,0,0.0105,0
OP-001629,2025-06-13,Proyecto Bruma,Asesora Premium,referido,tradicional,departamento,2,531704.0,34,True,1,5,0.014,1
OP-001630,2025-01-23,Proyecto Cobalto,Asesora Oeste,sala de ventas,tradicional,departamento,2,496437.0,7,True,0,4,0.0168,0
OP-001631,2025-04-25,Proyecto Cobalto,Asesor Este,facebook,digital,departamento,1,322635.0,10,True,0,2,0.0376,0
OP-001632,2025-09-19,Proyecto Granito,Asesor Este,web,digital,departamento,3,650989.0,6,True,0,1,0.026,0
OP-001633,2025-07-28,Proyecto Ébano,Asesor Digital,web,digital,departamento,2,623807.0,49,False,0,1,0.0431,0
OP-001634,2025-03-13,Proyecto Ébano,Asesor Este,facebook,digital,departamento,2,488641.0,23,False,0,0,0.0317,1
OP-001635,2025-04-01,Proyecto Horizonte,Asesor Norte,facebook,digital,departamento,1,403977.0,34,False,0,5,0.0,0
OP-001636,2025-10-30,Proyecto Cobalto,Asesora Sur,sala de ventas,tradicional,departamento,3,659902.0,11,True,0,2,0.0349,0
OP-001637,2025-05-19,Proyecto Cobalto,Asesora Sur,whatsapp,digital,departamento,2,548553.0,29,True,0,3,0.0292,0
OP-001638,2025-05-06,Proyecto Horizonte,Asesor Centro,sala de ventas,tradicional,departamento,2,497365.0,30,False,0,0,0.0138,1
OP-001639,2025-07-15,Proyecto Bruma,Asesora Premium,sala de ventas,tradicional,departamento,2,457618.0,69,True,0,1,0.0623,0
OP-001640,2026-04-15,Proyecto Ébano,Asesora Premium,facebook,digital,departamento,1,365395.0,32,True,0,3,0.036,0
OP-001641,2026-03-15,Proyecto Faro,Asesor Centro,sala de ventas,tradicional,departamento,2,523833.0,39,True,0,1,0.042,1
OP-001642,2025-06-15,Proyecto Aurora,Asesora Premium,sala de ventas,tradicional,departamento,3,635703.0,24,True,0,1,0.0426,0
OP-001643,2026-02-04,Proyecto Cobalto,Asesor Este,sala de ventas,tradicional,departamento,1,324778.0,1,True,2,3,0.0174,0
OP-001644,2026-05-14,Proyecto Bruma,Asesor Centro,web,digital,departamento,3,646932.0,27,True,0,2,0.0364,0
OP-001645,2025-05-26,Proyecto Bruma,Asesor Norte,web,digital,departamento,1,362591.0,19,False,0,1,0.0307,0
OP-001646,2025-01-03,Proyecto Cobalto,Asesora Oeste,web,digital,departamento,3,726941.0,19,True,0,1,0.015,1
OP-001647,2025-05-01,Proyecto Bruma,Asesora Oeste,feria,feria,departamento,1,374536.0,15,True,0,4,0.003,0
OP-001648,2026-03-09,Proyecto Faro,Asesor Norte,facebook,digital,departamento,2,514669.0,19,True,0,3,0.0254,1
OP-001649,2025-02-25,Proyecto Granito,Asesora Oeste,portal inmobiliario,digital,departamento,2,563609.0,13,True,0,1,0.0356,0
OP-001650,2025-05-17,Proyecto Faro,Asesora Premium,web,digital,departamento,1,386457.0,37,True,0,4,0.0253,0
OP-001651,2026-05-12,Proyecto Bruma,Asesor Este,feria,feria,departamento,2,373260.0,9,True,0,3,0.0217,0
OP-001652,2025-04-15,Proyecto Bruma,Asesora Oeste,web,digital,departamento,2,458771.0,63,True,0,2,0.0255,1
OP-001653,2025-09-07,Proyecto Bruma,Asesor Este,facebook,digital,departamento,2,457904.0,35,True,0,3,0.0198,0
OP-001654,2026-04-05,Proyecto Aurora,Asesora Sur,facebook,digital,departamento,3,487423.0,43,False,1,2,0.0529,1
OP-001655,2026-03-17,Proyecto Horizonte,Asesor Norte,facebook,digital,departamento,2,539983.0,10,True,0,1,0.0299,0
OP-001656,2025-06-08,Proyecto Cobalto,Asesor Este,sala de ventas,tradicional,departamento,3,485309.0,14,True,0,1,0.0162,0
OP-001657,2025-05-10,Proyecto Bruma,Asesora Premium,facebook,digital,departamento,2,452877.0,24,False,0,1,0.0,1
OP-001658,2025-10-31,Proyecto Granito,Asesor Digital,sala de ventas,tradicional,departamento,1,430398.0,22,False,1,0,0.0215,0
OP-001659,2025-06-17,Proyecto Cobalto,Asesor Centro,sala de ventas,tradicional,departamento,1,374335.0,35,False,1,1,0.0146,0
OP-001660,2026-01-19,Proyecto Aurora,Asesor Centro,portal inmobiliario,digital,departamento,2,437391.0,22,True,0,3,0.0139,0
OP-001661,2025-12-18,Proyecto Aurora,Asesor Centro,web,digital,departamento,2,455296.0,65,False,0,0,0.042,1
OP-001662,2025-08-06,Proyecto Ébano,Asesora Oeste,referido,tradicional,departamento,3,579876.0,10,True,0,2,0.0264,0
OP-001663,2025-08-02,Proyecto Faro,Asesor Este,facebook,digital,departamento,3,635595.0,8,True,0,3,0.0,0
OP-001664,2025-02-22,Proyecto Bruma,Asesor Centro,referido,tradicional,departamento,2,475195.0,14,False,0,2,0.0361,0
OP-001665,2025-12-27,Proyecto Granito,Asesora Premium,portal inmobiliario,digital,departamento,2,482486.0,19,True,1,1,0.0,0
OP-001666,2026-04-25,Proyecto Granito,Asesor Este,web,digital,departamento,2,546723.0,46,False,0,4,0.0375,1
OP-001667,2026-04-01,Proyecto Granito,Asesora Oeste,referido,tradicional,departamento,2,546380.0,28,False,0,5,0.0164,1
OP-001668,2025-12-03,Proyecto Bruma,Asesora Oeste,facebook,digital,departamento,1,347858.0,2,True,0,5,0.0266,0
OP-001669,2026-01-14,Proyecto Aurora,Asesora Sur,facebook,digital,departamento,1,478158.0,2,True,1,0,0.0246,0
OP-001670,2026-04-10,Proyecto Granito,Asesor Este,web,digital,departamento,2,524261.0,20,False,0,4,0.0223,0
OP-001671,2025-04-24,Proyecto Bruma,Asesor Norte,whatsapp,digital,departamento,1,341642.0,16,True,0,1,0.0288,0
OP-001672,2026-02-04,Proyecto Ébano,Asesora Oeste,facebook,digital,departamento,3,599768.0,20,True,0,1,0.0265,0
OP-001673,2025-02-23,Proyecto Faro,Asesor Centro,facebook,digital,departamento,1,351598.0,19,True,1,2,0.0587,0
OP-001674,2026-02-07,Proyecto Aurora,Asesor Centro,facebook,digital,departamento,1,382724.0,59,False,0,2,0.029,1
OP-001675,2025-04-24,Proyecto Faro,Asesor Digital,facebook,digital,departamento,3,597256.0,41,False,1,3,0.0294,0
OP-001676,2025-11-03,Proyecto Horizonte,Asesor Norte,whatsapp,digital,departamento,3,627763.0,15,True,0,1,0.0122,1
OP-001677,2025-01-02,Proyecto Ébano,Asesora Premium,web,digital,departamento,2,478397.0,22,False,0,1,0.0319,1
OP-001678,2025-01-04,Proyecto Cobalto,Asesora Premium,facebook,digital,departamento,2,429828.0,17,False,0,1,0.0066,0
OP-001679,2025-12-04,Proyecto Granito,Asesora Oeste,facebook,digital,departamento,3,550690.0,3,True,1,4,0.0457,0
OP-001680,2026-04-04,Proyecto Duna,Asesora Sur,facebook,digital,departamento,1,355538.0,15,True,0,1,0.0,0
OP-001681,2025-02-27,Proyecto Faro,Asesor Este,sala de ventas,tradicional,departamento,2,568033.0,15,True,0,3,0.0098,0
OP-001682,2026-03-09,Proyecto Faro,Asesor Centro,referido,tradicional,departamento,1,415834.0,13,False,0,3,0.0,0
OP-001683,2026-01-28,Proyecto Faro,Asesor Digital,feria,feria,departamento,2,605832.0,15,True,0,2,0.0326,0
OP-001684,2026-01-14,Proyecto Bruma,Asesor Centro,web,digital,departamento,3,628303.0,18,True,0,2,0.0174,0
OP-001685,2025-05-22,Proyecto Aurora,Asesora Oeste,sala de ventas,tradicional,departamento,3,603818.0,30,True,0,1,0.0373,0
OP-001686,2026-04-02,Proyecto Bruma,Asesor Centro,web,digital,departamento,3,690546.0,14,True,0,4,0.0074,0
OP-001687,2025-11-13,Proyecto Duna,Asesor Norte,web,digital,departamento,3,605657.0,50,True,1,2,0.0346,1
OP-001688,2025-04-06,Proyecto Duna,Asesor Centro,facebook,digital,departamento,2,499469.0,10,True,1,1,0.0354,0
OP-001689,2026-04-04,Proyecto Duna,Asesor Norte,web,digital,departamento,3,610369.0,45,True,1,1,0.0288,1
OP-001690,2025-05-27,Proyecto Cobalto,Asesor Digital,web,digital,departamento,2,568908.0,27,False,0,3,0.0256,1
OP-001691,2025-09-16,Proyecto Faro,Asesor Digital,feria,feria,departamento,2,520138.0,8,True,0,1,0.0275,0
OP-001692,2025-03-23,Proyecto Granito,Asesora Oeste,sala de ventas,tradicional,departamento,2,496345.0,17,False,1,1,0.0086,0
OP-001693,2025-07-22,Proyecto Bruma,Asesor Este,sala de ventas,tradicional,departamento,2,504322.0,61,True,1,1,0.0056,1
OP-001694,2025-12-03,Proyecto Faro,Asesora Premium,referido,tradicional,departamento,1,360106.0,10,True,0,3,0.0348,0
OP-001695,2026-04-13,Proyecto Ébano,Asesor Centro,sala de ventas,tradicional,departamento,2,537341.0,62,False,0,1,0.0184,1
OP-001696,2025-08-16,Proyecto Duna,Asesor Centro,facebook,digital,departamento,1,403761.0,31,True,0,1,0.0332,0
OP-001697,2025-11-18,Proyecto Bruma,Asesora Oeste,feria,feria,departamento,2,461583.0,27,True,0,3,0.0529,0
OP-001698,2025-02-23,Proyecto Faro,Asesora Sur,sala de ventas,tradicional,departamento,1,436120.0,29,True,1,3,0.0168,0
OP-001699,2025-05-05,Proyecto Horizonte,Asesor Norte,facebook,digital,departamento,2,462172.0,17,True,0,1,0.0142,0
OP-001700,2025-10-27,Proyecto Ébano,Asesora Sur,whatsapp,digital,departamento,2,516963.0,11,True,0,4,0.0192,0
OP-001701,2025-01-22,Proyecto Granito,Asesora Oeste,referido,tradicional,departamento,1,391548.0,22,False,0,2,0.0257,0
OP-001702,2025-06-26,Proyecto Horizonte,Asesor Este,referido,tradicional,departamento,3,816424.0,28,False,0,2,0.0361,0
OP-001703,2025-02-01,Proyecto Cobalto,Asesora Oeste,referido,tradicional,departamento,2,492570.0,32,False,0,3,0.0245,1
OP-001704,2025-09-13,Proyecto Ébano,Asesora Sur,sala de ventas,tradicional,departamento,2,475198.0,31,False,0,1,0.0624,0
OP-001705,2025-05-17,Proyecto Cobalto,Asesor Digital,sala de ventas,tradicional,departamento,1,293193.0,36,False,0,1,0.0326,1
OP-001706,2025-05-16,Proyecto Horizonte,Asesor Este,web,digital,departamento,3,730797.0,77,True,1,1,0.0391,1
OP-001707,2025-08-29,Proyecto Aurora,Asesora Premium,facebook,digital,departamento,2,440748.0,26,True,0,1,0.0243,1
OP-001708,2025-03-25,Proyecto Cobalto,Asesor Este,facebook,digital,departamento,2,440476.0,49,False,2,3,0.0432,0
OP-001709,2026-01-30,Proyecto Granito,Asesora Oeste,sala de ventas,tradicional,departamento,1,435496.0,32,True,0,5,0.0213,0
OP-001710,2025-08-23,Proyecto Bruma,Asesor Centro,portal inmobiliario,digital,departamento,3,622735.0,82,False,1,1,0.0134,1
OP-001711,2026-04-15,Proyecto Faro,Asesora Sur,sala de ventas,tradicional,departamento,3,669867.0,24,True,0,0,0.0413,0
OP-001712,2025-04-28,Proyecto Cobalto,Asesora Sur,feria,feria,departamento,2,485086.0,22,True,1,1,0.024,0
OP-001713,2025-02-02,Proyecto Horizonte,Asesor Este,facebook,digital,departamento,1,437755.0,47,False,2,2,0.0294,0
OP-001714,2025-07-30,Proyecto Granito,Asesora Premium,referido,tradicional,departamento,1,429762.0,47,False,1,3,0.0427,1
OP-001715,2025-02-24,Proyecto Bruma,Asesora Sur,sala de ventas,tradicional,departamento,1,375502.0,18,False,0,1,0.0275,1
OP-001716,2025-07-18,Proyecto Faro,Asesora Oeste,sala de ventas,tradicional,departamento,3,658369.0,32,True,0,1,0.0223,0
OP-001717,2026-02-06,Proyecto Bruma,Asesor Centro,referido,tradicional,departamento,3,647195.0,36,True,0,0,0.0154,0
OP-001718,2026-05-05,Proyecto Duna,Asesor Centro,web,digital,departamento,3,614103.0,35,True,0,3,0.0441,1
OP-001719,2025-08-27,Proyecto Ébano,Asesora Oeste,sala de ventas,tradicional,departamento,3,578076.0,29,False,0,3,0.0188,1
OP-001720,2025-04-08,Proyecto Faro,Asesor Norte,facebook,digital,departamento,1,397064.0,5,True,1,3,0.0241,0
OP-001721,2025-07-21,Proyecto Aurora,Asesor Norte,facebook,digital,departamento,3,616458.0,35,True,0,5,0.0302,0
OP-001722,2025-05-29,Proyecto Bruma,Asesora Oeste,sala de ventas,tradicional,departamento,2,373741.0,37,True,0,2,0.0301,0
OP-001723,2025-03-04,Proyecto Ébano,Asesora Premium,referido,tradicional,departamento,2,410059.0,30,False,1,2,0.0432,0
OP-001724,2026-02-16,Proyecto Duna,Asesor Norte,sala de ventas,tradicional,departamento,3,661505.0,17,True,0,3,0.0237,0
OP-001725,2026-01-16,Proyecto Duna,Asesor Digital,referido,tradicional,departamento,1,464607.0,57,False,0,0,0.0498,1
OP-001726,2025-06-03,Proyecto Aurora,Asesor Centro,sala de ventas,tradicional,departamento,3,505414.0,10,True,0,4,0.0205,0
OP-001727,2025-09-10,Proyecto Cobalto,Asesor Norte,referido,tradicional,departamento,3,604525.0,47,False,0,1,0.0317,1
OP-001728,2025-09-07,Proyecto Granito,Asesor Este,facebook,digital,departamento,3,625025.0,10,False,1,2,0.0217,0
OP-001729,2025-08-12,Proyecto Aurora,Asesora Sur,facebook,digital,departamento,3,560654.0,44,True,1,1,0.0627,0
OP-001730,2026-02-01,Proyecto Cobalto,Asesor Digital,facebook,digital,departamento,2,500804.0,11,True,0,3,0.0187,0
OP-001731,2025-12-30,Proyecto Horizonte,Asesora Oeste,portal inmobiliario,digital,departamento,1,357892.0,42,True,0,2,0.0203,0
OP-001732,2025-01-03,Proyecto Aurora,Asesor Este,referido,tradicional,departamento,3,514103.0,65,False,0,2,0.0271,1
OP-001733,2025-04-27,Proyecto Faro,Asesora Sur,feria,feria,departamento,2,503431.0,65,False,0,1,0.0202,1
OP-001734,2026-05-13,Proyecto Bruma,Asesora Oeste,sala de ventas,tradicional,departamento,3,579004.0,56,True,0,2,0.0307,0
OP-001735,2025-08-04,Proyecto Granito,Asesor Norte,facebook,digital,departamento,1,355072.0,23,True,0,2,0.0471,0
OP-001736,2025-08-29,Proyecto Faro,Asesora Sur,sala de ventas,tradicional,departamento,2,563431.0,15,False,0,2,0.0277,0
OP-001737,2026-01-31,Proyecto Granito,Asesora Sur,facebook,digital,departamento,2,509034.0,21,True,0,1,0.0283,0
OP-001738,2026-01-30,Proyecto Bruma,Asesor Centro,web,digital,departamento,3,563800.0,45,True,0,4,0.0209,0
OP-001739,2025-10-22,Proyecto Duna,Asesor Centro,feria,feria,departamento,3,626546.0,35,False,0,1,0.0159,1
OP-001740,2026-04-24,Proyecto Faro,Asesora Oeste,referido,tradicional,departamento,3,627910.0,87,False,0,1,0.0267,1
OP-001741,2025-11-03,Proyecto Bruma,Asesor Norte,web,digital,departamento,2,518061.0,16,True,0,2,0.0251,0
OP-001742,2026-04-01,Proyecto Bruma,Asesor Este,sala de ventas,tradicional,departamento,2,420662.0,68,True,0,5,0.0461,0
OP-001743,2025-08-25,Proyecto Aurora,Asesora Premium,sala de ventas,tradicional,departamento,1,268144.0,22,True,0,1,0.0077,0
OP-001744,2025-04-25,Proyecto Horizonte,Asesora Sur,feria,feria,departamento,1,411962.0,10,True,0,3,0.0512,0
OP-001745,2025-02-27,Proyecto Ébano,Asesora Sur,sala de ventas,tradicional,departamento,2,511313.0,29,False,0,2,0.0224,0
OP-001746,2025-10-16,Proyecto Ébano,Asesor Norte,sala de ventas,tradicional,departamento,2,439758.0,34,True,0,1,0.0277,0
OP-001747,2026-04-09,Proyecto Faro,Asesora Premium,portal inmobiliario,digital,departamento,2,443674.0,53,True,2,2,0.0058,0
OP-001748,2025-08-02,Proyecto Duna,Asesor Norte,whatsapp,digital,departamento,2,506026.0,16,True,0,2,0.0351,0
OP-001749,2026-01-13,Proyecto Cobalto,Asesor Centro,web,digital,departamento,2,442322.0,29,True,0,2,0.0077,1
OP-001750,2025-10-04,Proyecto Cobalto,Asesor Digital,facebook,digital,departamento,3,519112.0,24,False,0,2,0.0317,0
OP-001751,2026-02-24,Proyecto Ébano,Asesor Centro,feria,feria,departamento,1,446094.0,18,True,1,1,0.03,0
OP-001752,2026-02-10,Proyecto Bruma,Asesor Este,sala de ventas,tradicional,departamento,2,437251.0,63,True,0,1,0.0191,0
OP-001753,2025-12-29,Proyecto Granito,Asesora Sur,facebook,digital,departamento,3,710240.0,35,True,1,2,0.0,0
OP-001754,2025-07-04,Proyecto Faro,Asesor Norte,facebook,digital,departamento,3,636566.0,3,True,0,2,0.0639,0
OP-001755,2025-08-03,Proyecto Cobalto,Asesora Sur,portal inmobiliario,digital,departamento,3,615212.0,29,False,0,1,0.006,1
OP-001756,2025-09-06,Proyecto Duna,Asesor Digital,portal inmobiliario,digital,departamento,1,369368.0,6,False,0,3,0.0299,0
OP-001757,2026-03-04,Proyecto Aurora,Asesora Sur,web,digital,departamento,2,313966.0,27,False,0,1,0.0119,1
OP-001758,2025-11-13,Proyecto Horizonte,Asesor Norte,sala de ventas,tradicional,departamento,3,596477.0,7,True,0,2,0.0439,0
OP-001759,2025-03-31,Proyecto Granito,Asesora Premium,referido,tradicional,departamento,2,525086.0,35,False,1,1,0.0182,1
OP-001760,2025-05-21,Proyecto Horizonte,Asesor Este,sala de ventas,tradicional,departamento,2,564060.0,6,True,0,2,0.0115,0
OP-001761,2025-06-12,Proyecto Bruma,Asesor Este,portal inmobiliario,digital,departamento,3,488568.0,11,True,0,1,0.0357,0
OP-001762,2025-11-12,Proyecto Aurora,Asesora Premium,sala de ventas,tradicional,departamento,1,342052.0,40,True,0,2,0.0021,0
OP-001763,2026-02-03,Proyecto Bruma,Asesora Oeste,sala de ventas,tradicional,departamento,3,525275.0,23,False,0,1,0.0176,0
OP-001764,2025-03-19,Proyecto Aurora,Asesor Digital,web,digital,departamento,3,587904.0,7,False,0,1,0.0374,1
OP-001765,2026-01-11,Proyecto Aurora,Asesora Oeste,facebook,digital,departamento,1,343933.0,61,True,0,0,0.0521,1
OP-001766,2025-11-20,Proyecto Aurora,Asesor Centro,feria,feria,departamento,3,615893.0,17,False,1,1,0.0077,0
OP-001767,2025-04-18,Proyecto Horizonte,Asesor Digital,sala de ventas,tradicional,departamento,2,602675.0,19,False,0,1,0.014,0
OP-001768,2025-03-16,Proyecto Aurora,Asesora Oeste,feria,feria,departamento,3,600244.0,21,False,1,0,0.0313,1
OP-001769,2025-03-18,Proyecto Aurora,Asesora Sur,sala de ventas,tradicional,departamento,3,622322.0,37,True,0,1,0.0,0
OP-001770,2026-02-08,Proyecto Faro,Asesor Digital,sala de ventas,tradicional,departamento,3,615731.0,18,False,0,4,0.0494,0
OP-001771,2025-05-03,Proyecto Duna,Asesora Sur,facebook,digital,departamento,1,536271.0,21,False,0,2,0.007,0
OP-001772,2025-04-11,Proyecto Faro,Asesor Norte,sala de ventas,tradicional,departamento,3,567965.0,49,False,0,0,0.0171,0
OP-001773,2025-08-06,Proyecto Ébano,Asesor Centro,referido,tradicional,departamento,3,593973.0,45,True,0,1,0.0297,1
OP-001774,2025-12-02,Proyecto Granito,Asesor Digital,sala de ventas,tradicional,departamento,2,581575.0,20,False,0,1,0.0259,0
OP-001775,2025-08-19,Proyecto Ébano,Asesor Norte,sala de ventas,tradicional,departamento,2,549400.0,21,False,0,3,0.0077,0
OP-001776,2025-10-30,Proyecto Duna,Asesora Premium,web,digital,departamento,1,407806.0,2,True,0,2,0.056,0
OP-001777,2025-07-10,Proyecto Ébano,Asesora Premium,sala de ventas,tradicional,departamento,3,660143.0,27,False,0,1,0.0,1
OP-001778,2025-08-10,Proyecto Cobalto,Asesor Digital,web,digital,departamento,1,254404.0,41,True,0,4,0.0048,1
OP-001779,2025-11-01,Proyecto Cobalto,Asesor Este,feria,feria,departamento,2,571411.0,18,True,0,2,0.0135,0
OP-001780,2025-12-02,Proyecto Cobalto,Asesora Sur,sala de ventas,tradicional,departamento,3,587786.0,55,True,1,1,0.0079,1
OP-001781,2026-01-19,Proyecto Aurora,Asesora Oeste,feria,feria,departamento,3,643524.0,5,True,0,0,0.047,0
OP-001782,2026-03-17,Proyecto Faro,Asesor Norte,facebook,digital,departamento,3,523156.0,11,True,1,1,0.0,0
OP-001783,2025-06-20,Proyecto Bruma,Asesora Premium,facebook,digital,departamento,2,486111.0,52,True,0,0,0.053,0
OP-001784,2025-03-04,Proyecto Aurora,Asesor Centro,sala de ventas,tradicional,departamento,1,314007.0,40,True,0,0,0.02,0
OP-001785,2025-02-18,Proyecto Bruma,Asesora Oeste,feria,feria,departamento,2,503467.0,5,True,0,1,0.0005,1
OP-001786,2025-12-18,Proyecto Granito,Asesora Oeste,referido,tradicional,departamento,1,434439.0,6,True,1,1,0.0,0
OP-001787,2025-08-13,Proyecto Bruma,Asesor Centro,referido,tradicional,departamento,3,607133.0,35,False,0,1,0.0211,0
OP-001788,2025-08-02,Proyecto Ébano,Asesora Oeste,whatsapp,digital,departamento,2,449758.0,30,True,1,4,0.0124,0
OP-001789,2026-01-17,Proyecto Granito,Asesora Premium,facebook,digital,departamento,2,528867.0,19,True,0,1,0.0293,0
OP-001790,2025-12-17,Proyecto Aurora,Asesor Digital,portal inmobiliario,digital,departamento,1,335091.0,54,True,1,2,0.0169,1
OP-001791,2026-04-21,Proyecto Faro,Asesor Digital,web,digital,departamento,2,547242.0,14,True,0,2,0.0422,0
OP-001792,2026-04-01,Proyecto Bruma,Asesor Centro,portal inmobiliario,digital,departamento,3,641411.0,3,True,0,2,0.0224,0
OP-001793,2026-01-25,Proyecto Bruma,Asesora Premium,portal inmobiliario,digital,departamento,3,595276.0,37,False,0,1,0.0174,1
OP-001794,2025-12-06,Proyecto Ébano,Asesor Este,whatsapp,digital,departamento,1,322811.0,42,True,0,5,0.0425,1
OP-001795,2026-04-12,Proyecto Granito,Asesor Norte,sala de ventas,tradicional,departamento,1,422917.0,15,True,1,2,0.0291,0
OP-001796,2025-03-25,Proyecto Bruma,Asesor Este,feria,feria,departamento,2,615609.0,9,True,0,2,0.0389,0
OP-001797,2026-05-12,Proyecto Duna,Asesor Digital,feria,feria,departamento,1,471530.0,3,True,0,2,0.0457,0
OP-001798,2025-08-05,Proyecto Bruma,Asesor Norte,web,digital,departamento,3,423408.0,23,True,0,2,0.0197,0
OP-001799,2025-05-10,Proyecto Duna,Asesora Oeste,facebook,digital,departamento,2,499484.0,29,False,0,0,0.0257,1
OP-001800,2025-10-13,Proyecto Ébano,Asesora Sur,whatsapp,digital,departamento,1,444267.0,45,True,1,1,0.0402,1
OP-001801,2026-04-10,Proyecto Ébano,Asesora Oeste,sala de ventas,tradicional,departamento,3,612972.0,31,True,0,2,0.0,0
OP-001802,2025-03-07,Proyecto Ébano,Asesora Sur,referido,tradicional,departamento,2,482695.0,16,True,0,1,0.0232,1
OP-001803,2025-04-01,Proyecto Aurora,Asesora Premium,referido,tradicional,departamento,1,330317.0,27,True,0,2,0.021,0
OP-001804,2025-12-01,Proyecto Ébano,Asesora Premium,sala de ventas,tradicional,departamento,2,538370.0,46,True,0,0,0.0317,0
OP-001805,2025-12-14,Proyecto Ébano,Asesora Premium,web,digital,departamento,1,329834.0,29,True,0,0,0.0106,0
OP-001806,2026-01-06,Proyecto Ébano,Asesor Centro,sala de ventas,tradicional,departamento,2,573378.0,42,True,0,2,0.0447,0
OP-001807,2026-04-13,Proyecto Aurora,Asesora Sur,web,digital,departamento,3,571920.0,9,True,0,1,0.0117,0
OP-001808,2026-02-01,Proyecto Cobalto,Asesora Oeste,portal inmobiliario,digital,departamento,3,547574.0,36,False,0,2,0.0167,0
OP-001809,2026-02-27,Proyecto Cobalto,Asesor Norte,facebook,digital,departamento,2,545839.0,31,True,2,2,0.013,0
OP-001810,2025-03-04,Proyecto Aurora,Asesor Este,web,digital,departamento,2,375018.0,18,True,0,1,0.0471,0
OP-001811,2025-07-05,Proyecto Bruma,Asesora Oeste,sala de ventas,tradicional,departamento,1,326463.0,47,False,0,1,0.0,1
OP-001812,2026-01-02,Proyecto Cobalto,Asesor Centro,portal inmobiliario,digital,departamento,2,452558.0,76,False,0,1,0.0572,1
OP-001813,2026-03-03,Proyecto Faro,Asesor Norte,whatsapp,digital,departamento,1,522917.0,5,True,0,1,0.0515,1
OP-001814,2025-07-10,Proyecto Bruma,Asesora Premium,sala de ventas,tradicional,departamento,2,434324.0,19,True,1,2,0.0148,0
OP-001815,2025-10-30,Proyecto Faro,Asesora Oeste,web,digital,departamento,1,286477.0,22,True,0,2,0.0435,0
OP-001816,2025-04-20,Proyecto Duna,Asesor Digital,referido,tradicional,departamento,3,579000.0,23,False,0,3,0.0273,0
OP-001817,2026-03-27,Proyecto Faro,Asesora Oeste,referido,tradicional,departamento,3,660055.0,14,True,0,4,0.0548,1
OP-001818,2025-09-30,Proyecto Cobalto,Asesora Oeste,web,digital,departamento,2,527125.0,6,True,1,2,0.0421,0
OP-001819,2025-02-19,Proyecto Duna,Asesor Centro,referido,tradicional,departamento,3,736210.0,20,False,0,1,0.0645,0
OP-001820,2025-10-25,Proyecto Ébano,Asesora Premium,referido,tradicional,departamento,1,470379.0,22,True,0,2,0.0,0
OP-001821,2025-05-18,Proyecto Horizonte,Asesora Sur,sala de ventas,tradicional,departamento,3,669336.0,18,False,0,3,0.0284,0
OP-001822,2025-08-26,Proyecto Duna,Asesora Oeste,facebook,digital,departamento,2,446972.0,22,True,0,4,0.0,0
OP-001823,2025-06-30,Proyecto Duna,Asesor Norte,portal inmobiliario,digital,departamento,1,470322.0,27,True,0,2,0.0157,1
OP-001824,2026-03-14,Proyecto Duna,Asesora Oeste,sala de ventas,tradicional,departamento,3,590729.0,20,False,0,0,0.0655,0
OP-001825,2026-03-17,Proyecto Faro,Asesora Premium,referido,tradicional,departamento,2,483801.0,14,True,1,0,0.0334,1
OP-001826,2025-03-23,Proyecto Aurora,Asesor Digital,sala de ventas,tradicional,departamento,2,437061.0,23,True,0,2,0.0427,0
OP-001827,2025-06-18,Proyecto Duna,Asesora Sur,portal inmobiliario,digital,departamento,2,427124.0,29,True,0,2,0.0343,0
OP-001828,2025-07-31,Proyecto Duna,Asesor Este,referido,tradicional,departamento,1,355424.0,24,False,0,5,0.0331,0
OP-001829,2026-03-21,Proyecto Horizonte,Asesora Oeste,facebook,digital,departamento,1,416179.0,80,False,0,2,0.0156,1
OP-001830,2025-05-19,Proyecto Duna,Asesor Este,sala de ventas,tradicional,departamento,2,536186.0,30,True,1,0,0.0122,0
OP-001831,2025-12-31,Proyecto Cobalto,Asesora Sur,facebook,digital,departamento,2,462655.0,23,True,0,1,0.0151,0
OP-001832,2025-01-26,Proyecto Horizonte,Asesor Este,whatsapp,digital,departamento,1,359290.0,12,True,0,2,0.0,0
OP-001833,2026-05-14,Proyecto Cobalto,Asesor Este,referido,tradicional,departamento,2,395793.0,13,True,1,3,0.0235,0
OP-001834,2025-06-26,Proyecto Bruma,Asesora Oeste,facebook,digital,departamento,2,483526.0,18,True,0,1,0.0293,1
OP-001835,2025-05-20,Proyecto Bruma,Asesor Digital,feria,feria,departamento,2,475994.0,19,False,0,2,0.0139,0
OP-001836,2026-01-09,Proyecto Aurora,Asesora Oeste,facebook,digital,departamento,3,544513.0,18,True,0,2,0.0226,0
OP-001837,2025-11-14,Proyecto Aurora,Asesor Este,facebook,digital,departamento,2,434290.0,31,True,0,0,0.0345,0
OP-001838,2025-09-30,Proyecto Cobalto,Asesor Centro,facebook,digital,departamento,2,505367.0,46,True,0,4,0.0409,0
OP-001839,2026-04-29,Proyecto Faro,Asesora Premium,sala de ventas,tradicional,departamento,2,596480.0,37,True,1,4,0.0034,1
OP-001840,2025-08-06,Proyecto Faro,Asesora Oeste,web,digital,departamento,2,477092.0,34,True,0,0,0.0107,0
OP-001841,2025-10-08,Proyecto Aurora,Asesora Oeste,portal inmobiliario,digital,departamento,1,349890.0,11,True,0,2,0.0386,0
OP-001842,2025-09-04,Proyecto Duna,Asesora Sur,portal inmobiliario,digital,departamento,1,433705.0,50,True,0,1,0.0356,0
OP-001843,2025-04-01,Proyecto Aurora,Asesor Digital,portal inmobiliario,digital,departamento,3,532314.0,12,True,0,2,0.0492,0
OP-001844,2025-06-12,Proyecto Horizonte,Asesor Digital,facebook,digital,departamento,1,428140.0,28,True,0,1,0.0485,1
OP-001845,2025-11-10,Proyecto Aurora,Asesora Sur,facebook,digital,departamento,2,457910.0,33,True,0,0,0.0685,1
OP-001846,2025-03-05,Proyecto Ébano,Asesor Este,web,digital,departamento,2,435879.0,51,False,1,4,0.0197,1
OP-001847,2026-01-15,Proyecto Bruma,Asesora Sur,whatsapp,digital,departamento,2,481267.0,71,True,0,2,0.0534,0
OP-001848,2025-11-04,Proyecto Ébano,Asesor Digital,web,digital,departamento,3,624735.0,18,True,1,2,0.0084,1
OP-001849,2025-12-04,Proyecto Cobalto,Asesor Norte,referido,tradicional,departamento,3,629530.0,27,False,0,2,0.0681,0
OP-001850,2026-03-01,Proyecto Faro,Asesora Sur,web,digital,departamento,1,339721.0,48,True,1,2,0.0332,1
OP-001851,2025-09-09,Proyecto Bruma,Asesor Este,feria,feria,departamento,3,587548.0,75,True,0,0,0.0348,1
OP-001852,2026-02-15,Proyecto Granito,Asesora Oeste,portal inmobiliario,digital,departamento,2,607995.0,19,False,0,4,0.0428,0
OP-001853,2026-01-25,Proyecto Duna,Asesora Sur,feria,feria,departamento,2,610262.0,12,True,1,2,0.0006,0
OP-001854,2025-05-02,Proyecto Faro,Asesora Oeste,facebook,digital,departamento,3,705407.0,7,False,1,0,0.0057,1
OP-001855,2025-05-21,Proyecto Granito,Asesora Premium,facebook,digital,departamento,3,582261.0,5,True,0,1,0.0271,1
OP-001856,2025-08-14,Proyecto Horizonte,Asesora Premium,referido,tradicional,departamento,2,568808.0,14,True,2,3,0.0312,1
OP-001857,2025-02-19,Proyecto Bruma,Asesor Norte,facebook,digital,departamento,3,560427.0,42,True,0,2,0.0625,0
OP-001858,2025-10-15,Proyecto Bruma,Asesor Norte,whatsapp,digital,departamento,2,487615.0,44,True,0,0,0.0079,0
OP-001859,2026-04-20,Proyecto Bruma,Asesor Norte,referido,tradicional,departamento,2,429528.0,30,True,0,1,0.0527,1
OP-001860,2026-02-22,Proyecto Bruma,Asesor Digital,referido,tradicional,departamento,1,262759.0,19,True,0,4,0.0202,0
OP-001861,2026-01-14,Proyecto Duna,Asesor Centro,facebook,digital,departamento,1,362052.0,31,True,0,1,0.02,0
OP-001862,2025-04-13,Proyecto Horizonte,Asesora Oeste,web,digital,departamento,2,583743.0,24,True,1,0,0.0221,1
OP-001863,2026-02-21,Proyecto Horizonte,Asesora Premium,referido,tradicional,departamento,2,559840.0,19,True,0,4,0.0195,0
OP-001864,2025-03-10,Proyecto Duna,Asesor Centro,sala de ventas,tradicional,departamento,2,518162.0,29,True,0,3,0.0338,0
OP-001865,2025-08-03,Proyecto Ébano,Asesora Sur,portal inmobiliario,digital,departamento,3,634899.0,18,True,0,3,0.0179,0
OP-001866,2026-04-30,Proyecto Granito,Asesora Oeste,facebook,digital,departamento,1,439249.0,29,True,0,3,0.0,0
OP-001867,2026-01-31,Proyecto Horizonte,Asesor Centro,facebook,digital,departamento,3,688123.0,32,False,0,1,0.0202,0
OP-001868,2025-03-17,Proyecto Bruma,Asesor Norte,sala de ventas,tradicional,departamento,3,571893.0,38,True,0,1,0.0332,1
OP-001869,2025-09-29,Proyecto Duna,Asesor Centro,referido,tradicional,departamento,3,615559.0,6,True,0,3,0.0,0
OP-001870,2026-05-30,Proyecto Granito,Asesora Oeste,web,digital,departamento,3,742879.0,50,False,0,1,0.0355,0
OP-001871,2025-08-21,Proyecto Bruma,Asesor Norte,portal inmobiliario,digital,departamento,3,594812.0,22,False,1,3,0.0462,0
OP-001872,2025-11-08,Proyecto Cobalto,Asesora Sur,sala de ventas,tradicional,departamento,1,371341.0,71,True,0,0,0.0516,1
OP-001873,2025-07-18,Proyecto Horizonte,Asesora Oeste,whatsapp,digital,departamento,3,664659.0,42,True,0,2,0.0311,1
OP-001874,2025-09-17,Proyecto Horizonte,Asesor Este,web,digital,departamento,3,647015.0,12,False,0,0,0.0,0
OP-001875,2025-09-27,Proyecto Granito,Asesor Este,facebook,digital,departamento,2,508055.0,34,True,0,4,0.0367,0
OP-001876,2025-04-09,Proyecto Faro,Asesor Centro,sala de ventas,tradicional,departamento,1,416477.0,48,True,1,2,0.0424,0
OP-001877,2026-05-06,Proyecto Bruma,Asesor Este,facebook,digital,departamento,3,559186.0,20,True,0,2,0.0125,0
OP-001878,2026-03-24,Proyecto Bruma,Asesora Oeste,portal inmobiliario,digital,departamento,1,348997.0,11,True,1,3,0.0237,0
OP-001879,2025-02-22,Proyecto Duna,Asesora Premium,facebook,digital,departamento,2,452522.0,10,False,0,2,0.0337,0
OP-001880,2025-03-31,Proyecto Duna,Asesor Norte,facebook,digital,departamento,1,386941.0,7,True,0,2,0.0572,1
OP-001881,2025-12-02,Proyecto Duna,Asesor Este,web,digital,departamento,2,528131.0,3,True,0,0,0.0204,0
OP-001882,2025-07-28,Proyecto Ébano,Asesor Norte,portal inmobiliario,digital,departamento,2,496345.0,22,True,0,3,0.041,0
OP-001883,2025-12-20,Proyecto Cobalto,Asesor Digital,web,digital,departamento,2,373539.0,10,True,0,5,0.0307,0
OP-001884,2025-01-25,Proyecto Faro,Asesora Sur,feria,feria,departamento,3,667470.0,15,False,0,1,0.0286,0
OP-001885,2026-01-26,Proyecto Bruma,Asesora Premium,sala de ventas,tradicional,departamento,2,478610.0,72,False,1,1,0.0489,0
OP-001886,2025-01-12,Proyecto Bruma,Asesora Sur,portal inmobiliario,digital,departamento,2,417372.0,32,True,0,3,0.01,0
OP-001887,2025-04-13,Proyecto Aurora,Asesor Este,facebook,digital,departamento,3,617530.0,12,False,0,1,0.0291,0
OP-001888,2026-01-15,Proyecto Bruma,Asesor Centro,sala de ventas,tradicional,departamento,3,510087.0,94,True,1,0,0.0255,1
OP-001889,2025-06-30,Proyecto Granito,Asesora Premium,whatsapp,digital,departamento,1,474497.0,29,True,0,1,0.0,0
OP-001890,2025-04-19,Proyecto Cobalto,Asesora Sur,sala de ventas,tradicional,departamento,1,365845.0,88,True,0,0,0.0472,0
OP-001891,2026-04-05,Proyecto Bruma,Asesora Sur,sala de ventas,tradicional,departamento,2,347212.0,62,True,0,1,0.0399,0
OP-001892,2025-11-09,Proyecto Faro,Asesor Digital,web,digital,departamento,3,644808.0,30,True,0,3,0.0256,1
OP-001893,2025-05-30,Proyecto Duna,Asesor Este,facebook,digital,departamento,2,473659.0,22,False,0,2,0.0203,1
OP-001894,2026-01-12,Proyecto Aurora,Asesora Sur,sala de ventas,tradicional,departamento,1,314373.0,42,True,2,3,0.025,0
OP-001895,2025-03-11,Proyecto Bruma,Asesora Premium,referido,tradicional,departamento,3,546425.0,28,True,0,3,0.0377,1
OP-001896,2025-09-13,Proyecto Aurora,Asesor Norte,feria,feria,departamento,2,453003.0,17,False,0,1,0.026,0
OP-001897,2025-04-09,Proyecto Ébano,Asesor Digital,feria,feria,departamento,2,481315.0,16,False,0,3,0.013,0
OP-001898,2025-12-08,Proyecto Bruma,Asesor Digital,sala de ventas,tradicional,departamento,3,484882.0,46,True,0,4,0.0157,0
OP-001899,2025-05-22,Proyecto Aurora,Asesora Premium,referido,tradicional,departamento,3,644964.0,12,True,0,1,0.0248,0
OP-001900,2025-05-06,Proyecto Aurora,Asesor Este,feria,feria,departamento,2,446560.0,46,False,0,1,0.0082,1
OP-001901,2025-05-14,Proyecto Duna,Asesor Norte,sala de ventas,tradicional,departamento,2,455744.0,25,True,0,2,0.031,0
OP-001902,2026-03-02,Proyecto Aurora,Asesor Este,sala de ventas,tradicional,departamento,2,397937.0,6,True,0,2,0.0107,0
OP-001903,2026-03-27,Proyecto Granito,Asesor Este,sala de ventas,tradicional,departamento,2,574390.0,48,True,0,3,0.0078,1
OP-001904,2025-04-18,Proyecto Aurora,Asesor Digital,referido,tradicional,departamento,2,388586.0,12,True,0,1,0.0825,0
OP-001905,2025-03-23,Proyecto Duna,Asesor Centro,sala de ventas,tradicional,departamento,3,618369.0,13,True,0,3,0.0599,0
OP-001906,2025-11-04,Proyecto Cobalto,Asesor Digital,web,digital,departamento,2,451899.0,21,False,0,2,0.0276,0
OP-001907,2025-11-30,Proyecto Cobalto,Asesora Premium,whatsapp,digital,departamento,2,455102.0,23,True,1,0,0.0403,0
OP-001908,2026-03-11,Proyecto Aurora,Asesora Premium,sala de ventas,tradicional,departamento,1,284304.0,30,False,1,3,0.0434,1
OP-001909,2026-03-04,Proyecto Faro,Asesor Norte,web,digital,departamento,3,600882.0,46,True,0,1,0.0236,0
OP-001910,2026-02-17,Proyecto Granito,Asesor Norte,sala de ventas,tradicional,departamento,2,532485.0,45,True,0,2,0.0301,0
OP-001911,2025-01-23,Proyecto Aurora,Asesor Norte,sala de ventas,tradicional,departamento,2,472942.0,16,True,0,7,0.0203,0
OP-001912,2025-01-27,Proyecto Aurora,Asesor Centro,feria,feria,departamento,2,416792.0,16,True,0,1,0.0476,0
OP-001913,2025-04-08,Proyecto Granito,Asesora Sur,facebook,digital,departamento,1,411999.0,43,True,0,1,0.0478,1
OP-001914,2025-07-10,Proyecto Duna,Asesor Digital,whatsapp,digital,departamento,3,659865.0,10,True,0,0,0.0531,1
OP-001915,2026-01-20,Proyecto Aurora,Asesor Norte,referido,tradicional,departamento,3,483555.0,25,True,1,2,0.0298,1
OP-001916,2026-03-20,Proyecto Bruma,Asesor Digital,sala de ventas,tradicional,departamento,2,471655.0,59,True,0,1,0.064,1
OP-001917,2026-01-09,Proyecto Ébano,Asesor Centro,facebook,digital,departamento,2,455707.0,18,True,1,1,0.0236,0
OP-001918,2026-03-19,Proyecto Ébano,Asesor Norte,sala de ventas,tradicional,departamento,3,565102.0,7,True,0,2,0.0618,0
OP-001919,2025-07-13,Proyecto Duna,Asesor Norte,portal inmobiliario,digital,departamento,2,510356.0,12,True,0,5,0.0167,0
OP-001920,2025-11-27,Proyecto Horizonte,Asesor Este,web,digital,departamento,3,629011.0,13,True,0,0,0.0016,1
OP-001921,2025-03-12,Proyecto Duna,Asesor Este,facebook,digital,departamento,1,314076.0,11,True,1,1,0.0615,0
OP-001922,2025-02-26,Proyecto Bruma,Asesor Este,referido,tradicional,departamento,1,429836.0,20,False,0,2,0.0369,1
OP-001923,2026-03-06,Proyecto Cobalto,Asesora Oeste,web,digital,departamento,2,534605.0,87,False,1,1,0.0343,1
OP-001924,2025-07-30,Proyecto Cobalto,Asesor Norte,feria,feria,departamento,1,262723.0,34,True,0,0,0.0185,1
OP-001925,2026-01-14,Proyecto Bruma,Asesor Norte,sala de ventas,tradicional,departamento,2,390906.0,21,True,0,1,0.0098,0
OP-001926,2026-05-15,Proyecto Aurora,Asesor Centro,sala de ventas,tradicional,departamento,3,607640.0,23,True,0,2,0.0115,0
OP-001927,2025-10-26,Proyecto Cobalto,Asesor Digital,sala de ventas,tradicional,departamento,1,353332.0,14,True,0,1,0.0275,0
OP-001928,2025-02-25,Proyecto Ébano,Asesora Sur,facebook,digital,departamento,2,590532.0,23,False,1,1,0.0223,1
OP-001929,2025-12-08,Proyecto Aurora,Asesor Digital,facebook,digital,departamento,3,608899.0,57,True,0,0,0.0,0
OP-001930,2026-02-21,Proyecto Cobalto,Asesor Este,sala de ventas,tradicional,departamento,3,615471.0,25,False,0,2,0.0555,1
OP-001931,2025-05-24,Proyecto Ébano,Asesor Este,facebook,digital,departamento,2,451798.0,45,True,0,4,0.0174,0
OP-001932,2025-08-06,Proyecto Ébano,Asesor Norte,facebook,digital,departamento,1,420029.0,41,False,0,1,0.0473,0
OP-001933,2025-11-23,Proyecto Faro,Asesor Este,sala de ventas,tradicional,departamento,2,449833.0,85,False,1,1,0.0123,1
OP-001934,2026-01-23,Proyecto Faro,Asesora Oeste,portal inmobiliario,digital,departamento,2,591788.0,41,False,0,2,0.0278,0
OP-001935,2025-04-05,Proyecto Ébano,Asesor Centro,referido,tradicional,departamento,3,646218.0,81,False,0,1,0.0425,1
OP-001936,2025-01-29,Proyecto Aurora,Asesora Sur,facebook,digital,departamento,2,414634.0,47,True,0,3,0.04,0
OP-001937,2025-11-28,Proyecto Cobalto,Asesora Sur,referido,tradicional,departamento,1,413257.0,30,True,1,2,0.0202,0
OP-001938,2025-01-06,Proyecto Duna,Asesora Oeste,facebook,digital,departamento,3,734284.0,13,True,0,4,0.0342,0
OP-001939,2025-08-24,Proyecto Bruma,Asesor Norte,portal inmobiliario,digital,departamento,2,460031.0,45,False,1,1,0.0372,1
OP-001940,2025-06-06,Proyecto Aurora,Asesora Sur,referido,tradicional,departamento,1,375273.0,48,False,1,0,0.0223,1
OP-001941,2025-08-17,Proyecto Bruma,Asesor Centro,referido,tradicional,departamento,2,448249.0,48,True,1,0,0.005,0
OP-001942,2026-03-29,Proyecto Cobalto,Asesor Digital,portal inmobiliario,digital,departamento,3,603694.0,1,True,0,1,0.0138,0
OP-001943,2026-05-02,Proyecto Cobalto,Asesor Centro,feria,feria,departamento,3,516102.0,17,True,0,0,0.0182,0
OP-001944,2025-12-20,Proyecto Aurora,Asesora Sur,feria,feria,departamento,2,459971.0,34,True,0,4,0.0255,0
OP-001945,2025-07-13,Proyecto Faro,Asesor Digital,sala de ventas,tradicional,departamento,3,637397.0,18,True,0,2,0.0537,0
OP-001946,2025-11-15,Proyecto Horizonte,Asesora Oeste,sala de ventas,tradicional,departamento,2,642945.0,16,True,0,1,0.0413,0
OP-001947,2025-03-14,Proyecto Bruma,Asesora Premium,web,digital,departamento,2,373275.0,14,True,1,0,0.0103,0
OP-001948,2026-06-03,Proyecto Horizonte,Asesora Sur,facebook,digital,departamento,2,528551.0,6,True,0,1,0.0581,0
OP-001949,2026-03-31,Proyecto Aurora,Asesor Centro,web,digital,departamento,1,415846.0,32,True,0,5,0.0236,0
OP-001950,2025-06-30,Proyecto Horizonte,Asesor Norte,feria,feria,departamento,2,530703.0,15,True,0,6,0.0371,0
OP-001951,2025-01-13,Proyecto Horizonte,Asesor Centro,facebook,digital,departamento,3,649576.0,18,True,0,2,0.0081,1
OP-001952,2026-03-19,Proyecto Aurora,Asesora Sur,facebook,digital,departamento,1,299171.0,21,True,0,1,0.0169,0
OP-001953,2025-01-16,Proyecto Faro,Asesor Digital,referido,tradicional,departamento,3,583707.0,36,False,0,0,0.0437,0
OP-001954,2025-02-27,Proyecto Horizonte,Asesor Norte,facebook,digital,departamento,2,443578.0,29,False,0,2,0.0092,0
OP-001955,2025-01-04,Proyecto Granito,Asesor Centro,web,digital,departamento,2,497393.0,28,True,0,3,0.026,0
OP-001956,2025-03-30,Proyecto Horizonte,Asesor Norte,feria,feria,departamento,1,374585.0,3,False,0,1,0.0335,1
OP-001957,2026-04-23,Proyecto Duna,Asesor Centro,referido,tradicional,departamento,1,387492.0,46,False,2,2,0.0066,1
OP-001958,2025-09-06,Proyecto Aurora,Asesora Oeste,web,digital,departamento,1,301678.0,68,False,1,1,0.0,1
OP-001959,2025-03-28,Proyecto Granito,Asesor Digital,referido,tradicional,departamento,2,505622.0,28,True,0,4,0.0413,0
OP-001960,2026-05-14,Proyecto Ébano,Asesor Centro,web,digital,departamento,3,598129.0,10,True,0,0,0.0765,0
OP-001961,2025-08-05,Proyecto Ébano,Asesor Este,sala de ventas,tradicional,departamento,3,620351.0,16,False,0,2,0.0333,0
OP-001962,2026-01-01,Proyecto Cobalto,Asesor Norte,web,digital,departamento,1,339931.0,10,True,0,0,0.0367,0
OP-001963,2025-10-11,Proyecto Duna,Asesor Centro,web,digital,departamento,1,322602.0,63,True,2,1,0.0091,0
OP-001964,2025-02-28,Proyecto Aurora,Asesora Oeste,facebook,digital,departamento,1,349717.0,18,True,0,2,0.0515,0
OP-001965,2026-01-05,Proyecto Faro,Asesor Norte,referido,tradicional,departamento,3,693712.0,29,True,1,3,0.0182,0
OP-001966,2026-05-12,Proyecto Aurora,Asesor Centro,portal inmobiliario,digital,departamento,1,352066.0,21,True,0,2,0.0459,0
OP-001967,2026-05-23,Proyecto Ébano,Asesora Sur,sala de ventas,tradicional,departamento,1,359460.0,35,False,0,2,0.0359,0
OP-001968,2026-02-03,Proyecto Granito,Asesora Sur,web,digital,departamento,2,525227.0,12,True,1,1,0.0364,0
OP-001969,2025-12-15,Proyecto Cobalto,Asesor Norte,whatsapp,digital,departamento,2,371215.0,28,True,0,2,0.0357,1
OP-001970,2026-01-19,Proyecto Duna,Asesor Este,portal inmobiliario,digital,departamento,1,373333.0,18,False,0,2,0.0351,0
OP-001971,2026-05-19,Proyecto Bruma,Asesora Sur,facebook,digital,departamento,3,564981.0,50,True,0,2,0.0301,0
OP-001972,2025-10-14,Proyecto Horizonte,Asesor Norte,referido,tradicional,departamento,1,377660.0,3,True,0,4,0.0424,0
OP-001973,2026-04-17,Proyecto Faro,Asesora Oeste,whatsapp,digital,departamento,1,363635.0,19,False,1,4,0.0119,1
OP-001974,2025-07-24,Proyecto Cobalto,Asesora Sur,referido,tradicional,departamento,1,346437.0,47,False,0,1,0.0207,1
OP-001975,2025-06-14,Proyecto Aurora,Asesor Norte,sala de ventas,tradicional,departamento,2,514585.0,43,False,0,2,0.0514,1
OP-001976,2025-02-27,Proyecto Bruma,Asesora Oeste,sala de ventas,tradicional,departamento,3,647063.0,7,True,1,3,0.0281,0
OP-001977,2025-08-29,Proyecto Cobalto,Asesor Norte,feria,feria,departamento,2,432953.0,40,True,0,0,0.0191,1
OP-001978,2025-11-19,Proyecto Horizonte,Asesor Digital,facebook,digital,departamento,3,630506.0,12,False,0,2,0.0436,1
OP-001979,2025-07-31,Proyecto Faro,Asesora Oeste,sala de ventas,tradicional,departamento,2,492908.0,14,False,0,1,0.0401,0
OP-001980,2025-03-08,Proyecto Bruma,Asesor Digital,facebook,digital,departamento,3,631525.0,45,True,0,4,0.0016,0
OP-001981,2025-08-18,Proyecto Granito,Asesor Digital,feria,feria,departamento,3,655003.0,19,False,0,3,0.0381,0
OP-001982,2025-11-03,Proyecto Cobalto,Asesor Digital,facebook,digital,departamento,2,489103.0,6,True,0,2,0.0275,0
OP-001983,2025-03-03,Proyecto Granito,Asesora Oeste,portal inmobiliario,digital,departamento,3,676494.0,9,True,0,3,0.0378,0
OP-001984,2025-10-08,Proyecto Bruma,Asesor Este,web,digital,departamento,2,439197.0,25,True,0,0,0.0252,0
OP-001985,2025-07-18,Proyecto Ébano,Asesora Premium,whatsapp,digital,departamento,3,698014.0,18,True,0,2,0.0334,0
OP-001986,2025-11-07,Proyecto Horizonte,Asesor Norte,portal inmobiliario,digital,departamento,1,428904.0,18,False,0,1,0.0,0
OP-001987,2025-01-04,Proyecto Bruma,Asesora Premium,facebook,digital,departamento,2,424925.0,34,True,0,0,0.0089,0
OP-001988,2026-03-06,Proyecto Ébano,Asesor Este,web,digital,departamento,2,495370.0,30,False,2,1,0.0383,1
OP-001989,2025-07-27,Proyecto Horizonte,Asesor Norte,sala de ventas,tradicional,departamento,3,726756.0,19,True,0,4,0.0722,0
OP-001990,2025-08-02,Proyecto Aurora,Asesora Sur,whatsapp,digital,departamento,3,551617.0,44,False,1,0,0.0316,1
OP-001991,2025-02-27,Proyecto Aurora,Asesora Sur,facebook,digital,departamento,2,512226.0,35,True,1,0,0.0125,0
OP-001992,2025-08-16,Proyecto Ébano,Asesor Norte,web,digital,departamento,3,588606.0,29,False,0,2,0.0274,1
OP-001993,2025-07-26,Proyecto Bruma,Asesor Centro,portal inmobiliario,digital,departamento,3,544888.0,16,True,0,3,0.0089,0
OP-001994,2025-02-01,Proyecto Aurora,Asesor Norte,sala de ventas,tradicional,departamento,2,496278.0,48,False,0,2,0.0475,1
OP-001995,2025-10-28,Proyecto Cobalto,Asesora Premium,portal inmobiliario,digital,departamento,1,320932.0,18,True,0,2,0.0259,0
OP-001996,2025-05-30,Proyecto Faro,Asesora Oeste,sala de ventas,tradicional,departamento,1,450240.0,19,True,0,2,0.044,1
OP-001997,2025-07-05,Proyecto Bruma,Asesora Premium,facebook,digital,departamento,1,376339.0,64,False,0,3,0.0222,1
OP-001998,2025-02-12,Proyecto Bruma,Asesor Este,referido,tradicional,departamento,1,308952.0,12,True,0,3,0.0456,0
OP-001999,2025-11-29,Proyecto Granito,Asesor Norte,facebook,digital,departamento,3,643071.0,12,False,2,2,0.0,0
OP-002000,2025-03-15,Proyecto Duna,Asesora Sur,referido,tradicional,departamento,1,350817.0,20,True,0,0,0.0254,0
OP-002001,2025-11-06,Proyecto Granito,Asesor Centro,portal inmobiliario,digital,departamento,3,666194.0,10,True,0,0,0.0347,0
OP-002002,2025-08-10,Proyecto Cobalto,Asesora Premium,facebook,digital,departamento,2,587829.0,10,False,0,6,0.0202,0
OP-002003,2026-01-22,Proyecto Horizonte,Asesora Sur,referido,tradicional,departamento,2,523611.0,63,False,2,4,0.0315,0
OP-002004,2025-07-31,Proyecto Ébano,Asesor Este,portal inmobiliario,digital,departamento,1,422358.0,20,True,0,2,0.0312,0
OP-002005,2025-12-07,Proyecto Aurora,Asesor Digital,feria,feria,departamento,2,461344.0,30,True,2,0,0.0439,1
OP-002006,2026-05-02,Proyecto Granito,Asesora Premium,sala de ventas,tradicional,departamento,2,533323.0,7,False,1,2,0.0362,0
OP-002007,2025-05-15,Proyecto Duna,Asesor Este,whatsapp,digital,departamento,2,486914.0,11,True,0,1,0.0321,0
OP-002008,2025-03-04,Proyecto Aurora,Asesora Sur,sala de ventas,tradicional,departamento,1,297842.0,69,False,0,0,0.0408,1
OP-002009,2025-11-12,Proyecto Aurora,Asesor Este,referido,tradicional,departamento,3,593433.0,10,True,0,1,0.0006,0
OP-002010,2025-03-19,Proyecto Ébano,Asesora Oeste,referido,tradicional,departamento,1,377119.0,30,True,0,0,0.0115,0
OP-002011,2025-04-25,Proyecto Aurora,Asesora Oeste,feria,feria,departamento,2,410236.0,1,True,0,0,0.0001,0
OP-002012,2026-01-26,Proyecto Bruma,Asesora Sur,sala de ventas,tradicional,departamento,2,527780.0,7,True,0,2,0.0349,0
OP-002013,2025-12-23,Proyecto Aurora,Asesor Norte,sala de ventas,tradicional,departamento,1,350446.0,19,True,0,1,0.0324,0
OP-002014,2025-01-12,Proyecto Cobalto,Asesora Oeste,feria,feria,departamento,3,586455.0,43,True,0,0,0.0499,0
OP-002015,2025-11-03,Proyecto Cobalto,Asesora Premium,sala de ventas,tradicional,departamento,1,442703.0,24,False,0,0,0.0313,0
OP-002016,2025-12-05,Proyecto Duna,Asesora Sur,facebook,digital,departamento,3,510016.0,21,True,1,4,0.0136,0
OP-002017,2025-06-17,Proyecto Bruma,Asesor Este,web,digital,departamento,3,657005.0,37,False,0,4,0.0274,0
OP-002018,2026-01-24,Proyecto Aurora,Asesora Sur,web,digital,departamento,2,411590.0,28,True,1,3,0.0,1
OP-002019,2026-01-10,Proyecto Ébano,Asesora Sur,sala de ventas,tradicional,departamento,2,519634.0,5,True,0,2,0.0177,1
OP-002020,2025-11-24,Proyecto Cobalto,Asesor Centro,facebook,digital,departamento,1,336656.0,23,True,0,1,0.0,0
OP-002021,2025-05-11,Proyecto Ébano,Asesor Este,whatsapp,digital,departamento,3,572235.0,17,True,1,1,0.0309,0
OP-002022,2025-05-30,Proyecto Aurora,Asesora Sur,facebook,digital,departamento,2,532264.0,20,True,0,2,0.02,0
OP-002023,2025-10-12,Proyecto Aurora,Asesor Digital,sala de ventas,tradicional,departamento,1,447092.0,16,True,0,1,0.0226,0
OP-002024,2025-02-23,Proyecto Bruma,Asesora Sur,sala de ventas,tradicional,departamento,2,459833.0,23,True,0,1,0.0082,0
OP-002025,2025-08-02,Proyecto Cobalto,Asesora Sur,facebook,digital,departamento,1,387451.0,31,False,0,3,0.013,1
OP-002026,2026-06-01,Proyecto Cobalto,Asesor Digital,whatsapp,digital,departamento,2,487135.0,8,True,1,4,0.0375,0
OP-002027,2025-11-30,Proyecto Faro,Asesora Oeste,facebook,digital,departamento,2,615178.0,14,True,1,1,0.0,0
OP-002028,2026-03-23,Proyecto Cobalto,Asesor Norte,sala de ventas,tradicional,departamento,1,252777.0,36,True,0,2,0.0341,0
OP-002029,2025-06-18,Proyecto Duna,Asesor Este,referido,tradicional,departamento,3,631742.0,39,True,1,1,0.0104,0
OP-002030,2026-01-15,Proyecto Duna,Asesora Oeste,sala de ventas,tradicional,departamento,1,341008.0,57,False,0,2,0.0,0
OP-002031,2026-01-18,Proyecto Aurora,Asesora Sur,facebook,digital,departamento,2,330422.0,24,False,0,4,0.0471,0
OP-002032,2025-04-08,Proyecto Duna,Asesora Oeste,whatsapp,digital,departamento,2,476171.0,13,False,0,2,0.0489,0
OP-002033,2025-04-25,Proyecto Cobalto,Asesor Centro,web,digital,departamento,3,700643.0,14,True,0,1,0.0153,0
OP-002034,2025-08-13,Proyecto Cobalto,Asesora Sur,sala de ventas,tradicional,departamento,2,447917.0,24,True,1,4,0.0151,0
OP-002035,2025-11-28,Proyecto Aurora,Asesora Premium,facebook,digital,departamento,3,618492.0,11,False,0,2,0.0205,1
OP-002036,2026-01-05,Proyecto Faro,Asesora Oeste,sala de ventas,tradicional,departamento,2,585927.0,55,False,0,1,0.0104,1
OP-002037,2026-05-23,Proyecto Horizonte,Asesor Digital,sala de ventas,tradicional,departamento,3,658302.0,16,True,1,1,0.0136,1
OP-002038,2025-02-22,Proyecto Aurora,Asesor Norte,referido,tradicional,departamento,1,351625.0,50,True,0,1,0.0331,1
OP-002039,2025-11-30,Proyecto Duna,Asesor Este,referido,tradicional,departamento,3,516604.0,10,False,0,0,0.0623,0
OP-002040,2026-05-13,Proyecto Faro,Asesora Premium,feria,feria,departamento,1,365611.0,20,False,0,0,0.0186,0
OP-002041,2025-03-30,Proyecto Bruma,Asesor Digital,portal inmobiliario,digital,departamento,3,636885.0,18,True,0,2,0.0434,0
OP-002042,2026-05-12,Proyecto Faro,Asesora Sur,sala de ventas,tradicional,departamento,3,638337.0,7,True,0,0,0.0314,0
OP-002043,2026-03-14,Proyecto Ébano,Asesor Digital,portal inmobiliario,digital,departamento,2,528204.0,19,False,0,1,0.0,1
OP-002044,2025-03-20,Proyecto Horizonte,Asesora Sur,referido,tradicional,departamento,2,551324.0,27,False,0,1,0.0246,0
OP-002045,2025-04-21,Proyecto Horizonte,Asesor Este,facebook,digital,departamento,2,664560.0,3,True,0,3,0.0223,0
OP-002046,2025-04-13,Proyecto Aurora,Asesor Este,portal inmobiliario,digital,departamento,1,321321.0,33,True,0,1,0.0514,1
OP-002047,2025-02-17,Proyecto Cobalto,Asesor Este,sala de ventas,tradicional,departamento,3,687298.0,29,True,0,3,0.0521,0
OP-002048,2025-07-09,Proyecto Duna,Asesor Digital,referido,tradicional,departamento,3,618343.0,23,False,0,3,0.0318,0
OP-002049,2025-08-18,Proyecto Aurora,Asesora Premium,web,digital,departamento,2,553181.0,38,False,0,2,0.0469,1
OP-002050,2025-08-23,Proyecto Bruma,Asesora Premium,facebook,digital,departamento,1,289626.0,39,True,0,2,0.0224,0
OP-002051,2026-03-10,Proyecto Horizonte,Asesora Sur,portal inmobiliario,digital,departamento,3,669156.0,107,True,1,0,0.0451,1
OP-002052,2025-08-18,Proyecto Aurora,Asesor Digital,sala de ventas,tradicional,departamento,1,323347.0,7,True,0,4,0.0268,0
OP-002053,2025-04-10,Proyecto Cobalto,Asesora Oeste,feria,feria,departamento,2,491671.0,60,True,2,1,0.0448,1
OP-002054,2025-12-24,Proyecto Granito,Asesor Centro,sala de ventas,tradicional,departamento,1,484231.0,44,True,0,4,0.0466,1
OP-002055,2025-11-30,Proyecto Bruma,Asesor Centro,sala de ventas,tradicional,departamento,1,377835.0,29,True,0,4,0.0379,1
OP-002056,2025-09-02,Proyecto Cobalto,Asesor Centro,facebook,digital,departamento,1,436121.0,10,True,0,2,0.0117,0
OP-002057,2025-12-01,Proyecto Horizonte,Asesor Centro,portal inmobiliario,digital,departamento,2,507138.0,17,False,0,1,0.0174,1
OP-002058,2025-04-06,Proyecto Cobalto,Asesora Oeste,sala de ventas,tradicional,departamento,2,438744.0,15,True,0,1,0.0385,0
OP-002059,2026-02-10,Proyecto Aurora,Asesor Centro,portal inmobiliario,digital,departamento,2,460886.0,21,False,0,2,0.0411,1
OP-002060,2025-05-16,Proyecto Aurora,Asesor Digital,sala de ventas,tradicional,departamento,3,572874.0,37,True,1,4,0.0279,0
OP-002061,2025-01-25,Proyecto Horizonte,Asesor Este,facebook,digital,departamento,3,648778.0,53,True,2,1,0.0194,1
OP-002062,2025-08-02,Proyecto Bruma,Asesora Oeste,facebook,digital,departamento,1,304275.0,71,False,0,3,0.0284,1
OP-002063,2025-05-05,Proyecto Duna,Asesora Sur,sala de ventas,tradicional,departamento,1,446926.0,17,True,1,1,0.02,0
OP-002064,2025-09-28,Proyecto Aurora,Asesor Este,whatsapp,digital,departamento,2,440044.0,26,False,0,0,0.0201,0
OP-002065,2025-08-30,Proyecto Cobalto,Asesora Premium,facebook,digital,departamento,2,562434.0,12,True,0,0,0.0603,0
OP-002066,2026-04-25,Proyecto Horizonte,Asesor Centro,web,digital,departamento,2,544701.0,46,False,0,0,0.0164,1
OP-002067,2025-08-05,Proyecto Duna,Asesora Sur,referido,tradicional,departamento,1,416664.0,30,True,0,1,0.0341,1
OP-002068,2025-02-20,Proyecto Horizonte,Asesora Oeste,referido,tradicional,departamento,3,689674.0,20,True,1,2,0.0278,0
OP-002069,2025-09-24,Proyecto Bruma,Asesora Premium,web,digital,departamento,1,311665.0,6,True,1,4,0.0029,1
OP-002070,2026-02-23,Proyecto Duna,Asesor Norte,portal inmobiliario,digital,departamento,2,516196.0,26,True,1,4,0.0023,0
OP-002071,2025-05-18,Proyecto Granito,Asesor Norte,web,digital,departamento,1,523058.0,28,True,0,3,0.0235,0
OP-002072,2025-06-11,Proyecto Cobalto,Asesor Este,referido,tradicional,departamento,2,497839.0,5,True,2,0,0.0,1
OP-002073,2025-04-04,Proyecto Bruma,Asesor Centro,web,digital,departamento,2,521570.0,8,True,0,0,0.0579,0
OP-002074,2026-01-14,Proyecto Granito,Asesor Este,referido,tradicional,departamento,3,685130.0,26,True,0,2,0.0185,0
OP-002075,2025-03-28,Proyecto Cobalto,Asesora Premium,facebook,digital,departamento,1,385888.0,67,False,0,4,0.017,0
OP-002076,2025-05-15,Proyecto Duna,Asesora Premium,web,digital,departamento,2,506256.0,49,True,0,1,0.047,0
OP-002077,2025-02-15,Proyecto Horizonte,Asesora Oeste,facebook,digital,departamento,1,459102.0,20,True,0,1,0.0225,0
OP-002078,2025-07-20,Proyecto Bruma,Asesor Este,feria,feria,departamento,3,628981.0,18,False,0,2,0.0367,1
OP-002079,2026-03-28,Proyecto Bruma,Asesor Norte,whatsapp,digital,departamento,1,282631.0,13,True,0,4,0.0147,0
OP-002080,2025-08-19,Proyecto Aurora,Asesora Premium,whatsapp,digital,departamento,1,358602.0,12,True,1,2,0.0258,0
OP-002081,2025-03-03,Proyecto Cobalto,Asesor Digital,feria,feria,departamento,3,588876.0,19,True,1,1,0.0424,0
OP-002082,2026-01-26,Proyecto Bruma,Asesora Oeste,referido,tradicional,departamento,1,335466.0,80,True,0,1,0.0095,1
OP-002083,2025-07-04,Proyecto Ébano,Asesora Oeste,feria,feria,departamento,1,464278.0,18,True,0,1,0.0345,0
OP-002084,2025-03-28,Proyecto Bruma,Asesora Premium,sala de ventas,tradicional,departamento,3,546677.0,23,False,0,9,0.0,1
OP-002085,2025-01-11,Proyecto Ébano,Asesor Centro,referido,tradicional,departamento,3,546288.0,9,True,0,1,0.0478,0
OP-002086,2025-06-30,Proyecto Bruma,Asesor Norte,facebook,digital,departamento,3,630764.0,34,False,1,2,0.015,1
OP-002087,2025-03-23,Proyecto Cobalto,Asesor Centro,sala de ventas,tradicional,departamento,2,405878.0,23,False,0,2,0.0235,0
OP-002088,2025-10-02,Proyecto Cobalto,Asesor Digital,whatsapp,digital,departamento,2,377963.0,17,False,0,7,0.0232,0
OP-002089,2025-08-13,Proyecto Ébano,Asesora Premium,portal inmobiliario,digital,departamento,3,672955.0,10,True,0,0,0.0075,0
OP-002090,2025-12-08,Proyecto Cobalto,Asesora Oeste,referido,tradicional,departamento,1,377730.0,13,True,0,1,0.0061,0
OP-002091,2025-05-23,Proyecto Cobalto,Asesora Oeste,facebook,digital,departamento,3,625000.0,16,False,0,1,0.0344,0
OP-002092,2025-02-09,Proyecto Granito,Asesora Sur,web,digital,departamento,1,392666.0,17,False,0,2,0.0352,0
OP-002093,2025-03-01,Proyecto Duna,Asesor Centro,facebook,digital,departamento,3,534858.0,10,True,0,1,0.0091,0
OP-002094,2025-02-19,Proyecto Bruma,Asesora Sur,feria,feria,departamento,2,406782.0,21,True,0,0,0.0347,0
OP-002095,2025-05-20,Proyecto Granito,Asesor Este,whatsapp,digital,departamento,2,517030.0,27,True,0,6,0.035,1
OP-002096,2026-01-09,Proyecto Cobalto,Asesora Sur,facebook,digital,departamento,2,414018.0,38,True,1,1,0.0182,0
OP-002097,2025-10-12,Proyecto Aurora,Asesor Este,sala de ventas,tradicional,departamento,1,361888.0,65,False,0,2,0.0017,0
OP-002098,2025-07-10,Proyecto Duna,Asesor Este,facebook,digital,departamento,2,470565.0,4,True,1,4,0.0243,1
OP-002099,2025-05-04,Proyecto Aurora,Asesor Norte,sala de ventas,tradicional,departamento,3,585177.0,29,True,0,1,0.0316,1
OP-002100,2025-03-28,Proyecto Bruma,Asesora Premium,facebook,digital,departamento,2,480533.0,18,True,0,2,0.0239,0
OP-002101,2025-03-17,Proyecto Faro,Asesora Oeste,sala de ventas,tradicional,departamento,2,541274.0,3,True,0,1,0.0143,0
OP-002102,2025-05-17,Proyecto Aurora,Asesor Digital,sala de ventas,tradicional,departamento,1,372472.0,14,False,0,1,0.0334,0
OP-002103,2025-09-17,Proyecto Faro,Asesora Sur,facebook,digital,departamento,3,616085.0,35,False,0,0,0.0478,1
OP-002104,2025-11-08,Proyecto Horizonte,Asesor Centro,sala de ventas,tradicional,departamento,2,554118.0,32,True,0,3,0.0111,0
OP-002105,2026-05-07,Proyecto Duna,Asesora Sur,web,digital,departamento,1,393980.0,25,True,1,2,0.0196,1
OP-002106,2026-05-11,Proyecto Ébano,Asesora Oeste,sala de ventas,tradicional,departamento,3,489411.0,13,False,0,2,0.0744,0
OP-002107,2025-05-17,Proyecto Ébano,Asesora Oeste,portal inmobiliario,digital,departamento,2,543559.0,54,False,1,2,0.0302,1
OP-002108,2026-01-16,Proyecto Horizonte,Asesora Oeste,sala de ventas,tradicional,departamento,2,552247.0,9,False,0,1,0.0022,1
OP-002109,2025-03-09,Proyecto Cobalto,Asesor Centro,sala de ventas,tradicional,departamento,3,630023.0,17,True,0,0,0.0164,0
OP-002110,2026-02-19,Proyecto Aurora,Asesora Premium,sala de ventas,tradicional,departamento,2,389224.0,20,True,0,1,0.0114,0
OP-002111,2026-04-29,Proyecto Duna,Asesor Este,web,digital,departamento,3,593632.0,22,True,0,4,0.0318,0
OP-002112,2025-11-13,Proyecto Duna,Asesora Premium,facebook,digital,departamento,3,550966.0,90,True,0,0,0.0305,0
OP-002113,2025-10-08,Proyecto Aurora,Asesora Sur,referido,tradicional,departamento,2,500953.0,61,False,1,1,0.0135,1
OP-002114,2025-07-13,Proyecto Ébano,Asesor Este,sala de ventas,tradicional,departamento,1,315719.0,32,False,1,0,0.0584,1
OP-002115,2026-04-05,Proyecto Aurora,Asesor Este,whatsapp,digital,departamento,1,293924.0,23,True,0,0,0.0265,0
OP-002116,2026-05-16,Proyecto Horizonte,Asesor Digital,sala de ventas,tradicional,departamento,2,573387.0,23,True,0,2,0.0168,0
OP-002117,2026-01-03,Proyecto Bruma,Asesor Norte,facebook,digital,departamento,1,322384.0,37,False,0,4,0.003,1
OP-002118,2025-02-12,Proyecto Aurora,Asesor Este,portal inmobiliario,digital,departamento,1,293939.0,48,False,0,2,0.0089,0
OP-002119,2026-04-03,Proyecto Aurora,Asesor Este,sala de ventas,tradicional,departamento,2,509870.0,9,True,0,2,0.0026,0
OP-002120,2026-02-25,Proyecto Bruma,Asesora Premium,facebook,digital,departamento,3,639124.0,65,False,0,1,0.0216,1
OP-002121,2025-07-06,Proyecto Bruma,Asesora Oeste,feria,feria,departamento,1,396714.0,31,True,0,2,0.0091,1
OP-002122,2025-05-15,Proyecto Aurora,Asesor Digital,facebook,digital,departamento,3,621679.0,15,False,0,2,0.0391,0
OP-002123,2026-02-04,Proyecto Bruma,Asesora Premium,sala de ventas,tradicional,departamento,3,574263.0,21,True,0,0,0.0145,0
OP-002124,2025-11-13,Proyecto Bruma,Asesor Centro,facebook,digital,departamento,3,575747.0,32,True,0,1,0.0401,0
OP-002125,2026-01-27,Proyecto Cobalto,Asesora Premium,sala de ventas,tradicional,departamento,3,563356.0,33,False,1,1,0.0338,1
OP-002126,2026-05-26,Proyecto Cobalto,Asesora Sur,portal inmobiliario,digital,departamento,3,608225.0,11,True,0,3,0.0366,0
OP-002127,2025-07-11,Proyecto Bruma,Asesora Oeste,web,digital,departamento,1,327966.0,22,False,0,1,0.0411,0
OP-002128,2026-03-14,Proyecto Bruma,Asesor Centro,referido,tradicional,departamento,2,448181.0,27,True,0,2,0.0609,0
OP-002129,2025-09-01,Proyecto Aurora,Asesora Sur,sala de ventas,tradicional,departamento,3,607995.0,48,False,2,5,0.0097,1
OP-002130,2026-03-19,Proyecto Aurora,Asesor Norte,web,digital,departamento,2,525150.0,51,False,1,1,0.0402,0
OP-002131,2025-05-07,Proyecto Bruma,Asesor Norte,web,digital,departamento,3,608904.0,8,True,1,0,0.0322,0
OP-002132,2026-03-04,Proyecto Faro,Asesora Premium,sala de ventas,tradicional,departamento,3,733687.0,24,True,0,3,0.0441,1
OP-002133,2026-01-03,Proyecto Horizonte,Asesor Centro,portal inmobiliario,digital,departamento,1,390197.0,15,False,1,1,0.027,1
OP-002134,2025-08-24,Proyecto Horizonte,Asesora Sur,referido,tradicional,departamento,2,442911.0,31,True,0,2,0.0462,0
OP-002135,2026-04-23,Proyecto Duna,Asesora Premium,feria,feria,departamento,2,535305.0,87,True,0,0,0.0018,1
OP-002136,2025-07-24,Proyecto Duna,Asesor Centro,facebook,digital,departamento,1,338549.0,44,False,0,1,0.0069,1
OP-002137,2026-01-22,Proyecto Bruma,Asesora Premium,sala de ventas,tradicional,departamento,2,456947.0,33,True,0,2,0.0148,0
OP-002138,2025-09-27,Proyecto Faro,Asesor Digital,web,digital,departamento,3,537661.0,40,False,0,2,0.0237,1
OP-002139,2025-03-15,Proyecto Faro,Asesor Digital,feria,feria,departamento,2,470543.0,59,True,1,1,0.0258,1
OP-002140,2025-05-29,Proyecto Granito,Asesora Sur,facebook,digital,departamento,2,449377.0,42,True,0,0,0.0117,1
OP-002141,2026-02-21,Proyecto Granito,Asesora Premium,sala de ventas,tradicional,departamento,3,623113.0,10,False,0,4,0.0072,0
OP-002142,2025-09-06,Proyecto Cobalto,Asesor Este,feria,feria,departamento,1,347300.0,68,False,0,0,0.0132,0
OP-002143,2026-03-19,Proyecto Faro,Asesor Este,sala de ventas,tradicional,departamento,3,639948.0,25,True,0,5,0.0,1
OP-002144,2025-03-07,Proyecto Faro,Asesor Centro,facebook,digital,departamento,1,473185.0,30,False,0,0,0.0198,0
OP-002145,2026-02-04,Proyecto Bruma,Asesor Centro,web,digital,departamento,3,624230.0,51,False,0,1,0.0239,0
OP-002146,2026-04-10,Proyecto Horizonte,Asesor Este,sala de ventas,tradicional,departamento,2,454781.0,84,False,0,1,0.0329,1
OP-002147,2026-05-31,Proyecto Aurora,Asesor Digital,sala de ventas,tradicional,departamento,2,493441.0,17,True,0,1,0.028,0
OP-002148,2026-01-18,Proyecto Horizonte,Asesora Sur,sala de ventas,tradicional,departamento,2,550147.0,50,True,0,1,0.0573,0
OP-002149,2025-09-03,Proyecto Faro,Asesor Norte,portal inmobiliario,digital,departamento,1,399620.0,16,False,0,0,0.0396,1
OP-002150,2025-02-02,Proyecto Aurora,Asesor Norte,facebook,digital,departamento,2,458752.0,29,False,0,0,0.0383,1
OP-002151,2025-04-17,Proyecto Ébano,Asesora Premium,web,digital,departamento,3,634250.0,7,True,0,2,0.0316,0
OP-002152,2025-12-10,Proyecto Aurora,Asesor Este,whatsapp,digital,departamento,3,536946.0,16,True,1,2,0.0346,0
OP-002153,2026-04-05,Proyecto Faro,Asesora Oeste,web,digital,departamento,1,394971.0,28,True,0,1,0.021,0
OP-002154,2026-01-30,Proyecto Faro,Asesor Centro,referido,tradicional,departamento,3,700117.0,34,True,0,3,0.0268,1
OP-002155,2025-11-12,Proyecto Duna,Asesora Oeste,referido,tradicional,departamento,3,572285.0,33,True,0,1,0.0596,0
OP-002156,2026-03-25,Proyecto Granito,Asesor Centro,facebook,digital,departamento,3,590356.0,46,True,0,4,0.0237,1
OP-002157,2025-06-10,Proyecto Aurora,Asesor Norte,referido,tradicional,departamento,2,456606.0,18,True,0,2,0.001,0
OP-002158,2025-06-21,Proyecto Bruma,Asesora Sur,whatsapp,digital,departamento,1,294819.0,22,True,0,3,0.0375,0
OP-002159,2025-02-15,Proyecto Cobalto,Asesor Digital,feria,feria,departamento,3,504247.0,23,True,0,1,0.0408,0
OP-002160,2025-11-24,Proyecto Aurora,Asesora Oeste,facebook,digital,departamento,2,441054.0,19,False,0,2,0.0278,0
OP-002161,2025-04-06,Proyecto Cobalto,Asesora Sur,facebook,digital,departamento,2,563674.0,12,True,0,1,0.0,0
OP-002162,2025-05-24,Proyecto Bruma,Asesor Este,portal inmobiliario,digital,departamento,3,584877.0,26,True,1,1,0.0482,0
OP-002163,2025-02-18,Proyecto Cobalto,Asesor Este,sala de ventas,tradicional,departamento,1,378822.0,41,True,0,4,0.0291,0
OP-002164,2026-03-18,Proyecto Cobalto,Asesora Sur,portal inmobiliario,digital,departamento,3,481842.0,30,True,0,2,0.0194,0
OP-002165,2025-04-18,Proyecto Granito,Asesor Este,facebook,digital,departamento,1,441097.0,18,True,0,2,0.0464,0
OP-002166,2026-04-01,Proyecto Bruma,Asesora Premium,web,digital,departamento,3,592135.0,26,False,0,1,0.0,1
OP-002167,2025-05-01,Proyecto Granito,Asesor Norte,feria,feria,departamento,3,610430.0,17,True,0,1,0.027,1
OP-002168,2025-02-09,Proyecto Cobalto,Asesor Este,referido,tradicional,departamento,3,608903.0,35,True,0,4,0.0153,0
OP-002169,2026-05-24,Proyecto Bruma,Asesora Oeste,sala de ventas,tradicional,departamento,3,596357.0,42,False,0,3,0.0519,0
OP-002170,2025-05-29,Proyecto Duna,Asesora Oeste,portal inmobiliario,digital,departamento,3,552728.0,42,False,0,2,0.0294,1
OP-002171,2026-01-11,Proyecto Cobalto,Asesor Digital,facebook,digital,departamento,1,387252.0,21,True,1,3,0.0094,1
OP-002172,2025-02-23,Proyecto Bruma,Asesor Digital,facebook,digital,departamento,3,652842.0,17,True,0,2,0.0455,0
OP-002173,2025-04-08,Proyecto Duna,Asesor Este,referido,tradicional,departamento,3,598463.0,46,True,1,4,0.0,0
OP-002174,2025-07-27,Proyecto Aurora,Asesora Oeste,facebook,digital,departamento,2,412282.0,20,True,0,1,0.0341,1
OP-002175,2026-01-28,Proyecto Cobalto,Asesor Norte,web,digital,departamento,2,474233.0,26,True,0,3,0.0023,0
OP-002176,2025-01-03,Proyecto Duna,Asesor Centro,sala de ventas,tradicional,departamento,1,428004.0,30,True,1,2,0.0167,0
OP-002177,2025-11-26,Proyecto Cobalto,Asesora Sur,facebook,digital,departamento,2,416552.0,24,True,0,1,0.0207,0
OP-002178,2026-02-12,Proyecto Faro,Asesor Norte,portal inmobiliario,digital,departamento,3,666821.0,38,True,1,2,0.0414,0
OP-002179,2025-02-22,Proyecto Bruma,Asesor Centro,sala de ventas,tradicional,departamento,2,434709.0,8,False,0,3,0.0647,1
OP-002180,2025-08-13,Proyecto Horizonte,Asesora Sur,facebook,digital,departamento,2,557313.0,33,True,0,0,0.0,1
OP-002181,2026-05-08,Proyecto Faro,Asesora Oeste,web,digital,departamento,2,488962.0,13,True,1,4,0.033,1
OP-002182,2025-10-05,Proyecto Horizonte,Asesor Norte,portal inmobiliario,digital,departamento,1,397814.0,18,False,0,4,0.0646,0
OP-002183,2026-01-26,Proyecto Granito,Asesora Premium,referido,tradicional,departamento,3,730770.0,27,True,0,4,0.0147,0
OP-002184,2026-01-22,Proyecto Aurora,Asesora Premium,feria,feria,departamento,2,382500.0,6,True,1,3,0.0136,0
OP-002185,2025-08-03,Proyecto Duna,Asesor Centro,sala de ventas,tradicional,departamento,1,407695.0,21,True,0,0,0.0292,0
OP-002186,2026-01-06,Proyecto Aurora,Asesora Premium,facebook,digital,departamento,1,440223.0,19,True,0,2,0.0399,0
OP-002187,2026-05-08,Proyecto Faro,Asesora Oeste,whatsapp,digital,departamento,3,672704.0,22,True,0,0,0.0368,0
OP-002188,2025-06-13,Proyecto Duna,Asesora Sur,portal inmobiliario,digital,departamento,3,537790.0,18,True,0,4,0.0185,0
OP-002189,2025-01-26,Proyecto Bruma,Asesora Sur,referido,tradicional,departamento,1,286513.0,26,True,0,1,0.0106,1
OP-002190,2026-02-12,Proyecto Horizonte,Asesora Sur,referido,tradicional,departamento,1,387661.0,16,True,0,2,0.0487,0
OP-002191,2025-06-13,Proyecto Aurora,Asesora Sur,facebook,digital,departamento,2,468685.0,24,True,0,2,0.0111,1
OP-002192,2025-11-30,Proyecto Duna,Asesor Este,sala de ventas,tradicional,departamento,1,393427.0,27,False,0,2,0.0,0
OP-002193,2025-03-24,Proyecto Ébano,Asesora Sur,portal inmobiliario,digital,departamento,3,553057.0,47,False,0,1,0.0,0
OP-002194,2025-04-24,Proyecto Aurora,Asesor Centro,feria,feria,departamento,1,296998.0,53,True,0,2,0.0146,0
OP-002195,2026-01-29,Proyecto Duna,Asesora Sur,facebook,digital,departamento,2,451368.0,8,True,0,0,0.0519,1
OP-002196,2025-01-16,Proyecto Faro,Asesor Centro,facebook,digital,departamento,2,510059.0,49,False,0,1,0.0036,1
OP-002197,2025-09-16,Proyecto Aurora,Asesor Este,facebook,digital,departamento,2,569158.0,12,True,0,2,0.0524,0
OP-002198,2026-01-29,Proyecto Duna,Asesor Centro,sala de ventas,tradicional,departamento,2,444675.0,24,True,0,1,0.0485,0
OP-002199,2025-09-02,Proyecto Bruma,Asesora Oeste,web,digital,departamento,1,303267.0,6,False,0,4,0.0291,1
OP-002200,2025-03-28,Proyecto Ébano,Asesor Digital,referido,tradicional,departamento,1,330677.0,4,True,0,4,0.0,0
OP-002201,2025-11-27,Proyecto Aurora,Asesora Oeste,sala de ventas,tradicional,departamento,1,379955.0,84,True,1,1,0.0037,0
OP-002202,2025-02-28,Proyecto Horizonte,Asesor Este,web,digital,departamento,1,426726.0,24,True,0,3,0.0136,0
OP-002203,2025-10-29,Proyecto Granito,Asesor Centro,whatsapp,digital,departamento,3,597708.0,21,True,0,3,0.0562,1
OP-002204,2025-08-07,Proyecto Bruma,Asesor Centro,sala de ventas,tradicional,departamento,1,337046.0,29,True,0,2,0.0148,0
OP-002205,2025-10-10,Proyecto Bruma,Asesora Oeste,facebook,digital,departamento,2,428467.0,21,True,1,0,0.0111,0
OP-002206,2026-04-25,Proyecto Duna,Asesora Oeste,referido,tradicional,departamento,1,397274.0,41,False,0,2,0.0284,0
OP-002207,2026-04-06,Proyecto Ébano,Asesora Oeste,sala de ventas,tradicional,departamento,3,770641.0,28,True,2,1,0.0,1
OP-002208,2026-01-09,Proyecto Cobalto,Asesor Este,referido,tradicional,departamento,3,629298.0,37,False,1,4,0.0246,1
OP-002209,2025-09-15,Proyecto Aurora,Asesor Este,referido,tradicional,departamento,3,569886.0,14,True,0,4,0.0106,0
OP-002210,2026-02-19,Proyecto Aurora,Asesor Digital,sala de ventas,tradicional,departamento,2,423426.0,7,True,0,3,0.0734,0
OP-002211,2025-02-22,Proyecto Horizonte,Asesor Centro,sala de ventas,tradicional,departamento,3,585113.0,44,True,1,3,0.0085,1
OP-002212,2025-05-21,Proyecto Cobalto,Asesor Norte,portal inmobiliario,digital,departamento,2,524353.0,30,True,0,1,0.0597,0
OP-002213,2025-08-30,Proyecto Granito,Asesor Digital,facebook,digital,departamento,3,684364.0,10,True,1,1,0.0045,0
OP-002214,2026-03-11,Proyecto Duna,Asesor Centro,web,digital,departamento,3,585364.0,10,True,0,5,0.0297,0
OP-002215,2025-07-21,Proyecto Horizonte,Asesor Norte,web,digital,departamento,1,495733.0,26,True,0,2,0.034,0
OP-002216,2025-08-04,Proyecto Aurora,Asesora Premium,feria,feria,departamento,2,461161.0,35,True,0,0,0.0276,0
OP-002217,2026-05-10,Proyecto Aurora,Asesor Centro,web,digital,departamento,1,387612.0,12,True,0,2,0.0264,0
OP-002218,2026-05-25,Proyecto Horizonte,Asesor Digital,portal inmobiliario,digital,departamento,1,445291.0,60,True,2,1,0.0405,0
OP-002219,2025-01-20,Proyecto Horizonte,Asesora Oeste,web,digital,departamento,3,649258.0,38,True,0,1,0.0325,0
OP-002220,2025-10-24,Proyecto Bruma,Asesora Oeste,facebook,digital,departamento,1,304481.0,46,True,0,2,0.0219,0
OP-002221,2025-12-27,Proyecto Cobalto,Asesor Este,facebook,digital,departamento,3,590995.0,26,False,0,1,0.0129,1
OP-002222,2025-11-12,Proyecto Cobalto,Asesor Este,facebook,digital,departamento,3,645313.0,24,False,0,1,0.022,0
OP-002223,2026-05-19,Proyecto Cobalto,Asesor Centro,facebook,digital,departamento,2,456053.0,9,True,0,2,0.0218,0
OP-002224,2026-04-21,Proyecto Bruma,Asesora Premium,sala de ventas,tradicional,departamento,2,496186.0,14,True,0,1,0.0214,0
OP-002225,2025-05-11,Proyecto Granito,Asesor Digital,facebook,digital,departamento,2,472450.0,22,True,0,1,0.0264,0
OP-002226,2026-05-09,Proyecto Bruma,Asesora Premium,facebook,digital,departamento,3,629903.0,31,True,1,3,0.0,1
OP-002227,2025-08-07,Proyecto Ébano,Asesor Centro,sala de ventas,tradicional,departamento,1,410212.0,27,True,0,6,0.0065,0
OP-002228,2025-01-10,Proyecto Aurora,Asesora Oeste,facebook,digital,departamento,1,278884.0,5,True,0,6,0.04,0
OP-002229,2025-07-07,Proyecto Aurora,Asesor Este,feria,feria,departamento,2,447679.0,11,False,0,2,0.0,0
OP-002230,2025-05-01,Proyecto Ébano,Asesora Premium,referido,tradicional,departamento,3,674229.0,28,False,0,1,0.0465,0
OP-002231,2026-04-27,Proyecto Bruma,Asesor Este,feria,feria,departamento,2,402753.0,31,True,0,3,0.0149,0
OP-002232,2025-11-16,Proyecto Ébano,Asesora Sur,referido,tradicional,departamento,2,449098.0,18,True,0,3,0.0551,0
OP-002233,2025-06-10,Proyecto Aurora,Asesor Digital,portal inmobiliario,digital,departamento,3,571178.0,36,True,0,4,0.0471,0
OP-002234,2025-01-02,Proyecto Horizonte,Asesor Centro,feria,feria,departamento,1,546333.0,36,True,0,2,0.0191,0
OP-002235,2025-07-11,Proyecto Faro,Asesor Este,sala de ventas,tradicional,departamento,1,368008.0,80,True,0,4,0.021,0
OP-002236,2025-06-15,Proyecto Granito,Asesor Digital,whatsapp,digital,departamento,2,559240.0,24,True,0,4,0.0537,1
OP-002237,2025-08-22,Proyecto Aurora,Asesor Digital,sala de ventas,tradicional,departamento,1,359307.0,17,True,0,2,0.0479,0
OP-002238,2025-04-13,Proyecto Bruma,Asesor Este,referido,tradicional,departamento,1,324576.0,12,True,1,2,0.0425,0
OP-002239,2025-10-06,Proyecto Cobalto,Asesora Oeste,feria,feria,departamento,2,492862.0,8,True,0,2,0.0456,0
OP-002240,2025-09-30,Proyecto Duna,Asesora Oeste,facebook,digital,departamento,2,471369.0,35,True,0,0,0.0054,0
OP-002241,2026-01-11,Proyecto Bruma,Asesor Centro,referido,tradicional,departamento,2,452321.0,32,False,0,2,0.0287,0
OP-002242,2025-11-07,Proyecto Aurora,Asesor Digital,facebook,digital,departamento,2,368630.0,9,True,0,3,0.0111,0
OP-002243,2026-01-13,Proyecto Cobalto,Asesora Oeste,sala de ventas,tradicional,departamento,2,482656.0,35,True,0,1,0.005,0
OP-002244,2025-04-09,Proyecto Bruma,Asesora Premium,sala de ventas,tradicional,departamento,2,521450.0,27,True,0,2,0.0279,0
OP-002245,2025-03-13,Proyecto Cobalto,Asesor Centro,sala de ventas,tradicional,departamento,3,602158.0,19,True,0,0,0.0176,0
OP-002246,2025-10-06,Proyecto Bruma,Asesor Digital,sala de ventas,tradicional,departamento,3,646978.0,4,True,0,1,0.022,0
OP-002247,2026-05-31,Proyecto Bruma,Asesor Este,web,digital,departamento,2,503918.0,32,True,0,1,0.016,0
OP-002248,2025-07-26,Proyecto Ébano,Asesor Este,referido,tradicional,departamento,3,619725.0,66,True,0,1,0.0024,0
OP-002249,2026-01-15,Proyecto Cobalto,Asesor Este,facebook,digital,departamento,3,564464.0,13,True,0,4,0.0555,0
OP-002250,2026-05-31,Proyecto Cobalto,Asesor Digital,web,digital,departamento,1,342255.0,27,True,0,0,0.0278,0
OP-002251,2025-02-19,Proyecto Duna,Asesor Centro,sala de ventas,tradicional,departamento,3,530122.0,34,True,0,1,0.0,0
OP-002252,2025-02-03,Proyecto Faro,Asesora Sur,facebook,digital,departamento,3,620311.0,3,True,0,3,0.0283,0
OP-002253,2025-12-10,Proyecto Cobalto,Asesor Norte,feria,feria,departamento,2,492030.0,12,True,0,0,0.0524,0
OP-002254,2026-03-14,Proyecto Duna,Asesora Oeste,portal inmobiliario,digital,departamento,1,475348.0,7,False,0,0,0.0423,0
OP-002255,2025-12-15,Proyecto Horizonte,Asesora Premium,facebook,digital,departamento,2,573058.0,65,True,1,1,0.0157,1
OP-002256,2026-06-04,Proyecto Duna,Asesora Oeste,sala de ventas,tradicional,departamento,2,448433.0,2,False,0,2,0.0161,0
OP-002257,2025-01-20,Proyecto Granito,Asesora Oeste,feria,feria,departamento,3,567835.0,19,True,0,1,0.0078,1
OP-002258,2025-10-09,Proyecto Faro,Asesora Premium,portal inmobiliario,digital,departamento,2,508640.0,29,True,0,1,0.0116,1
OP-002259,2026-01-04,Proyecto Aurora,Asesora Oeste,facebook,digital,departamento,1,389647.0,13,True,0,1,0.0131,0
OP-002260,2025-12-20,Proyecto Cobalto,Asesor Digital,sala de ventas,tradicional,departamento,1,356866.0,3,True,0,2,0.0,1
OP-002261,2025-01-18,Proyecto Ébano,Asesor Centro,sala de ventas,tradicional,departamento,3,652809.0,20,True,0,1,0.017,0
OP-002262,2025-03-08,Proyecto Horizonte,Asesora Premium,referido,tradicional,departamento,1,419038.0,13,True,0,5,0.0312,0
OP-002263,2026-06-03,Proyecto Cobalto,Asesora Premium,portal inmobiliario,digital,departamento,3,638435.0,31,True,0,0,0.0175,0
OP-002264,2025-07-02,Proyecto Aurora,Asesor Centro,web,digital,departamento,2,372151.0,39,True,0,3,0.0289,1
OP-002265,2025-04-06,Proyecto Duna,Asesor Norte,facebook,digital,departamento,2,584230.0,9,False,0,4,0.0542,1
OP-002266,2025-04-05,Proyecto Aurora,Asesor Este,web,digital,departamento,2,398813.0,14,True,0,3,0.058,0
OP-002267,2025-03-31,Proyecto Faro,Asesor Norte,feria,feria,departamento,1,448655.0,15,True,0,2,0.0238,0
OP-002268,2025-10-31,Proyecto Duna,Asesora Oeste,referido,tradicional,departamento,2,481030.0,38,True,0,1,0.0408,1
OP-002269,2025-09-19,Proyecto Ébano,Asesora Sur,feria,feria,departamento,3,616629.0,25,False,0,2,0.022,0
OP-002270,2026-05-05,Proyecto Granito,Asesora Oeste,facebook,digital,departamento,1,403739.0,9,False,1,1,0.0162,1
OP-002271,2025-09-06,Proyecto Ébano,Asesor Este,facebook,digital,departamento,2,522058.0,46,True,0,1,0.0049,1
OP-002272,2025-01-16,Proyecto Ébano,Asesor Norte,referido,tradicional,departamento,3,648164.0,13,True,0,3,0.0266,0
OP-002273,2025-10-03,Proyecto Faro,Asesor Norte,facebook,digital,departamento,3,693210.0,16,True,0,2,0.0445,0
OP-002274,2025-09-15,Proyecto Granito,Asesora Oeste,whatsapp,digital,departamento,2,609437.0,11,True,2,1,0.0021,0
OP-002275,2025-06-20,Proyecto Granito,Asesor Norte,referido,tradicional,departamento,3,665250.0,26,False,0,2,0.0198,0
OP-002276,2026-01-12,Proyecto Aurora,Asesora Premium,facebook,digital,departamento,1,439252.0,18,True,0,1,0.019,0
OP-002277,2026-05-05,Proyecto Duna,Asesora Premium,facebook,digital,departamento,1,386113.0,55,False,0,2,0.0294,0
OP-002278,2025-08-12,Proyecto Bruma,Asesor Centro,referido,tradicional,departamento,2,531259.0,25,True,0,1,0.0297,0
OP-002279,2026-01-13,Proyecto Granito,Asesora Sur,facebook,digital,departamento,3,670580.0,12,False,1,1,0.0347,0
OP-002280,2025-10-08,Proyecto Ébano,Asesora Premium,web,digital,departamento,3,592794.0,23,True,1,1,0.0591,0
OP-002281,2026-01-13,Proyecto Cobalto,Asesor Centro,facebook,digital,departamento,1,378968.0,60,True,0,0,0.0093,1
OP-002282,2025-08-24,Proyecto Bruma,Asesor Este,facebook,digital,departamento,2,499674.0,8,True,1,1,0.0083,0
OP-002283,2025-05-15,Proyecto Bruma,Asesor Norte,web,digital,departamento,2,470229.0,32,True,0,6,0.0295,0
OP-002284,2025-11-07,Proyecto Ébano,Asesora Oeste,sala de ventas,tradicional,departamento,1,415707.0,4,False,0,1,0.0511,0
OP-002285,2025-07-23,Proyecto Bruma,Asesora Premium,web,digital,departamento,2,519595.0,53,True,0,2,0.0,0
OP-002286,2025-02-05,Proyecto Aurora,Asesor Norte,referido,tradicional,departamento,2,458714.0,16,False,0,1,0.031,1
OP-002287,2026-01-21,Proyecto Granito,Asesor Norte,facebook,digital,departamento,1,255086.0,11,True,0,4,0.0214,0
OP-002288,2025-10-12,Proyecto Faro,Asesor Este,web,digital,departamento,2,612305.0,58,True,1,2,0.0404,0
OP-002289,2025-11-13,Proyecto Bruma,Asesora Oeste,feria,feria,departamento,1,340632.0,22,True,1,1,0.0363,0
OP-002290,2025-09-24,Proyecto Bruma,Asesora Oeste,portal inmobiliario,digital,departamento,3,541720.0,23,True,0,2,0.0259,0
OP-002291,2026-04-06,Proyecto Horizonte,Asesor Este,facebook,digital,departamento,1,367174.0,16,False,0,2,0.0338,0
OP-002292,2025-04-05,Proyecto Ébano,Asesora Sur,facebook,digital,departamento,1,374495.0,17,True,0,1,0.0132,1
OP-002293,2025-02-11,Proyecto Ébano,Asesor Norte,web,digital,departamento,1,362049.0,4,True,0,1,0.0394,0
OP-002294,2025-10-06,Proyecto Bruma,Asesor Norte,referido,tradicional,departamento,1,316464.0,32,True,0,1,0.05,0
OP-002295,2026-03-29,Proyecto Bruma,Asesor Norte,web,digital,departamento,1,319483.0,7,True,0,0,0.0268,0
OP-002296,2025-08-29,Proyecto Aurora,Asesor Centro,referido,tradicional,departamento,2,489136.0,42,False,2,4,0.0177,1
OP-002297,2025-08-07,Proyecto Ébano,Asesora Premium,feria,feria,departamento,1,504670.0,10,False,0,2,0.0224,0
OP-002298,2025-11-05,Proyecto Aurora,Asesora Oeste,sala de ventas,tradicional,departamento,2,505131.0,24,True,0,0,0.0392,0
OP-002299,2025-06-27,Proyecto Aurora,Asesor Norte,referido,tradicional,departamento,1,406743.0,14,True,1,2,0.0242,0
OP-002300,2025-10-21,Proyecto Ébano,Asesor Este,sala de ventas,tradicional,departamento,2,487242.0,16,True,2,1,0.0034,0
OP-002301,2026-05-17,Proyecto Horizonte,Asesor Digital,facebook,digital,departamento,1,434757.0,19,False,1,3,0.0421,0
OP-002302,2025-07-30,Proyecto Faro,Asesora Sur,web,digital,departamento,2,543457.0,28,True,0,0,0.0073,0
OP-002303,2025-09-09,Proyecto Cobalto,Asesora Oeste,referido,tradicional,departamento,3,562724.0,57,False,0,1,0.0326,1
OP-002304,2026-02-11,Proyecto Duna,Asesora Oeste,facebook,digital,departamento,3,587585.0,16,False,0,3,0.0,0
OP-002305,2025-12-16,Proyecto Cobalto,Asesor Este,portal inmobiliario,digital,departamento,1,416000.0,3,True,0,1,0.0269,0
OP-002306,2025-07-05,Proyecto Bruma,Asesora Oeste,feria,feria,departamento,3,646966.0,49,False,0,2,0.0238,0
OP-002307,2025-09-30,Proyecto Duna,Asesora Oeste,referido,tradicional,departamento,3,614708.0,35,True,0,3,0.0,0
OP-002308,2025-09-04,Proyecto Cobalto,Asesora Oeste,whatsapp,digital,departamento,1,303266.0,9,True,0,3,0.031,0
OP-002309,2025-07-26,Proyecto Duna,Asesora Premium,facebook,digital,departamento,2,479742.0,8,True,0,1,0.0052,0
OP-002310,2025-08-10,Proyecto Granito,Asesor Centro,feria,feria,departamento,3,567727.0,29,True,0,2,0.0265,0
OP-002311,2025-01-09,Proyecto Horizonte,Asesor Norte,sala de ventas,tradicional,departamento,2,548136.0,26,False,0,1,0.0176,0
OP-002312,2025-09-10,Proyecto Aurora,Asesor Norte,facebook,digital,departamento,2,474047.0,66,True,0,0,0.0,0
OP-002313,2025-06-13,Proyecto Cobalto,Asesor Este,facebook,digital,departamento,2,469111.0,32,False,0,1,0.0062,1
OP-002314,2026-02-21,Proyecto Bruma,Asesor Digital,sala de ventas,tradicional,departamento,1,370294.0,14,False,1,1,0.0076,0
OP-002315,2025-11-24,Proyecto Cobalto,Asesor Norte,referido,tradicional,departamento,3,621930.0,11,True,1,2,0.0427,0
OP-002316,2026-01-05,Proyecto Bruma,Asesor Norte,sala de ventas,tradicional,departamento,1,371127.0,23,True,1,1,0.04,1
OP-002317,2025-05-19,Proyecto Aurora,Asesor Centro,web,digital,departamento,1,278916.0,4,True,0,1,0.0645,0
OP-002318,2025-01-22,Proyecto Faro,Asesora Oeste,sala de ventas,tradicional,departamento,1,391070.0,6,True,0,4,0.0158,0
OP-002319,2025-07-19,Proyecto Duna,Asesora Sur,sala de ventas,tradicional,departamento,2,518541.0,8,True,0,2,0.0152,1
OP-002320,2025-09-15,Proyecto Granito,Asesora Sur,whatsapp,digital,departamento,3,733829.0,13,True,0,3,0.0274,0
OP-002321,2025-08-13,Proyecto Aurora,Asesor Centro,web,digital,departamento,3,560044.0,22,False,0,1,0.0186,0
OP-002322,2025-03-06,Proyecto Aurora,Asesora Oeste,portal inmobiliario,digital,departamento,3,605296.0,33,True,0,1,0.0145,0
OP-002323,2025-04-16,Proyecto Cobalto,Asesor Centro,referido,tradicional,departamento,2,532298.0,51,False,0,2,0.026,0
OP-002324,2026-01-15,Proyecto Aurora,Asesora Sur,sala de ventas,tradicional,departamento,2,449185.0,45,True,0,0,0.0377,0
OP-002325,2026-04-15,Proyecto Bruma,Asesora Oeste,referido,tradicional,departamento,2,535162.0,40,False,0,1,0.0,0
OP-002326,2026-05-29,Proyecto Horizonte,Asesor Digital,referido,tradicional,departamento,1,495120.0,16,False,0,2,0.0147,0
OP-002327,2025-09-21,Proyecto Bruma,Asesor Este,sala de ventas,tradicional,departamento,3,662921.0,12,True,0,1,0.0,0
OP-002328,2025-11-18,Proyecto Bruma,Asesor Este,portal inmobiliario,digital,departamento,2,497214.0,29,True,0,5,0.0222,0
OP-002329,2025-11-12,Proyecto Duna,Asesora Sur,web,digital,departamento,2,625808.0,30,False,0,2,0.0328,1
OP-002330,2025-07-17,Proyecto Duna,Asesor Centro,feria,feria,departamento,2,462159.0,9,True,0,1,0.0451,1
OP-002331,2025-06-21,Proyecto Duna,Asesor Norte,referido,tradicional,departamento,3,727824.0,19,True,0,1,0.0172,0
OP-002332,2025-02-07,Proyecto Cobalto,Asesora Sur,web,digital,departamento,1,411256.0,11,True,0,0,0.0269,0
OP-002333,2025-01-19,Proyecto Faro,Asesor Centro,facebook,digital,departamento,3,708721.0,5,True,0,2,0.0,1
OP-002334,2025-06-22,Proyecto Aurora,Asesor Norte,whatsapp,digital,departamento,3,557398.0,27,True,0,3,0.0095,0
OP-002335,2025-07-11,Proyecto Cobalto,Asesor Digital,facebook,digital,departamento,3,645446.0,40,True,0,1,0.0287,1
OP-002336,2025-10-01,Proyecto Ébano,Asesor Este,sala de ventas,tradicional,departamento,1,471484.0,62,False,0,5,0.0005,0
OP-002337,2026-05-20,Proyecto Granito,Asesor Este,sala de ventas,tradicional,departamento,1,357195.0,20,True,0,5,0.0473,0
OP-002338,2026-04-04,Proyecto Cobalto,Asesora Oeste,web,digital,departamento,2,475017.0,5,False,0,0,0.0344,0
OP-002339,2025-04-12,Proyecto Duna,Asesor Centro,whatsapp,digital,departamento,3,493231.0,69,False,1,0,0.0087,1
OP-002340,2025-09-24,Proyecto Aurora,Asesora Oeste,portal inmobiliario,digital,departamento,3,565192.0,73,True,1,2,0.0,0
OP-002341,2025-10-17,Proyecto Aurora,Asesor Digital,web,digital,departamento,2,415120.0,116,False,2,0,0.0121,1
OP-002342,2026-05-27,Proyecto Aurora,Asesor Digital,whatsapp,digital,departamento,1,333023.0,88,False,1,1,0.0088,1
OP-002343,2025-07-30,Proyecto Ébano,Asesora Sur,web,digital,departamento,1,553800.0,26,True,1,3,0.0031,0
OP-002344,2025-07-11,Proyecto Bruma,Asesor Centro,facebook,digital,departamento,2,566479.0,22,False,0,2,0.0,0
OP-002345,2026-01-31,Proyecto Ébano,Asesor Este,referido,tradicional,departamento,1,313830.0,37,False,1,4,0.0209,0
OP-002346,2025-01-01,Proyecto Aurora,Asesor Digital,sala de ventas,tradicional,departamento,2,490566.0,7,True,1,3,0.0382,0
OP-002347,2025-02-20,Proyecto Granito,Asesora Sur,sala de ventas,tradicional,departamento,3,690941.0,13,False,0,1,0.0122,1
OP-002348,2025-11-23,Proyecto Granito,Asesor Este,facebook,digital,departamento,2,513416.0,20,True,1,2,0.033,0
OP-002349,2025-06-22,Proyecto Aurora,Asesor Centro,sala de ventas,tradicional,departamento,2,469807.0,46,False,0,1,0.0191,0
OP-002350,2025-04-24,Proyecto Aurora,Asesora Premium,whatsapp,digital,departamento,1,360179.0,47,True,0,2,0.036,1
OP-002351,2026-03-06,Proyecto Aurora,Asesor Norte,whatsapp,digital,departamento,1,270936.0,21,True,0,0,0.0108,0
OP-002352,2025-05-07,Proyecto Granito,Asesora Oeste,facebook,digital,departamento,3,590277.0,7,False,0,1,0.0301,0
OP-002353,2025-01-14,Proyecto Bruma,Asesor Este,web,digital,departamento,2,481476.0,39,True,0,0,0.0272,1
OP-002354,2025-01-10,Proyecto Duna,Asesor Centro,facebook,digital,departamento,1,386467.0,7,True,0,2,0.0495,1
OP-002355,2026-04-18,Proyecto Cobalto,Asesora Oeste,sala de ventas,tradicional,departamento,1,330029.0,15,False,0,3,0.0351,0
OP-002356,2025-10-04,Proyecto Faro,Asesor Digital,facebook,digital,departamento,1,361309.0,26,False,0,4,0.0296,0
OP-002357,2025-01-08,Proyecto Duna,Asesor Digital,sala de ventas,tradicional,departamento,2,491062.0,6,True,1,1,0.0,0
OP-002358,2025-05-09,Proyecto Duna,Asesor Centro,facebook,digital,departamento,2,544738.0,12,True,0,2,0.0155,0
OP-002359,2025-06-20,Proyecto Horizonte,Asesor Centro,sala de ventas,tradicional,departamento,2,539793.0,43,True,1,2,0.0106,0
OP-002360,2026-06-02,Proyecto Aurora,Asesor Digital,sala de ventas,tradicional,departamento,2,549250.0,37,True,0,2,0.0102,0
OP-002361,2025-10-08,Proyecto Granito,Asesora Sur,sala de ventas,tradicional,departamento,1,378730.0,8,True,0,3,0.0253,0
OP-002362,2026-03-11,Proyecto Aurora,Asesora Premium,portal inmobiliario,digital,departamento,2,470621.0,28,True,1,2,0.0293,0
OP-002363,2025-08-22,Proyecto Cobalto,Asesora Premium,sala de ventas,tradicional,departamento,1,349514.0,4,True,0,2,0.03,0
OP-002364,2026-01-11,Proyecto Granito,Asesor Norte,facebook,digital,departamento,3,679338.0,35,False,1,1,0.0477,1
OP-002365,2025-01-20,Proyecto Ébano,Asesor Digital,referido,tradicional,departamento,1,350013.0,13,False,0,4,0.0337,0
OP-002366,2025-07-04,Proyecto Ébano,Asesor Centro,facebook,digital,departamento,2,614007.0,19,True,0,6,0.0029,0
OP-002367,2025-08-28,Proyecto Bruma,Asesor Este,referido,tradicional,departamento,1,264016.0,24,True,0,1,0.0286,0
OP-002368,2025-02-07,Proyecto Cobalto,Asesora Oeste,sala de ventas,tradicional,departamento,3,693351.0,9,False,0,5,0.0355,1
OP-002369,2025-05-19,Proyecto Cobalto,Asesora Oeste,web,digital,departamento,1,373949.0,12,False,0,2,0.0477,0
OP-002370,2025-12-14,Proyecto Duna,Asesor Digital,referido,tradicional,departamento,3,641383.0,64,True,0,0,0.0222,0
OP-002371,2025-12-23,Proyecto Cobalto,Asesor Digital,web,digital,departamento,1,442399.0,18,True,0,4,0.0224,0
OP-002372,2025-01-12,Proyecto Bruma,Asesora Premium,referido,tradicional,departamento,3,634171.0,25,True,1,4,0.0444,0
OP-002373,2025-05-18,Proyecto Bruma,Asesor Centro,facebook,digital,departamento,2,431849.0,25,True,0,5,0.0282,1
OP-002374,2025-08-18,Proyecto Bruma,Asesor Norte,facebook,digital,departamento,1,390005.0,52,True,0,0,0.0,0
OP-002375,2025-05-22,Proyecto Cobalto,Asesor Digital,sala de ventas,tradicional,departamento,1,471711.0,39,True,2,2,0.0,0
OP-002376,2025-01-28,Proyecto Aurora,Asesor Norte,referido,tradicional,departamento,2,411199.0,9,False,0,2,0.0581,0
OP-002377,2025-01-20,Proyecto Granito,Asesora Sur,sala de ventas,tradicional,departamento,3,763514.0,56,False,1,0,0.0,1
OP-002378,2025-10-19,Proyecto Duna,Asesor Norte,facebook,digital,departamento,3,632214.0,70,True,0,0,0.022,1
OP-002379,2025-07-10,Proyecto Aurora,Asesor Digital,web,digital,departamento,1,321172.0,9,True,0,1,0.0409,0
OP-002380,2025-10-18,Proyecto Ébano,Asesora Oeste,sala de ventas,tradicional,departamento,2,458869.0,17,True,0,6,0.0,0
OP-002381,2026-01-03,Proyecto Granito,Asesora Sur,sala de ventas,tradicional,departamento,1,404719.0,21,True,0,1,0.0055,0
OP-002382,2025-10-03,Proyecto Bruma,Asesor Norte,web,digital,departamento,1,249460.0,18,True,0,0,0.0026,1
OP-002383,2025-10-17,Proyecto Aurora,Asesor Este,facebook,digital,departamento,2,437162.0,35,False,0,0,0.0574,0
OP-002384,2026-01-07,Proyecto Aurora,Asesora Premium,feria,feria,departamento,2,445539.0,19,True,1,1,0.0613,1
OP-002385,2025-04-06,Proyecto Aurora,Asesor Digital,portal inmobiliario,digital,departamento,1,285907.0,15,False,0,3,0.0118,0
OP-002386,2025-04-29,Proyecto Faro,Asesora Oeste,whatsapp,digital,departamento,3,676131.0,36,True,0,3,0.0354,0
OP-002387,2026-01-13,Proyecto Horizonte,Asesor Centro,facebook,digital,departamento,3,646968.0,3,True,0,2,0.0305,0
OP-002388,2025-05-06,Proyecto Aurora,Asesora Premium,facebook,digital,departamento,3,540031.0,26,False,0,1,0.0199,0
OP-002389,2026-03-31,Proyecto Faro,Asesor Digital,referido,tradicional,departamento,1,387107.0,32,False,0,1,0.0,0
OP-002390,2025-08-05,Proyecto Aurora,Asesora Sur,web,digital,departamento,3,594531.0,54,True,2,1,0.0665,1
OP-002391,2025-02-11,Proyecto Duna,Asesor Digital,web,digital,departamento,2,500027.0,24,False,0,0,0.0,1
OP-002392,2026-01-01,Proyecto Faro,Asesora Oeste,facebook,digital,departamento,2,481446.0,5,True,0,2,0.0288,0
OP-002393,2025-08-10,Proyecto Cobalto,Asesor Digital,sala de ventas,tradicional,departamento,1,375911.0,25,False,0,4,0.0133,0
OP-002394,2025-03-02,Proyecto Aurora,Asesor Norte,sala de ventas,tradicional,departamento,3,572213.0,4,True,0,2,0.0431,0
OP-002395,2025-04-21,Proyecto Duna,Asesor Norte,sala de ventas,tradicional,departamento,2,433329.0,30,True,1,3,0.0402,0
OP-002396,2026-04-06,Proyecto Horizonte,Asesor Digital,sala de ventas,tradicional,departamento,3,643132.0,48,False,0,0,0.0074,0
OP-002397,2025-08-28,Proyecto Bruma,Asesor Centro,portal inmobiliario,digital,departamento,2,503864.0,21,False,0,0,0.0108,1
OP-002398,2025-05-12,Proyecto Bruma,Asesora Sur,sala de ventas,tradicional,departamento,3,618468.0,19,False,0,2,0.0,1
OP-002399,2025-10-10,Proyecto Aurora,Asesor Digital,referido,tradicional,departamento,3,562352.0,38,True,0,0,0.0285,0
OP-002400,2025-03-08,Proyecto Duna,Asesor Norte,whatsapp,digital,departamento,3,648223.0,29,False,0,2,0.0378,0
OP-002401,2025-07-23,Proyecto Duna,Asesor Centro,facebook,digital,departamento,1,327102.0,36,True,0,3,0.0171,0
OP-002402,2025-11-08,Proyecto Faro,Asesora Sur,referido,tradicional,departamento,1,352806.0,86,True,0,1,0.0206,0
OP-002403,2026-05-13,Proyecto Faro,Asesor Norte,web,digital,departamento,3,621181.0,16,True,0,4,0.0593,0
OP-002404,2025-05-24,Proyecto Granito,Asesora Premium,facebook,digital,departamento,2,614366.0,31,True,0,3,0.0419,0
OP-002405,2026-03-06,Proyecto Faro,Asesora Premium,referido,tradicional,departamento,2,528979.0,57,True,2,3,0.0493,1
OP-002406,2025-08-01,Proyecto Bruma,Asesor Norte,feria,feria,departamento,3,571855.0,58,False,0,2,0.0,0
OP-002407,2026-04-09,Proyecto Duna,Asesor Norte,feria,feria,departamento,2,580928.0,33,True,0,0,0.0348,0
OP-002408,2025-02-01,Proyecto Bruma,Asesor Centro,feria,feria,departamento,3,571218.0,19,True,0,2,0.0295,1
OP-002409,2025-03-12,Proyecto Bruma,Asesor Norte,whatsapp,digital,departamento,2,594910.0,36,True,0,1,0.0025,1
OP-002410,2025-08-30,Proyecto Horizonte,Asesora Premium,facebook,digital,departamento,3,630879.0,36,False,0,1,0.0062,1
OP-002411,2026-02-14,Proyecto Ébano,Asesor Digital,feria,feria,departamento,1,337355.0,41,True,0,4,0.0211,0
OP-002412,2025-06-07,Proyecto Horizonte,Asesora Premium,referido,tradicional,departamento,2,534850.0,9,True,1,2,0.0008,1
OP-002413,2025-03-04,Proyecto Cobalto,Asesora Sur,web,digital,departamento,3,585300.0,69,False,1,2,0.0106,1
OP-002414,2025-03-30,Proyecto Duna,Asesora Sur,web,digital,departamento,1,336575.0,57,False,2,2,0.0167,0
OP-002415,2025-05-31,Proyecto Duna,Asesor Centro,feria,feria,departamento,2,639109.0,22,False,0,1,0.0353,0
OP-002416,2025-07-20,Proyecto Aurora,Asesor Norte,portal inmobiliario,digital,departamento,2,477524.0,53,True,0,0,0.0123,0
OP-002417,2025-10-26,Proyecto Bruma,Asesora Oeste,facebook,digital,departamento,2,497534.0,21,False,0,1,0.0169,1
OP-002418,2026-02-05,Proyecto Duna,Asesora Oeste,web,digital,departamento,2,470597.0,62,False,0,1,0.0434,0
OP-002419,2025-03-08,Proyecto Aurora,Asesora Premium,facebook,digital,departamento,1,313228.0,25,False,1,3,0.0,0
OP-002420,2026-02-02,Proyecto Horizonte,Asesora Sur,referido,tradicional,departamento,3,715406.0,11,True,1,1,0.0291,1
OP-002421,2026-05-29,Proyecto Aurora,Asesora Premium,feria,feria,departamento,1,252829.0,79,True,1,2,0.032,0
OP-002422,2025-07-07,Proyecto Bruma,Asesor Centro,feria,feria,departamento,2,409142.0,40,True,0,3,0.0325,1
OP-002423,2025-04-17,Proyecto Faro,Asesora Sur,facebook,digital,departamento,2,506398.0,20,False,0,2,0.016,0
OP-002424,2026-05-22,Proyecto Aurora,Asesor Este,referido,tradicional,departamento,1,419308.0,65,True,0,1,0.0058,1
OP-002425,2026-04-19,Proyecto Granito,Asesor Norte,facebook,digital,departamento,1,396402.0,36,True,0,0,0.0524,0
OP-002426,2025-03-07,Proyecto Ébano,Asesora Oeste,sala de ventas,tradicional,departamento,3,645888.0,18,True,1,2,0.0096,0
OP-002427,2026-03-16,Proyecto Aurora,Asesora Sur,facebook,digital,departamento,2,461525.0,66,False,2,3,0.0049,1
OP-002428,2026-03-21,Proyecto Ébano,Asesor Norte,portal inmobiliario,digital,departamento,1,464294.0,40,True,0,1,0.0254,0
OP-002429,2025-06-07,Proyecto Ébano,Asesora Oeste,facebook,digital,departamento,3,535840.0,29,False,0,1,0.0117,1
OP-002430,2026-05-25,Proyecto Faro,Asesora Oeste,whatsapp,digital,departamento,2,560478.0,23,True,1,1,0.0439,1
OP-002431,2025-04-09,Proyecto Faro,Asesor Norte,sala de ventas,tradicional,departamento,1,394061.0,11,False,0,0,0.0202,0
OP-002432,2025-10-25,Proyecto Ébano,Asesora Sur,web,digital,departamento,3,673869.0,2,True,1,2,0.0462,0
OP-002433,2026-01-01,Proyecto Duna,Asesor Norte,referido,tradicional,departamento,2,450939.0,38,True,0,0,0.0331,0
OP-002434,2025-02-01,Proyecto Bruma,Asesor Centro,web,digital,departamento,1,358342.0,9,True,0,0,0.018,0
OP-002435,2026-04-24,Proyecto Ébano,Asesor Este,web,digital,departamento,3,617362.0,11,True,1,3,0.0451,0
OP-002436,2026-04-24,Proyecto Horizonte,Asesor Norte,web,digital,departamento,2,488866.0,21,True,0,1,0.0133,0
OP-002437,2025-07-16,Proyecto Duna,Asesora Sur,portal inmobiliario,digital,departamento,2,425577.0,21,True,0,3,0.0192,1
OP-002438,2025-08-16,Proyecto Ébano,Asesor Digital,referido,tradicional,departamento,1,361077.0,12,True,1,4,0.0345,0
OP-002439,2025-07-12,Proyecto Cobalto,Asesora Sur,sala de ventas,tradicional,departamento,3,606146.0,38,True,0,1,0.0291,0
OP-002440,2025-03-31,Proyecto Faro,Asesor Centro,facebook,digital,departamento,3,593370.0,5,True,1,3,0.0129,1
OP-002441,2026-04-05,Proyecto Horizonte,Asesora Oeste,web,digital,departamento,3,640846.0,37,True,0,2,0.0,1
OP-002442,2026-04-09,Proyecto Aurora,Asesora Sur,referido,tradicional,departamento,1,241281.0,19,False,1,1,0.0247,0
OP-002443,2025-10-26,Proyecto Bruma,Asesor Este,referido,tradicional,departamento,3,566614.0,12,True,1,1,0.0119,0
OP-002444,2025-08-10,Proyecto Duna,Asesor Norte,referido,tradicional,departamento,2,552297.0,6,True,0,1,0.0255,0
OP-002445,2025-12-19,Proyecto Duna,Asesora Premium,facebook,digital,departamento,2,534785.0,26,True,0,3,0.0174,0
OP-002446,2025-09-17,Proyecto Duna,Asesor Este,feria,feria,departamento,1,376219.0,8,False,1,1,0.0121,0
OP-002447,2026-01-27,Proyecto Aurora,Asesora Oeste,web,digital,departamento,3,588401.0,7,False,0,2,0.0202,0
OP-002448,2025-10-24,Proyecto Cobalto,Asesora Sur,web,digital,departamento,1,323446.0,57,False,0,1,0.0237,1
OP-002449,2025-04-01,Proyecto Duna,Asesora Premium,web,digital,departamento,2,585344.0,7,True,0,1,0.0375,0
OP-002450,2026-04-17,Proyecto Duna,Asesora Sur,portal inmobiliario,digital,departamento,2,609727.0,5,True,0,2,0.0326,0
OP-002451,2025-08-11,Proyecto Ébano,Asesora Oeste,referido,tradicional,departamento,1,402065.0,35,True,0,4,0.0627,0
OP-002452,2025-09-19,Proyecto Ébano,Asesor Digital,whatsapp,digital,departamento,3,765488.0,28,False,0,2,0.0275,0
OP-002453,2025-12-11,Proyecto Ébano,Asesor Centro,sala de ventas,tradicional,departamento,3,585590.0,15,True,0,2,0.0129,1
OP-002454,2026-04-07,Proyecto Faro,Asesor Centro,web,digital,departamento,2,451191.0,10,True,0,4,0.022,0
OP-002455,2025-08-06,Proyecto Ébano,Asesor Digital,web,digital,departamento,3,583971.0,13,True,0,2,0.0352,0
OP-002456,2025-03-30,Proyecto Duna,Asesora Sur,referido,tradicional,departamento,2,483928.0,15,False,0,4,0.0431,0
OP-002457,2025-02-24,Proyecto Duna,Asesor Digital,facebook,digital,departamento,3,738164.0,33,True,0,0,0.0491,0
OP-002458,2025-11-17,Proyecto Aurora,Asesora Oeste,referido,tradicional,departamento,1,329536.0,27,False,0,1,0.0067,0
OP-002459,2025-08-07,Proyecto Bruma,Asesor Este,facebook,digital,departamento,2,424719.0,17,True,0,6,0.0481,0
OP-002460,2025-10-01,Proyecto Duna,Asesora Sur,portal inmobiliario,digital,departamento,2,446585.0,17,False,0,1,0.0242,1
OP-002461,2026-03-17,Proyecto Granito,Asesora Premium,facebook,digital,departamento,2,594701.0,36,True,0,0,0.0083,0
OP-002462,2025-06-19,Proyecto Ébano,Asesor Digital,sala de ventas,tradicional,departamento,2,562852.0,12,True,1,2,0.0213,0
OP-002463,2025-12-03,Proyecto Aurora,Asesor Centro,referido,tradicional,departamento,1,318299.0,5,False,0,1,0.0468,0
OP-002464,2025-04-21,Proyecto Duna,Asesor Norte,facebook,digital,departamento,3,507832.0,53,True,0,0,0.0332,0
OP-002465,2025-12-28,Proyecto Bruma,Asesora Oeste,sala de ventas,tradicional,departamento,1,294927.0,17,True,0,4,0.0032,0
OP-002466,2025-02-06,Proyecto Faro,Asesora Premium,referido,tradicional,departamento,1,499668.0,74,True,1,1,0.0033,1
OP-002467,2025-04-18,Proyecto Faro,Asesor Este,referido,tradicional,departamento,2,557884.0,15,True,1,4,0.0028,0
OP-002468,2025-05-17,Proyecto Duna,Asesora Premium,sala de ventas,tradicional,departamento,2,499600.0,23,True,0,4,0.0118,0
OP-002469,2025-04-08,Proyecto Duna,Asesor Centro,referido,tradicional,departamento,1,483786.0,11,True,0,2,0.0264,0
OP-002470,2025-12-20,Proyecto Bruma,Asesor Norte,referido,tradicional,departamento,2,579708.0,27,True,0,3,0.0047,0
OP-002471,2025-07-26,Proyecto Cobalto,Asesora Oeste,feria,feria,departamento,3,597023.0,17,True,0,4,0.0173,0
OP-002472,2025-05-25,Proyecto Granito,Asesora Sur,facebook,digital,departamento,1,416034.0,19,True,0,1,0.0502,1
OP-002473,2025-05-20,Proyecto Ébano,Asesora Oeste,sala de ventas,tradicional,departamento,3,590987.0,24,True,0,1,0.0541,0
OP-002474,2026-01-14,Proyecto Duna,Asesor Este,whatsapp,digital,departamento,2,480347.0,16,True,0,1,0.0529,1
OP-002475,2025-10-12,Proyecto Cobalto,Asesora Premium,referido,tradicional,departamento,2,402252.0,27,True,0,2,0.0,0
OP-002476,2026-04-01,Proyecto Aurora,Asesor Digital,sala de ventas,tradicional,departamento,1,263029.0,13,False,0,0,0.0551,0
OP-002477,2025-09-20,Proyecto Aurora,Asesora Oeste,feria,feria,departamento,3,480254.0,26,False,0,3,0.0267,0
OP-002478,2025-12-28,Proyecto Bruma,Asesora Oeste,sala de ventas,tradicional,departamento,3,646639.0,4,True,1,0,0.0264,0
OP-002479,2026-04-23,Proyecto Cobalto,Asesor Centro,feria,feria,departamento,1,283123.0,7,False,1,1,0.0435,1
OP-002480,2026-02-23,Proyecto Horizonte,Asesor Centro,web,digital,departamento,1,536248.0,11,True,0,4,0.0377,0
OP-002481,2026-01-29,Proyecto Duna,Asesor Centro,whatsapp,digital,departamento,2,455829.0,8,True,1,1,0.0,0
OP-002482,2025-10-26,Proyecto Bruma,Asesora Premium,whatsapp,digital,departamento,1,452554.0,9,True,1,1,0.014,1
OP-002483,2026-03-29,Proyecto Aurora,Asesor Digital,facebook,digital,departamento,3,554922.0,31,True,0,2,0.0184,0
OP-002484,2026-05-08,Proyecto Bruma,Asesora Premium,feria,feria,departamento,2,385860.0,18,True,0,3,0.0011,0
OP-002485,2025-03-04,Proyecto Faro,Asesor Norte,facebook,digital,departamento,2,590608.0,16,True,1,4,0.0429,0
OP-002486,2026-02-01,Proyecto Cobalto,Asesora Oeste,web,digital,departamento,3,676103.0,27,True,0,0,0.0509,0
OP-002487,2025-01-08,Proyecto Faro,Asesora Oeste,referido,tradicional,departamento,3,585167.0,28,True,0,1,0.0248,0
OP-002488,2025-06-17,Proyecto Faro,Asesora Oeste,sala de ventas,tradicional,departamento,3,616759.0,14,True,0,1,0.0304,1
OP-002489,2026-02-26,Proyecto Aurora,Asesora Oeste,sala de ventas,tradicional,departamento,2,410181.0,44,True,0,3,0.0248,0
OP-002490,2026-01-12,Proyecto Duna,Asesora Premium,sala de ventas,tradicional,departamento,2,489371.0,19,True,0,1,0.0268,0
OP-002491,2025-11-16,Proyecto Horizonte,Asesor Este,sala de ventas,tradicional,departamento,2,549931.0,33,False,0,0,0.0451,0
OP-002492,2025-12-16,Proyecto Cobalto,Asesora Sur,facebook,digital,departamento,2,464674.0,13,True,0,1,0.0,1
OP-002493,2025-03-23,Proyecto Aurora,Asesora Oeste,portal inmobiliario,digital,departamento,2,359961.0,26,True,0,5,0.0337,1
OP-002494,2026-01-26,Proyecto Horizonte,Asesora Premium,referido,tradicional,departamento,1,397052.0,35,True,0,1,0.0252,1
OP-002495,2025-02-22,Proyecto Granito,Asesor Este,feria,feria,departamento,2,570694.0,33,False,0,2,0.0122,0
OP-002496,2025-06-16,Proyecto Duna,Asesor Norte,feria,feria,departamento,2,484511.0,31,False,1,3,0.0159,0
OP-002497,2025-02-14,Proyecto Duna,Asesor Digital,web,digital,departamento,2,477991.0,12,True,1,1,0.058,0
OP-002498,2025-09-22,Proyecto Bruma,Asesora Sur,facebook,digital,departamento,1,305807.0,8,False,0,0,0.0011,0
OP-002499,2026-03-24,Proyecto Faro,Asesor Centro,portal inmobiliario,digital,departamento,2,486447.0,7,True,1,5,0.022,0
OP-002500,2026-04-03,Proyecto Duna,Asesora Premium,feria,feria,departamento,2,573492.0,15,False,0,3,0.0543,1
OP-002501,2025-01-06,Proyecto Aurora,Asesora Sur,feria,feria,departamento,3,512312.0,14,True,1,1,0.0021,0
OP-002502,2026-05-23,Proyecto Ébano,Asesor Este,portal inmobiliario,digital,departamento,3,662645.0,28,False,0,2,0.0168,1
OP-002503,2025-04-18,Proyecto Horizonte,Asesora Sur,referido,tradicional,departamento,1,431588.0,22,True,1,5,0.0258,0
OP-002504,2025-07-07,Proyecto Faro,Asesora Sur,referido,tradicional,departamento,1,418465.0,7,True,0,2,0.0324,0
OP-002505,2025-05-27,Proyecto Bruma,Asesora Sur,portal inmobiliario,digital,departamento,2,431720.0,40,True,0,1,0.0236,0
OP-002506,2025-09-11,Proyecto Aurora,Asesora Sur,facebook,digital,departamento,1,325652.0,25,True,0,2,0.0089,0
OP-002507,2025-01-05,Proyecto Horizonte,Asesora Oeste,feria,feria,departamento,2,543685.0,12,True,0,6,0.0331,0
OP-002508,2025-06-22,Proyecto Horizonte,Asesora Oeste,sala de ventas,tradicional,departamento,3,630363.0,13,False,0,2,0.0232,1
OP-002509,2025-06-08,Proyecto Duna,Asesor Norte,sala de ventas,tradicional,departamento,1,399229.0,52,False,2,1,0.0363,1
OP-002510,2026-01-09,Proyecto Ébano,Asesora Premium,referido,tradicional,departamento,2,533159.0,8,False,0,4,0.0416,0
OP-002511,2026-03-23,Proyecto Cobalto,Asesor Centro,sala de ventas,tradicional,departamento,3,718499.0,54,False,0,2,0.0,0
OP-002512,2025-01-21,Proyecto Cobalto,Asesor Norte,whatsapp,digital,departamento,2,499300.0,17,False,0,2,0.0436,0
OP-002513,2025-08-02,Proyecto Aurora,Asesora Premium,sala de ventas,tradicional,departamento,1,239827.0,18,False,1,3,0.0204,0
OP-002514,2026-05-11,Proyecto Aurora,Asesor Norte,web,digital,departamento,1,408966.0,27,True,0,0,0.0399,0
OP-002515,2026-04-27,Proyecto Bruma,Asesora Oeste,sala de ventas,tradicional,departamento,3,575787.0,5,True,1,2,0.0339,0
OP-002516,2025-10-13,Proyecto Granito,Asesora Oeste,whatsapp,digital,departamento,1,527656.0,25,True,0,3,0.0584,0
OP-002517,2026-01-26,Proyecto Aurora,Asesora Oeste,facebook,digital,departamento,2,540901.0,35,True,1,2,0.0251,0
OP-002518,2025-05-21,Proyecto Bruma,Asesor Digital,sala de ventas,tradicional,departamento,3,559210.0,15,True,1,6,0.0177,0
OP-002519,2026-02-22,Proyecto Duna,Asesor Digital,sala de ventas,tradicional,departamento,1,420705.0,21,True,0,1,0.0158,0
OP-002520,2025-01-20,Proyecto Bruma,Asesora Sur,referido,tradicional,departamento,3,554332.0,75,True,0,2,0.0063,0
OP-002521,2025-09-25,Proyecto Aurora,Asesor Centro,whatsapp,digital,departamento,1,345148.0,38,True,0,2,0.0395,0
OP-002522,2025-10-19,Proyecto Duna,Asesor Digital,whatsapp,digital,departamento,2,533179.0,10,False,0,2,0.0052,0
OP-002523,2025-03-31,Proyecto Cobalto,Asesora Premium,facebook,digital,departamento,2,545215.0,14,True,0,5,0.0394,0
OP-002524,2025-11-01,Proyecto Ébano,Asesor Digital,referido,tradicional,departamento,3,672236.0,17,False,0,2,0.021,1
OP-002525,2026-05-04,Proyecto Granito,Asesora Oeste,sala de ventas,tradicional,departamento,1,421124.0,39,True,0,1,0.0,0
OP-002526,2025-12-28,Proyecto Aurora,Asesora Sur,referido,tradicional,departamento,1,481588.0,10,False,0,1,0.0518,0
OP-002527,2025-03-16,Proyecto Granito,Asesora Oeste,referido,tradicional,departamento,3,626924.0,33,False,0,2,0.0,0
OP-002528,2025-10-01,Proyecto Granito,Asesora Premium,facebook,digital,departamento,1,328604.0,33,False,0,1,0.0235,0
OP-002529,2026-01-02,Proyecto Faro,Asesor Digital,web,digital,departamento,3,557192.0,22,True,1,2,0.0292,1
OP-002530,2025-09-26,Proyecto Ébano,Asesor Centro,portal inmobiliario,digital,departamento,2,589070.0,40,True,0,2,0.0,1
OP-002531,2025-03-21,Proyecto Ébano,Asesor Centro,sala de ventas,tradicional,departamento,2,503784.0,11,True,0,2,0.0329,0
OP-002532,2025-06-08,Proyecto Ébano,Asesora Oeste,sala de ventas,tradicional,departamento,3,631748.0,45,True,0,1,0.0129,0
OP-002533,2025-08-27,Proyecto Ébano,Asesor Este,sala de ventas,tradicional,departamento,3,593161.0,4,True,0,2,0.0205,0
OP-002534,2025-04-11,Proyecto Aurora,Asesor Este,sala de ventas,tradicional,departamento,1,320101.0,10,True,0,2,0.0492,0
OP-002535,2025-08-09,Proyecto Horizonte,Asesora Oeste,sala de ventas,tradicional,departamento,3,615710.0,4,True,0,1,0.0276,0
OP-002536,2025-05-11,Proyecto Duna,Asesora Premium,web,digital,departamento,3,636913.0,11,False,0,1,0.0187,1
OP-002537,2025-03-14,Proyecto Faro,Asesora Oeste,sala de ventas,tradicional,departamento,3,629644.0,33,True,1,0,0.0219,1
OP-002538,2025-07-14,Proyecto Cobalto,Asesora Premium,web,digital,departamento,2,507925.0,28,False,0,3,0.057,1
OP-002539,2025-01-10,Proyecto Aurora,Asesor Norte,portal inmobiliario,digital,departamento,2,478669.0,25,True,0,4,0.0323,1
OP-002540,2026-02-07,Proyecto Duna,Asesora Premium,portal inmobiliario,digital,departamento,2,472577.0,11,True,0,5,0.0091,0
OP-002541,2025-01-21,Proyecto Duna,Asesora Oeste,web,digital,departamento,1,300770.0,20,True,1,3,0.0162,1
OP-002542,2025-03-03,Proyecto Cobalto,Asesor Digital,sala de ventas,tradicional,departamento,2,398981.0,46,True,0,0,0.0036,0
OP-002543,2025-06-07,Proyecto Bruma,Asesora Oeste,sala de ventas,tradicional,departamento,2,638466.0,12,False,0,2,0.0169,0
OP-002544,2025-12-01,Proyecto Bruma,Asesora Oeste,sala de ventas,tradicional,departamento,2,553300.0,12,False,0,1,0.0539,0
OP-002545,2025-08-20,Proyecto Duna,Asesor Norte,whatsapp,digital,departamento,2,569710.0,12,True,0,1,0.022,0
OP-002546,2025-01-20,Proyecto Cobalto,Asesora Premium,whatsapp,digital,departamento,2,446897.0,24,True,0,1,0.0009,0
OP-002547,2025-06-24,Proyecto Horizonte,Asesor Centro,facebook,digital,departamento,2,544523.0,31,False,0,2,0.0328,0
OP-002548,2025-01-23,Proyecto Aurora,Asesor Digital,facebook,digital,departamento,2,415155.0,36,True,0,0,0.0179,1
OP-002549,2025-08-10,Proyecto Bruma,Asesor Norte,referido,tradicional,departamento,3,514835.0,17,True,0,3,0.0351,0
OP-002550,2025-05-23,Proyecto Bruma,Asesora Sur,facebook,digital,departamento,3,554617.0,16,True,0,1,0.0206,1
OP-002551,2026-04-12,Proyecto Duna,Asesor Digital,whatsapp,digital,departamento,1,453940.0,14,False,1,2,0.051,0
OP-002552,2025-07-05,Proyecto Duna,Asesor Norte,sala de ventas,tradicional,departamento,1,427241.0,30,True,0,0,0.0086,0
OP-002553,2025-11-03,Proyecto Ébano,Asesora Oeste,facebook,digital,departamento,3,569647.0,5,True,0,2,0.004,0
OP-002554,2025-04-09,Proyecto Horizonte,Asesor Este,facebook,digital,departamento,2,526685.0,19,False,1,1,0.0419,0
OP-002555,2025-09-07,Proyecto Bruma,Asesor Digital,sala de ventas,tradicional,departamento,3,628202.0,19,False,0,1,0.0,1
OP-002556,2026-04-06,Proyecto Ébano,Asesora Premium,facebook,digital,departamento,1,361597.0,33,True,0,0,0.0219,0
OP-002557,2025-01-14,Proyecto Aurora,Asesor Digital,portal inmobiliario,digital,departamento,1,349377.0,7,True,0,1,0.0394,1
OP-002558,2025-06-08,Proyecto Bruma,Asesor Este,sala de ventas,tradicional,departamento,2,494102.0,35,False,0,2,0.0,0
OP-002559,2025-07-05,Proyecto Cobalto,Asesor Centro,referido,tradicional,departamento,3,620501.0,29,True,0,1,0.0262,1
OP-002560,2025-09-01,Proyecto Aurora,Asesor Centro,facebook,digital,departamento,3,588978.0,64,False,0,2,0.0,0
OP-002561,2025-08-03,Proyecto Ébano,Asesor Digital,sala de ventas,tradicional,departamento,3,587047.0,57,True,0,1,0.0,0
OP-002562,2026-06-01,Proyecto Ébano,Asesor Norte,sala de ventas,tradicional,departamento,2,477696.0,44,True,0,0,0.0058,0
OP-002563,2025-03-16,Proyecto Faro,Asesor Digital,facebook,digital,departamento,3,572649.0,3,False,0,2,0.0217,0
OP-002564,2025-05-13,Proyecto Duna,Asesor Este,sala de ventas,tradicional,departamento,1,295126.0,8,True,0,0,0.0123,0
OP-002565,2025-09-02,Proyecto Duna,Asesor Norte,facebook,digital,departamento,2,489689.0,40,True,0,0,0.0449,0
OP-002566,2025-11-18,Proyecto Cobalto,Asesor Centro,feria,feria,departamento,3,643894.0,18,True,1,3,0.0265,1
OP-002567,2025-02-12,Proyecto Aurora,Asesora Premium,web,digital,departamento,2,384084.0,57,False,0,3,0.0162,0
OP-002568,2026-01-24,Proyecto Aurora,Asesor Norte,whatsapp,digital,departamento,3,590014.0,22,True,0,2,0.0014,1
OP-002569,2025-10-02,Proyecto Ébano,Asesor Norte,facebook,digital,departamento,1,436155.0,32,False,1,0,0.029,0
OP-002570,2025-05-21,Proyecto Horizonte,Asesor Digital,web,digital,departamento,1,327980.0,31,True,0,3,0.0621,0
OP-002571,2025-07-17,Proyecto Aurora,Asesor Digital,web,digital,departamento,2,445118.0,22,True,0,1,0.0123,0
OP-002572,2025-01-30,Proyecto Duna,Asesora Sur,sala de ventas,tradicional,departamento,3,701542.0,41,False,0,1,0.0145,1
OP-002573,2025-12-12,Proyecto Faro,Asesor Digital,facebook,digital,departamento,2,550357.0,34,False,0,1,0.0059,1
OP-002574,2026-02-16,Proyecto Faro,Asesor Digital,referido,tradicional,departamento,3,532125.0,8,False,1,0,0.0463,1
OP-002575,2026-06-04,Proyecto Duna,Asesor Digital,feria,feria,departamento,1,417209.0,78,False,0,1,0.0417,1
OP-002576,2025-05-31,Proyecto Ébano,Asesora Sur,facebook,digital,departamento,3,581874.0,8,True,0,0,0.017,0
OP-002577,2025-05-22,Proyecto Ébano,Asesor Centro,sala de ventas,tradicional,departamento,2,546022.0,12,True,1,3,0.0142,1
OP-002578,2025-06-17,Proyecto Granito,Asesor Digital,whatsapp,digital,departamento,1,379046.0,32,True,0,1,0.008,1
OP-002579,2025-03-10,Proyecto Aurora,Asesor Digital,sala de ventas,tradicional,departamento,3,572083.0,28,True,0,3,0.0198,0
OP-002580,2025-08-04,Proyecto Horizonte,Asesor Centro,whatsapp,digital,departamento,3,629435.0,36,True,1,4,0.0434,0
OP-002581,2025-03-06,Proyecto Aurora,Asesora Sur,feria,feria,departamento,2,460174.0,18,True,0,0,0.0257,0
OP-002582,2025-01-21,Proyecto Granito,Asesor Norte,feria,feria,departamento,1,385800.0,30,True,0,3,0.0482,0
OP-002583,2025-06-26,Proyecto Aurora,Asesora Sur,feria,feria,departamento,1,332705.0,13,True,0,1,0.012,0
OP-002584,2026-03-19,Proyecto Bruma,Asesor Norte,sala de ventas,tradicional,departamento,3,522342.0,22,True,0,2,0.0,0
OP-002585,2026-05-20,Proyecto Aurora,Asesora Sur,web,digital,departamento,2,486986.0,52,True,0,3,0.0719,0
OP-002586,2026-03-25,Proyecto Cobalto,Asesor Norte,feria,feria,departamento,3,608641.0,8,True,1,1,0.0289,0
OP-002587,2026-05-14,Proyecto Bruma,Asesora Premium,feria,feria,departamento,3,498091.0,42,True,2,3,0.039,1
OP-002588,2026-03-30,Proyecto Aurora,Asesor Centro,facebook,digital,departamento,3,629610.0,19,False,0,1,0.0108,1
OP-002589,2025-12-07,Proyecto Cobalto,Asesora Oeste,sala de ventas,tradicional,departamento,1,359304.0,11,True,1,5,0.0005,0
OP-002590,2025-04-05,Proyecto Cobalto,Asesora Premium,facebook,digital,departamento,2,492897.0,11,False,0,2,0.0278,0
OP-002591,2026-02-26,Proyecto Faro,Asesor Este,referido,tradicional,departamento,2,562051.0,19,True,1,3,0.0,0
OP-002592,2026-05-23,Proyecto Granito,Asesor Este,referido,tradicional,departamento,1,435053.0,44,False,1,3,0.0202,0
OP-002593,2025-09-16,Proyecto Ébano,Asesora Sur,feria,feria,departamento,1,457086.0,29,False,0,1,0.0434,1
OP-002594,2025-12-10,Proyecto Aurora,Asesora Oeste,feria,feria,departamento,2,443869.0,7,False,0,1,0.0331,1
OP-002595,2025-07-19,Proyecto Bruma,Asesora Sur,web,digital,departamento,3,643894.0,41,False,0,3,0.0296,0
OP-002596,2025-11-05,Proyecto Granito,Asesor Centro,facebook,digital,departamento,2,538761.0,36,False,0,2,0.0564,0
OP-002597,2025-01-11,Proyecto Aurora,Asesor Digital,referido,tradicional,departamento,1,372920.0,4,True,1,2,0.0318,0
OP-002598,2026-01-11,Proyecto Cobalto,Asesora Oeste,facebook,digital,departamento,3,621200.0,10,True,0,7,0.0,0
OP-002599,2025-09-28,Proyecto Horizonte,Asesor Este,sala de ventas,tradicional,departamento,1,497240.0,47,True,1,3,0.0223,1
OP-002600,2026-01-29,Proyecto Horizonte,Asesor Centro,sala de ventas,tradicional,departamento,1,468678.0,22,False,0,2,0.0597,1
OP-002601,2025-07-14,Proyecto Cobalto,Asesora Premium,facebook,digital,departamento,3,574638.0,41,False,0,1,0.0194,1
OP-002602,2025-08-05,Proyecto Ébano,Asesora Oeste,facebook,digital,departamento,3,587730.0,2,True,0,3,0.0586,0
OP-002603,2025-03-17,Proyecto Cobalto,Asesora Sur,referido,tradicional,departamento,3,596264.0,1,True,1,1,0.0434,0
OP-002604,2025-10-31,Proyecto Faro,Asesor Centro,sala de ventas,tradicional,departamento,3,593194.0,34,True,0,3,0.0176,0
OP-002605,2026-04-24,Proyecto Aurora,Asesora Sur,facebook,digital,departamento,2,402129.0,14,True,0,2,0.0056,0
OP-002606,2025-11-01,Proyecto Aurora,Asesor Digital,sala de ventas,tradicional,departamento,2,342957.0,35,True,0,3,0.0311,0
OP-002607,2026-04-12,Proyecto Ébano,Asesor Este,web,digital,departamento,2,422791.0,41,True,1,1,0.0479,1
OP-002608,2025-01-05,Proyecto Bruma,Asesor Este,referido,tradicional,departamento,3,696197.0,14,False,0,1,0.0,0
OP-002609,2026-01-19,Proyecto Ébano,Asesora Premium,facebook,digital,departamento,3,586892.0,20,True,0,2,0.0272,1
OP-002610,2025-01-06,Proyecto Cobalto,Asesor Norte,sala de ventas,tradicional,departamento,2,588690.0,17,False,0,1,0.0,0
OP-002611,2025-08-12,Proyecto Granito,Asesora Sur,whatsapp,digital,departamento,2,554174.0,14,True,0,1,0.0189,0
OP-002612,2025-09-02,Proyecto Faro,Asesor Norte,referido,tradicional,departamento,2,517263.0,25,True,2,2,0.0,1
OP-002613,2025-09-01,Proyecto Duna,Asesor Este,web,digital,departamento,2,413467.0,38,True,0,3,0.0351,0
OP-002614,2025-10-18,Proyecto Faro,Asesora Oeste,referido,tradicional,departamento,3,635257.0,12,True,0,1,0.0126,1
OP-002615,2026-02-04,Proyecto Bruma,Asesora Sur,feria,feria,departamento,1,461070.0,12,True,0,3,0.0458,0
OP-002616,2026-01-03,Proyecto Duna,Asesor Este,portal inmobiliario,digital,departamento,2,581670.0,14,False,0,0,0.0153,0
OP-002617,2025-01-28,Proyecto Bruma,Asesora Premium,facebook,digital,departamento,3,602083.0,32,True,0,1,0.0136,0
OP-002618,2026-01-27,Proyecto Granito,Asesor Digital,web,digital,departamento,2,468823.0,41,True,0,3,0.0,0
OP-002619,2025-07-26,Proyecto Faro,Asesor Norte,sala de ventas,tradicional,departamento,2,467356.0,17,True,0,2,0.032,0
OP-002620,2025-11-01,Proyecto Granito,Asesor Centro,web,digital,departamento,2,485107.0,3,True,0,4,0.0339,0
OP-002621,2026-04-23,Proyecto Granito,Asesor Norte,facebook,digital,departamento,1,487299.0,9,True,0,0,0.0419,0
OP-002622,2025-05-28,Proyecto Horizonte,Asesora Oeste,sala de ventas,tradicional,departamento,1,518745.0,16,True,0,1,0.0368,0
OP-002623,2025-11-13,Proyecto Bruma,Asesor Digital,whatsapp,digital,departamento,1,367774.0,11,True,0,0,0.0322,0
OP-002624,2025-11-19,Proyecto Horizonte,Asesora Premium,portal inmobiliario,digital,departamento,1,412331.0,7,False,0,2,0.0357,0
OP-002625,2025-09-19,Proyecto Duna,Asesora Sur,facebook,digital,departamento,1,466179.0,22,True,0,1,0.0375,0
OP-002626,2025-05-16,Proyecto Cobalto,Asesora Sur,whatsapp,digital,departamento,2,430178.0,91,False,0,1,0.0413,1
OP-002627,2026-01-24,Proyecto Duna,Asesora Premium,facebook,digital,departamento,1,383850.0,10,True,0,2,0.0,1
OP-002628,2026-03-02,Proyecto Cobalto,Asesora Premium,facebook,digital,departamento,3,624463.0,26,True,0,1,0.0167,0
OP-002629,2026-05-07,Proyecto Bruma,Asesora Sur,portal inmobiliario,digital,departamento,1,309546.0,31,True,0,1,0.0,0
OP-002630,2025-08-09,Proyecto Bruma,Asesor Norte,facebook,digital,departamento,2,437025.0,33,False,0,1,0.031,1
OP-002631,2025-03-10,Proyecto Aurora,Asesora Oeste,facebook,digital,departamento,3,535744.0,21,False,0,3,0.0543,0
OP-002632,2026-04-11,Proyecto Duna,Asesor Centro,web,digital,departamento,1,458920.0,7,True,0,2,0.0411,0
OP-002633,2025-11-14,Proyecto Granito,Asesora Oeste,sala de ventas,tradicional,departamento,2,637290.0,38,True,0,3,0.0141,0
OP-002634,2025-03-08,Proyecto Ébano,Asesor Digital,facebook,digital,departamento,3,629314.0,5,True,0,1,0.0341,0
OP-002635,2026-02-09,Proyecto Duna,Asesora Premium,facebook,digital,departamento,2,481248.0,19,True,0,1,0.0313,1
OP-002636,2026-01-02,Proyecto Cobalto,Asesora Premium,web,digital,departamento,1,336009.0,18,False,0,1,0.0292,0
OP-002637,2026-03-09,Proyecto Cobalto,Asesor Norte,sala de ventas,tradicional,departamento,3,599096.0,8,True,1,1,0.0015,0
OP-002638,2025-08-12,Proyecto Bruma,Asesora Premium,sala de ventas,tradicional,departamento,3,556738.0,14,False,0,3,0.0487,0
OP-002639,2025-09-04,Proyecto Faro,Asesora Premium,web,digital,departamento,2,514663.0,32,True,1,2,0.0038,1
OP-002640,2025-03-08,Proyecto Bruma,Asesor Este,sala de ventas,tradicional,departamento,1,379728.0,19,True,0,3,0.0184,0
OP-002641,2025-08-12,Proyecto Ébano,Asesor Centro,facebook,digital,departamento,1,370708.0,6,True,0,2,0.0423,0
OP-002642,2025-10-18,Proyecto Faro,Asesora Premium,web,digital,departamento,3,624573.0,35,True,0,1,0.0183,1
OP-002643,2026-03-27,Proyecto Duna,Asesor Digital,feria,feria,departamento,2,485800.0,63,False,1,0,0.0264,0
OP-002644,2025-04-21,Proyecto Granito,Asesora Oeste,sala de ventas,tradicional,departamento,1,399534.0,7,False,0,1,0.0272,0
OP-002645,2025-01-24,Proyecto Bruma,Asesor Norte,portal inmobiliario,digital,departamento,2,447720.0,20,True,0,2,0.0262,0
OP-002646,2025-06-02,Proyecto Granito,Asesor Centro,web,digital,departamento,3,688921.0,21,True,0,0,0.0271,0
OP-002647,2025-04-15,Proyecto Ébano,Asesor Centro,facebook,digital,departamento,1,295610.0,7,True,0,1,0.0289,0
OP-002648,2025-08-26,Proyecto Faro,Asesor Norte,feria,feria,departamento,1,491585.0,48,True,0,0,0.0263,0
OP-002649,2026-01-03,Proyecto Ébano,Asesora Premium,web,digital,departamento,2,515454.0,21,True,0,1,0.0089,0
OP-002650,2025-07-09,Proyecto Granito,Asesora Sur,referido,tradicional,departamento,3,680551.0,39,True,0,2,0.0,0
OP-002651,2025-06-27,Proyecto Horizonte,Asesor Digital,referido,tradicional,departamento,2,583879.0,27,True,0,1,0.043,0
OP-002652,2025-07-22,Proyecto Cobalto,Asesora Oeste,web,digital,departamento,3,560057.0,46,False,0,0,0.0438,0
OP-002653,2026-05-24,Proyecto Faro,Asesor Este,whatsapp,digital,departamento,1,354710.0,26,False,1,2,0.0311,1
OP-002654,2025-07-26,Proyecto Faro,Asesor Norte,referido,tradicional,departamento,2,463225.0,15,True,0,1,0.0309,0
OP-002655,2026-01-08,Proyecto Cobalto,Asesor Norte,feria,feria,departamento,2,470411.0,30,True,0,3,0.0085,0
OP-002656,2025-01-09,Proyecto Horizonte,Asesora Premium,feria,feria,departamento,2,582456.0,11,True,0,2,0.0,0
OP-002657,2025-02-27,Proyecto Cobalto,Asesor Este,portal inmobiliario,digital,departamento,2,451893.0,32,True,0,2,0.0205,0
OP-002658,2025-07-11,Proyecto Duna,Asesora Premium,whatsapp,digital,departamento,3,644436.0,10,False,0,3,0.0,0
OP-002659,2025-10-05,Proyecto Aurora,Asesora Sur,sala de ventas,tradicional,departamento,2,329764.0,20,False,0,1,0.0283,0
OP-002660,2025-07-24,Proyecto Bruma,Asesor Digital,sala de ventas,tradicional,departamento,3,565794.0,17,False,0,1,0.0485,0
OP-002661,2025-05-20,Proyecto Granito,Asesor Digital,referido,tradicional,departamento,1,481193.0,25,True,1,4,0.0139,1
OP-002662,2025-11-05,Proyecto Cobalto,Asesor Norte,facebook,digital,departamento,2,474597.0,51,False,2,1,0.0149,1
OP-002663,2025-05-16,Proyecto Cobalto,Asesor Centro,referido,tradicional,departamento,2,438397.0,14,False,0,2,0.0069,0
OP-002664,2025-09-08,Proyecto Bruma,Asesor Digital,feria,feria,departamento,2,435874.0,37,True,0,3,0.0258,0
OP-002665,2025-02-27,Proyecto Duna,Asesor Este,portal inmobiliario,digital,departamento,1,214459.0,47,True,1,3,0.0244,0
OP-002666,2025-03-31,Proyecto Faro,Asesor Norte,facebook,digital,departamento,3,579351.0,37,True,0,2,0.0067,0
OP-002667,2026-04-17,Proyecto Granito,Asesor Digital,web,digital,departamento,3,705148.0,25,True,0,3,0.0414,0
OP-002668,2025-11-02,Proyecto Aurora,Asesora Oeste,sala de ventas,tradicional,departamento,3,542957.0,24,True,0,1,0.0736,1
OP-002669,2025-06-09,Proyecto Duna,Asesor Norte,referido,tradicional,departamento,3,585450.0,13,True,0,3,0.0464,0
OP-002670,2025-01-19,Proyecto Cobalto,Asesora Premium,sala de ventas,tradicional,departamento,1,240750.0,5,True,0,0,0.023,0
OP-002671,2026-02-10,Proyecto Ébano,Asesor Centro,referido,tradicional,departamento,2,418304.0,22,False,0,3,0.0228,0
OP-002672,2025-06-23,Proyecto Cobalto,Asesor Norte,referido,tradicional,departamento,2,549453.0,50,False,0,3,0.0158,1
OP-002673,2025-08-25,Proyecto Cobalto,Asesora Sur,web,digital,departamento,3,632951.0,55,False,0,4,0.0154,0
OP-002674,2025-11-19,Proyecto Cobalto,Asesor Norte,web,digital,departamento,1,297641.0,6,False,1,2,0.0422,1
OP-002675,2025-02-08,Proyecto Duna,Asesor Digital,facebook,digital,departamento,1,346319.0,54,True,0,2,0.043,1
OP-002676,2025-11-21,Proyecto Duna,Asesor Norte,sala de ventas,tradicional,departamento,3,609396.0,31,False,0,3,0.0039,0
OP-002677,2026-06-03,Proyecto Cobalto,Asesora Premium,sala de ventas,tradicional,departamento,1,303213.0,29,True,0,1,0.0316,0
OP-002678,2025-04-04,Proyecto Faro,Asesora Oeste,whatsapp,digital,departamento,3,524772.0,50,False,0,0,0.045,0
OP-002679,2026-05-02,Proyecto Faro,Asesor Centro,portal inmobiliario,digital,departamento,1,396243.0,41,False,0,0,0.0187,1
OP-002680,2025-06-26,Proyecto Cobalto,Asesora Premium,facebook,digital,departamento,2,515493.0,9,True,1,3,0.0212,0
OP-002681,2025-01-05,Proyecto Faro,Asesor Digital,facebook,digital,departamento,3,667552.0,12,True,0,2,0.0375,0
OP-002682,2025-08-27,Proyecto Granito,Asesor Norte,facebook,digital,departamento,2,580138.0,4,True,0,2,0.038,1
OP-002683,2025-04-16,Proyecto Aurora,Asesor Norte,web,digital,departamento,1,259554.0,28,True,0,0,0.0327,0
OP-002684,2025-08-02,Proyecto Duna,Asesor Norte,facebook,digital,departamento,1,384185.0,10,True,1,2,0.0296,0
OP-002685,2025-03-30,Proyecto Bruma,Asesor Centro,sala de ventas,tradicional,departamento,1,342235.0,15,True,0,2,0.032,0
OP-002686,2025-12-23,Proyecto Faro,Asesora Oeste,facebook,digital,departamento,1,400203.0,46,True,0,2,0.02,0
OP-002687,2025-07-09,Proyecto Bruma,Asesor Norte,facebook,digital,departamento,2,460352.0,31,True,0,2,0.0049,0
OP-002688,2026-01-20,Proyecto Ébano,Asesora Sur,facebook,digital,departamento,2,471675.0,31,False,1,3,0.0,1
OP-002689,2025-04-20,Proyecto Bruma,Asesora Oeste,sala de ventas,tradicional,departamento,1,191022.0,77,False,0,2,0.0357,0
OP-002690,2025-01-22,Proyecto Duna,Asesora Premium,web,digital,departamento,1,444901.0,1,False,0,3,0.0269,0
OP-002691,2025-06-19,Proyecto Horizonte,Asesor Este,referido,tradicional,departamento,3,677149.0,11,True,1,2,0.0332,0
OP-002692,2026-01-23,Proyecto Cobalto,Asesor Digital,facebook,digital,departamento,1,287364.0,17,True,0,1,0.0101,0
OP-002693,2026-05-27,Proyecto Granito,Asesor Digital,referido,tradicional,departamento,2,558022.0,12,True,0,5,0.0268,0
OP-002694,2026-04-02,Proyecto Horizonte,Asesora Premium,referido,tradicional,departamento,2,519398.0,39,False,0,1,0.0264,0
OP-002695,2025-01-05,Proyecto Granito,Asesora Oeste,feria,feria,departamento,1,393957.0,18,True,0,1,0.048,0
OP-002696,2026-04-21,Proyecto Aurora,Asesor Digital,whatsapp,digital,departamento,3,532737.0,9,True,0,1,0.0403,0
OP-002697,2025-07-27,Proyecto Faro,Asesora Premium,sala de ventas,tradicional,departamento,1,434531.0,26,True,1,0,0.0117,0
OP-002698,2025-01-30,Proyecto Aurora,Asesora Oeste,portal inmobiliario,digital,departamento,3,531010.0,30,True,0,1,0.0341,0
OP-002699,2025-05-04,Proyecto Cobalto,Asesora Oeste,web,digital,departamento,2,423674.0,9,True,0,1,0.0116,0
OP-002700,2026-04-05,Proyecto Granito,Asesora Premium,web,digital,departamento,3,709246.0,19,True,0,0,0.0,0
OP-002701,2025-11-08,Proyecto Ébano,Asesora Oeste,facebook,digital,departamento,2,498162.0,30,True,0,6,0.0561,1
OP-002702,2025-03-27,Proyecto Duna,Asesora Sur,facebook,digital,departamento,3,602888.0,48,False,1,3,0.0183,1
OP-002703,2026-02-20,Proyecto Cobalto,Asesor Digital,sala de ventas,tradicional,departamento,2,522086.0,13,True,1,5,0.0437,0
OP-002704,2025-06-25,Proyecto Faro,Asesor Norte,whatsapp,digital,departamento,2,483283.0,32,True,1,2,0.0131,1
OP-002705,2025-03-04,Proyecto Ébano,Asesor Centro,referido,tradicional,departamento,3,597252.0,14,True,0,3,0.0105,0
OP-002706,2025-07-18,Proyecto Cobalto,Asesor Centro,facebook,digital,departamento,2,500814.0,23,False,0,0,0.0152,0
OP-002707,2026-02-03,Proyecto Granito,Asesor Centro,referido,tradicional,departamento,2,447224.0,10,True,0,4,0.0295,0
OP-002708,2025-06-05,Proyecto Bruma,Asesor Norte,sala de ventas,tradicional,departamento,1,369160.0,32,True,0,3,0.0282,0
OP-002709,2025-03-25,Proyecto Aurora,Asesora Oeste,sala de ventas,tradicional,departamento,1,303436.0,43,True,0,1,0.034,0
OP-002710,2025-06-03,Proyecto Ébano,Asesor Digital,web,digital,departamento,2,555051.0,20,False,0,2,0.0161,0
OP-002711,2026-02-18,Proyecto Horizonte,Asesora Sur,referido,tradicional,departamento,1,459066.0,18,True,0,1,0.0257,0
OP-002712,2025-03-30,Proyecto Bruma,Asesor Centro,feria,feria,departamento,2,494800.0,17,False,1,0,0.0098,0
OP-002713,2025-08-28,Proyecto Bruma,Asesor Digital,web,digital,departamento,1,268617.0,8,False,0,0,0.0514,0
OP-002714,2025-12-09,Proyecto Aurora,Asesor Digital,referido,tradicional,departamento,2,454313.0,36,True,0,5,0.0013,0
OP-002715,2025-02-02,Proyecto Granito,Asesora Oeste,feria,feria,departamento,3,582250.0,47,True,0,2,0.0102,0
OP-002716,2025-10-29,Proyecto Bruma,Asesor Este,sala de ventas,tradicional,departamento,2,469972.0,12,True,0,1,0.0174,0
OP-002717,2026-02-11,Proyecto Duna,Asesor Centro,web,digital,departamento,3,483660.0,25,True,0,1,0.068,1
OP-002718,2025-11-16,Proyecto Horizonte,Asesora Oeste,web,digital,departamento,1,344254.0,31,True,0,1,0.0388,0
OP-002719,2025-04-07,Proyecto Aurora,Asesor Centro,facebook,digital,departamento,1,410397.0,14,True,1,1,0.0096,0
OP-002720,2025-09-29,Proyecto Duna,Asesora Premium,sala de ventas,tradicional,departamento,3,631298.0,54,True,0,1,0.0398,1
OP-002721,2026-04-15,Proyecto Duna,Asesor Centro,sala de ventas,tradicional,departamento,3,591540.0,26,True,0,2,0.0343,0
OP-002722,2025-04-25,Proyecto Faro,Asesora Sur,sala de ventas,tradicional,departamento,3,585019.0,6,True,0,4,0.0299,1
OP-002723,2025-03-25,Proyecto Cobalto,Asesora Premium,referido,tradicional,departamento,2,424366.0,44,True,0,5,0.0375,0
OP-002724,2025-11-01,Proyecto Cobalto,Asesora Oeste,sala de ventas,tradicional,departamento,3,610009.0,20,True,0,3,0.026,0
OP-002725,2025-08-06,Proyecto Aurora,Asesor Digital,web,digital,departamento,3,556100.0,16,True,0,1,0.0281,0
OP-002726,2025-12-06,Proyecto Faro,Asesor Centro,sala de ventas,tradicional,departamento,3,720066.0,34,True,0,1,0.0,0
OP-002727,2025-11-10,Proyecto Faro,Asesor Digital,sala de ventas,tradicional,departamento,3,624838.0,14,False,0,2,0.051,0
OP-002728,2025-01-28,Proyecto Aurora,Asesor Digital,facebook,digital,departamento,1,348230.0,52,True,1,3,0.0169,0
OP-002729,2026-01-13,Proyecto Cobalto,Asesor Digital,sala de ventas,tradicional,departamento,1,292632.0,45,True,0,2,0.0027,0
OP-002730,2026-05-29,Proyecto Granito,Asesora Premium,whatsapp,digital,departamento,2,512162.0,57,False,0,1,0.0159,0
OP-002731,2025-03-13,Proyecto Aurora,Asesor Centro,facebook,digital,departamento,2,469735.0,75,False,1,2,0.0166,0
OP-002732,2025-10-29,Proyecto Bruma,Asesor Norte,sala de ventas,tradicional,departamento,3,566497.0,31,True,0,3,0.0106,1
OP-002733,2025-07-14,Proyecto Duna,Asesor Este,sala de ventas,tradicional,departamento,2,469290.0,22,True,0,2,0.039,1
OP-002734,2025-11-28,Proyecto Bruma,Asesora Oeste,facebook,digital,departamento,1,374980.0,14,True,1,3,0.0425,1
OP-002735,2025-11-03,Proyecto Bruma,Asesora Premium,referido,tradicional,departamento,3,670315.0,33,False,0,3,0.0,0
OP-002736,2025-10-24,Proyecto Cobalto,Asesor Centro,feria,feria,departamento,1,376973.0,73,False,0,0,0.0157,1
OP-002737,2025-03-14,Proyecto Bruma,Asesora Oeste,facebook,digital,departamento,3,649930.0,8,True,0,4,0.017,0
OP-002738,2025-12-26,Proyecto Duna,Asesora Sur,web,digital,departamento,1,415188.0,27,True,0,0,0.0219,0
OP-002739,2025-12-16,Proyecto Ébano,Asesora Premium,referido,tradicional,departamento,2,567639.0,6,False,1,1,0.0557,0
OP-002740,2025-12-08,Proyecto Duna,Asesora Oeste,portal inmobiliario,digital,departamento,2,462465.0,6,True,2,2,0.0104,0
OP-002741,2025-04-10,Proyecto Aurora,Asesor Norte,referido,tradicional,departamento,2,448619.0,48,False,2,2,0.0531,0
OP-002742,2026-02-20,Proyecto Granito,Asesora Sur,facebook,digital,departamento,1,405847.0,43,False,0,1,0.0224,1
OP-002743,2025-04-22,Proyecto Aurora,Asesor Digital,web,digital,departamento,1,375045.0,13,True,1,2,0.0533,0
OP-002744,2025-03-26,Proyecto Faro,Asesor Norte,feria,feria,departamento,2,563583.0,9,True,0,5,0.0194,0
OP-002745,2025-06-20,Proyecto Cobalto,Asesor Este,facebook,digital,departamento,2,490878.0,58,False,0,2,0.0173,1
OP-002746,2025-03-27,Proyecto Faro,Asesora Oeste,whatsapp,digital,departamento,3,683219.0,10,True,1,1,0.0246,1
OP-002747,2025-06-23,Proyecto Bruma,Asesor Norte,portal inmobiliario,digital,departamento,1,326017.0,7,True,0,6,0.0483,0
OP-002748,2025-04-25,Proyecto Bruma,Asesora Sur,sala de ventas,tradicional,departamento,2,520696.0,10,True,0,2,0.0278,1
OP-002749,2025-02-11,Proyecto Duna,Asesor Digital,feria,feria,departamento,1,436870.0,29,True,0,3,0.0288,1
OP-002750,2026-05-16,Proyecto Aurora,Asesor Centro,referido,tradicional,departamento,3,612262.0,81,False,0,0,0.0365,0
OP-002751,2025-12-19,Proyecto Bruma,Asesora Sur,referido,tradicional,departamento,3,594379.0,14,True,0,3,0.0092,0
OP-002752,2025-07-05,Proyecto Ébano,Asesora Sur,referido,tradicional,departamento,3,662233.0,48,False,0,2,0.0311,0
OP-002753,2025-07-18,Proyecto Granito,Asesor Este,portal inmobiliario,digital,departamento,3,597830.0,24,True,0,2,0.0137,0
OP-002754,2025-06-14,Proyecto Aurora,Asesora Premium,web,digital,departamento,2,470910.0,3,False,0,2,0.0515,0
OP-002755,2026-01-25,Proyecto Granito,Asesora Premium,referido,tradicional,departamento,3,663528.0,14,True,0,4,0.0325,1
OP-002756,2025-04-30,Proyecto Faro,Asesora Sur,sala de ventas,tradicional,departamento,2,446877.0,43,False,0,0,0.0375,1
OP-002757,2025-02-17,Proyecto Granito,Asesora Premium,facebook,digital,departamento,3,673102.0,42,True,0,1,0.0,0
OP-002758,2025-09-08,Proyecto Ébano,Asesor Digital,portal inmobiliario,digital,departamento,2,439315.0,13,False,1,3,0.0377,0
OP-002759,2025-04-26,Proyecto Ébano,Asesora Sur,web,digital,departamento,2,484464.0,36,True,1,4,0.0218,0
OP-002760,2026-04-16,Proyecto Duna,Asesor Norte,sala de ventas,tradicional,departamento,3,613187.0,20,False,0,2,0.0,0
OP-002761,2025-07-06,Proyecto Ébano,Asesor Digital,portal inmobiliario,digital,departamento,3,582809.0,28,True,0,1,0.0267,1
OP-002762,2025-12-17,Proyecto Granito,Asesora Oeste,feria,feria,departamento,3,651540.0,49,True,0,1,0.0,0
OP-002763,2025-07-25,Proyecto Aurora,Asesora Premium,referido,tradicional,departamento,1,348661.0,13,True,1,0,0.036,0
OP-002764,2025-04-08,Proyecto Bruma,Asesor Este,sala de ventas,tradicional,departamento,1,311890.0,16,True,1,1,0.0508,0
OP-002765,2025-06-15,Proyecto Aurora,Asesor Este,referido,tradicional,departamento,2,491239.0,50,True,1,0,0.0,1
OP-002766,2026-03-12,Proyecto Horizonte,Asesora Sur,sala de ventas,tradicional,departamento,2,501971.0,76,True,1,5,0.0245,1
OP-002767,2025-02-11,Proyecto Cobalto,Asesora Sur,facebook,digital,departamento,2,609839.0,40,True,1,1,0.022,1
OP-002768,2026-05-07,Proyecto Ébano,Asesora Oeste,web,digital,departamento,2,501979.0,27,False,0,4,0.0,0
OP-002769,2025-01-12,Proyecto Granito,Asesor Norte,portal inmobiliario,digital,departamento,3,582579.0,40,True,0,0,0.0415,0
OP-002770,2026-01-06,Proyecto Horizonte,Asesora Premium,facebook,digital,departamento,1,374861.0,14,True,0,1,0.0363,0
OP-002771,2025-12-26,Proyecto Aurora,Asesora Oeste,portal inmobiliario,digital,departamento,3,638117.0,23,False,0,4,0.0615,0
OP-002772,2025-11-05,Proyecto Faro,Asesor Digital,portal inmobiliario,digital,departamento,3,612497.0,6,True,0,4,0.0339,0
OP-002773,2025-02-04,Proyecto Granito,Asesora Oeste,sala de ventas,tradicional,departamento,2,456993.0,15,True,0,0,0.0092,0
OP-002774,2025-12-16,Proyecto Aurora,Asesor Este,sala de ventas,tradicional,departamento,2,506954.0,30,True,0,2,0.0343,0
OP-002775,2025-02-06,Proyecto Faro,Asesora Oeste,web,digital,departamento,1,382143.0,25,True,0,1,0.0481,1
OP-002776,2026-01-18,Proyecto Cobalto,Asesora Sur,feria,feria,departamento,1,404938.0,2,True,0,2,0.0166,0
OP-002777,2026-02-08,Proyecto Ébano,Asesora Premium,facebook,digital,departamento,3,674456.0,18,False,0,2,0.0403,0
OP-002778,2026-03-23,Proyecto Duna,Asesora Premium,web,digital,departamento,2,511095.0,25,False,0,0,0.0,0
OP-002779,2025-07-21,Proyecto Bruma,Asesora Sur,web,digital,departamento,1,488775.0,26,False,1,0,0.0516,1
OP-002780,2025-12-09,Proyecto Aurora,Asesor Centro,web,digital,departamento,3,480139.0,7,True,1,0,0.0394,0
OP-002781,2025-04-07,Proyecto Aurora,Asesora Oeste,web,digital,departamento,3,530013.0,36,False,0,2,0.0,0
OP-002782,2025-10-04,Proyecto Aurora,Asesora Sur,sala de ventas,tradicional,departamento,3,560923.0,69,True,0,1,0.0319,0
OP-002783,2026-01-10,Proyecto Ébano,Asesor Norte,sala de ventas,tradicional,departamento,2,632365.0,39,False,0,2,0.0,1
OP-002784,2025-04-05,Proyecto Cobalto,Asesora Premium,sala de ventas,tradicional,departamento,3,697890.0,23,True,0,0,0.014,1
OP-002785,2026-03-09,Proyecto Bruma,Asesora Sur,portal inmobiliario,digital,departamento,1,427878.0,59,False,0,0,0.0372,1
OP-002786,2025-07-14,Proyecto Ébano,Asesora Oeste,portal inmobiliario,digital,departamento,1,349323.0,14,False,1,4,0.0226,0
OP-002787,2026-04-27,Proyecto Ébano,Asesora Sur,feria,feria,departamento,3,585737.0,33,True,0,0,0.0476,0
OP-002788,2025-02-13,Proyecto Duna,Asesor Centro,sala de ventas,tradicional,departamento,3,565429.0,21,False,1,3,0.0261,1
OP-002789,2025-04-27,Proyecto Horizonte,Asesor Norte,referido,tradicional,departamento,2,500912.0,60,True,0,2,0.0243,1
OP-002790,2026-01-14,Proyecto Cobalto,Asesor Este,sala de ventas,tradicional,departamento,1,451099.0,10,True,0,6,0.0448,0
OP-002791,2025-04-12,Proyecto Granito,Asesora Oeste,facebook,digital,departamento,2,518593.0,10,True,1,2,0.0189,0
OP-002792,2026-05-31,Proyecto Aurora,Asesora Oeste,facebook,digital,departamento,3,568868.0,51,False,0,2,0.0245,1
OP-002793,2026-05-05,Proyecto Faro,Asesor Centro,feria,feria,departamento,3,677591.0,32,True,0,3,0.0269,0
OP-002794,2025-02-19,Proyecto Horizonte,Asesora Sur,sala de ventas,tradicional,departamento,2,452506.0,53,True,0,0,0.0238,0
OP-002795,2026-03-16,Proyecto Granito,Asesora Oeste,web,digital,departamento,1,419896.0,11,False,0,3,0.0459,1
OP-002796,2025-08-17,Proyecto Duna,Asesora Premium,whatsapp,digital,departamento,2,435672.0,13,True,0,7,0.013,0
OP-002797,2026-03-14,Proyecto Ébano,Asesor Este,web,digital,departamento,3,606807.0,28,False,0,0,0.0101,0
OP-002798,2025-12-31,Proyecto Cobalto,Asesora Sur,sala de ventas,tradicional,departamento,2,451747.0,6,True,1,1,0.0059,0
OP-002799,2025-06-12,Proyecto Ébano,Asesora Premium,portal inmobiliario,digital,departamento,2,472911.0,27,True,0,1,0.0,0
OP-002800,2025-01-16,Proyecto Faro,Asesora Premium,web,digital,departamento,3,647407.0,16,False,0,4,0.0517,1
OP-002801,2025-06-14,Proyecto Horizonte,Asesor Centro,facebook,digital,departamento,1,441167.0,21,True,0,0,0.0088,0
OP-002802,2025-08-17,Proyecto Duna,Asesora Premium,web,digital,departamento,2,483910.0,36,True,0,3,0.0207,1
OP-002803,2025-10-06,Proyecto Aurora,Asesora Premium,portal inmobiliario,digital,departamento,2,480388.0,37,True,0,1,0.053,0
OP-002804,2026-02-18,Proyecto Duna,Asesora Premium,referido,tradicional,departamento,2,448226.0,67,False,0,1,0.0224,0
OP-002805,2026-03-01,Proyecto Aurora,Asesora Oeste,referido,tradicional,departamento,3,612487.0,46,True,0,0,0.0343,0
OP-002806,2025-06-02,Proyecto Bruma,Asesor Norte,facebook,digital,departamento,2,460659.0,3,False,0,3,0.0,0
OP-002807,2025-04-12,Proyecto Bruma,Asesor Centro,sala de ventas,tradicional,departamento,2,445399.0,11,False,0,1,0.0502,0
OP-002808,2025-12-10,Proyecto Faro,Asesora Sur,feria,feria,departamento,1,361288.0,12,True,0,3,0.0228,0
OP-002809,2026-01-22,Proyecto Bruma,Asesora Premium,sala de ventas,tradicional,departamento,3,573723.0,43,True,0,2,0.0067,1
OP-002810,2025-11-12,Proyecto Aurora,Asesora Oeste,facebook,digital,departamento,1,447885.0,61,True,1,1,0.0067,0
OP-002811,2025-11-17,Proyecto Aurora,Asesor Digital,facebook,digital,departamento,1,341518.0,8,True,0,1,0.0554,0
OP-002812,2025-12-31,Proyecto Granito,Asesor Centro,facebook,digital,departamento,2,469058.0,43,True,0,4,0.0144,0
OP-002813,2025-08-01,Proyecto Ébano,Asesora Oeste,facebook,digital,departamento,2,558535.0,23,True,1,2,0.0071,1
OP-002814,2025-05-05,Proyecto Aurora,Asesor Digital,web,digital,departamento,3,549044.0,21,True,0,0,0.0172,0
OP-002815,2026-02-15,Proyecto Aurora,Asesora Oeste,facebook,digital,departamento,3,590607.0,14,False,0,1,0.0258,1
OP-002816,2025-03-29,Proyecto Duna,Asesor Este,sala de ventas,tradicional,departamento,3,577689.0,19,True,0,2,0.0277,0
OP-002817,2025-01-30,Proyecto Bruma,Asesor Este,portal inmobiliario,digital,departamento,2,542443.0,27,True,0,0,0.033,0
OP-002818,2025-01-09,Proyecto Duna,Asesor Digital,whatsapp,digital,departamento,2,463508.0,15,True,0,1,0.0292,0
OP-002819,2025-07-25,Proyecto Cobalto,Asesora Premium,facebook,digital,departamento,3,675882.0,30,True,2,1,0.0366,0
OP-002820,2025-09-07,Proyecto Horizonte,Asesora Sur,facebook,digital,departamento,2,486291.0,21,True,1,0,0.0201,0
OP-002821,2025-10-09,Proyecto Bruma,Asesora Oeste,sala de ventas,tradicional,departamento,3,570890.0,19,False,0,3,0.0623,0
OP-002822,2025-04-08,Proyecto Ébano,Asesor Este,sala de ventas,tradicional,departamento,2,585000.0,35,True,0,2,0.0162,0
OP-002823,2025-08-11,Proyecto Aurora,Asesor Centro,facebook,digital,departamento,1,354250.0,28,True,0,1,0.0493,0
OP-002824,2025-12-05,Proyecto Horizonte,Asesor Norte,portal inmobiliario,digital,departamento,2,668931.0,2,False,1,0,0.0142,1
OP-002825,2025-05-31,Proyecto Horizonte,Asesor Centro,web,digital,departamento,1,414197.0,31,True,1,2,0.0,0
OP-002826,2025-10-13,Proyecto Faro,Asesora Premium,facebook,digital,departamento,1,419137.0,27,False,0,2,0.0,0
OP-002827,2025-05-23,Proyecto Cobalto,Asesora Sur,whatsapp,digital,departamento,1,473783.0,48,True,1,2,0.0305,0
OP-002828,2026-03-10,Proyecto Bruma,Asesora Sur,facebook,digital,departamento,1,273734.0,28,False,1,2,0.0459,1
OP-002829,2025-08-19,Proyecto Faro,Asesor Centro,facebook,digital,departamento,2,429924.0,18,False,1,4,0.0043,1
OP-002830,2026-02-22,Proyecto Faro,Asesora Sur,facebook,digital,departamento,3,591247.0,14,False,0,0,0.0092,1
OP-002831,2025-06-25,Proyecto Bruma,Asesor Digital,sala de ventas,tradicional,departamento,2,516735.0,5,True,0,4,0.032,0
OP-002832,2025-07-07,Proyecto Cobalto,Asesora Premium,portal inmobiliario,digital,departamento,3,510458.0,23,True,0,4,0.025,0
OP-002833,2026-01-30,Proyecto Cobalto,Asesor Digital,facebook,digital,departamento,2,516838.0,12,False,0,3,0.0145,1
OP-002834,2025-06-04,Proyecto Faro,Asesora Oeste,web,digital,departamento,1,433969.0,52,True,1,0,0.002,0
OP-002835,2026-01-09,Proyecto Ébano,Asesor Digital,facebook,digital,departamento,1,503791.0,23,True,0,1,0.0306,0
OP-002836,2025-02-12,Proyecto Ébano,Asesor Norte,portal inmobiliario,digital,departamento,3,680502.0,9,True,0,1,0.0368,0
OP-002837,2026-03-14,Proyecto Ébano,Asesor Este,web,digital,departamento,2,528023.0,4,True,0,1,0.0339,1
OP-002838,2026-01-29,Proyecto Bruma,Asesor Norte,referido,tradicional,departamento,3,661752.0,5,True,0,3,0.0255,0
OP-002839,2025-10-20,Proyecto Cobalto,Asesor Centro,sala de ventas,tradicional,departamento,2,513640.0,30,True,1,3,0.006,0
OP-002840,2025-09-16,Proyecto Aurora,Asesora Oeste,portal inmobiliario,digital,departamento,3,549696.0,56,False,1,1,0.0307,1
OP-002841,2025-07-14,Proyecto Faro,Asesor Este,referido,tradicional,departamento,3,572047.0,34,True,0,3,0.0293,0
OP-002842,2025-06-24,Proyecto Cobalto,Asesor Este,facebook,digital,departamento,3,567685.0,21,True,0,1,0.0014,0
OP-002843,2025-06-11,Proyecto Cobalto,Asesor Centro,portal inmobiliario,digital,departamento,1,366796.0,77,True,0,3,0.0196,1
OP-002844,2026-01-01,Proyecto Bruma,Asesora Sur,sala de ventas,tradicional,departamento,3,596626.0,39,False,0,1,0.0316,1
OP-002845,2025-04-15,Proyecto Bruma,Asesora Oeste,facebook,digital,departamento,2,354564.0,28,True,0,1,0.0236,0
OP-002846,2025-05-23,Proyecto Duna,Asesor Centro,referido,tradicional,departamento,3,598924.0,17,True,0,2,0.0,0
OP-002847,2025-07-22,Proyecto Bruma,Asesora Sur,facebook,digital,departamento,2,473572.0,58,False,0,1,0.0135,1
OP-002848,2025-09-06,Proyecto Aurora,Asesora Sur,referido,tradicional,departamento,2,490115.0,19,True,0,2,0.0123,0
OP-002849,2025-05-20,Proyecto Faro,Asesor Este,facebook,digital,departamento,2,609474.0,12,True,0,2,0.0351,0
OP-002850,2025-08-15,Proyecto Cobalto,Asesor Centro,sala de ventas,tradicional,departamento,3,609211.0,22,True,0,3,0.0718,0
OP-002851,2026-02-24,Proyecto Cobalto,Asesora Sur,sala de ventas,tradicional,departamento,1,318974.0,25,True,0,1,0.0274,0
OP-002852,2025-05-21,Proyecto Cobalto,Asesor Este,sala de ventas,tradicional,departamento,2,384006.0,41,True,0,2,0.0034,0
OP-002853,2025-04-01,Proyecto Faro,Asesora Oeste,whatsapp,digital,departamento,2,557786.0,12,True,0,2,0.0221,1
OP-002854,2026-02-16,Proyecto Bruma,Asesora Sur,referido,tradicional,departamento,3,539200.0,13,False,0,0,0.0252,0
OP-002855,2025-05-21,Proyecto Faro,Asesora Oeste,referido,tradicional,departamento,2,567676.0,14,True,0,5,0.0386,0
OP-002856,2026-01-03,Proyecto Horizonte,Asesor Norte,facebook,digital,departamento,3,735858.0,21,True,0,1,0.0474,1
OP-002857,2026-05-11,Proyecto Ébano,Asesor Norte,web,digital,departamento,2,423076.0,9,True,0,4,0.05,1
OP-002858,2025-09-28,Proyecto Cobalto,Asesora Sur,sala de ventas,tradicional,departamento,2,514464.0,52,True,1,0,0.0347,0
OP-002859,2025-10-12,Proyecto Faro,Asesor Este,facebook,digital,departamento,3,706094.0,5,True,0,2,0.025,0
OP-002860,2025-12-26,Proyecto Cobalto,Asesor Norte,web,digital,departamento,3,655047.0,59,False,0,1,0.0517,1
OP-002861,2025-03-07,Proyecto Cobalto,Asesor Digital,referido,tradicional,departamento,3,483699.0,39,False,0,1,0.0187,1
OP-002862,2025-02-16,Proyecto Duna,Asesor Este,feria,feria,departamento,2,449049.0,11,True,1,0,0.026,1
OP-002863,2025-04-05,Proyecto Bruma,Asesora Premium,portal inmobiliario,digital,departamento,1,286590.0,20,True,0,1,0.0206,0
OP-002864,2025-08-12,Proyecto Aurora,Asesor Digital,feria,feria,departamento,3,603791.0,13,True,0,2,0.0,1
OP-002865,2026-03-13,Proyecto Cobalto,Asesora Premium,sala de ventas,tradicional,departamento,1,391733.0,39,True,0,3,0.0479,1
OP-002866,2025-11-09,Proyecto Aurora,Asesora Premium,sala de ventas,tradicional,departamento,1,196616.0,55,True,0,1,0.0372,1
OP-002867,2026-03-23,Proyecto Cobalto,Asesor Norte,sala de ventas,tradicional,departamento,3,582454.0,122,False,0,1,0.0,0
OP-002868,2025-07-24,Proyecto Duna,Asesor Este,feria,feria,departamento,2,540040.0,32,True,0,3,0.043,0
OP-002869,2026-02-24,Proyecto Horizonte,Asesora Premium,portal inmobiliario,digital,departamento,2,552139.0,6,True,0,3,0.0195,0
OP-002870,2026-01-07,Proyecto Aurora,Asesor Centro,portal inmobiliario,digital,departamento,3,583045.0,10,True,0,2,0.0428,0
OP-002871,2025-02-22,Proyecto Ébano,Asesor Norte,facebook,digital,departamento,1,372925.0,31,True,2,2,0.0264,1
OP-002872,2025-09-29,Proyecto Cobalto,Asesora Oeste,portal inmobiliario,digital,departamento,1,310758.0,20,True,1,1,0.0006,1
OP-002873,2025-11-26,Proyecto Aurora,Asesora Premium,referido,tradicional,departamento,1,344062.0,38,True,0,0,0.0255,1
OP-002874,2025-07-19,Proyecto Bruma,Asesora Premium,feria,feria,departamento,1,359865.0,29,True,0,3,0.0088,1
OP-002875,2026-02-05,Proyecto Aurora,Asesor Este,referido,tradicional,departamento,3,608839.0,11,True,0,2,0.003,0
OP-002876,2025-08-04,Proyecto Bruma,Asesora Sur,sala de ventas,tradicional,departamento,3,625307.0,18,True,0,4,0.0406,0
OP-002877,2026-01-05,Proyecto Bruma,Asesor Este,sala de ventas,tradicional,departamento,2,476722.0,39,True,0,5,0.032,0
OP-002878,2026-01-08,Proyecto Cobalto,Asesor Este,whatsapp,digital,departamento,1,429220.0,30,False,1,2,0.052,0
OP-002879,2025-04-25,Proyecto Duna,Asesor Este,facebook,digital,departamento,2,475379.0,39,True,0,5,0.0179,1
OP-002880,2025-02-04,Proyecto Aurora,Asesor Este,facebook,digital,departamento,1,265579.0,7,True,0,2,0.0077,0
OP-002881,2026-04-02,Proyecto Aurora,Asesora Oeste,facebook,digital,departamento,3,601238.0,12,True,0,2,0.0365,0
OP-002882,2026-03-12,Proyecto Aurora,Asesor Norte,facebook,digital,departamento,2,466951.0,49,True,1,2,0.01,0
OP-002883,2026-05-11,Proyecto Duna,Asesora Sur,whatsapp,digital,departamento,1,408331.0,8,True,0,3,0.0194,0
OP-002884,2025-01-30,Proyecto Bruma,Asesor Este,sala de ventas,tradicional,departamento,3,517455.0,37,True,0,2,0.0345,0
OP-002885,2025-12-30,Proyecto Duna,Asesora Sur,sala de ventas,tradicional,departamento,3,709494.0,7,True,0,6,0.0227,0
OP-002886,2025-03-10,Proyecto Bruma,Asesor Digital,feria,feria,departamento,2,511078.0,25,False,0,0,0.0162,1
OP-002887,2025-09-09,Proyecto Aurora,Asesor Centro,referido,tradicional,departamento,2,444160.0,16,False,0,0,0.0,0
OP-002888,2026-02-26,Proyecto Horizonte,Asesor Digital,sala de ventas,tradicional,departamento,2,492550.0,11,True,0,2,0.0419,0
OP-002889,2025-05-12,Proyecto Aurora,Asesora Oeste,sala de ventas,tradicional,departamento,1,404243.0,26,True,1,1,0.0184,0
OP-002890,2025-07-14,Proyecto Aurora,Asesor Norte,sala de ventas,tradicional,departamento,1,284403.0,48,False,0,1,0.0361,0
OP-002891,2025-09-13,Proyecto Aurora,Asesor Digital,facebook,digital,departamento,3,699375.0,13,True,0,0,0.0337,1
OP-002892,2025-08-27,Proyecto Horizonte,Asesora Oeste,sala de ventas,tradicional,departamento,3,625274.0,3,False,0,1,0.0446,0
OP-002893,2025-01-11,Proyecto Ébano,Asesor Centro,sala de ventas,tradicional,departamento,2,602628.0,21,False,0,3,0.0208,0
OP-002894,2025-07-13,Proyecto Ébano,Asesor Este,web,digital,departamento,2,497854.0,11,True,1,2,0.0187,0
OP-002895,2026-03-16,Proyecto Horizonte,Asesora Oeste,portal inmobiliario,digital,departamento,2,630941.0,40,True,0,0,0.0051,1
OP-002896,2025-02-18,Proyecto Aurora,Asesora Oeste,portal inmobiliario,digital,departamento,2,419582.0,16,True,0,0,0.0152,1
OP-002897,2025-07-01,Proyecto Horizonte,Asesora Sur,facebook,digital,departamento,1,430036.0,14,False,0,1,0.0311,0
OP-002898,2025-11-13,Proyecto Bruma,Asesora Oeste,facebook,digital,departamento,2,516261.0,17,True,0,0,0.0103,0
OP-002899,2025-07-19,Proyecto Ébano,Asesora Premium,whatsapp,digital,departamento,3,659414.0,48,False,0,0,0.0307,0
OP-002900,2025-12-25,Proyecto Cobalto,Asesor Norte,feria,feria,departamento,3,659542.0,31,True,0,3,0.0514,0
OP-002901,2025-05-20,Proyecto Cobalto,Asesor Norte,referido,tradicional,departamento,3,572189.0,10,False,0,0,0.017,0
OP-002902,2025-04-09,Proyecto Horizonte,Asesora Premium,facebook,digital,departamento,1,433664.0,7,True,0,1,0.0013,0
OP-002903,2026-04-26,Proyecto Aurora,Asesora Oeste,facebook,digital,departamento,2,528661.0,59,True,0,2,0.0176,0
OP-002904,2026-01-27,Proyecto Horizonte,Asesor Digital,referido,tradicional,departamento,2,505211.0,13,True,0,4,0.0,0
OP-002905,2025-06-05,Proyecto Cobalto,Asesor Centro,referido,tradicional,departamento,1,400490.0,49,True,0,1,0.049,0
OP-002906,2025-02-21,Proyecto Ébano,Asesor Centro,sala de ventas,tradicional,departamento,1,380946.0,20,False,0,2,0.0265,0
OP-002907,2025-08-17,Proyecto Horizonte,Asesor Digital,whatsapp,digital,departamento,3,670323.0,12,True,1,2,0.0119,0
OP-002908,2026-02-07,Proyecto Aurora,Asesor Centro,referido,tradicional,departamento,3,579650.0,13,True,0,1,0.0149,0
OP-002909,2025-11-15,Proyecto Horizonte,Asesor Este,referido,tradicional,departamento,2,500644.0,21,False,0,0,0.0037,1
OP-002910,2025-12-31,Proyecto Duna,Asesora Oeste,sala de ventas,tradicional,departamento,1,366662.0,3,True,0,0,0.0432,0
OP-002911,2025-10-01,Proyecto Ébano,Asesora Sur,feria,feria,departamento,2,515971.0,12,True,0,1,0.0581,0
OP-002912,2026-04-20,Proyecto Aurora,Asesor Este,web,digital,departamento,1,339350.0,73,False,1,0,0.0,1
OP-002913,2025-03-04,Proyecto Duna,Asesor Centro,sala de ventas,tradicional,departamento,1,467500.0,87,True,0,1,0.0438,0
OP-002914,2026-02-28,Proyecto Ébano,Asesora Sur,referido,tradicional,departamento,2,563548.0,13,False,0,3,0.0206,0
OP-002915,2026-05-18,Proyecto Cobalto,Asesor Centro,web,digital,departamento,2,499949.0,36,True,1,3,0.0478,1
OP-002916,2026-03-16,Proyecto Aurora,Asesor Centro,feria,feria,departamento,3,533027.0,30,True,1,1,0.0,1
OP-002917,2025-05-26,Proyecto Bruma,Asesor Este,sala de ventas,tradicional,departamento,2,426679.0,8,True,1,3,0.0291,0
OP-002918,2026-05-14,Proyecto Granito,Asesor Norte,portal inmobiliario,digital,departamento,1,525560.0,36,True,2,3,0.0177,1
OP-002919,2026-05-17,Proyecto Aurora,Asesor Centro,facebook,digital,departamento,1,289456.0,17,True,1,2,0.0369,0
OP-002920,2026-03-16,Proyecto Ébano,Asesora Premium,sala de ventas,tradicional,departamento,3,629262.0,24,False,0,3,0.0261,0
OP-002921,2025-06-15,Proyecto Horizonte,Asesora Premium,sala de ventas,tradicional,departamento,1,448852.0,41,True,0,2,0.0254,0
OP-002922,2026-02-19,Proyecto Aurora,Asesor Este,sala de ventas,tradicional,departamento,1,327877.0,18,True,0,0,0.0231,0
OP-002923,2026-03-22,Proyecto Aurora,Asesor Centro,facebook,digital,departamento,2,404879.0,18,True,0,3,0.0531,0
OP-002924,2025-04-12,Proyecto Ébano,Asesor Este,referido,tradicional,departamento,1,349831.0,33,True,0,2,0.0219,0
OP-002925,2025-05-15,Proyecto Aurora,Asesor Este,feria,feria,departamento,2,429942.0,50,True,0,0,0.0406,0
OP-002926,2026-01-28,Proyecto Duna,Asesor Este,sala de ventas,tradicional,departamento,2,456978.0,32,True,0,1,0.0363,0
OP-002927,2026-02-25,Proyecto Ébano,Asesora Sur,whatsapp,digital,departamento,1,466025.0,18,True,1,4,0.041,1
OP-002928,2025-11-26,Proyecto Duna,Asesor Digital,sala de ventas,tradicional,departamento,3,610498.0,46,True,0,1,0.0067,0
OP-002929,2025-10-09,Proyecto Cobalto,Asesor Centro,referido,tradicional,departamento,2,455191.0,29,True,1,2,0.0377,1
OP-002930,2026-05-16,Proyecto Ébano,Asesora Sur,portal inmobiliario,digital,departamento,2,513883.0,57,True,0,1,0.0311,1
OP-002931,2025-06-27,Proyecto Duna,Asesor Digital,feria,feria,departamento,1,417738.0,67,True,0,1,0.0036,0
OP-002932,2026-01-10,Proyecto Bruma,Asesora Sur,web,digital,departamento,2,453046.0,32,False,0,0,0.0212,1
OP-002933,2026-05-12,Proyecto Duna,Asesor Centro,web,digital,departamento,2,545609.0,54,True,1,0,0.0663,1
OP-002934,2025-05-15,Proyecto Granito,Asesora Sur,sala de ventas,tradicional,departamento,2,462087.0,55,False,0,2,0.0179,0
OP-002935,2025-02-07,Proyecto Ébano,Asesor Este,sala de ventas,tradicional,departamento,2,572422.0,22,True,2,1,0.0184,0
OP-002936,2025-03-27,Proyecto Cobalto,Asesor Centro,facebook,digital,departamento,3,598508.0,55,False,1,3,0.0331,0
OP-002937,2025-12-13,Proyecto Bruma,Asesor Digital,sala de ventas,tradicional,departamento,1,354359.0,25,True,0,2,0.0153,0
OP-002938,2025-05-27,Proyecto Aurora,Asesor Digital,facebook,digital,departamento,3,536884.0,38,False,0,2,0.0275,0
OP-002939,2026-01-07,Proyecto Bruma,Asesor Digital,sala de ventas,tradicional,departamento,3,519468.0,23,True,0,2,0.0169,0
OP-002940,2025-09-07,Proyecto Aurora,Asesora Sur,portal inmobiliario,digital,departamento,2,368333.0,6,True,0,2,0.0322,0
OP-002941,2026-03-24,Proyecto Horizonte,Asesor Norte,portal inmobiliario,digital,departamento,2,502047.0,80,False,1,3,0.0239,1
OP-002942,2025-12-06,Proyecto Bruma,Asesor Digital,feria,feria,departamento,2,504322.0,37,True,0,1,0.0601,0
OP-002943,2025-11-04,Proyecto Faro,Asesor Digital,web,digital,departamento,3,582130.0,40,True,0,0,0.0258,0
OP-002944,2025-04-22,Proyecto Aurora,Asesora Sur,sala de ventas,tradicional,departamento,2,374835.0,27,True,0,3,0.021,0
OP-002945,2025-06-19,Proyecto Bruma,Asesor Norte,sala de ventas,tradicional,departamento,2,422001.0,55,True,1,0,0.0435,1
OP-002946,2025-05-02,Proyecto Cobalto,Asesor Centro,web,digital,departamento,1,347834.0,21,False,0,1,0.0,0
OP-002947,2025-02-02,Proyecto Bruma,Asesor Norte,web,digital,departamento,3,567997.0,22,True,0,1,0.0555,0
OP-002948,2025-06-06,Proyecto Faro,Asesor Norte,facebook,digital,departamento,1,397911.0,10,True,0,0,0.0072,0
OP-002949,2026-05-09,Proyecto Horizonte,Asesor Digital,referido,tradicional,departamento,1,485793.0,29,True,1,1,0.0465,0
OP-002950,2026-02-24,Proyecto Granito,Asesora Oeste,referido,tradicional,departamento,1,485709.0,53,False,2,2,0.0512,1
OP-002951,2025-05-03,Proyecto Aurora,Asesor Norte,sala de ventas,tradicional,departamento,2,570300.0,21,False,0,4,0.0155,0
OP-002952,2025-07-10,Proyecto Faro,Asesor Centro,facebook,digital,departamento,3,545630.0,9,False,0,3,0.0173,0
OP-002953,2026-01-12,Proyecto Aurora,Asesor Este,facebook,digital,departamento,3,527926.0,46,True,1,3,0.023,1
OP-002954,2025-02-10,Proyecto Granito,Asesora Oeste,referido,tradicional,departamento,1,455417.0,34,True,0,0,0.0362,0
OP-002955,2026-01-10,Proyecto Duna,Asesor Digital,whatsapp,digital,departamento,2,471028.0,74,True,1,1,0.007,1
OP-002956,2025-10-11,Proyecto Bruma,Asesora Sur,referido,tradicional,departamento,3,634343.0,13,True,0,3,0.023,0
OP-002957,2026-01-06,Proyecto Aurora,Asesor Centro,web,digital,departamento,2,471391.0,38,True,0,3,0.0194,0
OP-002958,2025-01-04,Proyecto Aurora,Asesora Premium,feria,feria,departamento,1,431856.0,8,False,0,4,0.0043,0
OP-002959,2026-05-01,Proyecto Bruma,Asesor Este,sala de ventas,tradicional,departamento,2,529349.0,23,True,1,2,0.0062,0
OP-002960,2025-12-17,Proyecto Granito,Asesor Digital,web,digital,departamento,2,590356.0,27,True,0,2,0.0273,0
OP-002961,2025-03-31,Proyecto Faro,Asesora Oeste,referido,tradicional,departamento,3,612347.0,6,True,1,1,0.027,0
OP-002962,2026-03-14,Proyecto Horizonte,Asesora Oeste,referido,tradicional,departamento,2,538640.0,51,True,1,0,0.0112,1
OP-002963,2025-01-16,Proyecto Aurora,Asesor Digital,sala de ventas,tradicional,departamento,1,328211.0,42,True,0,2,0.0264,1
OP-002964,2025-03-28,Proyecto Duna,Asesor Centro,portal inmobiliario,digital,departamento,3,528176.0,34,True,0,2,0.0134,0
OP-002965,2026-02-16,Proyecto Bruma,Asesor Digital,whatsapp,digital,departamento,1,437947.0,9,True,0,1,0.0485,1
OP-002966,2026-03-16,Proyecto Duna,Asesora Premium,sala de ventas,tradicional,departamento,3,651996.0,14,True,1,0,0.0231,0
OP-002967,2025-02-20,Proyecto Bruma,Asesor Centro,sala de ventas,tradicional,departamento,2,453024.0,45,True,0,1,0.0448,0
OP-002968,2025-12-20,Proyecto Bruma,Asesora Sur,sala de ventas,tradicional,departamento,1,428753.0,23,True,0,4,0.0,0
OP-002969,2026-02-25,Proyecto Duna,Asesor Este,feria,feria,departamento,2,461330.0,20,True,0,4,0.0308,0
OP-002970,2025-02-21,Proyecto Bruma,Asesor Digital,referido,tradicional,departamento,1,255903.0,54,True,0,1,0.0357,0
OP-002971,2025-02-08,Proyecto Cobalto,Asesor Centro,sala de ventas,tradicional,departamento,1,424405.0,26,False,0,4,0.0225,1
OP-002972,2025-04-29,Proyecto Ébano,Asesora Sur,feria,feria,departamento,2,437679.0,9,True,1,0,0.0153,0
OP-002973,2025-04-26,Proyecto Aurora,Asesor Este,facebook,digital,departamento,3,564232.0,45,True,1,4,0.0222,0
OP-002974,2025-04-29,Proyecto Horizonte,Asesora Premium,facebook,digital,departamento,3,670337.0,8,False,0,2,0.0384,0
OP-002975,2026-02-17,Proyecto Duna,Asesora Sur,facebook,digital,departamento,2,517201.0,23,True,0,2,0.0032,0
OP-002976,2025-04-17,Proyecto Faro,Asesor Norte,referido,tradicional,departamento,1,451662.0,29,False,0,1,0.0376,1
OP-002977,2025-10-04,Proyecto Ébano,Asesora Premium,referido,tradicional,departamento,2,539947.0,39,True,0,2,0.0307,0
OP-002978,2025-06-23,Proyecto Ébano,Asesor Este,facebook,digital,departamento,2,538244.0,7,False,1,3,0.0203,0
OP-002979,2025-06-16,Proyecto Ébano,Asesora Premium,facebook,digital,departamento,1,349509.0,2,True,0,0,0.0211,0
OP-002980,2026-04-17,Proyecto Granito,Asesora Oeste,portal inmobiliario,digital,departamento,3,663183.0,2,True,0,0,0.0261,0
OP-002981,2025-06-15,Proyecto Ébano,Asesor Digital,referido,tradicional,departamento,3,540195.0,59,False,0,1,0.0549,0
OP-002982,2025-04-27,Proyecto Bruma,Asesora Oeste,portal inmobiliario,digital,departamento,1,442918.0,6,True,0,2,0.0313,0
OP-002983,2025-04-29,Proyecto Aurora,Asesor Digital,referido,tradicional,departamento,3,497859.0,69,True,1,1,0.008,0
OP-002984,2026-04-27,Proyecto Duna,Asesora Premium,feria,feria,departamento,2,476946.0,48,True,1,2,0.0172,0
OP-002985,2026-03-11,Proyecto Aurora,Asesora Sur,facebook,digital,departamento,1,272462.0,11,True,0,5,0.0044,0
OP-002986,2025-10-13,Proyecto Bruma,Asesor Digital,feria,feria,departamento,2,431841.0,3,True,1,4,0.0,0
OP-002987,2025-10-14,Proyecto Aurora,Asesora Premium,facebook,digital,departamento,1,345739.0,25,True,0,2,0.0041,0
OP-002988,2025-09-26,Proyecto Duna,Asesor Norte,sala de ventas,tradicional,departamento,1,351918.0,16,True,0,1,0.0272,0
OP-002989,2025-11-02,Proyecto Aurora,Asesor Norte,sala de ventas,tradicional,departamento,3,637934.0,55,False,1,2,0.0479,1
OP-002990,2025-12-17,Proyecto Ébano,Asesora Sur,sala de ventas,tradicional,departamento,2,520480.0,29,False,0,2,0.0429,0
OP-002991,2025-01-31,Proyecto Faro,Asesor Norte,whatsapp,digital,departamento,1,379540.0,24,False,0,5,0.0042,0
OP-002992,2026-02-23,Proyecto Faro,Asesor Este,whatsapp,digital,departamento,2,512653.0,20,True,0,3,0.0106,0
OP-002993,2026-01-28,Proyecto Bruma,Asesor Digital,feria,feria,departamento,3,654084.0,38,True,0,0,0.0081,1
OP-002994,2026-05-13,Proyecto Duna,Asesora Oeste,sala de ventas,tradicional,departamento,2,545988.0,22,True,0,2,0.0,1
OP-002995,2025-08-11,Proyecto Duna,Asesor Norte,portal inmobiliario,digital,departamento,3,548368.0,78,True,2,2,0.022,0
OP-002996,2025-01-02,Proyecto Cobalto,Asesora Oeste,feria,feria,departamento,3,561564.0,5,True,2,2,0.0395,0
OP-002997,2025-07-13,Proyecto Ébano,Asesora Sur,facebook,digital,departamento,2,534113.0,18,False,0,2,0.0205,1
OP-002998,2025-07-27,Proyecto Bruma,Asesora Premium,referido,tradicional,departamento,3,606435.0,35,False,1,3,0.0022,1
OP-002999,2025-11-14,Proyecto Horizonte,Asesor Norte,web,digital,departamento,2,486229.0,32,True,0,0,0.0098,0
OP-003000,2025-04-04,Proyecto Aurora,Asesora Premium,sala de ventas,tradicional,departamento,3,616202.0,78,True,0,1,0.0191,0
