operation_id,fecha_score,proyecto,asesor_id,canal,riesgo_caida,prioridad,sla_horas,valor_esperado_en_riesgo,accion_recomendada,ranking_prioridad,data_mode
OP_0DF523E128,2026-07-05,Torre Nápoles,ASESOR_233077BA7F,sin_clasificar,0.673588,P1,24,17782.73,Contactar en 24h y confirmar siguiente hito de cierre.,613,real_source:ranking_operaciones_riesgo_caida.parquet
OP_FC97E54B70,2026-07-05,Edificio Mariategui,ASESOR_9FCF63DC91,sin_clasificar,0.663772,P1,24,62557.15,Contactar en 24h y confirmar siguiente hito de cierre.,13,real_source:ranking_operaciones_riesgo_caida.parquet
OP_36D3972FAB,2026-07-05,Torre Nápoles,ASESOR_233077BA7F,sin_clasificar,0.6484,P1,24,20327.34,Contactar en 24h y confirmar siguiente hito de cierre.,553,real_source:ranking_operaciones_riesgo_caida.parquet
OP_E8DDFEA8D8,2026-07-05,Tizón y Bueno,ASESOR_7B5A7F5FB0,sin_clasificar,0.647325,P1,24,83516.62,Contactar en 24h y confirmar siguiente hito de cierre.,3,real_source:ranking_operaciones_riesgo_caida.parquet
OP_5AEB7D7EDD,2026-07-05,Edificio Mariategui,ASESOR_950BED165C,sin_clasificar,0.634461,P1,24,60432.4,Contactar en 24h y confirmar siguiente hito de cierre.,14,real_source:ranking_operaciones_riesgo_caida.parquet
OP_117AFDD23F,2026-07-05,Tizón y Bueno,ASESOR_7B5A7F5FB0,sin_clasificar,0.633747,P1,24,80980.05,Contactar en 24h y confirmar siguiente hito de cierre.,4,real_source:ranking_operaciones_riesgo_caida.parquet
OP_DDB7EC200E,2026-07-05,Tizón y Bueno,ASESOR_C6B4E60323,sin_clasificar,0.632871,P1,24,50980.16,Contactar en 24h y confirmar siguiente hito de cierre.,46,real_source:ranking_operaciones_riesgo_caida.parquet
OP_B68FE0C2B9,2026-07-05,Tizón y Bueno,ASESOR_950BED165C,sin_clasificar,0.632729,P1,24,63968.9,Contactar en 24h y confirmar siguiente hito de cierre.,12,real_source:ranking_operaciones_riesgo_caida.parquet
OP_1507DC4B18,2026-07-05,Tradiciones Prime,ASESOR_9FCF63DC91,sin_clasificar,0.632289,P1,24,111842.97,Contactar en 24h y confirmar siguiente hito de cierre.,1,real_source:ranking_operaciones_riesgo_caida.parquet
OP_0D8471BF1F,2026-07-05,Torre Nápoles,ASESOR_233077BA7F,sin_clasificar,0.631147,P1,24,20051.54,Contactar en 24h y confirmar siguiente hito de cierre.,563,real_source:ranking_operaciones_riesgo_caida.parquet
OP_CBB58858C0,2026-07-05,Sialia,ASESOR_9FCF63DC91,sin_clasificar,0.630866,P1,24,57311.32,Contactar en 24h y confirmar siguiente hito de cierre.,18,real_source:ranking_operaciones_riesgo_caida.parquet
OP_F0479D1991,2026-07-05,Modena,ASESOR_E5897908D5,sin_clasificar,0.629682,P1,24,24085.34,Contactar en 24h y confirmar siguiente hito de cierre.,429,real_source:ranking_operaciones_riesgo_caida.parquet
OP_3BFCF51AF3,2026-07-05,Sialia,ASESOR_1265C8A465,sin_clasificar,0.628892,P1,24,74721.85,Contactar en 24h y confirmar siguiente hito de cierre.,8,real_source:ranking_operaciones_riesgo_caida.parquet
OP_23E0210ACE,2026-07-05,Torre Nápoles,ASESOR_C6B4E60323,sin_clasificar,0.627211,P1,24,16525.92,Contactar en 24h y confirmar siguiente hito de cierre.,632,real_source:ranking_operaciones_riesgo_caida.parquet
OP_FFB5E8B1BF,2026-07-05,Tradiciones Prime,ASESOR_9FCF63DC91,sin_clasificar,0.626983,P1,24,93577.18,Contactar en 24h y confirmar siguiente hito de cierre.,2,real_source:ranking_operaciones_riesgo_caida.parquet
OP_2D6D8726D2,2026-07-05,Torre Nápoles,ASESOR_950BED165C,sin_clasificar,0.625434,P1,24,18763.03,Contactar en 24h y confirmar siguiente hito de cierre.,591,real_source:ranking_operaciones_riesgo_caida.parquet
OP_85D626EEE5,2026-07-05,Torre Nápoles,ASESOR_950BED165C,sin_clasificar,0.625434,P1,24,18293.96,Contactar en 24h y confirmar siguiente hito de cierre.,601,real_source:ranking_operaciones_riesgo_caida.parquet
OP_ECE239F814,2026-07-05,Tizón y Bueno,ASESOR_950BED165C,sin_clasificar,0.624462,P1,24,47998.04,Contactar en 24h y confirmar siguiente hito de cierre.,61,real_source:ranking_operaciones_riesgo_caida.parquet
OP_17A2083F16,2026-07-05,Edificio Mariategui,ASESOR_9FCF63DC91,sin_clasificar,0.62442,P1,24,53594.52,Contactar en 24h y confirmar siguiente hito de cierre.,34,real_source:ranking_operaciones_riesgo_caida.parquet
OP_AF5BD5B2DB,2026-07-05,Fenix,ASESOR_7B5A7F5FB0,sin_clasificar,0.624305,P1,24,67068.74,Contactar en 24h y confirmar siguiente hito de cierre.,11,real_source:ranking_operaciones_riesgo_caida.parquet
OP_4A9C11399A,2026-07-05,Sialia,ASESOR_233077BA7F,sin_clasificar,0.622671,P1,24,22042.54,Contactar en 24h y confirmar siguiente hito de cierre.,509,real_source:ranking_operaciones_riesgo_caida.parquet
OP_4B5069507B,2026-07-05,Fenix,ASESOR_E05C20E0FE,sin_clasificar,0.621939,P1,24,70630.45,Contactar en 24h y confirmar siguiente hito de cierre.,9,real_source:ranking_operaciones_riesgo_caida.parquet
OP_55C17E6036,2026-07-05,Tizón y Bueno,ASESOR_9FCF63DC91,sin_clasificar,0.618214,P1,24,56972.73,Contactar en 24h y confirmar siguiente hito de cierre.,19,real_source:ranking_operaciones_riesgo_caida.parquet
OP_BBB80946E0,2026-07-05,Edificio Mariategui,ASESOR_950BED165C,sin_clasificar,0.617538,P1,24,52737.83,Contactar en 24h y confirmar siguiente hito de cierre.,39,real_source:ranking_operaciones_riesgo_caida.parquet
OP_8A5B405982,2026-07-05,Sialia,ASESOR_950BED165C,sin_clasificar,0.617486,P1,24,54435.52,Contactar en 24h y confirmar siguiente hito de cierre.,26,real_source:ranking_operaciones_riesgo_caida.parquet
OP_A5B24DFB71,2026-07-05,Capadocia,ASESOR_E5897908D5,sin_clasificar,0.616564,P1,24,69363.5,Contactar en 24h y confirmar siguiente hito de cierre.,10,real_source:ranking_operaciones_riesgo_caida.parquet
OP_09354A32FF,2026-07-05,Alicanto,ASESOR_950BED165C,sin_clasificar,0.615247,P1,24,56970.86,Contactar en 24h y confirmar siguiente hito de cierre.,20,real_source:ranking_operaciones_riesgo_caida.parquet
OP_B9CA6C83C4,2026-07-05,Tradiciones Prime,ASESOR_950BED165C,sin_clasificar,0.615231,P1,24,75845.0,Contactar en 24h y confirmar siguiente hito de cierre.,7,real_source:ranking_operaciones_riesgo_caida.parquet
OP_9ECA90CCDD,2026-07-05,Sialia,ASESOR_9FCF63DC91,sin_clasificar,0.615124,P1,24,22720.21,Contactar en 24h y confirmar siguiente hito de cierre.,489,real_source:ranking_operaciones_riesgo_caida.parquet
OP_679136536C,2026-07-05,Tizón y Bueno,ASESOR_233077BA7F,sin_clasificar,0.614582,P1,24,55128.03,Contactar en 24h y confirmar siguiente hito de cierre.,23,real_source:ranking_operaciones_riesgo_caida.parquet
OP_FB49869900,2026-07-05,Edificio Mariategui,ASESOR_1265C8A465,sin_clasificar,0.613096,P1,24,59155.19,Contactar en 24h y confirmar siguiente hito de cierre.,16,real_source:ranking_operaciones_riesgo_caida.parquet
OP_FE6B6F5197,2026-07-05,Tizón y Bueno,ASESOR_E5897908D5,sin_clasificar,0.609551,P1,24,54139.93,Contactar en 24h y confirmar siguiente hito de cierre.,30,real_source:ranking_operaciones_riesgo_caida.parquet
OP_87FFD2B963,2026-07-05,Capadocia,ASESOR_E5897908D5,sin_clasificar,0.609292,P1,24,78141.68,Contactar en 24h y confirmar siguiente hito de cierre.,5,real_source:ranking_operaciones_riesgo_caida.parquet
OP_BCEFB0FE03,2026-07-05,Edificio Mariategui,ASESOR_1265C8A465,sin_clasificar,0.606134,P1,24,53184.77,Contactar en 24h y confirmar siguiente hito de cierre.,36,real_source:ranking_operaciones_riesgo_caida.parquet
OP_C737755DF3,2026-07-05,Edificio Valdizan,ASESOR_7B5A7F5FB0,sin_clasificar,0.602727,P1,24,47455.73,Contactar en 24h y confirmar siguiente hito de cierre.,66,real_source:ranking_operaciones_riesgo_caida.parquet
OP_6827351FF8,2026-07-05,Torre Nápoles,ASESOR_9FCF63DC91,sin_clasificar,0.599748,P1,24,21535.32,Contactar en 24h y confirmar siguiente hito de cierre.,525,real_source:ranking_operaciones_riesgo_caida.parquet
OP_09E99E9638,2026-07-05,Torre Nápoles,ASESOR_9FCF63DC91,sin_clasificar,0.599748,P1,24,19783.43,Contactar en 24h y confirmar siguiente hito de cierre.,567,real_source:ranking_operaciones_riesgo_caida.parquet
OP_FB774326D4,2026-07-05,Sialia,ASESOR_E5897908D5,sin_clasificar,0.598869,P1,24,22008.44,Contactar en 24h y confirmar siguiente hito de cierre.,511,real_source:ranking_operaciones_riesgo_caida.parquet
OP_8FC2612D8D,2026-07-05,Sialia,ASESOR_950BED165C,sin_clasificar,0.597807,P1,24,23447.19,Contactar en 24h y confirmar siguiente hito de cierre.,461,real_source:ranking_operaciones_riesgo_caida.parquet
OP_AE51023B0C,2026-07-05,Alicanto,ASESOR_233077BA7F,sin_clasificar,0.596297,P1,24,47960.18,Contactar en 24h y confirmar siguiente hito de cierre.,62,real_source:ranking_operaciones_riesgo_caida.parquet
OP_3ECF71FAC4,2026-07-05,Tizón y Bueno,ASESOR_C6B4E60323,sin_clasificar,0.596205,P1,24,48203.17,Contactar en 24h y confirmar siguiente hito de cierre.,59,real_source:ranking_operaciones_riesgo_caida.parquet
OP_1EB3A6F13A,2026-07-05,Tizón y Bueno,ASESOR_1265C8A465,sin_clasificar,0.592285,P1,24,45567.02,Contactar en 24h y confirmar siguiente hito de cierre.,75,real_source:ranking_operaciones_riesgo_caida.parquet
OP_709AB61855,2026-07-05,Modena,ASESOR_E5897908D5,sin_clasificar,0.591933,P1,24,22197.48,Contactar en 24h y confirmar siguiente hito de cierre.,502,real_source:ranking_operaciones_riesgo_caida.parquet
OP_C758B19EEC,2026-07-05,Edificio Valdizan,ASESOR_1265C8A465,sin_clasificar,0.589331,P1,24,54122.65,Contactar en 24h y confirmar siguiente hito de cierre.,31,real_source:ranking_operaciones_riesgo_caida.parquet
OP_5AA8050BB5,2026-07-05,Torre Nápoles,ASESOR_E5897908D5,sin_clasificar,0.588824,P1,24,19872.82,Contactar en 24h y confirmar siguiente hito de cierre.,565,real_source:ranking_operaciones_riesgo_caida.parquet
OP_8A2CA303BF,2026-07-05,Sialia,ASESOR_7B5A7F5FB0,sin_clasificar,0.588774,P1,24,44806.02,Contactar en 24h y confirmar siguiente hito de cierre.,80,real_source:ranking_operaciones_riesgo_caida.parquet
OP_C05595CD26,2026-07-05,Edificio Valdizan,ASESOR_7B5A7F5FB0,sin_clasificar,0.588358,P1,24,44126.81,Contactar en 24h y confirmar siguiente hito de cierre.,86,real_source:ranking_operaciones_riesgo_caida.parquet
OP_9E2ECB1AC5,2026-07-05,Alicanto,ASESOR_7B5A7F5FB0,sin_clasificar,0.588203,P1,24,45210.63,Contactar en 24h y confirmar siguiente hito de cierre.,76,real_source:ranking_operaciones_riesgo_caida.parquet
OP_F5A9EB3521,2026-07-05,Torre Nápoles,ASESOR_E5897908D5,sin_clasificar,0.587668,P1,24,16572.23,Contactar en 24h y confirmar siguiente hito de cierre.,631,real_source:ranking_operaciones_riesgo_caida.parquet
OP_3F8D96FFBF,2026-07-05,Sialia,ASESOR_7B5A7F5FB0,sin_clasificar,0.587456,P1,24,23424.01,Contactar en 24h y confirmar siguiente hito de cierre.,464,real_source:ranking_operaciones_riesgo_caida.parquet
OP_AC1930B795,2026-07-05,Sialia,ASESOR_950BED165C,sin_clasificar,0.587446,P1,24,21123.38,Contactar en 24h y confirmar siguiente hito de cierre.,535,real_source:ranking_operaciones_riesgo_caida.parquet
OP_76D2A9D606,2026-07-05,Edificio Mariategui,ASESOR_7B5A7F5FB0,sin_clasificar,0.587383,P1,24,54363.92,Contactar en 24h y confirmar siguiente hito de cierre.,27,real_source:ranking_operaciones_riesgo_caida.parquet
OP_FC8EC50993,2026-07-05,Torre Nápoles,ASESOR_C6B4E60323,sin_clasificar,0.586452,P1,24,20785.05,Contactar en 24h y confirmar siguiente hito de cierre.,538,real_source:ranking_operaciones_riesgo_caida.parquet
OP_4D054A6F1F,2026-07-05,Tizón y Bueno,ASESOR_F59A4378D8,sin_clasificar,0.584755,P1,24,48740.99,Contactar en 24h y confirmar siguiente hito de cierre.,55,real_source:ranking_operaciones_riesgo_caida.parquet
OP_B60346AD96,2026-07-05,Fenix,ASESOR_7B5A7F5FB0,sin_clasificar,0.58468,P1,24,47905.56,Contactar en 24h y confirmar siguiente hito de cierre.,63,real_source:ranking_operaciones_riesgo_caida.parquet
OP_14688E949B,2026-07-05,Torre Nápoles,ASESOR_F59A4378D8,sin_clasificar,0.584224,P1,24,17964.87,Contactar en 24h y confirmar siguiente hito de cierre.,608,real_source:ranking_operaciones_riesgo_caida.parquet
OP_C258C88379,2026-07-05,Alicanto,ASESOR_9FCF63DC91,sin_clasificar,0.583324,P1,24,22308.68,Contactar en 24h y confirmar siguiente hito de cierre.,500,real_source:ranking_operaciones_riesgo_caida.parquet
OP_A9977185F0,2026-07-05,Torre Nápoles,ASESOR_DA48A4F817,sin_clasificar,0.582543,P1,24,17781.04,Contactar en 24h y confirmar siguiente hito de cierre.,614,real_source:ranking_operaciones_riesgo_caida.parquet
OP_C889EAA3D7,2026-07-05,Edificio Valdizan,ASESOR_1265C8A465,sin_clasificar,0.582534,P1,24,50116.88,Contactar en 24h y confirmar siguiente hito de cierre.,49,real_source:ranking_operaciones_riesgo_caida.parquet
OP_1EB8C654B0,2026-07-05,Capadocia,ASESOR_C6B4E60323,sin_clasificar,0.580165,P1,24,57488.5,Contactar en 24h y confirmar siguiente hito de cierre.,17,real_source:ranking_operaciones_riesgo_caida.parquet
OP_C0FDDD0D09,2026-07-05,Fenix,ASESOR_7B5A7F5FB0,sin_clasificar,0.579692,P1,24,54341.07,Contactar en 24h y confirmar siguiente hito de cierre.,28,real_source:ranking_operaciones_riesgo_caida.parquet
OP_1B6E4BF153,2026-07-05,Fenix,ASESOR_950BED165C,sin_clasificar,0.579213,P1,24,46047.44,Contactar en 24h y confirmar siguiente hito de cierre.,71,real_source:ranking_operaciones_riesgo_caida.parquet
OP_564BEC7E7D,2026-07-05,Torre Nápoles,ASESOR_DA48A4F817,sin_clasificar,0.579039,P1,24,22164.89,Contactar en 24h y confirmar siguiente hito de cierre.,504,real_source:ranking_operaciones_riesgo_caida.parquet
OP_F7CFE0334C,2026-07-05,Modena,ASESOR_233077BA7F,sin_clasificar,0.57712,P1,24,55516.02,Contactar en 24h y confirmar siguiente hito de cierre.,21,real_source:ranking_operaciones_riesgo_caida.parquet
OP_0CFE894900,2026-07-05,Torre Nápoles,ASESOR_233077BA7F,sin_clasificar,0.576425,P1,24,24953.72,Contactar en 24h y confirmar siguiente hito de cierre.,391,real_source:ranking_operaciones_riesgo_caida.parquet
OP_92E3DE0EB6,2026-07-05,Torre Nápoles,ASESOR_7B5A7F5FB0,sin_clasificar,0.576008,P1,24,19872.29,Contactar en 24h y confirmar siguiente hito de cierre.,566,real_source:ranking_operaciones_riesgo_caida.parquet
OP_CBE53D06E6,2026-07-05,Alicanto,ASESOR_E5897908D5,sin_clasificar,0.575545,P1,24,43942.87,Contactar en 24h y confirmar siguiente hito de cierre.,90,real_source:ranking_operaciones_riesgo_caida.parquet
OP_7470459E1D,2026-07-05,Alicanto,ASESOR_950BED165C,sin_clasificar,0.574343,P1,24,21489.9,Contactar en 24h y confirmar siguiente hito de cierre.,526,real_source:ranking_operaciones_riesgo_caida.parquet
OP_2E2096824F,2026-07-05,Torre Nápoles,ASESOR_7B5A7F5FB0,sin_clasificar,0.57403,P1,24,19669.36,Contactar en 24h y confirmar siguiente hito de cierre.,571,real_source:ranking_operaciones_riesgo_caida.parquet
OP_21DB6B88EA,2026-07-05,Edificio Mariategui,ASESOR_1265C8A465,sin_clasificar,0.572706,P1,24,50157.85,Contactar en 24h y confirmar siguiente hito de cierre.,48,real_source:ranking_operaciones_riesgo_caida.parquet
OP_B453623583,2026-07-05,Alicanto,ASESOR_7B5A7F5FB0,sin_clasificar,0.571085,P1,24,48085.62,Contactar en 24h y confirmar siguiente hito de cierre.,60,real_source:ranking_operaciones_riesgo_caida.parquet
OP_01B558E5E9,2026-07-05,Edificio Urbanzen,ASESOR_950BED165C,sin_clasificar,0.571034,P1,24,59958.58,Contactar en 24h y confirmar siguiente hito de cierre.,15,real_source:ranking_operaciones_riesgo_caida.parquet
OP_B2B32E0AE3,2026-07-05,Modena,ASESOR_9FCF63DC91,sin_clasificar,0.570184,P1,24,49948.84,Contactar en 24h y confirmar siguiente hito de cierre.,50,real_source:ranking_operaciones_riesgo_caida.parquet
OP_032FA878F6,2026-07-05,Alicanto,ASESOR_E5897908D5,sin_clasificar,0.564971,P1,24,44358.07,Contactar en 24h y confirmar siguiente hito de cierre.,84,real_source:ranking_operaciones_riesgo_caida.parquet
OP_EF2CCA85D4,2026-07-05,Tizón y Bueno,ASESOR_E5897908D5,sin_clasificar,0.564583,P1,24,38109.33,Contactar en 24h y confirmar siguiente hito de cierre.,133,real_source:ranking_operaciones_riesgo_caida.parquet
OP_FE727ACC29,2026-07-05,Torre Nápoles,ASESOR_DA48A4F817,sin_clasificar,0.563962,P1,24,19119.37,Contactar en 24h y confirmar siguiente hito de cierre.,581,real_source:ranking_operaciones_riesgo_caida.parquet
OP_E58CCEBB9C,2026-07-05,Edificio Mariategui,ASESOR_1265C8A465,sin_clasificar,0.563334,P1,24,51401.38,Contactar en 24h y confirmar siguiente hito de cierre.,45,real_source:ranking_operaciones_riesgo_caida.parquet
OP_B22BFAB2D3,2026-07-05,Capadocia,ASESOR_233077BA7F,sin_clasificar,0.561924,P1,24,52196.71,Contactar en 24h y confirmar siguiente hito de cierre.,40,real_source:ranking_operaciones_riesgo_caida.parquet
OP_884FD4A870,2026-07-05,Modena,ASESOR_7B5A7F5FB0,sin_clasificar,0.561108,P1,24,45709.28,Contactar en 24h y confirmar siguiente hito de cierre.,73,real_source:ranking_operaciones_riesgo_caida.parquet
OP_F1E04B5623,2026-07-05,Alicanto,ASESOR_E5897908D5,sin_clasificar,0.561072,P1,24,24406.62,Contactar en 24h y confirmar siguiente hito de cierre.,413,real_source:ranking_operaciones_riesgo_caida.parquet
OP_2584CF737D,2026-07-05,Sialia,ASESOR_DA48A4F817,sin_clasificar,0.560033,P1,24,44482.97,Contactar en 24h y confirmar siguiente hito de cierre.,83,real_source:ranking_operaciones_riesgo_caida.parquet
OP_B84F4F8F5B,2026-07-05,Torre Nápoles,ASESOR_1265C8A465,sin_clasificar,0.559626,P1,24,53643.76,Contactar en 24h y confirmar siguiente hito de cierre.,33,real_source:ranking_operaciones_riesgo_caida.parquet
OP_63739842E9,2026-07-05,Edificio Urbanzen,ASESOR_E5897908D5,sin_clasificar,0.55739,P1,24,54562.89,Contactar en 24h y confirmar siguiente hito de cierre.,24,real_source:ranking_operaciones_riesgo_caida.parquet
OP_72AA546B39,2026-07-05,Edificio Urbanzen,ASESOR_950BED165C,sin_clasificar,0.557238,P1,24,53876.06,Contactar en 24h y confirmar siguiente hito de cierre.,32,real_source:ranking_operaciones_riesgo_caida.parquet
OP_0F34610CF5,2026-07-05,Edificio Urbanzen,ASESOR_CF9D39A66F,sin_clasificar,0.55696,P1,24,50349.91,Contactar en 24h y confirmar siguiente hito de cierre.,47,real_source:ranking_operaciones_riesgo_caida.parquet
OP_C0BA29CAE8,2026-07-05,Edificio Urbanzen,ASESOR_950BED165C,sin_clasificar,0.556764,P1,24,48909.9,Contactar en 24h y confirmar siguiente hito de cierre.,52,real_source:ranking_operaciones_riesgo_caida.parquet
OP_66C78BE34A,2026-07-05,Capadocia,ASESOR_7B5A7F5FB0,sin_clasificar,0.5565,P1,24,53582.57,Contactar en 24h y confirmar siguiente hito de cierre.,35,real_source:ranking_operaciones_riesgo_caida.parquet
OP_72F9F254EF,2026-07-05,Tizón y Bueno,ASESOR_233077BA7F,sin_clasificar,0.555031,P1,24,36994.62,Contactar en 24h y confirmar siguiente hito de cierre.,152,real_source:ranking_operaciones_riesgo_caida.parquet
OP_D29B8F2BB3,2026-07-05,Modena,ASESOR_233077BA7F,sin_clasificar,0.553879,P1,24,23678.34,Contactar en 24h y confirmar siguiente hito de cierre.,451,real_source:ranking_operaciones_riesgo_caida.parquet
OP_1B023CBF7E,2026-07-05,Modena,ASESOR_E05C20E0FE,sin_clasificar,0.553028,P1,24,47283.92,Contactar en 24h y confirmar siguiente hito de cierre.,67,real_source:ranking_operaciones_riesgo_caida.parquet
OP_081DD41E60,2026-07-05,Capadocia,ASESOR_7B5A7F5FB0,sin_clasificar,0.552801,P1,24,43755.93,Contactar en 24h y confirmar siguiente hito de cierre.,94,real_source:ranking_operaciones_riesgo_caida.parquet
OP_DEABCEF19C,2026-07-05,Torre Nápoles,ASESOR_F59A4378D8,sin_clasificar,0.552649,P1,24,18188.27,Contactar en 24h y confirmar siguiente hito de cierre.,605,real_source:ranking_operaciones_riesgo_caida.parquet
OP_4FDC41FAFB,2026-07-05,Edificio Urbanzen,ASESOR_C6B4E60323,sin_clasificar,0.552478,P1,24,48875.36,Contactar en 24h y confirmar siguiente hito de cierre.,54,real_source:ranking_operaciones_riesgo_caida.parquet
OP_2D72F6E1AD,2026-07-05,Capadocia,ASESOR_7B5A7F5FB0,sin_clasificar,0.552474,P1,24,52163.57,Contactar en 24h y confirmar siguiente hito de cierre.,41,real_source:ranking_operaciones_riesgo_caida.parquet
OP_9ED30AEC5F,2026-07-05,Modena,ASESOR_E05C20E0FE,sin_clasificar,0.552433,P1,24,48890.3,Contactar en 24h y confirmar siguiente hito de cierre.,53,real_source:ranking_operaciones_riesgo_caida.parquet
OP_78583102FF,2026-07-05,Alicanto,ASESOR_CF9D39A66F,sin_clasificar,0.551645,P1,24,21754.1,Contactar en 24h y confirmar siguiente hito de cierre.,517,real_source:ranking_operaciones_riesgo_caida.parquet
OP_F60717332F,2026-07-05,Modena,ASESOR_7B5A7F5FB0,sin_clasificar,0.550766,P1,24,23844.96,Contactar en 24h y confirmar siguiente hito de cierre.,442,real_source:ranking_operaciones_riesgo_caida.parquet
OP_8B515C529C,2026-07-05,Modena,ASESOR_E5897908D5,sin_clasificar,0.549489,P1,24,54316.95,Contactar en 24h y confirmar siguiente hito de cierre.,29,real_source:ranking_operaciones_riesgo_caida.parquet
OP_F6D4FF0E86,2026-07-05,Tizón y Bueno,ASESOR_7B5A7F5FB0,sin_clasificar,0.549094,P1,24,39355.53,Contactar en 24h y confirmar siguiente hito de cierre.,122,real_source:ranking_operaciones_riesgo_caida.parquet
OP_3AB3A2317E,2026-07-05,Tizón y Bueno,ASESOR_9FCF63DC91,sin_clasificar,0.548901,P1,24,33157.19,Contactar en 24h y confirmar siguiente hito de cierre.,210,real_source:ranking_operaciones_riesgo_caida.parquet
OP_92977BE029,2026-07-05,Alicanto,ASESOR_9FCF63DC91,sin_clasificar,0.548609,P1,24,21272.15,Contactar en 24h y confirmar siguiente hito de cierre.,532,real_source:ranking_operaciones_riesgo_caida.parquet
OP_D33D3526F1,2026-07-05,Capadocia,ASESOR_E5897908D5,sin_clasificar,0.548602,P1,24,53050.69,Contactar en 24h y confirmar siguiente hito de cierre.,37,real_source:ranking_operaciones_riesgo_caida.parquet
OP_99E7EFF06E,2026-07-05,Capadocia,ASESOR_E5897908D5,sin_clasificar,0.548096,P1,24,52123.89,Contactar en 24h y confirmar siguiente hito de cierre.,42,real_source:ranking_operaciones_riesgo_caida.parquet
OP_D378D379DD,2026-07-05,Tizón y Bueno,ASESOR_9FCF63DC91,sin_clasificar,0.548007,P1,24,34288.89,Contactar en 24h y confirmar siguiente hito de cierre.,189,real_source:ranking_operaciones_riesgo_caida.parquet
OP_2EACE88E0D,2026-07-05,Capadocia,ASESOR_1265C8A465,sin_clasificar,0.546627,P1,24,53050.15,Contactar en 24h y confirmar siguiente hito de cierre.,38,real_source:ranking_operaciones_riesgo_caida.parquet
OP_79F694258C,2026-07-05,Matera,ASESOR_950BED165C,sin_clasificar,0.545589,P1,24,76219.75,Contactar en 24h y confirmar siguiente hito de cierre.,6,real_source:ranking_operaciones_riesgo_caida.parquet
OP_3FFC11E754,2026-07-05,Torre Nápoles,ASESOR_E5897908D5,sin_clasificar,0.544986,P1,24,24033.88,Contactar en 24h y confirmar siguiente hito de cierre.,434,real_source:ranking_operaciones_riesgo_caida.parquet
OP_9D3BBD6DB9,2026-07-05,Tizón y Bueno,ASESOR_C6B4E60323,sin_clasificar,0.544408,P1,24,39319.9,Contactar en 24h y confirmar siguiente hito de cierre.,123,real_source:ranking_operaciones_riesgo_caida.parquet
OP_CFD03D3E0B,2026-07-05,Sialia,ASESOR_233077BA7F,sin_clasificar,0.544365,P1,24,33070.17,Contactar en 24h y confirmar siguiente hito de cierre.,213,real_source:ranking_operaciones_riesgo_caida.parquet
OP_CEEA3B5AEF,2026-07-05,Capadocia,ASESOR_7B5A7F5FB0,sin_clasificar,0.544168,P1,24,48566.89,Contactar en 24h y confirmar siguiente hito de cierre.,56,real_source:ranking_operaciones_riesgo_caida.parquet
OP_09F493191B,2026-07-05,Edificio Urbanzen,ASESOR_C6B4E60323,sin_clasificar,0.543457,P1,24,45780.84,Contactar en 24h y confirmar siguiente hito de cierre.,72,real_source:ranking_operaciones_riesgo_caida.parquet
OP_51DBAD0494,2026-07-05,Capadocia,ASESOR_950BED165C,sin_clasificar,0.542917,P1,24,44017.59,Contactar en 24h y confirmar siguiente hito de cierre.,89,real_source:ranking_operaciones_riesgo_caida.parquet
OP_24395CB4B5,2026-07-05,Edificio Urbanzen,ASESOR_233077BA7F,sin_clasificar,0.542569,P1,24,51679.7,Contactar en 24h y confirmar siguiente hito de cierre.,44,real_source:ranking_operaciones_riesgo_caida.parquet
OP_D255F416AA,2026-07-05,Sialia,ASESOR_233077BA7F,sin_clasificar,0.54253,P1,24,31819.4,Contactar en 24h y confirmar siguiente hito de cierre.,238,real_source:ranking_operaciones_riesgo_caida.parquet
OP_089436D81C,2026-07-05,Tizón y Bueno,ASESOR_E05C20E0FE,sin_clasificar,0.541755,P1,24,32674.58,Contactar en 24h y confirmar siguiente hito de cierre.,217,real_source:ranking_operaciones_riesgo_caida.parquet
OP_7AD73554C7,2026-07-05,Tizón y Bueno,ASESOR_1265C8A465,sin_clasificar,0.541107,P1,24,43802.12,Contactar en 24h y confirmar siguiente hito de cierre.,93,real_source:ranking_operaciones_riesgo_caida.parquet
OP_B87CB710E2,2026-07-05,Tizón y Bueno,ASESOR_1265C8A465,sin_clasificar,0.540988,P1,24,41953.63,Contactar en 24h y confirmar siguiente hito de cierre.,106,real_source:ranking_operaciones_riesgo_caida.parquet
OP_C87598B86B,2026-07-05,Sialia,ASESOR_233077BA7F,sin_clasificar,0.540439,P1,24,33593.67,Contactar en 24h y confirmar siguiente hito de cierre.,201,real_source:ranking_operaciones_riesgo_caida.parquet
OP_2EF88ABD0B,2026-07-05,Sialia,ASESOR_7B5A7F5FB0,sin_clasificar,0.540174,P1,24,37624.27,Contactar en 24h y confirmar siguiente hito de cierre.,140,real_source:ranking_operaciones_riesgo_caida.parquet
OP_35B63EF665,2026-07-05,Tizón y Bueno,ASESOR_9FCF63DC91,sin_clasificar,0.539624,P1,24,36408.26,Contactar en 24h y confirmar siguiente hito de cierre.,158,real_source:ranking_operaciones_riesgo_caida.parquet
OP_D2CB056E7D,2026-07-05,Edificio Urbanzen,ASESOR_4A5D5CDFC6,sin_clasificar,0.539477,P1,24,24276.48,Contactar en 24h y confirmar siguiente hito de cierre.,419,real_source:ranking_operaciones_riesgo_caida.parquet
OP_16B4D17600,2026-07-05,Edificio Urbanzen,ASESOR_7B5A7F5FB0,sin_clasificar,0.53826,P1,24,48233.51,Contactar en 24h y confirmar siguiente hito de cierre.,58,real_source:ranking_operaciones_riesgo_caida.parquet
OP_A48AF23367,2026-07-05,Sialia,ASESOR_7B5A7F5FB0,sin_clasificar,0.538229,P1,24,39659.16,Contactar en 24h y confirmar siguiente hito de cierre.,118,real_source:ranking_operaciones_riesgo_caida.parquet
OP_4B09E9F2B1,2026-07-05,Sialia,ASESOR_233077BA7F,sin_clasificar,0.538078,P1,24,30026.44,Contactar en 24h y confirmar siguiente hito de cierre.,279,real_source:ranking_operaciones_riesgo_caida.parquet
OP_03462BB7AE,2026-07-05,Modena,ASESOR_7B5A7F5FB0,sin_clasificar,0.537358,P1,24,22686.18,Contactar en 24h y confirmar siguiente hito de cierre.,490,real_source:ranking_operaciones_riesgo_caida.parquet
OP_1B2C988B38,2026-07-05,Edificio Urbanzen,ASESOR_DA48A4F817,sin_clasificar,0.536889,P1,24,54521.12,Contactar en 24h y confirmar siguiente hito de cierre.,25,real_source:ranking_operaciones_riesgo_caida.parquet
OP_FAA6850277,2026-07-05,Sialia,ASESOR_233077BA7F,sin_clasificar,0.536864,P1,24,26091.57,Contactar en 24h y confirmar siguiente hito de cierre.,352,real_source:ranking_operaciones_riesgo_caida.parquet
OP_C13F7D41B6,2026-07-05,Edificio Urbanzen,ASESOR_7B5A7F5FB0,sin_clasificar,0.536238,P1,24,51719.73,Contactar en 24h y confirmar siguiente hito de cierre.,43,real_source:ranking_operaciones_riesgo_caida.parquet
OP_1D079D8CC5,2026-07-05,Tizón y Bueno,ASESOR_7B5A7F5FB0,sin_clasificar,0.534494,P1,24,34571.07,Contactar en 24h y confirmar siguiente hito de cierre.,184,real_source:ranking_operaciones_riesgo_caida.parquet
OP_54A61E6C35,2026-07-05,Tizón y Bueno,ASESOR_233077BA7F,sin_clasificar,0.534261,P1,24,34988.73,Contactar en 24h y confirmar siguiente hito de cierre.,176,real_source:ranking_operaciones_riesgo_caida.parquet
OP_0450F8D5CA,2026-07-05,Modena,ASESOR_7B5A7F5FB0,sin_clasificar,0.534091,P1,24,21701.92,Contactar en 24h y confirmar siguiente hito de cierre.,519,real_source:ranking_operaciones_riesgo_caida.parquet
OP_7F56B0356E,2026-07-05,Edificio Valdizan,ASESOR_8618B6BE3A,sin_clasificar,0.53378,P1,24,40369.81,Contactar en 24h y confirmar siguiente hito de cierre.,115,real_source:ranking_operaciones_riesgo_caida.parquet
OP_D731B8B255,2026-07-05,Sialia,ASESOR_E5897908D5,sin_clasificar,0.533717,P1,24,38039.6,Contactar en 24h y confirmar siguiente hito de cierre.,134,real_source:ranking_operaciones_riesgo_caida.parquet
OP_D3CDD9FAA5,2026-07-05,Sialia,ASESOR_7B5A7F5FB0,sin_clasificar,0.533682,P1,24,35233.38,Contactar en 24h y confirmar siguiente hito de cierre.,173,real_source:ranking_operaciones_riesgo_caida.parquet
OP_79667A3C1D,2026-07-05,Torre Nápoles,ASESOR_233077BA7F,sin_clasificar,0.533032,P1,24,27184.64,Contactar en 24h y confirmar siguiente hito de cierre.,325,real_source:ranking_operaciones_riesgo_caida.parquet
OP_68EB423A2F,2026-07-05,Capadocia,ASESOR_7B5A7F5FB0,sin_clasificar,0.532992,P1,24,47266.66,Contactar en 24h y confirmar siguiente hito de cierre.,68,real_source:ranking_operaciones_riesgo_caida.parquet
OP_5AA7DFEEFE,2026-07-05,Tizón y Bueno,ASESOR_E05C20E0FE,sin_clasificar,0.531498,P1,24,31148.76,Contactar en 24h y confirmar siguiente hito de cierre.,253,real_source:ranking_operaciones_riesgo_caida.parquet
OP_4C8BD3787F,2026-07-05,Tizón y Bueno,ASESOR_7B5A7F5FB0,sin_clasificar,0.531027,P1,24,34106.59,Contactar en 24h y confirmar siguiente hito de cierre.,192,real_source:ranking_operaciones_riesgo_caida.parquet
OP_E2B08FC308,2026-07-05,Modena,ASESOR_7B5A7F5FB0,sin_clasificar,0.530747,P1,24,42361.3,Contactar en 24h y confirmar siguiente hito de cierre.,102,real_source:ranking_operaciones_riesgo_caida.parquet
OP_EB85B49182,2026-07-05,Tizón y Bueno,ASESOR_950BED165C,sin_clasificar,0.529674,P1,24,37269.59,Contactar en 24h y confirmar siguiente hito de cierre.,145,real_source:ranking_operaciones_riesgo_caida.parquet
OP_CDB0D51AF7,2026-07-05,Tizón y Bueno,ASESOR_950BED165C,sin_clasificar,0.52947,P1,24,35993.35,Contactar en 24h y confirmar siguiente hito de cierre.,161,real_source:ranking_operaciones_riesgo_caida.parquet
OP_EB78FDABB5,2026-07-05,Edificio Valdizan,ASESOR_1265C8A465,sin_clasificar,0.528891,P1,24,39666.85,Contactar en 24h y confirmar siguiente hito de cierre.,117,real_source:ranking_operaciones_riesgo_caida.parquet
OP_A2C58AC1A8,2026-07-05,Alicanto,ASESOR_1265C8A465,sin_clasificar,0.528832,P1,24,41985.66,Contactar en 24h y confirmar siguiente hito de cierre.,105,real_source:ranking_operaciones_riesgo_caida.parquet
OP_3E69FD5F7A,2026-07-05,Alicanto,ASESOR_E5897908D5,sin_clasificar,0.528707,P1,24,39764.06,Contactar en 24h y confirmar siguiente hito de cierre.,116,real_source:ranking_operaciones_riesgo_caida.parquet
OP_CA17668DD9,2026-07-05,Edificio Urbanzen,ASESOR_7B5A7F5FB0,sin_clasificar,0.528048,P1,24,48316.36,Contactar en 24h y confirmar siguiente hito de cierre.,57,real_source:ranking_operaciones_riesgo_caida.parquet
OP_A4FCAF976A,2026-07-05,Edificio Urbanzen,ASESOR_233077BA7F,sin_clasificar,0.527206,P1,24,43099.08,Contactar en 24h y confirmar siguiente hito de cierre.,97,real_source:ranking_operaciones_riesgo_caida.parquet
OP_2B12120F0A,2026-07-05,Edificio Urbanzen,ASESOR_7B5A7F5FB0,sin_clasificar,0.527035,P1,24,43862.5,Contactar en 24h y confirmar siguiente hito de cierre.,92,real_source:ranking_operaciones_riesgo_caida.parquet
OP_620550A5AC,2026-07-05,Edificio Urbanzen,ASESOR_950BED165C,sin_clasificar,0.526197,P1,24,47902.35,Contactar en 24h y confirmar siguiente hito de cierre.,64,real_source:ranking_operaciones_riesgo_caida.parquet
OP_2DD88BC53F,2026-07-05,Sialia,ASESOR_233077BA7F,sin_clasificar,0.525872,P1,24,33942.43,Contactar en 24h y confirmar siguiente hito de cierre.,196,real_source:ranking_operaciones_riesgo_caida.parquet
OP_B9CFC1704D,2026-07-05,Edificio Mariategui,ASESOR_7B5A7F5FB0,sin_clasificar,0.525591,P1,24,40702.43,Contactar en 24h y confirmar siguiente hito de cierre.,113,real_source:ranking_operaciones_riesgo_caida.parquet
OP_107A664595,2026-07-05,Tizón y Bueno,ASESOR_7B5A7F5FB0,sin_clasificar,0.525585,P1,24,37201.15,Contactar en 24h y confirmar siguiente hito de cierre.,147,real_source:ranking_operaciones_riesgo_caida.parquet
OP_B6F3D67436,2026-07-05,Tizón y Bueno,ASESOR_233077BA7F,sin_clasificar,0.525571,P1,24,24833.25,Contactar en 24h y confirmar siguiente hito de cierre.,393,real_source:ranking_operaciones_riesgo_caida.parquet
OP_B4234B73AA,2026-07-05,Edificio Urbanzen,ASESOR_3646DCCAA1,sin_clasificar,0.524776,P1,24,44766.64,Contactar en 24h y confirmar siguiente hito de cierre.,81,real_source:ranking_operaciones_riesgo_caida.parquet
OP_D488795671,2026-07-05,Edificio Mariategui,ASESOR_7B5A7F5FB0,sin_clasificar,0.524198,P1,24,41314.84,Contactar en 24h y confirmar siguiente hito de cierre.,110,real_source:ranking_operaciones_riesgo_caida.parquet
OP_B113934D9C,2026-07-05,Modena,ASESOR_7B5A7F5FB0,sin_clasificar,0.524041,P1,24,44019.43,Contactar en 24h y confirmar siguiente hito de cierre.,88,real_source:ranking_operaciones_riesgo_caida.parquet
OP_CE03659638,2026-07-05,Sialia,ASESOR_9FCF63DC91,sin_clasificar,0.523828,P1,24,37047.68,Contactar en 24h y confirmar siguiente hito de cierre.,150,real_source:ranking_operaciones_riesgo_caida.parquet
OP_27D7FBFDD7,2026-07-05,Tizón y Bueno,ASESOR_233077BA7F,sin_clasificar,0.52332,P1,24,27866.81,Contactar en 24h y confirmar siguiente hito de cierre.,306,real_source:ranking_operaciones_riesgo_caida.parquet
OP_69CE3A582A,2026-07-05,Tizón y Bueno,ASESOR_233077BA7F,sin_clasificar,0.522807,P1,24,29800.01,Contactar en 24h y confirmar siguiente hito de cierre.,283,real_source:ranking_operaciones_riesgo_caida.parquet
OP_191D926E75,2026-07-05,Edificio Urbanzen,ASESOR_233077BA7F,sin_clasificar,0.522375,P1,24,25544.13,Contactar en 24h y confirmar siguiente hito de cierre.,374,real_source:ranking_operaciones_riesgo_caida.parquet
OP_8ECEF72401,2026-07-05,Sialia,ASESOR_7B5A7F5FB0,sin_clasificar,0.522344,P1,24,25594.88,Contactar en 24h y confirmar siguiente hito de cierre.,370,real_source:ranking_operaciones_riesgo_caida.parquet
OP_A8DD9508FC,2026-07-05,Sialia,ASESOR_233077BA7F,sin_clasificar,0.521441,P1,24,36475.87,Contactar en 24h y confirmar siguiente hito de cierre.,157,real_source:ranking_operaciones_riesgo_caida.parquet
OP_BBCEB95195,2026-07-05,Modena,ASESOR_E5897908D5,sin_clasificar,0.521317,P1,24,41862.17,Contactar en 24h y confirmar siguiente hito de cierre.,107,real_source:ranking_operaciones_riesgo_caida.parquet
OP_5345E7F98A,2026-07-05,Sialia,ASESOR_7B5A7F5FB0,sin_clasificar,0.520696,P1,24,31241.77,Contactar en 24h y confirmar siguiente hito de cierre.,251,real_source:ranking_operaciones_riesgo_caida.parquet
OP_1AFB5AC111,2026-07-05,Alicanto,ASESOR_233077BA7F,sin_clasificar,0.520528,P1,24,38961.5,Contactar en 24h y confirmar siguiente hito de cierre.,128,real_source:ranking_operaciones_riesgo_caida.parquet
OP_A9AF4B782D,2026-07-05,Tizón y Bueno,ASESOR_E05C20E0FE,sin_clasificar,0.52025,P1,24,37857.28,Contactar en 24h y confirmar siguiente hito de cierre.,136,real_source:ranking_operaciones_riesgo_caida.parquet
OP_EC636377A9,2026-07-05,Edificio Mariategui,ASESOR_7B5A7F5FB0,sin_clasificar,0.520134,P1,24,42809.91,Contactar en 24h y confirmar siguiente hito de cierre.,100,real_source:ranking_operaciones_riesgo_caida.parquet
OP_86C8A46E3A,2026-07-05,Edificio Urbanzen,ASESOR_7B5A7F5FB0,sin_clasificar,0.519842,P1,24,48988.94,Contactar en 24h y confirmar siguiente hito de cierre.,51,real_source:ranking_operaciones_riesgo_caida.parquet
OP_CFBE825681,2026-07-05,Fenix,ASESOR_9FCF63DC91,sin_clasificar,0.519421,P1,24,38956.6,Contactar en 24h y confirmar siguiente hito de cierre.,129,real_source:ranking_operaciones_riesgo_caida.parquet
OP_75B2346037,2026-07-05,Sialia,ASESOR_9FCF63DC91,sin_clasificar,0.519131,P1,24,32206.64,Contactar en 24h y confirmar siguiente hito de cierre.,230,real_source:ranking_operaciones_riesgo_caida.parquet
OP_55D8F118A6,2026-07-05,Tizón y Bueno,ASESOR_7B5A7F5FB0,sin_clasificar,0.518732,P1,24,22492.92,Contactar en 24h y confirmar siguiente hito de cierre.,495,real_source:ranking_operaciones_riesgo_caida.parquet
OP_0D4CAF3EF9,2026-07-05,Modena,ASESOR_9FCF63DC91,sin_clasificar,0.518726,P1,24,30112.88,Contactar en 24h y confirmar siguiente hito de cierre.,277,real_source:ranking_operaciones_riesgo_caida.parquet
OP_ED88C9D01E,2026-07-05,Tizón y Bueno,ASESOR_9FCF63DC91,sin_clasificar,0.518476,P1,24,32251.78,Contactar en 24h y confirmar siguiente hito de cierre.,227,real_source:ranking_operaciones_riesgo_caida.parquet
OP_EEF776CDA5,2026-07-05,Sialia,ASESOR_9FCF63DC91,sin_clasificar,0.518324,P1,24,33131.18,Contactar en 24h y confirmar siguiente hito de cierre.,212,real_source:ranking_operaciones_riesgo_caida.parquet
OP_C418FB2F6E,2026-07-05,Edificio Urbanzen,ASESOR_7B5A7F5FB0,sin_clasificar,0.518252,P1,24,22932.67,Contactar en 24h y confirmar siguiente hito de cierre.,482,real_source:ranking_operaciones_riesgo_caida.parquet
OP_7901FBB760,2026-07-05,Tizón y Bueno,ASESOR_4A5D5CDFC6,sin_clasificar,0.518115,P1,24,35422.91,Contactar en 24h y confirmar siguiente hito de cierre.,168,real_source:ranking_operaciones_riesgo_caida.parquet
OP_AD7F6D18C4,2026-07-05,Sialia,ASESOR_7B5A7F5FB0,sin_clasificar,0.518047,P1,24,31771.0,Contactar en 24h y confirmar siguiente hito de cierre.,239,real_source:ranking_operaciones_riesgo_caida.parquet
OP_A382D19A92,2026-07-05,Capadocia,ASESOR_233077BA7F,sin_clasificar,0.517333,P1,24,39106.48,Contactar en 24h y confirmar siguiente hito de cierre.,125,real_source:ranking_operaciones_riesgo_caida.parquet
OP_BE6401AB7F,2026-07-05,Capadocia,ASESOR_950BED165C,sin_clasificar,0.51613,P1,24,25836.2,Contactar en 24h y confirmar siguiente hito de cierre.,359,real_source:ranking_operaciones_riesgo_caida.parquet
OP_CB9D6296E3,2026-07-05,Tizón y Bueno,ASESOR_950BED165C,sin_clasificar,0.515913,P1,24,24658.74,Contactar en 24h y confirmar siguiente hito de cierre.,403,real_source:ranking_operaciones_riesgo_caida.parquet
OP_631326DC3B,2026-07-05,Tizón y Bueno,ASESOR_950BED165C,sin_clasificar,0.515842,P1,24,31700.2,Contactar en 24h y confirmar siguiente hito de cierre.,241,real_source:ranking_operaciones_riesgo_caida.parquet
OP_65E72C441D,2026-07-05,Modena,ASESOR_9FCF63DC91,sin_clasificar,0.515795,P1,24,32260.67,Contactar en 24h y confirmar siguiente hito de cierre.,225,real_source:ranking_operaciones_riesgo_caida.parquet
OP_283E92744D,2026-07-05,Modena,ASESOR_233077BA7F,sin_clasificar,0.515725,P1,24,30309.16,Contactar en 24h y confirmar siguiente hito de cierre.,268,real_source:ranking_operaciones_riesgo_caida.parquet
OP_BB035FFF05,2026-07-05,Modena,ASESOR_233077BA7F,sin_clasificar,0.515725,P1,24,30169.92,Contactar en 24h y confirmar siguiente hito de cierre.,274,real_source:ranking_operaciones_riesgo_caida.parquet
OP_2D642DD8E4,2026-07-05,Torre Nápoles,ASESOR_950BED165C,sin_clasificar,0.515473,P1,24,22943.25,Contactar en 24h y confirmar siguiente hito de cierre.,481,real_source:ranking_operaciones_riesgo_caida.parquet
OP_636E12CE16,2026-07-05,Tizón y Bueno,ASESOR_9FCF63DC91,sin_clasificar,0.514528,P1,24,31573.15,Contactar en 24h y confirmar siguiente hito de cierre.,243,real_source:ranking_operaciones_riesgo_caida.parquet
OP_24A6B51C76,2026-07-05,Edificio Urbanzen,ASESOR_7B5A7F5FB0,sin_clasificar,0.51415,P1,24,45641.29,Contactar en 24h y confirmar siguiente hito de cierre.,74,real_source:ranking_operaciones_riesgo_caida.parquet
OP_509DC418E1,2026-07-05,Tizón y Bueno,ASESOR_9FCF63DC91,sin_clasificar,0.513955,P1,24,37207.54,Contactar en 24h y confirmar siguiente hito de cierre.,146,real_source:ranking_operaciones_riesgo_caida.parquet
OP_5520347C84,2026-07-05,Sialia,ASESOR_DA48A4F817,sin_clasificar,0.513863,P1,24,29395.0,Contactar en 24h y confirmar siguiente hito de cierre.,287,real_source:ranking_operaciones_riesgo_caida.parquet
OP_1DB0BB88AC,2026-07-05,Sialia,ASESOR_950BED165C,sin_clasificar,0.5138,P1,24,30851.18,Contactar en 24h y confirmar siguiente hito de cierre.,258,real_source:ranking_operaciones_riesgo_caida.parquet
OP_0CDA497E63,2026-07-05,Tizón y Bueno,ASESOR_233077BA7F,sin_clasificar,0.512563,P1,24,24690.53,Contactar en 24h y confirmar siguiente hito de cierre.,402,real_source:ranking_operaciones_riesgo_caida.parquet
OP_E0FCD09E81,2026-07-05,Capadocia,ASESOR_1265C8A465,sin_clasificar,0.512517,P1,24,55445.76,Contactar en 24h y confirmar siguiente hito de cierre.,22,real_source:ranking_operaciones_riesgo_caida.parquet
OP_2909E361A7,2026-07-05,Tizón y Bueno,ASESOR_9FCF63DC91,sin_clasificar,0.510135,P1,24,34382.84,Contactar en 24h y confirmar siguiente hito de cierre.,187,real_source:ranking_operaciones_riesgo_caida.parquet
OP_95B8A3AB74,2026-07-05,Tizón y Bueno,ASESOR_9FCF63DC91,sin_clasificar,0.510135,P1,24,33350.66,Contactar en 24h y confirmar siguiente hito de cierre.,205,real_source:ranking_operaciones_riesgo_caida.parquet
OP_9898E496BE,2026-07-05,Torre Nápoles,ASESOR_DA48A4F817,sin_clasificar,0.509681,P1,24,23088.52,Contactar en 24h y confirmar siguiente hito de cierre.,476,real_source:ranking_operaciones_riesgo_caida.parquet
OP_EC5B9C831A,2026-07-05,Edificio Urbanzen,ASESOR_E5897908D5,sin_clasificar,0.509573,P1,24,43121.32,Contactar en 24h y confirmar siguiente hito de cierre.,96,real_source:ranking_operaciones_riesgo_caida.parquet
OP_E0C7A9664C,2026-07-05,Tizón y Bueno,ASESOR_9FCF63DC91,sin_clasificar,0.508664,P1,24,31213.3,Contactar en 24h y confirmar siguiente hito de cierre.,252,real_source:ranking_operaciones_riesgo_caida.parquet
OP_7F3B42473C,2026-07-05,Fenix,ASESOR_E05C20E0FE,sin_clasificar,0.508514,P1,24,22501.76,Contactar en 24h y confirmar siguiente hito de cierre.,494,real_source:ranking_operaciones_riesgo_caida.parquet
OP_F553232B63,2026-07-05,Edificio Mariategui,ASESOR_7B5A7F5FB0,sin_clasificar,0.508455,P1,24,40557.28,Contactar en 24h y confirmar siguiente hito de cierre.,114,real_source:ranking_operaciones_riesgo_caida.parquet
OP_A286602016,2026-07-05,Torre Nápoles,ASESOR_E5897908D5,sin_clasificar,0.508196,P1,24,23783.59,Contactar en 24h y confirmar siguiente hito de cierre.,445,real_source:ranking_operaciones_riesgo_caida.parquet
OP_DBD976B586,2026-07-05,Torre Nápoles,ASESOR_E5897908D5,sin_clasificar,0.508196,P1,24,23631.14,Contactar en 24h y confirmar siguiente hito de cierre.,454,real_source:ranking_operaciones_riesgo_caida.parquet
OP_D342989E2A,2026-07-05,Sialia,ASESOR_9FCF63DC91,sin_clasificar,0.507759,P1,24,33318.46,Contactar en 24h y confirmar siguiente hito de cierre.,206,real_source:ranking_operaciones_riesgo_caida.parquet
OP_42DC9F5AC8,2026-07-05,Alicanto,ASESOR_233077BA7F,sin_clasificar,0.507614,P1,24,34492.38,Contactar en 24h y confirmar siguiente hito de cierre.,185,real_source:ranking_operaciones_riesgo_caida.parquet
OP_5D66F3D9F6,2026-07-05,Tizón y Bueno,ASESOR_9FCF63DC91,sin_clasificar,0.507536,P1,24,35354.38,Contactar en 24h y confirmar siguiente hito de cierre.,170,real_source:ranking_operaciones_riesgo_caida.parquet
OP_94C634AD64,2026-07-05,Edificio Urbanzen,ASESOR_7B5A7F5FB0,sin_clasificar,0.507341,P1,24,44653.5,Contactar en 24h y confirmar siguiente hito de cierre.,82,real_source:ranking_operaciones_riesgo_caida.parquet
OP_3D762BCC1B,2026-07-05,Torre Nápoles,ASESOR_9FCF63DC91,sin_clasificar,0.506442,P1,24,23771.93,Contactar en 24h y confirmar siguiente hito de cierre.,446,real_source:ranking_operaciones_riesgo_caida.parquet
OP_DD1436CAC7,2026-07-05,Torre Nápoles,ASESOR_E5897908D5,sin_clasificar,0.506331,P1,24,23924.15,Contactar en 24h y confirmar siguiente hito de cierre.,440,real_source:ranking_operaciones_riesgo_caida.parquet
OP_6EDF1238BF,2026-07-05,Modena,ASESOR_233077BA7F,sin_clasificar,0.505913,P1,24,32631.39,Contactar en 24h y confirmar siguiente hito de cierre.,218,real_source:ranking_operaciones_riesgo_caida.parquet
OP_38012BFBD6,2026-07-05,Matera,ASESOR_7B5A7F5FB0,sin_clasificar,0.505531,P1,24,43516.63,Contactar en 24h y confirmar siguiente hito de cierre.,95,real_source:ranking_operaciones_riesgo_caida.parquet
OP_09E35D8212,2026-07-05,Sialia,ASESOR_9FCF63DC91,sin_clasificar,0.505357,P1,24,31610.07,Contactar en 24h y confirmar siguiente hito de cierre.,242,real_source:ranking_operaciones_riesgo_caida.parquet
OP_B4E7FD7ABA,2026-07-05,Modena,ASESOR_E05C20E0FE,sin_clasificar,0.505014,P1,24,23744.58,Contactar en 24h y confirmar siguiente hito de cierre.,449,real_source:ranking_operaciones_riesgo_caida.parquet
OP_C9508289D7,2026-07-05,Tizón y Bueno,ASESOR_7B5A7F5FB0,sin_clasificar,0.505001,P1,24,35191.64,Contactar en 24h y confirmar siguiente hito de cierre.,174,real_source:ranking_operaciones_riesgo_caida.parquet
OP_4CB073CA83,2026-07-05,Fenix,ASESOR_233077BA7F,sin_clasificar,0.504457,P1,24,31016.54,Contactar en 24h y confirmar siguiente hito de cierre.,255,real_source:ranking_operaciones_riesgo_caida.parquet
OP_732038CA42,2026-07-05,Torre Nápoles,ASESOR_9FCF63DC91,sin_clasificar,0.50438,P1,24,29931.4,Contactar en 24h y confirmar siguiente hito de cierre.,282,real_source:ranking_operaciones_riesgo_caida.parquet
OP_C302662E13,2026-07-05,Modena,ASESOR_F59A4378D8,sin_clasificar,0.503506,P1,24,39500.03,Contactar en 24h y confirmar siguiente hito de cierre.,121,real_source:ranking_operaciones_riesgo_caida.parquet
OP_E631EDE32C,2026-07-05,Fenix,ASESOR_233077BA7F,sin_clasificar,0.502488,P1,24,30119.14,Contactar en 24h y confirmar siguiente hito de cierre.,276,real_source:ranking_operaciones_riesgo_caida.parquet
OP_E01F054C44,2026-07-05,Tizón y Bueno,ASESOR_CA5A1E2E4E,sin_clasificar,0.502476,P1,24,25788.17,Contactar en 24h y confirmar siguiente hito de cierre.,362,real_source:ranking_operaciones_riesgo_caida.parquet
OP_29E81F1DB0,2026-07-05,Tizón y Bueno,ASESOR_233077BA7F,sin_clasificar,0.502433,P1,24,24116.78,Contactar en 24h y confirmar siguiente hito de cierre.,425,real_source:ranking_operaciones_riesgo_caida.parquet
OP_F5B0B41111,2026-07-05,Edificio Urbanzen,ASESOR_7B5A7F5FB0,sin_clasificar,0.502285,P1,24,23763.54,Contactar en 24h y confirmar siguiente hito de cierre.,448,real_source:ranking_operaciones_riesgo_caida.parquet
OP_4026068223,2026-07-05,Torre Nápoles,ASESOR_DA48A4F817,sin_clasificar,0.501574,P1,24,21442.27,Contactar en 24h y confirmar siguiente hito de cierre.,528,real_source:ranking_operaciones_riesgo_caida.parquet
OP_DAE4FDE2D5,2026-07-05,Capadocia,ASESOR_7B5A7F5FB0,sin_clasificar,0.500846,P1,24,37915.81,Contactar en 24h y confirmar siguiente hito de cierre.,135,real_source:ranking_operaciones_riesgo_caida.parquet
OP_4D3AD9049E,2026-07-05,Torre Nápoles,ASESOR_E5897908D5,sin_clasificar,0.500183,P1,24,27760.17,Contactar en 24h y confirmar siguiente hito de cierre.,308,real_source:ranking_operaciones_riesgo_caida.parquet
OP_52727DF709,2026-07-05,Torre Nápoles,ASESOR_DA48A4F817,sin_clasificar,0.49978,P2,72,20602.11,Monitorear en 72h y actualizar estado comercial.,542,real_source:ranking_operaciones_riesgo_caida.parquet
OP_40C8506FDD,2026-07-05,Alicanto,ASESOR_233077BA7F,sin_clasificar,0.499101,P2,72,27101.16,Monitorear en 72h y actualizar estado comercial.,329,real_source:ranking_operaciones_riesgo_caida.parquet
OP_81FD980005,2026-07-05,Modena,ASESOR_9FCF63DC91,sin_clasificar,0.498151,P2,72,25513.62,Monitorear en 72h y actualizar estado comercial.,375,real_source:ranking_operaciones_riesgo_caida.parquet
OP_7BCDCF55F6,2026-07-05,Edificio Urbanzen,ASESOR_9FCF63DC91,sin_clasificar,0.497278,P2,72,25314.96,Monitorear en 72h y actualizar estado comercial.,383,real_source:ranking_operaciones_riesgo_caida.parquet
OP_92EB2BA669,2026-07-05,Edificio Urbanzen,ASESOR_9FCF63DC91,sin_clasificar,0.497278,P2,72,24988.24,Monitorear en 72h y actualizar estado comercial.,389,real_source:ranking_operaciones_riesgo_caida.parquet
OP_4588246761,2026-07-05,Fenix,ASESOR_9FCF63DC91,sin_clasificar,0.497048,P2,72,29936.76,Monitorear en 72h y actualizar estado comercial.,281,real_source:ranking_operaciones_riesgo_caida.parquet
OP_F47BC4CAF0,2026-07-05,Modena,ASESOR_233077BA7F,sin_clasificar,0.496976,P2,72,31294.57,Monitorear en 72h y actualizar estado comercial.,250,real_source:ranking_operaciones_riesgo_caida.parquet
OP_F8133E1188,2026-07-05,Edificio Urbanzen,ASESOR_E5897908D5,sin_clasificar,0.496174,P2,72,40934.37,Monitorear en 72h y actualizar estado comercial.,112,real_source:ranking_operaciones_riesgo_caida.parquet
OP_41477A2210,2026-07-05,Sialia,ASESOR_DA48A4F817,sin_clasificar,0.496165,P2,72,24960.45,Monitorear en 72h y actualizar estado comercial.,390,real_source:ranking_operaciones_riesgo_caida.parquet
OP_A195EE7D59,2026-07-05,Modena,ASESOR_E05C20E0FE,sin_clasificar,0.495906,P2,72,30298.84,Monitorear en 72h y actualizar estado comercial.,269,real_source:ranking_operaciones_riesgo_caida.parquet
OP_F52FCCEEDE,2026-07-05,Torre Nápoles,ASESOR_7B5A7F5FB0,sin_clasificar,0.495676,P2,72,22954.18,Monitorear en 72h y actualizar estado comercial.,480,real_source:ranking_operaciones_riesgo_caida.parquet
OP_366D0D3DBE,2026-07-05,Sialia,ASESOR_C6B4E60323,sin_clasificar,0.495517,P2,72,23948.35,Monitorear en 72h y actualizar estado comercial.,439,real_source:ranking_operaciones_riesgo_caida.parquet
OP_F2D4EA85E9,2026-07-05,Tizón y Bueno,ASESOR_950BED165C,sin_clasificar,0.494916,P2,72,29101.06,Monitorear en 72h y actualizar estado comercial.,289,real_source:ranking_operaciones_riesgo_caida.parquet
OP_70FBB348BF,2026-07-05,Fenix,ASESOR_233077BA7F,sin_clasificar,0.494288,P2,72,25579.43,Monitorear en 72h y actualizar estado comercial.,371,real_source:ranking_operaciones_riesgo_caida.parquet
OP_33ABA3E4B9,2026-07-05,Tizón y Bueno,ASESOR_E05C20E0FE,sin_clasificar,0.494008,P2,72,34901.63,Monitorear en 72h y actualizar estado comercial.,179,real_source:ranking_operaciones_riesgo_caida.parquet
OP_957C43D168,2026-07-05,Edificio Urbanzen,ASESOR_9FCF63DC91,sin_clasificar,0.493641,P2,72,37198.21,Monitorear en 72h y actualizar estado comercial.,149,real_source:ranking_operaciones_riesgo_caida.parquet
OP_FFE9B3FED4,2026-07-05,Tizón y Bueno,ASESOR_950BED165C,sin_clasificar,0.493424,P2,72,34046.26,Monitorear en 72h y actualizar estado comercial.,194,real_source:ranking_operaciones_riesgo_caida.parquet
OP_13E285AA8B,2026-07-05,Fenix,ASESOR_7B5A7F5FB0,sin_clasificar,0.492585,P2,72,31929.38,Monitorear en 72h y actualizar estado comercial.,235,real_source:ranking_operaciones_riesgo_caida.parquet
OP_56CD112657,2026-07-05,Edificio Urbanzen,ASESOR_7B5A7F5FB0,sin_clasificar,0.492575,P2,72,26083.28,Monitorear en 72h y actualizar estado comercial.,353,real_source:ranking_operaciones_riesgo_caida.parquet
OP_17EE13F2AE,2026-07-05,Edificio Urbanzen,ASESOR_DA48A4F817,sin_clasificar,0.491705,P2,72,45175.38,Monitorear en 72h y actualizar estado comercial.,77,real_source:ranking_operaciones_riesgo_caida.parquet
OP_45B93E8CEE,2026-07-05,Alicanto,ASESOR_E05C20E0FE,sin_clasificar,0.491674,P2,72,36657.92,Monitorear en 72h y actualizar estado comercial.,156,real_source:ranking_operaciones_riesgo_caida.parquet
OP_F7B1CCD39E,2026-07-05,Sialia,ASESOR_C6B4E60323,sin_clasificar,0.491659,P2,72,24093.75,Monitorear en 72h y actualizar estado comercial.,427,real_source:ranking_operaciones_riesgo_caida.parquet
OP_B9C197D792,2026-07-05,Tizón y Bueno,ASESOR_950BED165C,sin_clasificar,0.49164,P2,72,33677.6,Monitorear en 72h y actualizar estado comercial.,200,real_source:ranking_operaciones_riesgo_caida.parquet
OP_187F2EA101,2026-07-05,Tizón y Bueno,ASESOR_233077BA7F,sin_clasificar,0.491559,P2,72,25636.68,Monitorear en 72h y actualizar estado comercial.,367,real_source:ranking_operaciones_riesgo_caida.parquet
OP_B7D068D30D,2026-07-05,Tizón y Bueno,ASESOR_9FCF63DC91,sin_clasificar,0.490731,P2,72,30916.04,Monitorear en 72h y actualizar estado comercial.,257,real_source:ranking_operaciones_riesgo_caida.parquet
OP_1182DBBE38,2026-07-05,Matera,ASESOR_F59A4378D8,sin_clasificar,0.489627,P2,72,47618.57,Monitorear en 72h y actualizar estado comercial.,65,real_source:ranking_operaciones_riesgo_caida.parquet
OP_04CB816228,2026-07-05,Tizón y Bueno,ASESOR_9FCF63DC91,sin_clasificar,0.489531,P2,72,32309.04,Monitorear en 72h y actualizar estado comercial.,224,real_source:ranking_operaciones_riesgo_caida.parquet
OP_3E9BC98FB4,2026-07-05,Sialia,ASESOR_C6B4E60323,sin_clasificar,0.489452,P2,72,27190.29,Monitorear en 72h y actualizar estado comercial.,324,real_source:ranking_operaciones_riesgo_caida.parquet
OP_051F24C2D1,2026-07-05,Modena,ASESOR_E05C20E0FE,sin_clasificar,0.489241,P2,72,36693.06,Monitorear en 72h y actualizar estado comercial.,155,real_source:ranking_operaciones_riesgo_caida.parquet
OP_AABC294093,2026-07-05,Sialia,ASESOR_7B5A7F5FB0,sin_clasificar,0.489038,P2,72,24427.47,Monitorear en 72h y actualizar estado comercial.,411,real_source:ranking_operaciones_riesgo_caida.parquet
OP_FBF707F689,2026-07-05,Sialia,ASESOR_E5897908D5,sin_clasificar,0.488425,P2,72,27473.91,Monitorear en 72h y actualizar estado comercial.,316,real_source:ranking_operaciones_riesgo_caida.parquet
OP_5BB7FF064C,2026-07-05,Sialia,ASESOR_E5897908D5,sin_clasificar,0.487569,P2,72,25597.39,Monitorear en 72h y actualizar estado comercial.,369,real_source:ranking_operaciones_riesgo_caida.parquet
OP_2F19B2DB34,2026-07-05,Sialia,ASESOR_C6B4E60323,sin_clasificar,0.486797,P2,72,24808.41,Monitorear en 72h y actualizar estado comercial.,398,real_source:ranking_operaciones_riesgo_caida.parquet
OP_D171317A17,2026-07-05,Tizón y Bueno,ASESOR_7B5A7F5FB0,sin_clasificar,0.486685,P2,72,26103.61,Monitorear en 72h y actualizar estado comercial.,351,real_source:ranking_operaciones_riesgo_caida.parquet
OP_7711C622FA,2026-07-05,Tizón y Bueno,ASESOR_950BED165C,sin_clasificar,0.486611,P2,72,24091.49,Monitorear en 72h y actualizar estado comercial.,428,real_source:ranking_operaciones_riesgo_caida.parquet
OP_396B7AA030,2026-07-05,Tizón y Bueno,ASESOR_7B5A7F5FB0,sin_clasificar,0.485853,P2,72,23504.18,Monitorear en 72h y actualizar estado comercial.,457,real_source:ranking_operaciones_riesgo_caida.parquet
OP_A6ED3E1D93,2026-07-05,Fenix,ASESOR_E05C20E0FE,sin_clasificar,0.485802,P2,72,21861.07,Monitorear en 72h y actualizar estado comercial.,514,real_source:ranking_operaciones_riesgo_caida.parquet
OP_95728EABF3,2026-07-05,Fenix,ASESOR_E05C20E0FE,sin_clasificar,0.485287,P2,72,21837.93,Monitorear en 72h y actualizar estado comercial.,515,real_source:ranking_operaciones_riesgo_caida.parquet
OP_51503058D5,2026-07-05,Matera,ASESOR_1265C8A465,sin_clasificar,0.484324,P2,72,37777.28,Monitorear en 72h y actualizar estado comercial.,138,real_source:ranking_operaciones_riesgo_caida.parquet
OP_BD7D02DF74,2026-07-05,Fenix,ASESOR_4A5D5CDFC6,sin_clasificar,0.484117,P2,72,31909.43,Monitorear en 72h y actualizar estado comercial.,236,real_source:ranking_operaciones_riesgo_caida.parquet
OP_56F8BD64B9,2026-07-05,Tizón y Bueno,ASESOR_9FCF63DC91,sin_clasificar,0.483824,P2,72,33819.29,Monitorear en 72h y actualizar estado comercial.,198,real_source:ranking_operaciones_riesgo_caida.parquet
OP_957C00E44B,2026-07-05,Matera,ASESOR_7B5A7F5FB0,sin_clasificar,0.483587,P2,72,46189.01,Monitorear en 72h y actualizar estado comercial.,69,real_source:ranking_operaciones_riesgo_caida.parquet
OP_65FD3CE15A,2026-07-05,Modena,ASESOR_7B5A7F5FB0,sin_clasificar,0.483361,P2,72,27497.66,Monitorear en 72h y actualizar estado comercial.,315,real_source:ranking_operaciones_riesgo_caida.parquet
OP_F55B7B6301,2026-07-05,Capadocia,ASESOR_950BED165C,sin_clasificar,0.483092,P2,72,24224.08,Monitorear en 72h y actualizar estado comercial.,421,real_source:ranking_operaciones_riesgo_caida.parquet
OP_8710F5883A,2026-07-05,Tizón y Bueno,ASESOR_7B5A7F5FB0,sin_clasificar,0.482705,P2,72,23839.63,Monitorear en 72h y actualizar estado comercial.,443,real_source:ranking_operaciones_riesgo_caida.parquet
OP_6F7FCDC174,2026-07-05,Modena,ASESOR_233077BA7F,sin_clasificar,0.481916,P2,72,35488.95,Monitorear en 72h y actualizar estado comercial.,167,real_source:ranking_operaciones_riesgo_caida.parquet
OP_5255583249,2026-07-05,Sialia,ASESOR_DA48A4F817,sin_clasificar,0.481691,P2,72,28440.77,Monitorear en 72h y actualizar estado comercial.,298,real_source:ranking_operaciones_riesgo_caida.parquet
OP_2BD43A3853,2026-07-05,Tizón y Bueno,ASESOR_7B5A7F5FB0,sin_clasificar,0.481284,P2,72,25383.38,Monitorear en 72h y actualizar estado comercial.,379,real_source:ranking_operaciones_riesgo_caida.parquet
OP_89B5FF0784,2026-07-05,Tizón y Bueno,ASESOR_950BED165C,sin_clasificar,0.48126,P2,72,25634.33,Monitorear en 72h y actualizar estado comercial.,368,real_source:ranking_operaciones_riesgo_caida.parquet
OP_A060DB3360,2026-07-05,Edificio Saenz,ASESOR_1265C8A465,sin_clasificar,0.480795,P2,72,44119.99,Monitorear en 72h y actualizar estado comercial.,87,real_source:ranking_operaciones_riesgo_caida.parquet
OP_6184053C4A,2026-07-05,Edificio Urbanzen,ASESOR_F59A4378D8,sin_clasificar,0.480359,P2,72,41745.13,Monitorear en 72h y actualizar estado comercial.,108,real_source:ranking_operaciones_riesgo_caida.parquet
OP_4CB0723BA4,2026-07-05,Edificio Urbanzen,ASESOR_7B5A7F5FB0,sin_clasificar,0.479961,P2,72,23398.1,Monitorear en 72h y actualizar estado comercial.,467,real_source:ranking_operaciones_riesgo_caida.parquet
OP_73DF8B0CF6,2026-07-05,Tizón y Bueno,ASESOR_9FCF63DC91,sin_clasificar,0.47907,P2,72,23077.13,Monitorear en 72h y actualizar estado comercial.,477,real_source:ranking_operaciones_riesgo_caida.parquet
OP_7ADC756C54,2026-07-05,Modena,ASESOR_950BED165C,sin_clasificar,0.478128,P2,72,30230.53,Monitorear en 72h y actualizar estado comercial.,271,real_source:ranking_operaciones_riesgo_caida.parquet
OP_9891E12C42,2026-07-05,Capadocia,ASESOR_7B5A7F5FB0,sin_clasificar,0.477777,P2,72,35833.29,Monitorear en 72h y actualizar estado comercial.,162,real_source:ranking_operaciones_riesgo_caida.parquet
OP_E0598381F1,2026-07-05,Fenix,ASESOR_950BED165C,sin_clasificar,0.477758,P2,72,27991.82,Monitorear en 72h y actualizar estado comercial.,303,real_source:ranking_operaciones_riesgo_caida.parquet
OP_6A4B653473,2026-07-05,Tizón y Bueno,ASESOR_9FCF63DC91,sin_clasificar,0.476996,P2,72,22802.47,Monitorear en 72h y actualizar estado comercial.,484,real_source:ranking_operaciones_riesgo_caida.parquet
OP_179BF10FAF,2026-07-05,Torre Nápoles,ASESOR_E5897908D5,sin_clasificar,0.476666,P2,72,25382.49,Monitorear en 72h y actualizar estado comercial.,380,real_source:ranking_operaciones_riesgo_caida.parquet
OP_A643F1EFFE,2026-07-05,Torre Nápoles,ASESOR_E5897908D5,sin_clasificar,0.476568,P2,72,25663.17,Monitorear en 72h y actualizar estado comercial.,365,real_source:ranking_operaciones_riesgo_caida.parquet
OP_6B1AAB63FD,2026-07-05,Modena,ASESOR_C6B4E60323,sin_clasificar,0.474582,P2,72,25342.67,Monitorear en 72h y actualizar estado comercial.,382,real_source:ranking_operaciones_riesgo_caida.parquet
OP_B6C702B463,2026-07-05,Fenix,ASESOR_9FCF63DC91,sin_clasificar,0.474537,P2,72,30164.63,Monitorear en 72h y actualizar estado comercial.,275,real_source:ranking_operaciones_riesgo_caida.parquet
OP_C484112CF5,2026-07-05,Modena,ASESOR_E05C20E0FE,sin_clasificar,0.474118,P2,72,34117.21,Monitorear en 72h y actualizar estado comercial.,190,real_source:ranking_operaciones_riesgo_caida.parquet
OP_CA6249CF4D,2026-07-05,Tizón y Bueno,ASESOR_E05C20E0FE,sin_clasificar,0.474093,P2,72,25979.87,Monitorear en 72h y actualizar estado comercial.,355,real_source:ranking_operaciones_riesgo_caida.parquet
OP_547F4CF93E,2026-07-05,Fenix,ASESOR_E5897908D5,sin_clasificar,0.474061,P2,72,32496.85,Monitorear en 72h y actualizar estado comercial.,220,real_source:ranking_operaciones_riesgo_caida.parquet
OP_3E04CC4787,2026-07-05,Modena,ASESOR_E5897908D5,sin_clasificar,0.473766,P2,72,24162.05,Monitorear en 72h y actualizar estado comercial.,424,real_source:ranking_operaciones_riesgo_caida.parquet
OP_0A73398294,2026-07-05,Modena,ASESOR_950BED165C,sin_clasificar,0.473619,P2,72,23508.6,Monitorear en 72h y actualizar estado comercial.,456,real_source:ranking_operaciones_riesgo_caida.parquet
OP_D26B0BD59B,2026-07-05,Fenix,ASESOR_9FCF63DC91,sin_clasificar,0.473047,P2,72,30405.69,Monitorear en 72h y actualizar estado comercial.,264,real_source:ranking_operaciones_riesgo_caida.parquet
OP_D63FDCB06D,2026-07-05,Capadocia,ASESOR_9FCF63DC91,sin_clasificar,0.473022,P2,72,32254.16,Monitorear en 72h y actualizar estado comercial.,226,real_source:ranking_operaciones_riesgo_caida.parquet
OP_376BBEAE75,2026-07-05,Modena,ASESOR_C6B4E60323,sin_clasificar,0.472939,P2,72,26248.14,Monitorear en 72h y actualizar estado comercial.,349,real_source:ranking_operaciones_riesgo_caida.parquet
OP_CD076CB063,2026-07-05,Edificio Urbanzen,ASESOR_1265C8A465,sin_clasificar,0.472791,P2,72,42380.97,Monitorear en 72h y actualizar estado comercial.,101,real_source:ranking_operaciones_riesgo_caida.parquet
OP_B21994DFAC,2026-07-05,Torre Nápoles,ASESOR_CF9D39A66F,sin_clasificar,0.472479,P2,72,25652.58,Monitorear en 72h y actualizar estado comercial.,366,real_source:ranking_operaciones_riesgo_caida.parquet
OP_96136E2247,2026-07-05,Fenix,ASESOR_E5897908D5,sin_clasificar,0.471855,P2,72,33195.01,Monitorear en 72h y actualizar estado comercial.,208,real_source:ranking_operaciones_riesgo_caida.parquet
OP_2F54F924BD,2026-07-05,Fenix,ASESOR_E05C20E0FE,sin_clasificar,0.471689,P2,72,33259.38,Monitorear en 72h y actualizar estado comercial.,207,real_source:ranking_operaciones_riesgo_caida.parquet
OP_38661B0307,2026-07-05,Fenix,ASESOR_E05C20E0FE,sin_clasificar,0.471034,P2,72,27555.51,Monitorear en 72h y actualizar estado comercial.,312,real_source:ranking_operaciones_riesgo_caida.parquet
OP_BC0A48A213,2026-07-05,Matera,ASESOR_7B5A7F5FB0,sin_clasificar,0.47099,P2,72,43095.63,Monitorear en 72h y actualizar estado comercial.,98,real_source:ranking_operaciones_riesgo_caida.parquet
OP_5D059C1FAC,2026-07-05,Torre Nápoles,ASESOR_E5897908D5,sin_clasificar,0.470723,P2,72,27396.08,Monitorear en 72h y actualizar estado comercial.,319,real_source:ranking_operaciones_riesgo_caida.parquet
OP_35D811B233,2026-07-05,Edificio Santa Cruz Infinite,ASESOR_7B5A7F5FB0,sin_clasificar,0.470344,P2,72,37359.88,Monitorear en 72h y actualizar estado comercial.,143,real_source:ranking_operaciones_riesgo_caida.parquet
OP_5E96F5F548,2026-07-05,Edificio Santa Cruz Infinite,ASESOR_7B5A7F5FB0,sin_clasificar,0.470344,P2,72,37200.72,Monitorear en 72h y actualizar estado comercial.,148,real_source:ranking_operaciones_riesgo_caida.parquet
OP_0BC1F940FA,2026-07-05,Fenix,ASESOR_9FCF63DC91,sin_clasificar,0.469782,P2,72,32162.68,Monitorear en 72h y actualizar estado comercial.,233,real_source:ranking_operaciones_riesgo_caida.parquet
OP_B316342305,2026-07-05,Edificio Urbanzen,ASESOR_1265C8A465,sin_clasificar,0.46896,P2,72,38841.15,Monitorear en 72h y actualizar estado comercial.,130,real_source:ranking_operaciones_riesgo_caida.parquet
OP_0E311E3131,2026-07-05,Edificio Urbanzen,ASESOR_1265C8A465,sin_clasificar,0.468682,P2,72,43942.35,Monitorear en 72h y actualizar estado comercial.,91,real_source:ranking_operaciones_riesgo_caida.parquet
OP_D207CCBDC0,2026-07-05,Modena,ASESOR_950BED165C,sin_clasificar,0.468596,P2,72,24295.25,Monitorear en 72h y actualizar estado comercial.,418,real_source:ranking_operaciones_riesgo_caida.parquet
OP_13AE898CCC,2026-07-05,Fenix,ASESOR_E05C20E0FE,sin_clasificar,0.468476,P2,72,21960.31,Monitorear en 72h y actualizar estado comercial.,512,real_source:ranking_operaciones_riesgo_caida.parquet
OP_ECAC634815,2026-07-05,Tizón y Bueno,ASESOR_E05C20E0FE,sin_clasificar,0.468325,P2,72,24040.72,Monitorear en 72h y actualizar estado comercial.,432,real_source:ranking_operaciones_riesgo_caida.parquet
OP_B7C135C5AE,2026-07-05,Torre Nápoles,ASESOR_7B5A7F5FB0,sin_clasificar,0.467488,P2,72,25454.72,Monitorear en 72h y actualizar estado comercial.,378,real_source:ranking_operaciones_riesgo_caida.parquet
OP_88F4A3F4EA,2026-07-05,Modena,ASESOR_1265C8A465,sin_clasificar,0.467196,P2,72,35740.53,Monitorear en 72h y actualizar estado comercial.,164,real_source:ranking_operaciones_riesgo_caida.parquet
OP_10DBFAD245,2026-07-05,Torre Nápoles,ASESOR_7B5A7F5FB0,sin_clasificar,0.467191,P2,72,24022.41,Monitorear en 72h y actualizar estado comercial.,435,real_source:ranking_operaciones_riesgo_caida.parquet
OP_4C1E9160BE,2026-07-05,Alicanto,ASESOR_9FCF63DC91,sin_clasificar,0.467154,P2,72,33548.83,Monitorear en 72h y actualizar estado comercial.,203,real_source:ranking_operaciones_riesgo_caida.parquet
OP_22ADCA0F22,2026-07-05,Fenix,ASESOR_E05C20E0FE,sin_clasificar,0.466422,P2,72,26500.1,Monitorear en 72h y actualizar estado comercial.,340,real_source:ranking_operaciones_riesgo_caida.parquet
OP_02905C10C4,2026-07-05,Torre Nápoles,ASESOR_950BED165C,sin_clasificar,0.466198,P2,72,23969.29,Monitorear en 72h y actualizar estado comercial.,438,real_source:ranking_operaciones_riesgo_caida.parquet
OP_8CABBA0AC3,2026-07-05,Fenix,ASESOR_7B5A7F5FB0,sin_clasificar,0.46595,P2,72,30648.49,Monitorear en 72h y actualizar estado comercial.,260,real_source:ranking_operaciones_riesgo_caida.parquet
OP_B75B0F324B,2026-07-05,Capadocia,ASESOR_E5897908D5,sin_clasificar,0.465387,P2,72,34904.03,Monitorear en 72h y actualizar estado comercial.,178,real_source:ranking_operaciones_riesgo_caida.parquet
OP_177368C3BF,2026-07-05,Fenix,ASESOR_7B5A7F5FB0,sin_clasificar,0.465343,P2,72,32248.3,Monitorear en 72h y actualizar estado comercial.,228,real_source:ranking_operaciones_riesgo_caida.parquet
OP_2A8A376DB8,2026-07-05,Torre Nápoles,ASESOR_E05C20E0FE,sin_clasificar,0.464817,P2,72,25795.86,Monitorear en 72h y actualizar estado comercial.,361,real_source:ranking_operaciones_riesgo_caida.parquet
OP_CF02092142,2026-07-05,Matera,ASESOR_7B5A7F5FB0,sin_clasificar,0.464703,P2,72,39316.61,Monitorear en 72h y actualizar estado comercial.,124,real_source:ranking_operaciones_riesgo_caida.parquet
OP_DB9265E50A,2026-07-05,Edificio Urbanzen,ASESOR_233077BA7F,sin_clasificar,0.46451,P2,72,22993.27,Monitorear en 72h y actualizar estado comercial.,479,real_source:ranking_operaciones_riesgo_caida.parquet
OP_6AA604D14F,2026-07-05,Modena,ASESOR_C6B4E60323,sin_clasificar,0.4637,P2,72,29469.04,Monitorear en 72h y actualizar estado comercial.,285,real_source:ranking_operaciones_riesgo_caida.parquet
OP_0CF5C1B193,2026-07-05,Modena,ASESOR_950BED165C,sin_clasificar,0.463501,P2,72,27978.28,Monitorear en 72h y actualizar estado comercial.,304,real_source:ranking_operaciones_riesgo_caida.parquet
OP_2B7AEAB657,2026-07-05,Edificio Valdizan,ASESOR_7B5A7F5FB0,sin_clasificar,0.46315,P2,72,45035.53,Monitorear en 72h y actualizar estado comercial.,78,real_source:ranking_operaciones_riesgo_caida.parquet
OP_B6AAAA525B,2026-07-05,Modena,ASESOR_1265C8A465,sin_clasificar,0.463136,P2,72,35313.95,Monitorear en 72h y actualizar estado comercial.,171,real_source:ranking_operaciones_riesgo_caida.parquet
OP_81DD04B6C2,2026-07-05,Torre Nápoles,ASESOR_9FCF63DC91,sin_clasificar,0.463113,P2,72,25456.87,Monitorear en 72h y actualizar estado comercial.,377,real_source:ranking_operaciones_riesgo_caida.parquet
OP_94FE69ECAD,2026-07-05,Modena,ASESOR_950BED165C,sin_clasificar,0.463062,P2,72,28079.87,Monitorear en 72h y actualizar estado comercial.,302,real_source:ranking_operaciones_riesgo_caida.parquet
OP_60EDA12A8E,2026-07-05,Fenix,ASESOR_E5897908D5,sin_clasificar,0.46235,P2,72,24273.38,Monitorear en 72h y actualizar estado comercial.,420,real_source:ranking_operaciones_riesgo_caida.parquet
OP_40C23D1E8F,2026-07-05,Fenix,ASESOR_7B5A7F5FB0,sin_clasificar,0.461731,P2,72,32706.2,Monitorear en 72h y actualizar estado comercial.,216,real_source:ranking_operaciones_riesgo_caida.parquet
OP_B8F14C9C1B,2026-07-05,Capadocia,ASESOR_E05C20E0FE,sin_clasificar,0.461381,P2,72,30174.3,Monitorear en 72h y actualizar estado comercial.,273,real_source:ranking_operaciones_riesgo_caida.parquet
OP_5C59AAF0B0,2026-07-05,Torre Nápoles,ASESOR_7B5A7F5FB0,sin_clasificar,0.461221,P2,72,27916.0,Monitorear en 72h y actualizar estado comercial.,305,real_source:ranking_operaciones_riesgo_caida.parquet
OP_7AE0E56611,2026-07-05,Modena,ASESOR_7B5A7F5FB0,sin_clasificar,0.460869,P2,72,34027.78,Monitorear en 72h y actualizar estado comercial.,195,real_source:ranking_operaciones_riesgo_caida.parquet
OP_7C52254F64,2026-07-05,Fenix,ASESOR_7B5A7F5FB0,sin_clasificar,0.460659,P2,72,31094.47,Monitorear en 72h y actualizar estado comercial.,254,real_source:ranking_operaciones_riesgo_caida.parquet
OP_7A4E96D7E5,2026-07-05,Tizón y Bueno,ASESOR_950BED165C,sin_clasificar,0.460131,P2,72,23466.02,Monitorear en 72h y actualizar estado comercial.,459,real_source:ranking_operaciones_riesgo_caida.parquet
OP_4B67CBDAAA,2026-07-05,Edificio Valdizan,ASESOR_8618B6BE3A,sin_clasificar,0.459946,P2,72,44337.68,Monitorear en 72h y actualizar estado comercial.,85,real_source:ranking_operaciones_riesgo_caida.parquet
OP_90D30F280F,2026-07-05,Edificio Urbanzen,ASESOR_1265C8A465,sin_clasificar,0.459759,P2,72,41187.56,Monitorear en 72h y actualizar estado comercial.,111,real_source:ranking_operaciones_riesgo_caida.parquet
OP_8AC5ABA6A3,2026-07-05,Modena,ASESOR_C6B4E60323,sin_clasificar,0.459634,P2,72,22682.93,Monitorear en 72h y actualizar estado comercial.,491,real_source:ranking_operaciones_riesgo_caida.parquet
OP_F86FBF212B,2026-07-05,Torre Nápoles,ASESOR_E5897908D5,sin_clasificar,0.45957,P2,72,25499.23,Monitorear en 72h y actualizar estado comercial.,376,real_source:ranking_operaciones_riesgo_caida.parquet
OP_0E8F48EC57,2026-07-05,Fenix,ASESOR_E05C20E0FE,sin_clasificar,0.459504,P2,72,30485.78,Monitorear en 72h y actualizar estado comercial.,262,real_source:ranking_operaciones_riesgo_caida.parquet
OP_A4911EA0F1,2026-07-05,Alicanto,ASESOR_7B5A7F5FB0,sin_clasificar,0.459368,P2,72,22407.13,Monitorear en 72h y actualizar estado comercial.,498,real_source:ranking_operaciones_riesgo_caida.parquet
OP_79012A39D1,2026-07-05,Torre Nápoles,ASESOR_E5897908D5,sin_clasificar,0.459199,P2,72,25829.94,Monitorear en 72h y actualizar estado comercial.,360,real_source:ranking_operaciones_riesgo_caida.parquet
OP_C435352640,2026-07-05,Alicanto,ASESOR_7B5A7F5FB0,sin_clasificar,0.457573,P2,72,31572.56,Monitorear en 72h y actualizar estado comercial.,244,real_source:ranking_operaciones_riesgo_caida.parquet
OP_47BD82D03C,2026-07-05,Tizón y Bueno,ASESOR_9FCF63DC91,sin_clasificar,0.457304,P2,72,24351.43,Monitorear en 72h y actualizar estado comercial.,416,real_source:ranking_operaciones_riesgo_caida.parquet
OP_060C32BB91,2026-07-05,Fenix,ASESOR_950BED165C,sin_clasificar,0.45713,P2,72,24066.33,Monitorear en 72h y actualizar estado comercial.,430,real_source:ranking_operaciones_riesgo_caida.parquet
OP_53DB27B083,2026-07-05,Tizón y Bueno,ASESOR_9FCF63DC91,sin_clasificar,0.457087,P2,72,25784.41,Monitorear en 72h y actualizar estado comercial.,363,real_source:ranking_operaciones_riesgo_caida.parquet
OP_4DB7E01CB4,2026-07-05,Edificio Mariategui,ASESOR_1265C8A465,sin_clasificar,0.456982,P2,72,18963.19,Monitorear en 72h y actualizar estado comercial.,588,real_source:ranking_operaciones_riesgo_caida.parquet
OP_327E5856F2,2026-07-05,Torre Nápoles,ASESOR_C6B4E60323,sin_clasificar,0.456521,P2,72,23422.79,Monitorear en 72h y actualizar estado comercial.,466,real_source:ranking_operaciones_riesgo_caida.parquet
OP_53EB969C2F,2026-07-05,Modena,ASESOR_C6B4E60323,sin_clasificar,0.456372,P2,72,25549.76,Monitorear en 72h y actualizar estado comercial.,373,real_source:ranking_operaciones_riesgo_caida.parquet
OP_EC8097D503,2026-07-05,Alicanto,ASESOR_950BED165C,sin_clasificar,0.455524,P2,72,22035.97,Monitorear en 72h y actualizar estado comercial.,510,real_source:ranking_operaciones_riesgo_caida.parquet
OP_B00D9169A1,2026-07-05,Edificio Urbanzen,ASESOR_950BED165C,sin_clasificar,0.455008,P2,72,34108.62,Monitorear en 72h y actualizar estado comercial.,191,real_source:ranking_operaciones_riesgo_caida.parquet
OP_F7A00BAE88,2026-07-05,Capadocia,ASESOR_7B5A7F5FB0,sin_clasificar,0.454741,P2,72,33154.81,Monitorear en 72h y actualizar estado comercial.,211,real_source:ranking_operaciones_riesgo_caida.parquet
OP_035360786C,2026-07-05,Tizón y Bueno,ASESOR_E05C20E0FE,sin_clasificar,0.454526,P2,72,37498.42,Monitorear en 72h y actualizar estado comercial.,141,real_source:ranking_operaciones_riesgo_caida.parquet
OP_F945C5B5CF,2026-07-05,Modena,ASESOR_7B5A7F5FB0,sin_clasificar,0.454034,P2,72,24450.97,Monitorear en 72h y actualizar estado comercial.,410,real_source:ranking_operaciones_riesgo_caida.parquet
OP_95E9EF6B36,2026-07-05,Tizón y Bueno,ASESOR_1265C8A465,sin_clasificar,0.45348,P2,72,23171.29,Monitorear en 72h y actualizar estado comercial.,472,real_source:ranking_operaciones_riesgo_caida.parquet
OP_34E27E582A,2026-07-05,Capadocia,ASESOR_9FCF63DC91,sin_clasificar,0.453367,P2,72,31486.37,Monitorear en 72h y actualizar estado comercial.,246,real_source:ranking_operaciones_riesgo_caida.parquet
OP_033848E6B1,2026-07-05,Modena,ASESOR_E5897908D5,sin_clasificar,0.453121,P2,72,29403.01,Monitorear en 72h y actualizar estado comercial.,286,real_source:ranking_operaciones_riesgo_caida.parquet
OP_2210B54A9B,2026-07-05,Tizón y Bueno,ASESOR_E05C20E0FE,sin_clasificar,0.452349,P2,72,24793.46,Monitorear en 72h y actualizar estado comercial.,399,real_source:ranking_operaciones_riesgo_caida.parquet
OP_B433A1F9F3,2026-07-05,Capadocia,ASESOR_7B5A7F5FB0,sin_clasificar,0.452193,P2,72,30398.65,Monitorear en 72h y actualizar estado comercial.,265,real_source:ranking_operaciones_riesgo_caida.parquet
OP_DE26CA7819,2026-07-05,Tizón y Bueno,ASESOR_9FCF63DC91,sin_clasificar,0.452072,P2,72,24002.58,Monitorear en 72h y actualizar estado comercial.,436,real_source:ranking_operaciones_riesgo_caida.parquet
OP_DD591B0804,2026-07-05,Alicanto,ASESOR_9FCF63DC91,sin_clasificar,0.451865,P2,72,23911.58,Monitorear en 72h y actualizar estado comercial.,441,real_source:ranking_operaciones_riesgo_caida.parquet
OP_6F5A872BC8,2026-07-05,Alicanto,ASESOR_E05C20E0FE,sin_clasificar,0.451465,P2,72,25259.49,Monitorear en 72h y actualizar estado comercial.,384,real_source:ranking_operaciones_riesgo_caida.parquet
OP_EDF45731C1,2026-07-05,Fenix,ASESOR_C6B4E60323,sin_clasificar,0.451129,P2,72,25579.04,Monitorear en 72h y actualizar estado comercial.,372,real_source:ranking_operaciones_riesgo_caida.parquet
OP_9AEC306A55,2026-07-05,Matera,ASESOR_E5897908D5,sin_clasificar,0.451056,P2,72,17523.54,Monitorear en 72h y actualizar estado comercial.,619,real_source:ranking_operaciones_riesgo_caida.parquet
OP_DC98AFBBA5,2026-07-05,Fenix,ASESOR_E5897908D5,sin_clasificar,0.450264,P2,72,28447.7,Monitorear en 72h y actualizar estado comercial.,297,real_source:ranking_operaciones_riesgo_caida.parquet
OP_82E05EC618,2026-07-05,Alicanto,ASESOR_950BED165C,sin_clasificar,0.449855,P2,72,26451.49,Monitorear en 72h y actualizar estado comercial.,342,real_source:ranking_operaciones_riesgo_caida.parquet
OP_0AE8F208B8,2026-07-05,Edificio Mariategui,ASESOR_7B5A7F5FB0,sin_clasificar,0.449396,P2,72,19079.94,Monitorear en 72h y actualizar estado comercial.,582,real_source:ranking_operaciones_riesgo_caida.parquet
OP_468E10C4D9,2026-07-05,Torre Nápoles,ASESOR_950BED165C,sin_clasificar,0.449375,P2,72,25011.67,Monitorear en 72h y actualizar estado comercial.,388,real_source:ranking_operaciones_riesgo_caida.parquet
OP_58CB919275,2026-07-05,Torre Nápoles,ASESOR_E5897908D5,sin_clasificar,0.449167,P2,72,23763.71,Monitorear en 72h y actualizar estado comercial.,447,real_source:ranking_operaciones_riesgo_caida.parquet
OP_AC8606524C,2026-07-05,Torre Nápoles,ASESOR_E5897908D5,sin_clasificar,0.449068,P2,72,24377.66,Monitorear en 72h y actualizar estado comercial.,415,real_source:ranking_operaciones_riesgo_caida.parquet
OP_22E7A8D071,2026-07-05,Sialia,ASESOR_F59A4378D8,sin_clasificar,0.448941,P2,72,23465.02,Monitorear en 72h y actualizar estado comercial.,460,real_source:ranking_operaciones_riesgo_caida.parquet
OP_816EE1923F,2026-07-05,Sialia,ASESOR_F59A4378D8,sin_clasificar,0.448941,P2,72,22421.91,Monitorear en 72h y actualizar estado comercial.,497,real_source:ranking_operaciones_riesgo_caida.parquet
OP_AD7FCA509E,2026-07-05,Alicanto,ASESOR_950BED165C,sin_clasificar,0.448742,P2,72,27142.74,Monitorear en 72h y actualizar estado comercial.,328,real_source:ranking_operaciones_riesgo_caida.parquet
OP_1E4F84D9BF,2026-07-05,Alicanto,ASESOR_950BED165C,sin_clasificar,0.448742,P2,72,26480.5,Monitorear en 72h y actualizar estado comercial.,341,real_source:ranking_operaciones_riesgo_caida.parquet
OP_5BC7421903,2026-07-05,Torre Nápoles,ASESOR_DA48A4F817,sin_clasificar,0.44854,P2,72,24055.89,Monitorear en 72h y actualizar estado comercial.,431,real_source:ranking_operaciones_riesgo_caida.parquet
OP_BCDB7C086F,2026-07-05,Tizón y Bueno,ASESOR_E05C20E0FE,sin_clasificar,0.448074,P2,72,23368.76,Monitorear en 72h y actualizar estado comercial.,469,real_source:ranking_operaciones_riesgo_caida.parquet
OP_525C1B556A,2026-07-05,Matera,ASESOR_233077BA7F,sin_clasificar,0.447716,P2,72,18166.07,Monitorear en 72h y actualizar estado comercial.,607,real_source:ranking_operaciones_riesgo_caida.parquet
OP_3D732A8E4B,2026-07-05,Alicanto,ASESOR_950BED165C,sin_clasificar,0.447367,P2,72,26325.56,Monitorear en 72h y actualizar estado comercial.,347,real_source:ranking_operaciones_riesgo_caida.parquet
OP_DA15DAFACD,2026-07-05,Edificio Mariategui,ASESOR_1265C8A465,sin_clasificar,0.446884,P2,72,33522.99,Monitorear en 72h y actualizar estado comercial.,204,real_source:ranking_operaciones_riesgo_caida.parquet
OP_CC7AB885B4,2026-07-05,Capadocia,ASESOR_E05C20E0FE,sin_clasificar,0.446116,P2,72,29711.33,Monitorear en 72h y actualizar estado comercial.,284,real_source:ranking_operaciones_riesgo_caida.parquet
OP_1AE908E5CE,2026-07-05,Fenix,ASESOR_C6B4E60323,sin_clasificar,0.445901,P2,72,21643.35,Monitorear en 72h y actualizar estado comercial.,520,real_source:ranking_operaciones_riesgo_caida.parquet
OP_1C93F8B78A,2026-07-05,Alicanto,ASESOR_E05C20E0FE,sin_clasificar,0.445711,P2,72,22107.01,Monitorear en 72h y actualizar estado comercial.,507,real_source:ranking_operaciones_riesgo_caida.parquet
OP_FE9E82E1C6,2026-07-05,Edificio Mariategui,ASESOR_1265C8A465,sin_clasificar,0.445082,P2,72,19554.39,Monitorear en 72h y actualizar estado comercial.,573,real_source:ranking_operaciones_riesgo_caida.parquet
OP_BAB35E9692,2026-07-05,Modena,ASESOR_1265C8A465,sin_clasificar,0.443797,P2,72,34420.68,Monitorear en 72h y actualizar estado comercial.,186,real_source:ranking_operaciones_riesgo_caida.parquet
OP_D35C3410C8,2026-07-05,Fenix,ASESOR_DA48A4F817,sin_clasificar,0.443767,P2,72,30370.18,Monitorear en 72h y actualizar estado comercial.,266,real_source:ranking_operaciones_riesgo_caida.parquet
OP_021945A1E5,2026-07-05,Tizón y Bueno,ASESOR_1265C8A465,sin_clasificar,0.442805,P2,72,27166.08,Monitorear en 72h y actualizar estado comercial.,326,real_source:ranking_operaciones_riesgo_caida.parquet
OP_3FB0706BFC,2026-07-05,Matera,ASESOR_233077BA7F,sin_clasificar,0.442366,P2,72,17925.99,Monitorear en 72h y actualizar estado comercial.,609,real_source:ranking_operaciones_riesgo_caida.parquet
OP_2DEDE1B28F,2026-07-05,Fenix,ASESOR_7B5A7F5FB0,sin_clasificar,0.44196,P2,72,24528.8,Monitorear en 72h y actualizar estado comercial.,407,real_source:ranking_operaciones_riesgo_caida.parquet
OP_74BD80FD44,2026-07-05,Fenix,ASESOR_7B5A7F5FB0,sin_clasificar,0.44196,P2,72,23983.93,Monitorear en 72h y actualizar estado comercial.,437,real_source:ranking_operaciones_riesgo_caida.parquet
OP_FB1550918D,2026-07-05,Capadocia,ASESOR_E5897908D5,sin_clasificar,0.44156,P2,72,30798.8,Monitorear en 72h y actualizar estado comercial.,259,real_source:ranking_operaciones_riesgo_caida.parquet
OP_C5E64FEF72,2026-07-05,Torre Nápoles,ASESOR_F59A4378D8,sin_clasificar,0.441515,P2,72,23643.12,Monitorear en 72h y actualizar estado comercial.,453,real_source:ranking_operaciones_riesgo_caida.parquet
OP_78F7BCAEFE,2026-07-05,Fenix,ASESOR_950BED165C,sin_clasificar,0.440656,P2,72,23664.8,Monitorear en 72h y actualizar estado comercial.,452,real_source:ranking_operaciones_riesgo_caida.parquet
OP_94491972D6,2026-07-05,Capadocia,ASESOR_CF9D39A66F,sin_clasificar,0.440368,P2,72,23472.63,Monitorear en 72h y actualizar estado comercial.,458,real_source:ranking_operaciones_riesgo_caida.parquet
OP_319981A5DD,2026-07-05,Capadocia,ASESOR_9FCF63DC91,sin_clasificar,0.439798,P2,72,23566.16,Monitorear en 72h y actualizar estado comercial.,455,real_source:ranking_operaciones_riesgo_caida.parquet
OP_8B70A2EAAE,2026-07-05,Alicanto,ASESOR_950BED165C,sin_clasificar,0.439754,P2,72,21417.92,Monitorear en 72h y actualizar estado comercial.,529,real_source:ranking_operaciones_riesgo_caida.parquet
OP_487875C538,2026-07-05,Modena,ASESOR_F59A4378D8,sin_clasificar,0.439349,P2,72,25855.54,Monitorear en 72h y actualizar estado comercial.,357,real_source:ranking_operaciones_riesgo_caida.parquet
OP_624CE0B43D,2026-07-05,Edificio Saenz,ASESOR_1265C8A465,sin_clasificar,0.43905,P2,72,34825.34,Monitorear en 72h y actualizar estado comercial.,180,real_source:ranking_operaciones_riesgo_caida.parquet
OP_60CD6EAD89,2026-07-05,Alicanto,ASESOR_E5897908D5,sin_clasificar,0.438528,P2,72,22364.9,Monitorear en 72h y actualizar estado comercial.,499,real_source:ranking_operaciones_riesgo_caida.parquet
OP_8B89CADEED,2026-07-05,Alicanto,ASESOR_7B5A7F5FB0,sin_clasificar,0.4379,P2,72,24608.2,Monitorear en 72h y actualizar estado comercial.,404,real_source:ranking_operaciones_riesgo_caida.parquet
OP_0FC031AB38,2026-07-05,Alicanto,ASESOR_E5897908D5,sin_clasificar,0.43717,P2,72,21712.07,Monitorear en 72h y actualizar estado comercial.,518,real_source:ranking_operaciones_riesgo_caida.parquet
OP_CB0E64045F,2026-07-05,Alicanto,ASESOR_7B5A7F5FB0,sin_clasificar,0.435215,P2,72,22195.97,Monitorear en 72h y actualizar estado comercial.,503,real_source:ranking_operaciones_riesgo_caida.parquet
OP_2ECAA0A8EF,2026-07-05,Alicanto,ASESOR_950BED165C,sin_clasificar,0.43487,P2,72,21617.82,Monitorear en 72h y actualizar estado comercial.,521,real_source:ranking_operaciones_riesgo_caida.parquet
OP_D60D1A66C2,2026-07-05,Edificio Mariategui,ASESOR_D49965A644,sin_clasificar,0.434621,P2,72,34307.25,Monitorear en 72h y actualizar estado comercial.,188,real_source:ranking_operaciones_riesgo_caida.parquet
OP_542FC517BB,2026-07-05,Edificio Cuba Connect,ASESOR_E05C20E0FE,sin_clasificar,0.433258,P2,72,34797.76,Monitorear en 72h y actualizar estado comercial.,181,real_source:ranking_operaciones_riesgo_caida.parquet
OP_DD9715415F,2026-07-05,Edificio Mariategui,ASESOR_9A684EC3F0,sin_clasificar,0.43316,P2,72,35419.94,Monitorear en 72h y actualizar estado comercial.,169,real_source:ranking_operaciones_riesgo_caida.parquet
OP_3120F30DB2,2026-07-05,Fenix,ASESOR_E5897908D5,sin_clasificar,0.432894,P2,72,24350.31,Monitorear en 72h y actualizar estado comercial.,417,real_source:ranking_operaciones_riesgo_caida.parquet
OP_16CEC37BE6,2026-07-05,Edificio Cuba Connect,ASESOR_7B5A7F5FB0,sin_clasificar,0.432823,P2,72,39652.9,Monitorear en 72h y actualizar estado comercial.,119,real_source:ranking_operaciones_riesgo_caida.parquet
OP_2E4FB8AD14,2026-07-05,Modena,ASESOR_1265C8A465,sin_clasificar,0.432085,P2,72,25854.38,Monitorear en 72h y actualizar estado comercial.,358,real_source:ranking_operaciones_riesgo_caida.parquet
OP_AA3F27355C,2026-07-05,Capadocia,ASESOR_F59A4378D8,sin_clasificar,0.432036,P2,72,30293.57,Monitorear en 72h y actualizar estado comercial.,270,real_source:ranking_operaciones_riesgo_caida.parquet
OP_8AB83E4DCA,2026-07-05,Edificio Valdizan,ASESOR_9A684EC3F0,sin_clasificar,0.431918,P2,72,39533.5,Monitorear en 72h y actualizar estado comercial.,120,real_source:ranking_operaciones_riesgo_caida.parquet
OP_B783956D21,2026-07-05,Edificio Valdizan,ASESOR_9A684EC3F0,sin_clasificar,0.431669,P2,72,37445.09,Monitorear en 72h y actualizar estado comercial.,142,real_source:ranking_operaciones_riesgo_caida.parquet
OP_7789B9F066,2026-07-05,Tizón y Bueno,ASESOR_1265C8A465,sin_clasificar,0.431596,P2,72,30994.36,Monitorear en 72h y actualizar estado comercial.,256,real_source:ranking_operaciones_riesgo_caida.parquet
OP_A4493361AE,2026-07-05,Alicanto,ASESOR_950BED165C,sin_clasificar,0.431227,P2,72,22203.76,Monitorear en 72h y actualizar estado comercial.,501,real_source:ranking_operaciones_riesgo_caida.parquet
OP_0DC3BA349B,2026-07-05,Modena,ASESOR_F59A4378D8,sin_clasificar,0.430406,P2,72,25123.67,Monitorear en 72h y actualizar estado comercial.,386,real_source:ranking_operaciones_riesgo_caida.parquet
OP_DB2BE655AC,2026-07-05,Edificio Valdizan,ASESOR_9A684EC3F0,sin_clasificar,0.429711,P2,72,42028.96,Monitorear en 72h y actualizar estado comercial.,104,real_source:ranking_operaciones_riesgo_caida.parquet
OP_3117D1E2E4,2026-07-05,Alicanto,ASESOR_E5897908D5,sin_clasificar,0.429427,P2,72,24179.68,Monitorear en 72h y actualizar estado comercial.,423,real_source:ranking_operaciones_riesgo_caida.parquet
OP_9109FB8819,2026-07-05,Matera,ASESOR_233077BA7F,sin_clasificar,0.426219,P2,72,17271.66,Monitorear en 72h y actualizar estado comercial.,621,real_source:ranking_operaciones_riesgo_caida.parquet
OP_49B7DBEFA8,2026-07-05,Matera,ASESOR_233077BA7F,sin_clasificar,0.426063,P2,72,23422.82,Monitorear en 72h y actualizar estado comercial.,465,real_source:ranking_operaciones_riesgo_caida.parquet
OP_45BC839E59,2026-07-05,Matera,ASESOR_C6B4E60323,sin_clasificar,0.425232,P2,72,28830.74,Monitorear en 72h y actualizar estado comercial.,293,real_source:ranking_operaciones_riesgo_caida.parquet
OP_E55955923B,2026-07-05,Alicanto,ASESOR_233077BA7F,sin_clasificar,0.424145,P2,72,32466.19,Monitorear en 72h y actualizar estado comercial.,221,real_source:ranking_operaciones_riesgo_caida.parquet
OP_A66FDAA085,2026-07-05,Matera,ASESOR_950BED165C,sin_clasificar,0.424111,P2,72,19721.17,Monitorear en 72h y actualizar estado comercial.,568,real_source:ranking_operaciones_riesgo_caida.parquet
OP_C2298E2AEA,2026-07-05,Capadocia,ASESOR_E5897908D5,sin_clasificar,0.42391,P2,72,22763.96,Monitorear en 72h y actualizar estado comercial.,487,real_source:ranking_operaciones_riesgo_caida.parquet
OP_D1B37F3536,2026-07-05,Capadocia,ASESOR_950BED165C,sin_clasificar,0.423879,P2,72,22826.17,Monitorear en 72h y actualizar estado comercial.,483,real_source:ranking_operaciones_riesgo_caida.parquet
OP_A19DCABE2E,2026-07-05,Edificio Mariategui,ASESOR_1265C8A465,sin_clasificar,0.423767,P2,72,39035.27,Monitorear en 72h y actualizar estado comercial.,127,real_source:ranking_operaciones_riesgo_caida.parquet
OP_A4D2A15D5D,2026-07-05,Matera,ASESOR_F59A4378D8,sin_clasificar,0.423161,P2,72,32207.1,Monitorear en 72h y actualizar estado comercial.,229,real_source:ranking_operaciones_riesgo_caida.parquet
OP_50D724227F,2026-07-05,Edificio Mariategui,ASESOR_D49965A644,sin_clasificar,0.421711,P2,72,35233.92,Monitorear en 72h y actualizar estado comercial.,172,real_source:ranking_operaciones_riesgo_caida.parquet
OP_69931B86A0,2026-07-05,Edificio Cuba Connect,ASESOR_7B5A7F5FB0,sin_clasificar,0.421037,P2,72,34103.97,Monitorear en 72h y actualizar estado comercial.,193,real_source:ranking_operaciones_riesgo_caida.parquet
OP_D6BEA11F24,2026-07-05,Edificio Santa Cruz Infinite,ASESOR_7B5A7F5FB0,sin_clasificar,0.418786,P2,72,31706.38,Monitorear en 72h y actualizar estado comercial.,240,real_source:ranking_operaciones_riesgo_caida.parquet
OP_51308C7246,2026-07-05,Edificio Cuba Connect,ASESOR_7B5A7F5FB0,sin_clasificar,0.417199,P2,72,33892.83,Monitorear en 72h y actualizar estado comercial.,197,real_source:ranking_operaciones_riesgo_caida.parquet
OP_9EE3F55A02,2026-07-05,Tizón y Bueno,ASESOR_1265C8A465,sin_clasificar,0.417163,P2,72,29008.2,Monitorear en 72h y actualizar estado comercial.,290,real_source:ranking_operaciones_riesgo_caida.parquet
OP_F9DC758516,2026-07-05,Matera,ASESOR_E5897908D5,sin_clasificar,0.417139,P2,72,16258.86,Monitorear en 72h y actualizar estado comercial.,639,real_source:ranking_operaciones_riesgo_caida.parquet
OP_469379AF0D,2026-07-05,Edificio Mariategui,ASESOR_D49965A644,sin_clasificar,0.416809,P2,72,35049.47,Monitorear en 72h y actualizar estado comercial.,175,real_source:ranking_operaciones_riesgo_caida.parquet
OP_32893D227B,2026-07-05,Matera,ASESOR_7B5A7F5FB0,sin_clasificar,0.416414,P2,72,31474.19,Monitorear en 72h y actualizar estado comercial.,247,real_source:ranking_operaciones_riesgo_caida.parquet
OP_590E76C3F1,2026-07-05,Matera,ASESOR_F59A4378D8,sin_clasificar,0.416172,P2,72,31837.16,Monitorear en 72h y actualizar estado comercial.,237,real_source:ranking_operaciones_riesgo_caida.parquet
OP_E56007D25D,2026-07-05,Edificio Santa Cruz Infinite,ASESOR_7B5A7F5FB0,sin_clasificar,0.415999,P2,72,32582.71,Monitorear en 72h y actualizar estado comercial.,219,real_source:ranking_operaciones_riesgo_caida.parquet
OP_6180B74299,2026-07-05,Edificio Cuba Connect,ASESOR_7B5A7F5FB0,sin_clasificar,0.415203,P2,72,34748.36,Monitorear en 72h y actualizar estado comercial.,182,real_source:ranking_operaciones_riesgo_caida.parquet
OP_D0C59E16E8,2026-07-05,Modena,ASESOR_F59A4378D8,sin_clasificar,0.414951,P2,72,27029.74,Monitorear en 72h y actualizar estado comercial.,331,real_source:ranking_operaciones_riesgo_caida.parquet
OP_20FCA1FB2E,2026-07-05,Edificio Cuba Connect,ASESOR_7B5A7F5FB0,sin_clasificar,0.413309,P2,72,36825.87,Monitorear en 72h y actualizar estado comercial.,154,real_source:ranking_operaciones_riesgo_caida.parquet
OP_25A2602073,2026-07-05,Edificio Mariategui,ASESOR_1265C8A465,sin_clasificar,0.411837,P2,72,34971.11,Monitorear en 72h y actualizar estado comercial.,177,real_source:ranking_operaciones_riesgo_caida.parquet
OP_D7ADD378C2,2026-07-05,Tizón y Bueno,ASESOR_E5897908D5,sin_clasificar,0.411087,P2,72,28673.35,Monitorear en 72h y actualizar estado comercial.,294,real_source:ranking_operaciones_riesgo_caida.parquet
OP_2A2064905C,2026-07-05,Modena,ASESOR_F59A4378D8,sin_clasificar,0.409727,P2,72,22611.88,Monitorear en 72h y actualizar estado comercial.,493,real_source:ranking_operaciones_riesgo_caida.parquet
OP_85CD809E9A,2026-07-05,Edificio Mariategui,ASESOR_9A684EC3F0,sin_clasificar,0.409571,P2,72,16983.88,Monitorear en 72h y actualizar estado comercial.,624,real_source:ranking_operaciones_riesgo_caida.parquet
OP_31F4BF12BB,2026-07-05,Matera,ASESOR_7B5A7F5FB0,sin_clasificar,0.409563,P2,72,29168.19,Monitorear en 72h y actualizar estado comercial.,288,real_source:ranking_operaciones_riesgo_caida.parquet
OP_87D9F371E7,2026-07-05,Sialia,ASESOR_1265C8A465,sin_clasificar,0.408443,P2,72,31346.52,Monitorear en 72h y actualizar estado comercial.,249,real_source:ranking_operaciones_riesgo_caida.parquet
OP_9382B8D0F0,2026-07-05,Sialia,ASESOR_233077BA7F,sin_clasificar,0.405553,P2,72,23116.55,Monitorear en 72h y actualizar estado comercial.,473,real_source:ranking_operaciones_riesgo_caida.parquet
OP_F6FAC49376,2026-07-05,Edificio Urbanzen,ASESOR_233077BA7F,sin_clasificar,0.404165,P2,72,38678.6,Monitorear en 72h y actualizar estado comercial.,131,real_source:ranking_operaciones_riesgo_caida.parquet
OP_CE0D3D1780,2026-07-05,Capadocia,ASESOR_1265C8A465,sin_clasificar,0.40401,P2,72,27224.02,Monitorear en 72h y actualizar estado comercial.,323,real_source:ranking_operaciones_riesgo_caida.parquet
OP_FC7453CC14,2026-07-05,Edificio Cuba Connect,ASESOR_1265C8A465,sin_clasificar,0.403311,P2,72,36843.11,Monitorear en 72h y actualizar estado comercial.,153,real_source:ranking_operaciones_riesgo_caida.parquet
OP_826AADF6E9,2026-07-05,Matera,ASESOR_1265C8A465,sin_clasificar,0.403139,P2,72,16252.64,Monitorear en 72h y actualizar estado comercial.,640,real_source:ranking_operaciones_riesgo_caida.parquet
OP_9907A9B01D,2026-07-05,Edificio Saenz,ASESOR_1265C8A465,sin_clasificar,0.403022,P2,72,41398.38,Monitorear en 72h y actualizar estado comercial.,109,real_source:ranking_operaciones_riesgo_caida.parquet
OP_A0306F329D,2026-07-05,Sialia,ASESOR_1265C8A465,sin_clasificar,0.401897,P2,72,19291.06,Monitorear en 72h y actualizar estado comercial.,577,real_source:ranking_operaciones_riesgo_caida.parquet
OP_7E174780CA,2026-07-05,Sialia,ASESOR_1265C8A465,sin_clasificar,0.401287,P2,72,19683.16,Monitorear en 72h y actualizar estado comercial.,570,real_source:ranking_operaciones_riesgo_caida.parquet
OP_8E616C35B6,2026-07-05,Matera,ASESOR_950BED165C,sin_clasificar,0.401181,P2,72,16158.57,Monitorear en 72h y actualizar estado comercial.,643,real_source:ranking_operaciones_riesgo_caida.parquet
OP_4C66A09FF1,2026-07-05,Tizón y Bueno,ASESOR_D49965A644,sin_clasificar,0.400688,P2,72,35549.17,Monitorear en 72h y actualizar estado comercial.,166,real_source:ranking_operaciones_riesgo_caida.parquet
OP_6841D9AB4A,2026-07-05,Edificio Mariategui,ASESOR_9A684EC3F0,sin_clasificar,0.400672,P2,72,27248.17,Monitorear en 72h y actualizar estado comercial.,322,real_source:ranking_operaciones_riesgo_caida.parquet
OP_F8FE642DCE,2026-07-05,Matera,ASESOR_950BED165C,sin_clasificar,0.400017,P2,72,16127.97,Monitorear en 72h y actualizar estado comercial.,644,real_source:ranking_operaciones_riesgo_caida.parquet
OP_9581BBFE8F,2026-07-05,Matera,ASESOR_950BED165C,sin_clasificar,0.400017,P2,72,16046.1,Monitorear en 72h y actualizar estado comercial.,646,real_source:ranking_operaciones_riesgo_caida.parquet
OP_FE6024554F,2026-07-05,Matera,ASESOR_9FCF63DC91,sin_clasificar,0.399312,P2,72,18568.01,Monitorear en 72h y actualizar estado comercial.,599,real_source:ranking_operaciones_riesgo_caida.parquet
OP_5D1DFD27C4,2026-07-05,Tizón y Bueno,ASESOR_1265C8A465,sin_clasificar,0.399118,P2,72,20534.64,Monitorear en 72h y actualizar estado comercial.,544,real_source:ranking_operaciones_riesgo_caida.parquet
OP_19B4665FE3,2026-07-05,Edificio Santa Cruz Infinite,ASESOR_1265C8A465,sin_clasificar,0.397928,P2,72,30195.3,Monitorear en 72h y actualizar estado comercial.,272,real_source:ranking_operaciones_riesgo_caida.parquet
OP_57C4A74DBE,2026-07-05,Matera,ASESOR_7B5A7F5FB0,sin_clasificar,0.397149,P2,72,15488.83,Monitorear en 72h y actualizar estado comercial.,652,real_source:ranking_operaciones_riesgo_caida.parquet
OP_4B789CDB0A,2026-07-05,Modena,ASESOR_E5897908D5,sin_clasificar,0.396745,P2,72,30350.96,Monitorear en 72h y actualizar estado comercial.,267,real_source:ranking_operaciones_riesgo_caida.parquet
OP_4B7F9AD9F7,2026-07-05,Fenix,ASESOR_1265C8A465,sin_clasificar,0.394782,P2,72,22739.45,Monitorear en 72h y actualizar estado comercial.,488,real_source:ranking_operaciones_riesgo_caida.parquet
OP_ED0E10721B,2026-07-05,Alicanto,ASESOR_D49965A644,sin_clasificar,0.394743,P2,72,32441.64,Monitorear en 72h y actualizar estado comercial.,222,real_source:ranking_operaciones_riesgo_caida.parquet
OP_415595E77F,2026-07-05,Edificio Cuba Connect,ASESOR_1265C8A465,sin_clasificar,0.393044,P2,72,32432.08,Monitorear en 72h y actualizar estado comercial.,223,real_source:ranking_operaciones_riesgo_caida.parquet
OP_CF19042B49,2026-07-05,Edificio Saenz,ASESOR_1265C8A465,sin_clasificar,0.392845,P2,72,29946.56,Monitorear en 72h y actualizar estado comercial.,280,real_source:ranking_operaciones_riesgo_caida.parquet
OP_DED10144AE,2026-07-05,Modena,ASESOR_1265C8A465,sin_clasificar,0.390157,P2,72,26537.53,Monitorear en 72h y actualizar estado comercial.,337,real_source:ranking_operaciones_riesgo_caida.parquet
OP_150B3892E3,2026-07-05,Matera,ASESOR_C6B4E60323,sin_clasificar,0.389082,P2,72,26526.84,Monitorear en 72h y actualizar estado comercial.,338,real_source:ranking_operaciones_riesgo_caida.parquet
OP_B447147009,2026-07-05,Edificio Urbanzen,ASESOR_7B5A7F5FB0,sin_clasificar,0.3878,P2,72,37015.37,Monitorear en 72h y actualizar estado comercial.,151,real_source:ranking_operaciones_riesgo_caida.parquet
OP_42210D0A7C,2026-07-05,Edificio Urbanzen,ASESOR_7B5A7F5FB0,sin_clasificar,0.387022,P2,72,37308.64,Monitorear en 72h y actualizar estado comercial.,144,real_source:ranking_operaciones_riesgo_caida.parquet
OP_0C63F395AB,2026-07-05,Fenix,ASESOR_1265C8A465,sin_clasificar,0.386449,P2,72,20000.9,Monitorear en 72h y actualizar estado comercial.,564,real_source:ranking_operaciones_riesgo_caida.parquet
OP_5EB10A503E,2026-07-05,Edificio Cuba Connect,ASESOR_7B5A7F5FB0,sin_clasificar,0.385284,P2,72,17730.89,Monitorear en 72h y actualizar estado comercial.,616,real_source:ranking_operaciones_riesgo_caida.parquet
OP_512CC4D2B3,2026-07-05,Fenix,ASESOR_1265C8A465,sin_clasificar,0.384306,P2,72,20336.67,Monitorear en 72h y actualizar estado comercial.,552,real_source:ranking_operaciones_riesgo_caida.parquet
OP_3E94AE0FE4,2026-07-05,Edificio Saenz,ASESOR_1265C8A465,sin_clasificar,0.38271,P2,72,38527.2,Monitorear en 72h y actualizar estado comercial.,132,real_source:ranking_operaciones_riesgo_caida.parquet
OP_D70B5793CB,2026-07-05,Fenix,ASESOR_E5897908D5,sin_clasificar,0.382441,P2,72,28969.93,Monitorear en 72h y actualizar estado comercial.,291,real_source:ranking_operaciones_riesgo_caida.parquet
OP_D976A6EA41,2026-07-05,Edificio Urbanzen,ASESOR_E5897908D5,sin_clasificar,0.38176,P2,72,33785.73,Monitorear en 72h y actualizar estado comercial.,199,real_source:ranking_operaciones_riesgo_caida.parquet
OP_5F5CC2D603,2026-07-05,Sialia,ASESOR_C6B4E60323,sin_clasificar,0.380356,P2,72,26062.01,Monitorear en 72h y actualizar estado comercial.,354,real_source:ranking_operaciones_riesgo_caida.parquet
OP_6AAD2460C5,2026-07-05,Edificio Santa Cruz Infinite,ASESOR_7B5A7F5FB0,sin_clasificar,0.379061,P2,72,27428.3,Monitorear en 72h y actualizar estado comercial.,318,real_source:ranking_operaciones_riesgo_caida.parquet
OP_010E9A3E9F,2026-07-05,Alicanto,ASESOR_1265C8A465,sin_clasificar,0.37903,P2,72,18999.4,Monitorear en 72h y actualizar estado comercial.,587,real_source:ranking_operaciones_riesgo_caida.parquet
OP_1105A71915,2026-07-05,Edificio Santa Cruz Infinite,ASESOR_7B5A7F5FB0,sin_clasificar,0.376981,P2,72,27470.14,Monitorear en 72h y actualizar estado comercial.,317,real_source:ranking_operaciones_riesgo_caida.parquet
OP_1E49EDF4A6,2026-07-05,Edificio Santa Cruz Infinite,ASESOR_7B5A7F5FB0,sin_clasificar,0.375896,P2,72,27644.97,Monitorear en 72h y actualizar estado comercial.,310,real_source:ranking_operaciones_riesgo_caida.parquet
OP_1D6C2B78D1,2026-07-05,Matera,ASESOR_7B5A7F5FB0,sin_clasificar,0.375896,P2,72,25372.95,Monitorear en 72h y actualizar estado comercial.,381,real_source:ranking_operaciones_riesgo_caida.parquet
OP_1CA5FC2971,2026-07-05,Matera,ASESOR_9FCF63DC91,sin_clasificar,0.375356,P2,72,25871.6,Monitorear en 72h y actualizar estado comercial.,356,real_source:ranking_operaciones_riesgo_caida.parquet
OP_DEB6CBEBF1,2026-07-05,Matera,ASESOR_1265C8A465,sin_clasificar,0.375021,P2,72,21573.84,Monitorear en 72h y actualizar estado comercial.,523,real_source:ranking_operaciones_riesgo_caida.parquet
OP_D565C5F37F,2026-07-05,Edificio Cuba Connect,ASESOR_7B5A7F5FB0,sin_clasificar,0.372599,P2,72,36236.41,Monitorear en 72h y actualizar estado comercial.,159,real_source:ranking_operaciones_riesgo_caida.parquet
OP_1C1DAAF085,2026-07-05,Edificio Cuba Connect,ASESOR_7B5A7F5FB0,sin_clasificar,0.372599,P2,72,36236.41,Monitorear en 72h y actualizar estado comercial.,160,real_source:ranking_operaciones_riesgo_caida.parquet
OP_6A4E1B1ED7,2026-07-05,Edificio Saenz,ASESOR_1265C8A465,sin_clasificar,0.372376,P2,72,28179.53,Monitorear en 72h y actualizar estado comercial.,300,real_source:ranking_operaciones_riesgo_caida.parquet
OP_436FF93D62,2026-07-05,Matera,ASESOR_1265C8A465,sin_clasificar,0.371689,P2,72,14341.0,Monitorear en 72h y actualizar estado comercial.,679,real_source:ranking_operaciones_riesgo_caida.parquet
OP_EB532648BD,2026-07-05,Matera,ASESOR_9FCF63DC91,sin_clasificar,0.371459,P2,72,19606.46,Monitorear en 72h y actualizar estado comercial.,572,real_source:ranking_operaciones_riesgo_caida.parquet
OP_EE46CEFEC8,2026-07-05,Edificio Cuba Connect,ASESOR_7B5A7F5FB0,sin_clasificar,0.370422,P2,72,37688.39,Monitorear en 72h y actualizar estado comercial.,139,real_source:ranking_operaciones_riesgo_caida.parquet
OP_092FD7CF58,2026-07-05,Edificio Cuba Connect,ASESOR_7B5A7F5FB0,sin_clasificar,0.370384,P2,72,35756.03,Monitorear en 72h y actualizar estado comercial.,163,real_source:ranking_operaciones_riesgo_caida.parquet
OP_84EA5EE447,2026-07-05,Edificio Santa Cruz Infinite,ASESOR_7B5A7F5FB0,sin_clasificar,0.368512,P2,72,26759.51,Monitorear en 72h y actualizar estado comercial.,335,real_source:ranking_operaciones_riesgo_caida.parquet
OP_541E0F4E7F,2026-07-05,Tizón y Bueno,ASESOR_1265C8A465,sin_clasificar,0.3676,P2,72,18471.89,Monitorear en 72h y actualizar estado comercial.,600,real_source:ranking_operaciones_riesgo_caida.parquet
OP_ADE73B0C5F,2026-07-05,Edificio Urbanzen,ASESOR_1265C8A465,sin_clasificar,0.366947,P2,72,35685.63,Monitorear en 72h y actualizar estado comercial.,165,real_source:ranking_operaciones_riesgo_caida.parquet
OP_9F4CBE930D,2026-07-05,Capadocia,ASESOR_1265C8A465,sin_clasificar,0.362887,P2,72,19249.26,Monitorear en 72h y actualizar estado comercial.,578,real_source:ranking_operaciones_riesgo_caida.parquet
OP_5FCBCDE7FA,2026-07-05,Edificio Mariategui,ASESOR_8D1ED284CF,sin_clasificar,0.362375,P2,72,15323.03,Monitorear en 72h y actualizar estado comercial.,661,real_source:ranking_operaciones_riesgo_caida.parquet
OP_74ECAD0C11,2026-07-05,Torre Nápoles,ASESOR_E5897908D5,sin_clasificar,0.36037,P2,72,20162.7,Monitorear en 72h y actualizar estado comercial.,561,real_source:ranking_operaciones_riesgo_caida.parquet
OP_840D3DCB7A,2026-07-05,Edificio Cuba Connect,ASESOR_7B5A7F5FB0,sin_clasificar,0.359424,P2,72,33586.21,Monitorear en 72h y actualizar estado comercial.,202,real_source:ranking_operaciones_riesgo_caida.parquet
OP_610B5EADCF,2026-07-05,Matera,ASESOR_E05C20E0FE,sin_clasificar,0.358524,P2,72,23728.97,Monitorear en 72h y actualizar estado comercial.,450,real_source:ranking_operaciones_riesgo_caida.parquet
OP_17AE32B439,2026-07-05,Edificio Cuba Connect,ASESOR_7B5A7F5FB0,sin_clasificar,0.357729,P2,72,21789.83,Monitorear en 72h y actualizar estado comercial.,516,real_source:ranking_operaciones_riesgo_caida.parquet
OP_B01DCCA5AE,2026-07-05,Edificio Mariategui,ASESOR_8D1ED284CF,sin_clasificar,0.35619,P2,72,15766.76,Monitorear en 72h y actualizar estado comercial.,650,real_source:ranking_operaciones_riesgo_caida.parquet
OP_626D70616E,2026-07-05,Edificio Cuba Connect,ASESOR_7B5A7F5FB0,sin_clasificar,0.356116,P2,72,32933.14,Monitorear en 72h y actualizar estado comercial.,215,real_source:ranking_operaciones_riesgo_caida.parquet
OP_21D1A97C83,2026-07-05,Edificio Cuba Connect,ASESOR_7B5A7F5FB0,sin_clasificar,0.354115,P2,72,33042.76,Monitorear en 72h y actualizar estado comercial.,214,real_source:ranking_operaciones_riesgo_caida.parquet
OP_7408FC1C68,2026-07-05,Matera,ASESOR_DA48A4F817,sin_clasificar,0.353225,P2,72,21193.47,Monitorear en 72h y actualizar estado comercial.,533,real_source:ranking_operaciones_riesgo_caida.parquet
OP_85BE73E148,2026-07-05,Edificio Cuba Connect,ASESOR_7B5A7F5FB0,sin_clasificar,0.353156,P2,72,33189.43,Monitorear en 72h y actualizar estado comercial.,209,real_source:ranking_operaciones_riesgo_caida.parquet
OP_90AB5B6D6E,2026-07-05,Sialia,ASESOR_F59A4378D8,sin_clasificar,0.352884,P2,72,23115.64,Monitorear en 72h y actualizar estado comercial.,474,real_source:ranking_operaciones_riesgo_caida.parquet
OP_B29908236C,2026-07-05,Matera,ASESOR_F59A4378D8,sin_clasificar,0.352765,P2,72,16707.95,Monitorear en 72h y actualizar estado comercial.,627,real_source:ranking_operaciones_riesgo_caida.parquet
OP_B64F9E5134,2026-07-05,Edificio Cuba Connect,ASESOR_7B5A7F5FB0,sin_clasificar,0.352059,P2,72,32188.25,Monitorear en 72h y actualizar estado comercial.,231,real_source:ranking_operaciones_riesgo_caida.parquet
OP_4BF4963781,2026-07-05,Edificio Cuba Connect,ASESOR_7B5A7F5FB0,sin_clasificar,0.351283,P2,72,17546.58,Monitorear en 72h y actualizar estado comercial.,618,real_source:ranking_operaciones_riesgo_caida.parquet
OP_A0262573DD,2026-07-05,Los Jardines de Urteaga,ASESOR_8618B6BE3A,sin_clasificar,0.351154,P2,72,30084.74,Monitorear en 72h y actualizar estado comercial.,278,real_source:ranking_operaciones_riesgo_caida.parquet
OP_6A418412C0,2026-07-05,Alicanto,ASESOR_1265C8A465,sin_clasificar,0.350926,P2,72,25041.36,Monitorear en 72h y actualizar estado comercial.,387,real_source:ranking_operaciones_riesgo_caida.parquet
OP_DA2EE659A4,2026-07-05,Edificio Cuba Connect,ASESOR_7B5A7F5FB0,sin_clasificar,0.350864,P2,72,31534.43,Monitorear en 72h y actualizar estado comercial.,245,real_source:ranking_operaciones_riesgo_caida.parquet
OP_96374BCD4F,2026-07-05,Matera,ASESOR_1265C8A465,sin_clasificar,0.350803,P2,72,20192.86,Monitorear en 72h y actualizar estado comercial.,557,real_source:ranking_operaciones_riesgo_caida.parquet
OP_79D36FACAF,2026-07-05,Edificio Saenz,ASESOR_9A684EC3F0,sin_clasificar,0.350141,P2,72,26396.17,Monitorear en 72h y actualizar estado comercial.,344,real_source:ranking_operaciones_riesgo_caida.parquet
OP_8339A68AFA,2026-07-05,Matera,ASESOR_F59A4378D8,sin_clasificar,0.349132,P3,168,28621.37,Seguimiento regular.,295,real_source:ranking_operaciones_riesgo_caida.parquet
OP_7DA1D37F71,2026-07-05,Edificio Cuba Connect,ASESOR_7B5A7F5FB0,sin_clasificar,0.348769,P3,168,21945.29,Seguimiento regular.,513,real_source:ranking_operaciones_riesgo_caida.parquet
OP_A856F8A58F,2026-07-05,Edificio Mariategui,ASESOR_D49965A644,sin_clasificar,0.347035,P3,168,27781.85,Seguimiento regular.,307,real_source:ranking_operaciones_riesgo_caida.parquet
OP_1B783B0542,2026-07-05,Edificio Cuba Connect,ASESOR_7B5A7F5FB0,sin_clasificar,0.345474,P3,168,13209.18,Seguimiento regular.,701,real_source:ranking_operaciones_riesgo_caida.parquet
OP_F645BF493C,2026-07-05,Matera,ASESOR_9FCF63DC91,sin_clasificar,0.344758,P3,168,19046.27,Seguimiento regular.,584,real_source:ranking_operaciones_riesgo_caida.parquet
OP_5725157E4B,2026-07-05,Edificio Cuba Connect,ASESOR_7B5A7F5FB0,sin_clasificar,0.344339,P3,168,24813.6,Seguimiento regular.,397,real_source:ranking_operaciones_riesgo_caida.parquet
OP_2E4B25A9D2,2026-07-05,Edificio Santa Cruz Infinite,ASESOR_D49965A644,sin_clasificar,0.343051,P3,168,26840.3,Seguimiento regular.,333,real_source:ranking_operaciones_riesgo_caida.parquet
OP_878E291C64,2026-07-05,Edificio Santa Cruz Infinite,ASESOR_D49965A644,sin_clasificar,0.343051,P3,168,26799.14,Seguimiento regular.,334,real_source:ranking_operaciones_riesgo_caida.parquet
OP_F43FA680CF,2026-07-05,Edificio Santa Cruz Infinite,ASESOR_9A684EC3F0,sin_clasificar,0.342414,P3,168,27568.65,Seguimiento regular.,311,real_source:ranking_operaciones_riesgo_caida.parquet
OP_9060CDD2E3,2026-07-05,Edificio Santa Cruz Infinite,ASESOR_9A684EC3F0,sin_clasificar,0.341708,P3,168,44950.42,Seguimiento regular.,79,real_source:ranking_operaciones_riesgo_caida.parquet
OP_4B9F9D9D44,2026-07-05,Edificio Mariategui,ASESOR_D49965A644,sin_clasificar,0.341296,P3,168,24710.9,Seguimiento regular.,400,real_source:ranking_operaciones_riesgo_caida.parquet
OP_ABAF6D7DA2,2026-07-05,Edificio Santa Cruz Infinite,ASESOR_D49965A644,sin_clasificar,0.340844,P3,168,27163.55,Seguimiento regular.,327,real_source:ranking_operaciones_riesgo_caida.parquet
OP_BE7B77E41B,2026-07-05,Edificio Urbanzen,ASESOR_D49965A644,sin_clasificar,0.340739,P3,168,15349.35,Seguimiento regular.,658,real_source:ranking_operaciones_riesgo_caida.parquet
OP_E3BA1932DB,2026-07-05,Edificio Mariategui,ASESOR_D49965A644,sin_clasificar,0.339423,P3,168,26352.82,Seguimiento regular.,346,real_source:ranking_operaciones_riesgo_caida.parquet
OP_9FD5F989C7,2026-07-05,Edificio Santa Cruz Infinite,ASESOR_9A684EC3F0,sin_clasificar,0.339315,P3,168,28147.33,Seguimiento regular.,301,real_source:ranking_operaciones_riesgo_caida.parquet
OP_B51ED545B0,2026-07-05,Edificio Mariategui,ASESOR_D49965A644,sin_clasificar,0.329462,P3,168,26365.19,Seguimiento regular.,345,real_source:ranking_operaciones_riesgo_caida.parquet
OP_387A88EAE5,2026-07-05,Matera,ASESOR_F59A4378D8,sin_clasificar,0.328603,P3,168,22772.17,Seguimiento regular.,486,real_source:ranking_operaciones_riesgo_caida.parquet
OP_5A1175FB87,2026-07-05,Matera,ASESOR_F59A4378D8,sin_clasificar,0.32849,P3,168,19018.87,Seguimiento regular.,586,real_source:ranking_operaciones_riesgo_caida.parquet
OP_D6885DF7B3,2026-07-05,Edificio Cuba Connect,ASESOR_1265C8A465,sin_clasificar,0.325511,P3,168,28271.18,Seguimiento regular.,299,real_source:ranking_operaciones_riesgo_caida.parquet
OP_8A335902BB,2026-07-05,Edificio Cuba Connect,ASESOR_7B5A7F5FB0,sin_clasificar,0.323842,P3,168,27018.56,Seguimiento regular.,332,real_source:ranking_operaciones_riesgo_caida.parquet
OP_02B955B974,2026-07-05,Edificio Cuba Connect,ASESOR_7B5A7F5FB0,sin_clasificar,0.322895,P3,168,26557.08,Seguimiento regular.,336,real_source:ranking_operaciones_riesgo_caida.parquet
OP_C03D0EA6D3,2026-07-05,Edificio Cuba Connect,ASESOR_7B5A7F5FB0,sin_clasificar,0.322689,P3,168,32154.22,Seguimiento regular.,234,real_source:ranking_operaciones_riesgo_caida.parquet
OP_36BF23BA05,2026-07-05,Edificio Valdizan,ASESOR_D49965A644,sin_clasificar,0.319865,P3,168,46070.21,Seguimiento regular.,70,real_source:ranking_operaciones_riesgo_caida.parquet
OP_F4316F98A6,2026-07-05,Matera,ASESOR_F59A4378D8,sin_clasificar,0.317902,P3,168,17660.27,Seguimiento regular.,617,real_source:ranking_operaciones_riesgo_caida.parquet
OP_63BFC3B0CC,2026-07-05,Edificio Valdizan,ASESOR_D49965A644,sin_clasificar,0.317367,P3,168,28601.11,Seguimiento regular.,296,real_source:ranking_operaciones_riesgo_caida.parquet
OP_E7584F3E3F,2026-07-05,Edificio Valdizan,ASESOR_D49965A644,sin_clasificar,0.31499,P3,168,28854.64,Seguimiento regular.,292,real_source:ranking_operaciones_riesgo_caida.parquet
OP_EC1DE06210,2026-07-05,Edificio Cuba Connect,ASESOR_8618B6BE3A,sin_clasificar,0.314716,P3,168,30512.27,Seguimiento regular.,261,real_source:ranking_operaciones_riesgo_caida.parquet
OP_72B99B7F71,2026-07-05,Edificio Valdizan,ASESOR_D49965A644,sin_clasificar,0.313383,P3,168,30472.55,Seguimiento regular.,263,real_source:ranking_operaciones_riesgo_caida.parquet
OP_FDEF1E6171,2026-07-05,Edificio Valdizan,ASESOR_D49965A644,sin_clasificar,0.312489,P3,168,31444.99,Seguimiento regular.,248,real_source:ranking_operaciones_riesgo_caida.parquet
OP_F4F2D9AFDF,2026-07-05,Edificio Santa Cruz Infinite,ASESOR_9A684EC3F0,sin_clasificar,0.310994,P3,168,24842.03,Seguimiento regular.,392,real_source:ranking_operaciones_riesgo_caida.parquet
OP_4EABB60013,2026-07-05,Tizón y Bueno,ASESOR_D49965A644,sin_clasificar,0.310894,P3,168,15334.62,Seguimiento regular.,660,real_source:ranking_operaciones_riesgo_caida.parquet
OP_B6EFBACFD3,2026-07-05,Tizón y Bueno,ASESOR_D49965A644,sin_clasificar,0.310561,P3,168,21597.97,Seguimiento regular.,522,real_source:ranking_operaciones_riesgo_caida.parquet
OP_A4F04DA0A5,2026-07-05,Edificio Valdizan,ASESOR_D49965A644,sin_clasificar,0.31056,P3,168,26180.2,Seguimiento regular.,350,real_source:ranking_operaciones_riesgo_caida.parquet
OP_7E659EDCC1,2026-07-05,Edificio Valdizan,ASESOR_D49965A644,sin_clasificar,0.309723,P3,168,26504.58,Seguimiento regular.,339,real_source:ranking_operaciones_riesgo_caida.parquet
OP_F8937A49B6,2026-07-05,Edificio Saenz,ASESOR_1265C8A465,sin_clasificar,0.30941,P3,168,32181.7,Seguimiento regular.,232,real_source:ranking_operaciones_riesgo_caida.parquet
OP_03F4E6F249,2026-07-05,Edificio Santa Cruz Infinite,ASESOR_9A684EC3F0,sin_clasificar,0.308232,P3,168,24040.03,Seguimiento regular.,433,real_source:ranking_operaciones_riesgo_caida.parquet
OP_A07BADDF76,2026-07-05,Edificio Mariategui,ASESOR_D49965A644,sin_clasificar,0.306066,P3,168,26434.96,Seguimiento regular.,343,real_source:ranking_operaciones_riesgo_caida.parquet
OP_FAD9758844,2026-07-05,Sialia,ASESOR_D49965A644,sin_clasificar,0.303786,P3,168,14581.74,Seguimiento regular.,670,real_source:ranking_operaciones_riesgo_caida.parquet
OP_BA14EEEF5F,2026-07-05,Edificio Santa Cruz Infinite,ASESOR_9A684EC3F0,sin_clasificar,0.303739,P3,168,17764.15,Seguimiento regular.,615,real_source:ranking_operaciones_riesgo_caida.parquet
OP_C22A55F95A,2026-07-05,Edificio Santa Cruz Infinite,ASESOR_9A684EC3F0,sin_clasificar,0.303414,P3,168,24184.77,Seguimiento regular.,422,real_source:ranking_operaciones_riesgo_caida.parquet
OP_CE36F70107,2026-07-05,Edificio Santa Cruz Infinite,ASESOR_9A684EC3F0,sin_clasificar,0.298937,P3,168,19705.18,Seguimiento regular.,569,real_source:ranking_operaciones_riesgo_caida.parquet
OP_D7D954E017,2026-07-05,Edificio Santa Cruz Infinite,ASESOR_9A684EC3F0,sin_clasificar,0.298389,P3,168,23833.78,Seguimiento regular.,444,real_source:ranking_operaciones_riesgo_caida.parquet
OP_CBA4172C1D,2026-07-05,Edificio Cuba Connect,ASESOR_1265C8A465,sin_clasificar,0.295202,P3,168,26282.48,Seguimiento regular.,348,real_source:ranking_operaciones_riesgo_caida.parquet
OP_0AEF51231C,2026-07-05,Edificio Saenz,ASESOR_1265C8A465,sin_clasificar,0.293347,P3,168,22801.84,Seguimiento regular.,485,real_source:ranking_operaciones_riesgo_caida.parquet
OP_63BC144468,2026-07-05,Edificio Santa Cruz Infinite,ASESOR_D49965A644,sin_clasificar,0.292583,P3,168,23427.09,Seguimiento regular.,463,real_source:ranking_operaciones_riesgo_caida.parquet
OP_3F9C6371BD,2026-07-05,Edificio Cuba Connect,ASESOR_7B5A7F5FB0,sin_clasificar,0.292311,P3,168,23093.44,Seguimiento regular.,475,real_source:ranking_operaciones_riesgo_caida.parquet
OP_1D4D43C362,2026-07-05,Edificio Santa Cruz Infinite,ASESOR_D49965A644,sin_clasificar,0.2905,P3,168,23395.42,Seguimiento regular.,468,real_source:ranking_operaciones_riesgo_caida.parquet
OP_442657AF0F,2026-07-05,Edificio Santa Cruz Infinite,ASESOR_950BED165C,sin_clasificar,0.290081,P3,168,18684.1,Seguimiento regular.,595,real_source:ranking_operaciones_riesgo_caida.parquet
OP_0CE4640511,2026-07-05,Edificio Santa Cruz Infinite,ASESOR_D49965A644,sin_clasificar,0.288456,P3,168,23304.37,Seguimiento regular.,471,real_source:ranking_operaciones_riesgo_caida.parquet
OP_CC42A05A5F,2026-07-05,Edificio Cuba Connect,ASESOR_7B5A7F5FB0,sin_clasificar,0.287309,P3,168,16370.3,Seguimiento regular.,636,real_source:ranking_operaciones_riesgo_caida.parquet
OP_307A1CEA5F,2026-07-05,Fenix,ASESOR_D49965A644,sin_clasificar,0.287063,P3,168,15585.96,Seguimiento regular.,651,real_source:ranking_operaciones_riesgo_caida.parquet
OP_79242256B5,2026-07-05,Edificio Cuba Connect,ASESOR_D49965A644,sin_clasificar,0.285296,P3,168,42855.54,Seguimiento regular.,99,real_source:ranking_operaciones_riesgo_caida.parquet
OP_403B66D274,2026-07-05,Edificio Cuba Connect,ASESOR_D49965A644,sin_clasificar,0.285296,P3,168,42337.0,Seguimiento regular.,103,real_source:ranking_operaciones_riesgo_caida.parquet
OP_10F94430EC,2026-07-05,Edificio Cuba Connect,ASESOR_D49965A644,sin_clasificar,0.285296,P3,168,39053.47,Seguimiento regular.,126,real_source:ranking_operaciones_riesgo_caida.parquet
OP_504A0F0B60,2026-07-05,Edificio Santa Cruz Infinite,ASESOR_D49965A644,sin_clasificar,0.282351,P3,168,22141.97,Seguimiento regular.,505,real_source:ranking_operaciones_riesgo_caida.parquet
OP_21B82CF4D0,2026-07-05,Edificio Santa Cruz Infinite,ASESOR_D49965A644,sin_clasificar,0.282351,P3,168,22141.97,Seguimiento regular.,506,real_source:ranking_operaciones_riesgo_caida.parquet
OP_9F0B427B20,2026-07-05,Edificio Cuba Connect,ASESOR_7B5A7F5FB0,sin_clasificar,0.279999,P3,168,23051.65,Seguimiento regular.,478,real_source:ranking_operaciones_riesgo_caida.parquet
OP_2F23706225,2026-07-05,Los Jardines de Urteaga,ASESOR_8618B6BE3A,sin_clasificar,0.279433,P3,168,27076.87,Seguimiento regular.,330,real_source:ranking_operaciones_riesgo_caida.parquet
OP_CF71AB1B79,2026-07-05,Edificio Cuba Connect,ASESOR_7B5A7F5FB0,sin_clasificar,0.278946,P3,168,24414.68,Seguimiento regular.,412,real_source:ranking_operaciones_riesgo_caida.parquet
OP_F8C906E556,2026-07-05,Edificio Cuba Connect,ASESOR_7B5A7F5FB0,sin_clasificar,0.278701,P3,168,15450.65,Seguimiento regular.,653,real_source:ranking_operaciones_riesgo_caida.parquet
OP_F5AE25D52C,2026-07-05,Edificio Cuba Connect,ASESOR_7B5A7F5FB0,sin_clasificar,0.277859,P3,168,13175.54,Seguimiento regular.,702,real_source:ranking_operaciones_riesgo_caida.parquet
OP_B8EBD5537C,2026-07-05,Edificio Cuba Connect,ASESOR_D49965A644,sin_clasificar,0.275316,P3,168,24820.25,Seguimiento regular.,394,real_source:ranking_operaciones_riesgo_caida.parquet
OP_C08EB20646,2026-07-05,Edificio Cuba Connect,ASESOR_D49965A644,sin_clasificar,0.275316,P3,168,24820.25,Seguimiento regular.,395,real_source:ranking_operaciones_riesgo_caida.parquet
OP_A55188A1C3,2026-07-05,Edificio Santa Cruz Infinite,ASESOR_D49965A644,sin_clasificar,0.274853,P3,168,21277.77,Seguimiento regular.,531,real_source:ranking_operaciones_riesgo_caida.parquet
OP_979F08D748,2026-07-05,Edificio Santa Cruz Infinite,ASESOR_D49965A644,sin_clasificar,0.274853,P3,168,21182.95,Seguimiento regular.,534,real_source:ranking_operaciones_riesgo_caida.parquet
OP_E47794A91A,2026-07-05,Edificio Cuba Connect,ASESOR_D49965A644,sin_clasificar,0.274374,P3,168,27680.34,Seguimiento regular.,309,real_source:ranking_operaciones_riesgo_caida.parquet
OP_78877706AE,2026-07-05,Edificio Cuba Connect,ASESOR_D49965A644,sin_clasificar,0.274374,P3,168,27549.67,Seguimiento regular.,313,real_source:ranking_operaciones_riesgo_caida.parquet
OP_98D76A1E27,2026-07-05,Edificio Cuba Connect,ASESOR_D49965A644,sin_clasificar,0.274374,P3,168,27549.67,Seguimiento regular.,314,real_source:ranking_operaciones_riesgo_caida.parquet
OP_538DD74D67,2026-07-05,Edificio Cuba Connect,ASESOR_D49965A644,sin_clasificar,0.274374,P3,168,27339.9,Seguimiento regular.,320,real_source:ranking_operaciones_riesgo_caida.parquet
OP_F507CBA44E,2026-07-05,Edificio Cuba Connect,ASESOR_D49965A644,sin_clasificar,0.274374,P3,168,27339.9,Seguimiento regular.,321,real_source:ranking_operaciones_riesgo_caida.parquet
OP_8DA769BEB7,2026-07-05,Edificio Cuba Connect,ASESOR_D49965A644,sin_clasificar,0.272946,P3,168,25773.7,Seguimiento regular.,364,real_source:ranking_operaciones_riesgo_caida.parquet
OP_DD6D8DA7CA,2026-07-05,Edificio Cuba Connect,ASESOR_D49965A644,sin_clasificar,0.270534,P3,168,25239.59,Seguimiento regular.,385,real_source:ranking_operaciones_riesgo_caida.parquet
OP_52B5E72DAC,2026-07-05,Edificio Cuba Connect,ASESOR_D49965A644,sin_clasificar,0.270239,P3,168,24387.7,Seguimiento regular.,414,real_source:ranking_operaciones_riesgo_caida.parquet
OP_ABFF0087DC,2026-07-05,Edificio Cuba Connect,ASESOR_D49965A644,sin_clasificar,0.267652,P3,168,24695.72,Seguimiento regular.,401,real_source:ranking_operaciones_riesgo_caida.parquet
OP_0E4BD62E14,2026-07-05,Edificio Cuba Connect,ASESOR_D49965A644,sin_clasificar,0.267652,P3,168,24551.75,Seguimiento regular.,405,real_source:ranking_operaciones_riesgo_caida.parquet
OP_0E78C4EEED,2026-07-05,Edificio Cuba Connect,ASESOR_D49965A644,sin_clasificar,0.267652,P3,168,24551.75,Seguimiento regular.,406,real_source:ranking_operaciones_riesgo_caida.parquet
OP_D3CBF09ED9,2026-07-05,Edificio Cuba Connect,ASESOR_D49965A644,sin_clasificar,0.267652,P3,168,24507.71,Seguimiento regular.,408,real_source:ranking_operaciones_riesgo_caida.parquet
OP_0D69F0159E,2026-07-05,Edificio Cuba Connect,ASESOR_D49965A644,sin_clasificar,0.267652,P3,168,24507.71,Seguimiento regular.,409,real_source:ranking_operaciones_riesgo_caida.parquet
OP_BFD4CC8672,2026-07-05,Matera,ASESOR_F59A4378D8,sin_clasificar,0.267442,P3,168,16694.9,Seguimiento regular.,628,real_source:ranking_operaciones_riesgo_caida.parquet
OP_409F3F12F5,2026-07-05,Edificio Santa Cruz Infinite,ASESOR_D49965A644,sin_clasificar,0.265546,P3,168,20302.3,Seguimiento regular.,554,real_source:ranking_operaciones_riesgo_caida.parquet
OP_78CD177E7E,2026-07-05,Edificio Cuba Connect,ASESOR_9A684EC3F0,sin_clasificar,0.263347,P3,168,23446.3,Seguimiento regular.,462,real_source:ranking_operaciones_riesgo_caida.parquet
OP_4C77171F71,2026-07-05,Edificio Urbanzen,ASESOR_D49965A644,sin_clasificar,0.262091,P3,168,22427.53,Seguimiento regular.,496,real_source:ranking_operaciones_riesgo_caida.parquet
OP_B512EED2AD,2026-07-05,Edificio Santa Cruz Infinite,ASESOR_9A684EC3F0,sin_clasificar,0.261866,P3,168,17202.65,Seguimiento regular.,623,real_source:ranking_operaciones_riesgo_caida.parquet
OP_FD209BE458,2026-07-05,Edificio Cuba Connect,ASESOR_D49965A644,sin_clasificar,0.257818,P3,168,20396.25,Seguimiento regular.,549,real_source:ranking_operaciones_riesgo_caida.parquet
OP_585A921F94,2026-07-05,Edificio Santa Cruz Infinite,ASESOR_D49965A644,sin_clasificar,0.256042,P3,168,37824.47,Seguimiento regular.,137,real_source:ranking_operaciones_riesgo_caida.parquet
OP_86D3201C98,2026-07-05,Edificio Santa Cruz Infinite,ASESOR_D49965A644,sin_clasificar,0.256042,P3,168,34607.87,Seguimiento regular.,183,real_source:ranking_operaciones_riesgo_caida.parquet
OP_E8CA215521,2026-07-05,Edificio Cuba Connect,ASESOR_D49965A644,sin_clasificar,0.25468,P3,168,20436.35,Seguimiento regular.,547,real_source:ranking_operaciones_riesgo_caida.parquet
OP_26F5FFE403,2026-07-05,Edificio Santa Cruz Infinite,ASESOR_9A684EC3F0,sin_clasificar,0.252501,P3,168,17233.22,Seguimiento regular.,622,real_source:ranking_operaciones_riesgo_caida.parquet
OP_AD20B2B844,2026-07-05,Edificio Santa Cruz Infinite,ASESOR_D49965A644,sin_clasificar,0.249963,P3,168,20423.27,Seguimiento regular.,548,real_source:ranking_operaciones_riesgo_caida.parquet
OP_B2D9542299,2026-07-05,Edificio Santa Cruz Infinite,ASESOR_D49965A644,sin_clasificar,0.249963,P3,168,20374.52,Seguimiento regular.,550,real_source:ranking_operaciones_riesgo_caida.parquet
OP_6D019D105E,2026-07-05,Edificio Saenz,ASESOR_1265C8A465,sin_clasificar,0.248825,P3,168,18288.79,Seguimiento regular.,602,real_source:ranking_operaciones_riesgo_caida.parquet
OP_81F84A81A5,2026-07-05,Edificio Santa Cruz Infinite,ASESOR_D49965A644,sin_clasificar,0.246302,P3,168,24103.08,Seguimiento regular.,426,real_source:ranking_operaciones_riesgo_caida.parquet
OP_C62960BC08,2026-07-05,Edificio Santa Cruz Infinite,ASESOR_D49965A644,sin_clasificar,0.246285,P3,168,20251.99,Seguimiento regular.,556,real_source:ranking_operaciones_riesgo_caida.parquet
OP_A2D952A0BC,2026-07-05,Edificio Santa Cruz Infinite,ASESOR_D49965A644,sin_clasificar,0.246285,P3,168,20189.19,Seguimiento regular.,559,real_source:ranking_operaciones_riesgo_caida.parquet
OP_D3DDD0CCCA,2026-07-05,Edificio Santa Cruz Infinite,ASESOR_D49965A644,sin_clasificar,0.246285,P3,168,20189.19,Seguimiento regular.,560,real_source:ranking_operaciones_riesgo_caida.parquet
OP_28FC1E25C5,2026-07-05,Edificio Santa Cruz Infinite,ASESOR_D49965A644,sin_clasificar,0.245217,P3,168,21543.57,Seguimiento regular.,524,real_source:ranking_operaciones_riesgo_caida.parquet
OP_C36A2A58A0,2026-07-05,Edificio Santa Cruz Infinite,ASESOR_D49965A644,sin_clasificar,0.245217,P3,168,21453.01,Seguimiento regular.,527,real_source:ranking_operaciones_riesgo_caida.parquet
OP_721381019A,2026-07-05,Edificio Cuba Connect,ASESOR_7B5A7F5FB0,sin_clasificar,0.24472,P3,168,16736.42,Seguimiento regular.,626,real_source:ranking_operaciones_riesgo_caida.parquet
OP_A8B612D45D,2026-07-05,Edificio Santa Cruz Infinite,ASESOR_D49965A644,sin_clasificar,0.244203,P3,168,21304.26,Seguimiento regular.,530,real_source:ranking_operaciones_riesgo_caida.parquet
OP_20FAF166D5,2026-07-05,Edificio Santa Cruz Infinite,ASESOR_D49965A644,sin_clasificar,0.244203,P3,168,21111.95,Seguimiento regular.,536,real_source:ranking_operaciones_riesgo_caida.parquet
OP_9A0C1633E7,2026-07-05,Edificio Santa Cruz Infinite,ASESOR_D49965A644,sin_clasificar,0.244203,P3,168,21111.95,Seguimiento regular.,537,real_source:ranking_operaciones_riesgo_caida.parquet
OP_49E2962278,2026-07-05,Edificio Mariategui,ASESOR_D49965A644,sin_clasificar,0.2442,P3,168,18186.82,Seguimiento regular.,606,real_source:ranking_operaciones_riesgo_caida.parquet
OP_321E094E62,2026-07-05,Edificio Santa Cruz Infinite,ASESOR_D49965A644,sin_clasificar,0.244033,P3,168,22615.37,Seguimiento regular.,492,real_source:ranking_operaciones_riesgo_caida.parquet
OP_4D3D38521A,2026-07-05,Edificio Santa Cruz Infinite,ASESOR_D49965A644,sin_clasificar,0.244033,P3,168,22072.77,Seguimiento regular.,508,real_source:ranking_operaciones_riesgo_caida.parquet
OP_2001414018,2026-07-05,Edificio Santa Cruz Infinite,ASESOR_D49965A644,sin_clasificar,0.243703,P3,168,20189.58,Seguimiento regular.,558,real_source:ranking_operaciones_riesgo_caida.parquet
OP_BA87B63BEE,2026-07-05,Edificio Santa Cruz Infinite,ASESOR_D49965A644,sin_clasificar,0.243703,P3,168,20068.95,Seguimiento regular.,562,real_source:ranking_operaciones_riesgo_caida.parquet
OP_0FA4D6B805,2026-07-05,Edificio Saenz,ASESOR_D49965A644,sin_clasificar,0.242919,P3,168,14939.49,Seguimiento regular.,664,real_source:ranking_operaciones_riesgo_caida.parquet
OP_FD99AC9A31,2026-07-05,Edificio Mariategui,ASESOR_D49965A644,sin_clasificar,0.242688,P3,168,9989.05,Seguimiento regular.,710,real_source:ranking_operaciones_riesgo_caida.parquet
OP_23511F0A24,2026-07-05,Edificio Santa Cruz Infinite,ASESOR_D49965A644,sin_clasificar,0.242065,P3,168,20667.51,Seguimiento regular.,539,real_source:ranking_operaciones_riesgo_caida.parquet
OP_E530564D20,2026-07-05,Edificio Santa Cruz Infinite,ASESOR_D49965A644,sin_clasificar,0.242065,P3,168,20547.69,Seguimiento regular.,543,real_source:ranking_operaciones_riesgo_caida.parquet
OP_35C894091E,2026-07-05,Edificio Santa Cruz Infinite,ASESOR_D49965A644,sin_clasificar,0.242065,P3,168,20471.44,Seguimiento regular.,545,real_source:ranking_operaciones_riesgo_caida.parquet
OP_7DA26A56F4,2026-07-05,Edificio Santa Cruz Infinite,ASESOR_D49965A644,sin_clasificar,0.242065,P3,168,20471.44,Seguimiento regular.,546,real_source:ranking_operaciones_riesgo_caida.parquet
OP_8234718EA1,2026-07-05,Edificio Santa Cruz Infinite,ASESOR_D49965A644,sin_clasificar,0.242065,P3,168,20371.59,Seguimiento regular.,551,real_source:ranking_operaciones_riesgo_caida.parquet
OP_562C0B76F2,2026-07-05,Edificio Santa Cruz Infinite,ASESOR_D49965A644,sin_clasificar,0.242065,P3,168,20297.15,Seguimiento regular.,555,real_source:ranking_operaciones_riesgo_caida.parquet
OP_DD848395F7,2026-07-05,Edificio Saenz,ASESOR_1265C8A465,sin_clasificar,0.240083,P3,168,17851.38,Seguimiento regular.,612,real_source:ranking_operaciones_riesgo_caida.parquet
OP_3F28EEAEA4,2026-07-05,Edificio Santa Cruz Infinite,ASESOR_9A684EC3F0,sin_clasificar,0.23651,P3,168,16362.48,Seguimiento regular.,637,real_source:ranking_operaciones_riesgo_caida.parquet
OP_B1E106FF55,2026-07-05,Edificio Santa Cruz Infinite,ASESOR_9A684EC3F0,sin_clasificar,0.235516,P3,168,15390.41,Seguimiento regular.,655,real_source:ranking_operaciones_riesgo_caida.parquet
OP_567D4D4322,2026-07-05,Edificio Cuba Connect,ASESOR_D49965A644,sin_clasificar,0.232007,P3,168,20656.07,Seguimiento regular.,540,real_source:ranking_operaciones_riesgo_caida.parquet
OP_CC044BBCD0,2026-07-05,Edificio Cuba Connect,ASESOR_D49965A644,sin_clasificar,0.232007,P3,168,20656.07,Seguimiento regular.,541,real_source:ranking_operaciones_riesgo_caida.parquet
OP_D754C3F6B6,2026-07-05,Edificio Cuba Connect,ASESOR_D49965A644,sin_clasificar,0.228983,P3,168,18647.93,Seguimiento regular.,596,real_source:ranking_operaciones_riesgo_caida.parquet
OP_13D9DE0EBD,2026-07-05,Edificio Mariategui,ASESOR_D49965A644,sin_clasificar,0.225877,P3,168,15992.11,Seguimiento regular.,647,real_source:ranking_operaciones_riesgo_caida.parquet
OP_713D08CAD9,2026-07-05,Edificio Santa Cruz Infinite,ASESOR_D49965A644,sin_clasificar,0.225772,P3,168,17468.0,Seguimiento regular.,620,real_source:ranking_operaciones_riesgo_caida.parquet
OP_71C70B5398,2026-07-05,Edificio Cuba Connect,ASESOR_D49965A644,sin_clasificar,0.224957,P3,168,18731.1,Seguimiento regular.,593,real_source:ranking_operaciones_riesgo_caida.parquet
OP_C3687AD18F,2026-07-05,Edificio Cuba Connect,ASESOR_D49965A644,sin_clasificar,0.224957,P3,168,18582.25,Seguimiento regular.,597,real_source:ranking_operaciones_riesgo_caida.parquet
OP_5D76D99595,2026-07-05,Edificio Cuba Connect,ASESOR_D49965A644,sin_clasificar,0.224957,P3,168,18582.25,Seguimiento regular.,598,real_source:ranking_operaciones_riesgo_caida.parquet
OP_363DB83605,2026-07-05,Edificio Cuba Connect,ASESOR_D49965A644,sin_clasificar,0.222593,P3,168,19529.85,Seguimiento regular.,574,real_source:ranking_operaciones_riesgo_caida.parquet
OP_2F1BB15939,2026-07-05,Edificio Cuba Connect,ASESOR_D49965A644,sin_clasificar,0.222593,P3,168,19494.79,Seguimiento regular.,575,real_source:ranking_operaciones_riesgo_caida.parquet
OP_E73F45CB7B,2026-07-05,Edificio Mariategui,ASESOR_D49965A644,sin_clasificar,0.221956,P3,168,9934.76,Seguimiento regular.,711,real_source:ranking_operaciones_riesgo_caida.parquet
OP_EB669254C5,2026-07-05,Edificio Cuba Connect,ASESOR_D49965A644,sin_clasificar,0.221578,P3,168,19135.92,Seguimiento regular.,579,real_source:ranking_operaciones_riesgo_caida.parquet
OP_CEAA41D67B,2026-07-05,Edificio Cuba Connect,ASESOR_D49965A644,sin_clasificar,0.221578,P3,168,19135.92,Seguimiento regular.,580,real_source:ranking_operaciones_riesgo_caida.parquet
OP_56EF52A75D,2026-07-05,Edificio Cuba Connect,ASESOR_D49965A644,sin_clasificar,0.221578,P3,168,19076.03,Seguimiento regular.,583,real_source:ranking_operaciones_riesgo_caida.parquet
OP_0F453C0AB9,2026-07-05,Edificio Mariategui,ASESOR_D49965A644,sin_clasificar,0.221454,P3,168,10463.71,Seguimiento regular.,709,real_source:ranking_operaciones_riesgo_caida.parquet
OP_1F81E4F02C,2026-07-05,Edificio Cuba Connect,ASESOR_D49965A644,sin_clasificar,0.221236,P3,168,18749.79,Seguimiento regular.,592,real_source:ranking_operaciones_riesgo_caida.parquet
OP_8FD01A8D3B,2026-07-05,Edificio Cuba Connect,ASESOR_D49965A644,sin_clasificar,0.2204,P3,168,18895.1,Seguimiento regular.,589,real_source:ranking_operaciones_riesgo_caida.parquet
OP_9663B5BCB7,2026-07-05,Edificio Cuba Connect,ASESOR_D49965A644,sin_clasificar,0.2204,P3,168,18895.1,Seguimiento regular.,590,real_source:ranking_operaciones_riesgo_caida.parquet
OP_8270A6B069,2026-07-05,Edificio Cuba Connect,ASESOR_D49965A644,sin_clasificar,0.2204,P3,168,18725.97,Seguimiento regular.,594,real_source:ranking_operaciones_riesgo_caida.parquet
OP_ED6EE61A2E,2026-07-05,Edificio Santa Cruz Infinite,ASESOR_D49965A644,sin_clasificar,0.213608,P3,168,16126.32,Seguimiento regular.,645,real_source:ranking_operaciones_riesgo_caida.parquet
OP_E4B8614DFC,2026-07-05,Edificio Santa Cruz Infinite,ASESOR_D49965A644,sin_clasificar,0.213608,P3,168,15841.15,Seguimiento regular.,649,real_source:ranking_operaciones_riesgo_caida.parquet
OP_43EA8EB59D,2026-07-05,Edificio Santa Cruz Infinite,ASESOR_9A684EC3F0,sin_clasificar,0.213313,P3,168,13355.52,Seguimiento regular.,700,real_source:ranking_operaciones_riesgo_caida.parquet
OP_76DF340D0E,2026-07-05,Edificio Santa Cruz Infinite,ASESOR_D49965A644,sin_clasificar,0.209487,P3,168,15378.41,Seguimiento regular.,656,real_source:ranking_operaciones_riesgo_caida.parquet
OP_DCF2532A1C,2026-07-05,Edificio Santa Cruz Infinite,ASESOR_D49965A644,sin_clasificar,0.209487,P3,168,15363.58,Seguimiento regular.,657,real_source:ranking_operaciones_riesgo_caida.parquet
OP_4799B3CDBE,2026-07-05,Edificio Santa Cruz Infinite,ASESOR_D49965A644,sin_clasificar,0.209487,P3,168,15277.86,Seguimiento regular.,662,real_source:ranking_operaciones_riesgo_caida.parquet
OP_F57C590B63,2026-07-05,Edificio Santa Cruz Infinite,ASESOR_D49965A644,sin_clasificar,0.209487,P3,168,15277.86,Seguimiento regular.,663,real_source:ranking_operaciones_riesgo_caida.parquet
OP_F3C739960E,2026-07-05,Edificio Santa Cruz Infinite,ASESOR_D49965A644,sin_clasificar,0.201338,P3,168,17892.48,Seguimiento regular.,610,real_source:ranking_operaciones_riesgo_caida.parquet
OP_62471CF49C,2026-07-05,Edificio Santa Cruz Infinite,ASESOR_D49965A644,sin_clasificar,0.201338,P3,168,17878.83,Seguimiento regular.,611,real_source:ranking_operaciones_riesgo_caida.parquet
OP_97B262EAF9,2026-07-05,Edificio Santa Cruz Infinite,ASESOR_D49965A644,sin_clasificar,0.198811,P3,168,14287.53,Seguimiento regular.,681,real_source:ranking_operaciones_riesgo_caida.parquet
OP_75637AB39A,2026-07-05,Edificio Santa Cruz Infinite,ASESOR_D49965A644,sin_clasificar,0.198811,P3,168,14017.95,Seguimiento regular.,685,real_source:ranking_operaciones_riesgo_caida.parquet
OP_69A526C1EE,2026-07-05,Edificio Santa Cruz Infinite,ASESOR_D49965A644,sin_clasificar,0.198811,P3,168,13947.57,Seguimiento regular.,687,real_source:ranking_operaciones_riesgo_caida.parquet
OP_25DA5F52C9,2026-07-05,Edificio Santa Cruz Infinite,ASESOR_D49965A644,sin_clasificar,0.198811,P3,168,13694.08,Seguimiento regular.,692,real_source:ranking_operaciones_riesgo_caida.parquet
OP_8EA26394CB,2026-07-05,Edificio Santa Cruz Infinite,ASESOR_D49965A644,sin_clasificar,0.198811,P3,168,13613.56,Seguimiento regular.,696,real_source:ranking_operaciones_riesgo_caida.parquet
OP_85E1356AE6,2026-07-05,Edificio Santa Cruz Infinite,ASESOR_D49965A644,sin_clasificar,0.198811,P3,168,13568.83,Seguimiento regular.,697,real_source:ranking_operaciones_riesgo_caida.parquet
OP_8C7BCBB98A,2026-07-05,Edificio Santa Cruz Infinite,ASESOR_D49965A644,sin_clasificar,0.198811,P3,168,13383.94,Seguimiento regular.,699,real_source:ranking_operaciones_riesgo_caida.parquet
OP_D5A1C4478E,2026-07-05,Edificio Santa Cruz Infinite,ASESOR_D49965A644,sin_clasificar,0.198811,P3,168,13002.22,Seguimiento regular.,703,real_source:ranking_operaciones_riesgo_caida.parquet
OP_82C9DDF4EB,2026-07-05,Edificio Santa Cruz Infinite,ASESOR_D49965A644,sin_clasificar,0.198811,P3,168,12981.35,Seguimiento regular.,704,real_source:ranking_operaciones_riesgo_caida.parquet
OP_C46BA3E64F,2026-07-05,Edificio Santa Cruz Infinite,ASESOR_D49965A644,sin_clasificar,0.198811,P3,168,12981.35,Seguimiento regular.,705,real_source:ranking_operaciones_riesgo_caida.parquet
OP_3FFC85845A,2026-07-05,Edificio Santa Cruz Infinite,ASESOR_D49965A644,sin_clasificar,0.196564,P3,168,16744.32,Seguimiento regular.,625,real_source:ranking_operaciones_riesgo_caida.parquet
OP_C42E1AE290,2026-07-05,Edificio Santa Cruz Infinite,ASESOR_D49965A644,sin_clasificar,0.196564,P3,168,16658.81,Seguimiento regular.,629,real_source:ranking_operaciones_riesgo_caida.parquet
OP_32C2624F64,2026-07-05,Edificio Santa Cruz Infinite,ASESOR_D49965A644,sin_clasificar,0.196564,P3,168,16598.37,Seguimiento regular.,630,real_source:ranking_operaciones_riesgo_caida.parquet
OP_2D11B01EF8,2026-07-05,Edificio Santa Cruz Infinite,ASESOR_D49965A644,sin_clasificar,0.196564,P3,168,16509.0,Seguimiento regular.,633,real_source:ranking_operaciones_riesgo_caida.parquet
OP_B8385BA683,2026-07-05,Edificio Santa Cruz Infinite,ASESOR_D49965A644,sin_clasificar,0.196564,P3,168,16474.54,Seguimiento regular.,634,real_source:ranking_operaciones_riesgo_caida.parquet
OP_A6BA470A5D,2026-07-05,Edificio Santa Cruz Infinite,ASESOR_D49965A644,sin_clasificar,0.196564,P3,168,16473.06,Seguimiento regular.,635,real_source:ranking_operaciones_riesgo_caida.parquet
OP_69CE6870F8,2026-07-05,Edificio Saenz,ASESOR_D49965A644,sin_clasificar,0.189451,P3,168,14748.74,Seguimiento regular.,669,real_source:ranking_operaciones_riesgo_caida.parquet
OP_FA83C52DCC,2026-07-05,Edificio Saenz,ASESOR_D49965A644,sin_clasificar,0.170032,P3,168,13859.29,Seguimiento regular.,688,real_source:ranking_operaciones_riesgo_caida.parquet
OP_80D3DF0BDC,2026-07-05,Edificio Saenz,ASESOR_D49965A644,sin_clasificar,0.169845,P3,168,16313.86,Seguimiento regular.,638,real_source:ranking_operaciones_riesgo_caida.parquet
OP_14E036A29E,2026-07-05,Edificio Saenz,ASESOR_D49965A644,sin_clasificar,0.16965,P3,168,15897.06,Seguimiento regular.,648,real_source:ranking_operaciones_riesgo_caida.parquet
OP_B14B2E1EA4,2026-07-05,Edificio Santa Cruz Infinite,ASESOR_D49965A644,sin_clasificar,0.168559,P3,168,9003.58,Seguimiento regular.,712,real_source:ranking_operaciones_riesgo_caida.parquet
OP_0FF0D36159,2026-07-05,Edificio Saenz,ASESOR_D49965A644,sin_clasificar,0.168309,P3,168,15421.02,Seguimiento regular.,654,real_source:ranking_operaciones_riesgo_caida.parquet
OP_34A20BF21B,2026-07-05,Edificio Saenz,ASESOR_D49965A644,sin_clasificar,0.168309,P3,168,15347.65,Seguimiento regular.,659,real_source:ranking_operaciones_riesgo_caida.parquet
OP_EE37B4415D,2026-07-05,Edificio Saenz,ASESOR_D49965A644,sin_clasificar,0.16622,P3,168,13992.4,Seguimiento regular.,686,real_source:ranking_operaciones_riesgo_caida.parquet
OP_9A6FF8E1C7,2026-07-05,Edificio Cuba Connect,ASESOR_D49965A644,sin_clasificar,0.163804,P3,168,10685.42,Seguimiento regular.,708,real_source:ranking_operaciones_riesgo_caida.parquet
OP_63B62BA97E,2026-07-05,Los Jardines de Urteaga,ASESOR_D49965A644,sin_clasificar,0.161932,P3,168,18244.95,Seguimiento regular.,603,real_source:ranking_operaciones_riesgo_caida.parquet
OP_CAAA6CB9CF,2026-07-05,Los Jardines de Urteaga,ASESOR_D49965A644,sin_clasificar,0.161932,P3,168,18244.95,Seguimiento regular.,604,real_source:ranking_operaciones_riesgo_caida.parquet
OP_90EEB18136,2026-07-05,Los Jardines de Urteaga,ASESOR_D49965A644,sin_clasificar,0.160362,P3,168,19328.07,Seguimiento regular.,576,real_source:ranking_operaciones_riesgo_caida.parquet
OP_31E35E8DA2,2026-07-05,Los Jardines de Urteaga,ASESOR_D49965A644,sin_clasificar,0.160362,P3,168,19018.95,Seguimiento regular.,585,real_source:ranking_operaciones_riesgo_caida.parquet
OP_2BD85A239B,2026-07-05,Los Jardines de Urteaga,ASESOR_D49965A644,sin_clasificar,0.156555,P3,168,16238.99,Seguimiento regular.,641,real_source:ranking_operaciones_riesgo_caida.parquet
OP_EFDD5763AD,2026-07-05,Los Jardines de Urteaga,ASESOR_D49965A644,sin_clasificar,0.156555,P3,168,16238.99,Seguimiento regular.,642,real_source:ranking_operaciones_riesgo_caida.parquet
OP_AE95E6F217,2026-07-05,Los Jardines de Urteaga,ASESOR_D49965A644,sin_clasificar,0.15569,P3,168,24818.3,Seguimiento regular.,396,real_source:ranking_operaciones_riesgo_caida.parquet
OP_64C9B64C50,2026-07-05,Los Jardines de Urteaga,ASESOR_D49965A644,sin_clasificar,0.15569,P3,168,23305.22,Seguimiento regular.,470,real_source:ranking_operaciones_riesgo_caida.parquet
OP_DACF2AEC5E,2026-07-05,Los Jardines de Urteaga,ASESOR_D49965A644,sin_clasificar,0.153028,P3,168,13490.24,Seguimiento regular.,698,real_source:ranking_operaciones_riesgo_caida.parquet
OP_DDA3D16F0B,2026-07-05,Los Jardines de Urteaga,ASESOR_D49965A644,sin_clasificar,0.151811,P3,168,13764.13,Seguimiento regular.,689,real_source:ranking_operaciones_riesgo_caida.parquet
OP_097DC49B6F,2026-07-05,Los Jardines de Urteaga,ASESOR_D49965A644,sin_clasificar,0.151811,P3,168,13764.13,Seguimiento regular.,690,real_source:ranking_operaciones_riesgo_caida.parquet
OP_363959B79C,2026-07-05,Los Jardines de Urteaga,ASESOR_D49965A644,sin_clasificar,0.151811,P3,168,13764.13,Seguimiento regular.,691,real_source:ranking_operaciones_riesgo_caida.parquet
OP_EE628ECE79,2026-07-05,Los Jardines de Urteaga,ASESOR_D49965A644,sin_clasificar,0.150835,P3,168,12901.81,Seguimiento regular.,706,real_source:ranking_operaciones_riesgo_caida.parquet
OP_E6AD6AB190,2026-07-05,Los Jardines de Urteaga,ASESOR_D49965A644,sin_clasificar,0.150687,P3,168,14060.93,Seguimiento regular.,682,real_source:ranking_operaciones_riesgo_caida.parquet
OP_9CF8027A68,2026-07-05,Los Jardines de Urteaga,ASESOR_D49965A644,sin_clasificar,0.150687,P3,168,14060.93,Seguimiento regular.,683,real_source:ranking_operaciones_riesgo_caida.parquet
OP_0F3B8ACA9B,2026-07-05,Los Jardines de Urteaga,ASESOR_D49965A644,sin_clasificar,0.150687,P3,168,14060.93,Seguimiento regular.,684,real_source:ranking_operaciones_riesgo_caida.parquet
OP_75F3A6963E,2026-07-05,Los Jardines de Urteaga,ASESOR_D49965A644,sin_clasificar,0.150687,P3,168,13674.62,Seguimiento regular.,693,real_source:ranking_operaciones_riesgo_caida.parquet
OP_C7AE86CED8,2026-07-05,Los Jardines de Urteaga,ASESOR_D49965A644,sin_clasificar,0.150687,P3,168,13674.62,Seguimiento regular.,694,real_source:ranking_operaciones_riesgo_caida.parquet
OP_6A5C4475A2,2026-07-05,Los Jardines de Urteaga,ASESOR_D49965A644,sin_clasificar,0.150687,P3,168,13674.62,Seguimiento regular.,695,real_source:ranking_operaciones_riesgo_caida.parquet
OP_384B6A7D33,2026-07-05,Los Jardines de Urteaga,ASESOR_D49965A644,sin_clasificar,0.149143,P3,168,14307.88,Seguimiento regular.,680,real_source:ranking_operaciones_riesgo_caida.parquet
OP_C76A2E15BE,2026-07-05,Los Jardines de Urteaga,ASESOR_D49965A644,sin_clasificar,0.148364,P3,168,14412.98,Seguimiento regular.,678,real_source:ranking_operaciones_riesgo_caida.parquet
OP_7F4DA20090,2026-07-05,Los Jardines de Urteaga,ASESOR_D49965A644,sin_clasificar,0.146355,P3,168,14838.86,Seguimiento regular.,665,real_source:ranking_operaciones_riesgo_caida.parquet
OP_979CF9F5A4,2026-07-05,Los Jardines de Urteaga,ASESOR_D49965A644,sin_clasificar,0.146355,P3,168,14834.3,Seguimiento regular.,666,real_source:ranking_operaciones_riesgo_caida.parquet
OP_D3393F0267,2026-07-05,Los Jardines de Urteaga,ASESOR_D49965A644,sin_clasificar,0.146355,P3,168,14834.3,Seguimiento regular.,667,real_source:ranking_operaciones_riesgo_caida.parquet
OP_6EC4E20CFA,2026-07-05,Los Jardines de Urteaga,ASESOR_D49965A644,sin_clasificar,0.146355,P3,168,14834.3,Seguimiento regular.,668,real_source:ranking_operaciones_riesgo_caida.parquet
OP_09FE2B161D,2026-07-05,Los Jardines de Urteaga,ASESOR_D49965A644,sin_clasificar,0.146355,P3,168,14426.69,Seguimiento regular.,671,real_source:ranking_operaciones_riesgo_caida.parquet
OP_ED66499EB9,2026-07-05,Los Jardines de Urteaga,ASESOR_D49965A644,sin_clasificar,0.146355,P3,168,14426.69,Seguimiento regular.,672,real_source:ranking_operaciones_riesgo_caida.parquet
OP_04AA333299,2026-07-05,Los Jardines de Urteaga,ASESOR_D49965A644,sin_clasificar,0.146355,P3,168,14426.69,Seguimiento regular.,673,real_source:ranking_operaciones_riesgo_caida.parquet
OP_AC4C8D8329,2026-07-05,Los Jardines de Urteaga,ASESOR_D49965A644,sin_clasificar,0.146355,P3,168,14423.33,Seguimiento regular.,674,real_source:ranking_operaciones_riesgo_caida.parquet
OP_4E592F16B8,2026-07-05,Los Jardines de Urteaga,ASESOR_D49965A644,sin_clasificar,0.146355,P3,168,14423.33,Seguimiento regular.,675,real_source:ranking_operaciones_riesgo_caida.parquet
OP_3D9596BE58,2026-07-05,Los Jardines de Urteaga,ASESOR_D49965A644,sin_clasificar,0.146355,P3,168,14423.33,Seguimiento regular.,676,real_source:ranking_operaciones_riesgo_caida.parquet
OP_468CEC2E63,2026-07-05,Los Jardines de Urteaga,ASESOR_D49965A644,sin_clasificar,0.146355,P3,168,14423.33,Seguimiento regular.,677,real_source:ranking_operaciones_riesgo_caida.parquet
OP_0E02B5457F,2026-07-05,Edificio Cuba Connect,ASESOR_D49965A644,sin_clasificar,0.144322,P3,168,8248.37,Seguimiento regular.,714,real_source:ranking_operaciones_riesgo_caida.parquet
OP_DF6F9D1241,2026-07-05,Edificio Cuba Connect,ASESOR_D49965A644,sin_clasificar,0.144322,P3,168,8248.37,Seguimiento regular.,715,real_source:ranking_operaciones_riesgo_caida.parquet
OP_A1CD45DF75,2026-07-05,Edificio Saenz,ASESOR_D49965A644,sin_clasificar,0.14203,P3,168,10991.01,Seguimiento regular.,707,real_source:ranking_operaciones_riesgo_caida.parquet
OP_847F40AB12,2026-07-05,Edificio Cuba Connect,ASESOR_D49965A644,sin_clasificar,0.141011,P3,168,7835.26,Seguimiento regular.,722,real_source:ranking_operaciones_riesgo_caida.parquet
OP_D98ADC9CD9,2026-07-05,Edificio Cuba Connect,ASESOR_D49965A644,sin_clasificar,0.141011,P3,168,7611.4,Seguimiento regular.,723,real_source:ranking_operaciones_riesgo_caida.parquet
OP_B24132CD14,2026-07-05,Edificio Cuba Connect,ASESOR_D49965A644,sin_clasificar,0.141011,P3,168,7611.4,Seguimiento regular.,724,real_source:ranking_operaciones_riesgo_caida.parquet
OP_EC98984E04,2026-07-05,Edificio Cuba Connect,ASESOR_D49965A644,sin_clasificar,0.141011,P3,168,7280.16,Seguimiento regular.,725,real_source:ranking_operaciones_riesgo_caida.parquet
OP_F248B4CE97,2026-07-05,Edificio Cuba Connect,ASESOR_D49965A644,sin_clasificar,0.141011,P3,168,7280.16,Seguimiento regular.,726,real_source:ranking_operaciones_riesgo_caida.parquet
OP_54951B5E50,2026-07-05,Edificio Cuba Connect,ASESOR_D49965A644,sin_clasificar,0.141011,P3,168,7280.16,Seguimiento regular.,727,real_source:ranking_operaciones_riesgo_caida.parquet
OP_4436FCD842,2026-07-05,Edificio Cuba Connect,ASESOR_D49965A644,sin_clasificar,0.141011,P3,168,7072.16,Seguimiento regular.,731,real_source:ranking_operaciones_riesgo_caida.parquet
OP_AF823A1C79,2026-07-05,Edificio Saenz,ASESOR_D49965A644,sin_clasificar,0.120231,P3,168,8925.36,Seguimiento regular.,713,real_source:ranking_operaciones_riesgo_caida.parquet
OP_C517F296DA,2026-07-05,Edificio Saenz,ASESOR_D49965A644,sin_clasificar,0.115175,P3,168,8142.32,Seguimiento regular.,716,real_source:ranking_operaciones_riesgo_caida.parquet
OP_8020F73D5B,2026-07-05,Edificio Saenz,ASESOR_D49965A644,sin_clasificar,0.115175,P3,168,8135.41,Seguimiento regular.,717,real_source:ranking_operaciones_riesgo_caida.parquet
OP_FA05CCBDD9,2026-07-05,Edificio Saenz,ASESOR_D49965A644,sin_clasificar,0.115175,P3,168,8055.94,Seguimiento regular.,718,real_source:ranking_operaciones_riesgo_caida.parquet
OP_82ECD3416E,2026-07-05,Edificio Saenz,ASESOR_D49965A644,sin_clasificar,0.115175,P3,168,8042.12,Seguimiento regular.,719,real_source:ranking_operaciones_riesgo_caida.parquet
OP_D90E3A48EE,2026-07-05,Edificio Saenz,ASESOR_D49965A644,sin_clasificar,0.115175,P3,168,8012.06,Seguimiento regular.,720,real_source:ranking_operaciones_riesgo_caida.parquet
OP_BEBEF8F57E,2026-07-05,Edificio Saenz,ASESOR_D49965A644,sin_clasificar,0.115175,P3,168,8004.11,Seguimiento regular.,721,real_source:ranking_operaciones_riesgo_caida.parquet
OP_1123F5DDAB,2026-07-05,Edificio Saenz,ASESOR_D49965A644,sin_clasificar,0.105067,P3,168,7151.27,Seguimiento regular.,728,real_source:ranking_operaciones_riesgo_caida.parquet
OP_C879B9109F,2026-07-05,Edificio Saenz,ASESOR_D49965A644,sin_clasificar,0.105067,P3,168,7113.77,Seguimiento regular.,729,real_source:ranking_operaciones_riesgo_caida.parquet
OP_DB1BBDE9E1,2026-07-05,Edificio Saenz,ASESOR_D49965A644,sin_clasificar,0.105067,P3,168,7113.77,Seguimiento regular.,730,real_source:ranking_operaciones_riesgo_caida.parquet
OP_18DA892BF1,2026-07-05,Edificio Saenz,ASESOR_D49965A644,sin_clasificar,0.104387,P3,168,6647.14,Seguimiento regular.,737,real_source:ranking_operaciones_riesgo_caida.parquet
OP_62EBB956FD,2026-07-05,Edificio Saenz,ASESOR_D49965A644,sin_clasificar,0.104387,P3,168,6628.04,Seguimiento regular.,738,real_source:ranking_operaciones_riesgo_caida.parquet
OP_35E790CD92,2026-07-05,Edificio Saenz,ASESOR_D49965A644,sin_clasificar,0.10402,P3,168,7022.91,Seguimiento regular.,732,real_source:ranking_operaciones_riesgo_caida.parquet
OP_9A87ACA073,2026-07-05,Edificio Saenz,ASESOR_D49965A644,sin_clasificar,0.10402,P3,168,6887.79,Seguimiento regular.,733,real_source:ranking_operaciones_riesgo_caida.parquet
OP_7E130C966E,2026-07-05,Edificio Saenz,ASESOR_D49965A644,sin_clasificar,0.10402,P3,168,6855.66,Seguimiento regular.,734,real_source:ranking_operaciones_riesgo_caida.parquet
OP_70C784772E,2026-07-05,Edificio Saenz,ASESOR_D49965A644,sin_clasificar,0.10402,P3,168,6841.29,Seguimiento regular.,735,real_source:ranking_operaciones_riesgo_caida.parquet
OP_0557E1B70B,2026-07-05,Edificio Saenz,ASESOR_D49965A644,sin_clasificar,0.10402,P3,168,6781.06,Seguimiento regular.,736,real_source:ranking_operaciones_riesgo_caida.parquet
OP_16B861AB28,2026-07-05,Edificio Saenz,ASESOR_D49965A644,sin_clasificar,0.103041,P3,168,6485.38,Seguimiento regular.,739,real_source:ranking_operaciones_riesgo_caida.parquet
OP_EFF9BA4A95,2026-07-05,Edificio Saenz,ASESOR_D49965A644,sin_clasificar,0.103041,P3,168,6476.1,Seguimiento regular.,740,real_source:ranking_operaciones_riesgo_caida.parquet
OP_F9DAFC2231,2026-07-05,Edificio Saenz,ASESOR_D49965A644,sin_clasificar,0.103041,P3,168,6446.74,Seguimiento regular.,741,real_source:ranking_operaciones_riesgo_caida.parquet
OP_2828E9E584,2026-07-05,Edificio Saenz,ASESOR_D49965A644,sin_clasificar,0.103041,P3,168,6428.19,Seguimiento regular.,742,real_source:ranking_operaciones_riesgo_caida.parquet
OP_6208795035,2026-07-05,Edificio Saenz,ASESOR_D49965A644,sin_clasificar,0.103041,P3,168,6415.92,Seguimiento regular.,743,real_source:ranking_operaciones_riesgo_caida.parquet
OP_849678F4EF,2026-07-05,Edificio Saenz,ASESOR_D49965A644,sin_clasificar,0.103041,P3,168,6400.22,Seguimiento regular.,744,real_source:ranking_operaciones_riesgo_caida.parquet
OP_A783415C78,2026-07-05,Edificio Saenz,ASESOR_D49965A644,sin_clasificar,0.103041,P3,168,6388.0,Seguimiento regular.,745,real_source:ranking_operaciones_riesgo_caida.parquet
OP_E350656C21,2026-07-05,Edificio Saenz,ASESOR_D49965A644,sin_clasificar,0.103041,P3,168,6388.0,Seguimiento regular.,746,real_source:ranking_operaciones_riesgo_caida.parquet
OP_222C5AC2CC,2026-07-05,Edificio Saenz,ASESOR_D49965A644,sin_clasificar,0.103041,P3,168,6342.87,Seguimiento regular.,747,real_source:ranking_operaciones_riesgo_caida.parquet
OP_175AB293F8,2026-07-05,Edificio Saenz,ASESOR_D49965A644,sin_clasificar,0.103041,P3,168,6337.0,Seguimiento regular.,748,real_source:ranking_operaciones_riesgo_caida.parquet
OP_357AD42368,2026-07-05,Edificio Saenz,ASESOR_D49965A644,sin_clasificar,0.103041,P3,168,6335.45,Seguimiento regular.,749,real_source:ranking_operaciones_riesgo_caida.parquet
OP_0B2C95978B,2026-07-05,Edificio Saenz,ASESOR_D49965A644,sin_clasificar,0.103041,P3,168,6290.32,Seguimiento regular.,750,real_source:ranking_operaciones_riesgo_caida.parquet
OP_09F9C81EAC,2026-07-05,Edificio Saenz,ASESOR_D49965A644,sin_clasificar,0.103041,P3,168,6290.32,Seguimiento regular.,751,real_source:ranking_operaciones_riesgo_caida.parquet
OP_4CEF564BAD,2026-07-05,Edificio Saenz,ASESOR_D49965A644,sin_clasificar,0.103041,P3,168,6261.26,Seguimiento regular.,752,real_source:ranking_operaciones_riesgo_caida.parquet
OP_10A5958583,2026-07-05,Edificio Saenz,ASESOR_D49965A644,sin_clasificar,0.103041,P3,168,6188.31,Seguimiento regular.,753,real_source:ranking_operaciones_riesgo_caida.parquet
OP_1FBAF8BF63,2026-07-05,Edificio Saenz,ASESOR_D49965A644,sin_clasificar,0.103041,P3,168,6188.31,Seguimiento regular.,754,real_source:ranking_operaciones_riesgo_caida.parquet
OP_A97CA04768,2026-07-05,Edificio Saenz,ASESOR_D49965A644,sin_clasificar,0.103041,P3,168,6111.03,Seguimiento regular.,755,real_source:ranking_operaciones_riesgo_caida.parquet
OP_A0F4AEB7C8,2026-07-05,Edificio Saenz,ASESOR_D49965A644,sin_clasificar,0.103041,P3,168,6085.37,Seguimiento regular.,756,real_source:ranking_operaciones_riesgo_caida.parquet
OP_BB04C58293,2026-07-05,Edificio Saenz,ASESOR_D49965A644,sin_clasificar,0.103041,P3,168,6085.37,Seguimiento regular.,757,real_source:ranking_operaciones_riesgo_caida.parquet
OP_CBE9FE9AC7,2026-07-05,Edificio Saenz,ASESOR_D49965A644,sin_clasificar,0.103041,P3,168,5988.62,Seguimiento regular.,758,real_source:ranking_operaciones_riesgo_caida.parquet
OP_F2337EEBC2,2026-07-05,Edificio Saenz,ASESOR_D49965A644,sin_clasificar,0.103041,P3,168,5988.62,Seguimiento regular.,759,real_source:ranking_operaciones_riesgo_caida.parquet
OP_BE2A8F326E,2026-07-05,Edificio Saenz,ASESOR_D49965A644,sin_clasificar,0.103041,P3,168,5967.6,Seguimiento regular.,760,real_source:ranking_operaciones_riesgo_caida.parquet
OP_21F2DC5FA4,2026-07-05,Edificio Saenz,ASESOR_D49965A644,sin_clasificar,0.103041,P3,168,5967.6,Seguimiento regular.,761,real_source:ranking_operaciones_riesgo_caida.parquet
OP_34957B4768,2026-07-05,Edificio Saenz,ASESOR_D49965A644,sin_clasificar,0.103041,P3,168,5942.25,Seguimiento regular.,762,real_source:ranking_operaciones_riesgo_caida.parquet
OP_EBD814F776,2026-07-05,Edificio Saenz,ASESOR_D49965A644,sin_clasificar,0.103041,P3,168,5930.81,Seguimiento regular.,763,real_source:ranking_operaciones_riesgo_caida.parquet
