codigo_proforma,codigo_unidad,fecha_separacion,proyecto,asesor,medio_captacion,canal_agrupado,dormitorios,precio_departamento,dias_en_tuberia,tiene_cuota_inicial,cambios_unidad,interacciones_ult_7d,descuento_pct,riesgo_caida,nivel_riesgo,decision_recomendada,responsable,valor_esperado_en_riesgo,ranking_prioridad
2025-00092,TP00-SS002,2024-01-08,Tradiciones Prime,Luis Peñaloza,manual,sin_clasificar,3.0,1179239.12,907,False,0,0,0.08568650605824542,0.643844799582159,medio,Priorizar seguimiento del asesor en 24 horas.,Luis Peñaloza,113887.05,1
2025-03734,TP00-202,2025-06-25,Tradiciones Prime,Luis Peñaloza,manual,sin_clasificar,3.0,995000.0,373,False,0,0,0.06816014070351759,0.6385709249034374,medio,Priorizar seguimiento del asesor en 24 horas.,Luis Peñaloza,95306.71,2
2024-02488,TZ-1707,2024-09-05,Tizón y Bueno,Nelly Román Villavicencio,manual,sin_clasificar,3.0,860120.0,666,False,0,0,0.08356810677579873,0.6694010072261359,medio,Priorizar seguimiento del asesor en 24 horas.,Nelly Román Villavicencio,86364.78,3
2024-03866,TZ-1702,2024-10-30,Tizón y Bueno,Nelly Román Villavicencio,manual,sin_clasificar,3.0,851865.0,611,False,0,0,0.11869381885627417,0.6373601988121343,medio,Priorizar seguimiento del asesor en 24 horas.,Nelly Román Villavicencio,81441.73,4
2026-0003243,CP-B1306,2026-03-28,Capadocia,Antonio Martinez,manual,sin_clasificar,3.0,855000.0,97,False,0,0,0.08307770760233918,0.6269632428159023,medio,Priorizar seguimiento del asesor en 24 horas.,Antonio Martinez,80408.04,5
2025-04783,MT-A1303,2025-08-21,Matera,Ivan La Riva,manual,sin_clasificar,3.0,931345.99,316,False,0,0,0.11111111349714406,0.5577036519661296,medio,Priorizar seguimiento del asesor en 24 horas.,Ivan La Riva,77912.26,6
2024-00533,TP00-SS001,2024-03-24,Tradiciones Prime,Ivan La Riva,manual,sin_clasificar,2.0,821859.86,831,False,0,0,0.06382978723404255,0.6221347555927514,medio,Priorizar seguimiento del asesor en 24 horas.,Ivan La Riva,76696.14,7
2025-01739,SL-104,2025-02-16,Sialia,Joceline Arizabal Corimanya,manual,sin_clasificar,1.0,792100.22,502,False,0,0,0.10246809425201271,0.6210056168516321,medio,Priorizar seguimiento del asesor en 24 horas.,Joceline Arizabal Corimanya,73784.8,8
2025-04514,FX-1702,2025-08-02,Fenix,Ana Lucia DelSolar,manual,sin_clasificar,3.0,757100.0,335,False,0,0,0.10830801743494915,0.6281303269538018,medio,Priorizar seguimiento del asesor en 24 horas.,Ana Lucia DelSolar,71333.62,9
2025-04398,CP-B1305,2025-07-27,Capadocia,Antonio Martinez,manual,sin_clasificar,3.0,750000.0,341,False,0,0,0.08252845333333333,0.6291192931672236,medio,Priorizar seguimiento del asesor en 24 horas.,Antonio Martinez,70775.92,10
2025-02605,FX-103,2025-05-12,Fenix,Nelly Román Villavicencio,manual,sin_clasificar,3.0,716196.0,417,False,0,0,0.10038841322766394,0.6321732119824093,medio,Priorizar seguimiento del asesor en 24 horas.,Nelly Román Villavicencio,67913.99,11
2025-00589,TZ-104,2025-01-28,Tizón y Bueno,Ivan La Riva,manual,sin_clasificar,3.0,674000.0,521,False,0,0,0.11111111275964392,0.6420828020226105,medio,Priorizar seguimiento del asesor en 24 horas.,Ivan La Riva,64914.57,12
2025-0008124,EEUU-801,2025-11-16,Edificio Urbanzen,Ivan La Riva,manual,sin_clasificar,3.0,700000.0,229,False,0,0,0.12371428571428572,0.59969829442349,medio,Priorizar seguimiento del asesor en 24 horas.,Ivan La Riva,62968.32,13
2024-03323,MA-303,2024-11-15,Edificio Mariategui,Luis Peñaloza,manual,sin_clasificar,3.0,628300.0,595,False,0,0,0.10587851344898934,0.65234808984504,medio,Priorizar seguimiento del asesor en 24 horas.,Luis Peñaloza,61480.55,14
2025-03842,MA-203,2025-07-01,Edificio Mariategui,Ivan La Riva,manual,sin_clasificar,3.0,635000.0,367,False,0,0,0.1331923937007874,0.636891698770991,medio,Priorizar seguimiento del asesor en 24 horas.,Ivan La Riva,60663.93,15
2024-02537,MA-201,2024-09-08,Edificio Mariategui,Joceline Arizabal Corimanya,manual,sin_clasificar,3.0,643240.0,663,False,0,0,0.0859088365151421,0.6241927213823619,medio,Priorizar seguimiento del asesor en 24 horas.,Joceline Arizabal Corimanya,60225.86,16
2025-05167,CP-B304,2025-08-28,Capadocia,Edwing Soller,manual,sin_clasificar,3.0,660600.0,309,False,0,0,0.11853463518013926,0.5971962694821202,medio,Priorizar seguimiento del asesor en 24 horas.,Edwing Soller,59176.18,17
2026-0006085,GY-1401,2026-06-23,Alicanto,Ivan La Riva,manual,sin_clasificar,3.0,617321.94,10,False,0,0,0.08232712415826335,0.6307426141541239,medio,Priorizar seguimiento del asesor en 24 horas.,Ivan La Riva,58405.69,18
2026-0005740,MD-405,2026-06-14,Modena,Antonio Martinez,manual,sin_clasificar,3.0,659000.0,19,False,0,0,0.1492432928679818,0.5877504871232984,medio,Priorizar seguimiento del asesor en 24 horas.,Antonio Martinez,58099.14,19
2025-0007651,EEUU-1201,2025-11-14,Edificio Urbanzen,Karlo  Vargas,manual,sin_clasificar,3.0,677000.0,231,False,0,0,0.11603480059084195,0.5696132284401307,medio,Priorizar seguimiento del asesor en 24 horas.,Karlo  Vargas,57844.22,20
2025-06536,CP-B1204,2025-10-13,Capadocia,Joceline Arizabal Corimanya,manual,sin_clasificar,3.0,721222.34,263,False,0,0,0.04558372387632918,0.533862036593186,medio,Priorizar seguimiento del asesor en 24 horas.,Joceline Arizabal Corimanya,57754.98,21
2026-0003726,SL-307,2026-04-18,Sialia,Luis Peñaloza,manual,sin_clasificar,3.0,605636.45,76,False,0,0,0.10092898140460338,0.6352444138844091,medio,Priorizar seguimiento del asesor en 24 horas.,Luis Peñaloza,57709.08,22
2025-0007922,EEUU-602,2025-11-16,Edificio Urbanzen,Antonio Martinez,manual,sin_clasificar,3.0,652600.0,229,False,0,0,0.09201267238737358,0.5869540017311345,medio,Priorizar seguimiento del asesor en 24 horas.,Antonio Martinez,57456.93,23
2025-04237,MD-605,2025-07-20,Modena,Yomira  Pacheco,manual,sin_clasificar,3.0,641299.0,348,False,0,0,0.09895660214658061,0.5958829875669789,medio,Priorizar seguimiento del asesor en 24 horas.,Yomira  Pacheco,57320.87,24
2025-0008294,TZ-202,2025-11-22,Tizón y Bueno,Luis Peñaloza,manual,sin_clasificar,3.0,614380.0,223,False,0,0,0.11111110387707934,0.6178701311799648,medio,Priorizar seguimiento del asesor en 24 horas.,Luis Peñaloza,56941.06,25
2026-0005474,SL-1104,2026-06-08,Sialia,Ivan La Riva,manual,sin_clasificar,3.0,587711.46,25,False,0,0,0.10190401936351558,0.6389183620893629,medio,Priorizar seguimiento del asesor en 24 horas.,Ivan La Riva,56324.95,26
2025-01463,TZ-302,2025-03-16,Tizón y Bueno,Yomira  Pacheco,manual,sin_clasificar,3.0,598000.0,474,False,0,0,0.13154961538461538,0.6270191029535311,medio,Priorizar seguimiento del asesor en 24 horas.,Yomira  Pacheco,56243.61,27
2024-03078,MA-703,2024-10-25,Edificio Mariategui,Nelly Román Villavicencio,manual,sin_clasificar,3.0,617018.06,616,False,0,0,0.05695043999198337,0.6039534985746506,medio,Priorizar seguimiento del asesor en 24 horas.,Nelly Román Villavicencio,55897.53,28
2022-01415,VALDIZAN-703,2022-03-10,Edificio Valdizan,Joceline Arizabal Corimanya,manual,sin_clasificar,0.0,612250.0,1576,True,0,0,0.03413638219681503,0.6070700849135909,medio,Priorizar seguimiento del asesor en 24 horas.,Joceline Arizabal Corimanya,55751.8,29
2025-02619,FX-301,2025-05-12,Fenix,Nelly Román Villavicencio,manual,sin_clasificar,3.0,624942.0,417,False,0,0,0.09966080052228847,0.5936007899044022,medio,Priorizar seguimiento del asesor en 24 horas.,Nelly Román Villavicencio,55644.91,30
2025-04255,EEUU-204,2025-07-20,Edificio Urbanzen,Ivan La Riva,manual,sin_clasificar,3.0,644560.61,348,False,0,0,0.11066292121077645,0.5752268091113188,medio,Priorizar seguimiento del asesor en 24 horas.,Ivan La Riva,55615.28,31
2025-03281,CP-B504,2025-06-07,Capadocia,Antonio Martinez,manual,sin_clasificar,3.0,644677.93,391,False,0,0,0.13636364129915227,0.5736504494397131,medio,Priorizar seguimiento del asesor en 24 horas.,Antonio Martinez,55472.97,32
2025-05685,CP-B105,2025-09-13,Capadocia,Yomira  Pacheco,manual,sin_clasificar,3.0,619262.0,293,False,0,0,0.05263092196840756,0.5968151494531444,medio,Priorizar seguimiento del asesor en 24 horas.,Yomira  Pacheco,55437.74,33
2025-04135,CP-B1308,2025-07-13,Capadocia,Joceline Arizabal Corimanya,manual,sin_clasificar,3.0,647000.0,355,False,0,0,0.07534190108191653,0.5711518713138635,medio,Priorizar seguimiento del asesor en 24 horas.,Joceline Arizabal Corimanya,55430.29,34
2025-05384,CP-B604,2025-09-03,Capadocia,Nelly Román Villavicencio,manual,sin_clasificar,3.0,641899.15,303,False,0,0,0.13636363282300654,0.5753293061589495,medio,Priorizar seguimiento del asesor en 24 horas.,Nelly Román Villavicencio,55395.51,35
2025-02396,TZ-1402,2025-04-28,Tizón y Bueno,Antonio Martinez,manual,sin_clasificar,3.0,592129.0,431,False,0,0,0.10789691097716883,0.6230640847546297,medio,Priorizar seguimiento del asesor en 24 horas.,Antonio Martinez,55340.15,36
2024-02979,MA-1003,2024-10-13,Edificio Mariategui,Luis Peñaloza,manual,sin_clasificar,3.0,572206.0,628,False,0,0,0.05661247872269777,0.6421884783605291,medio,Priorizar seguimiento del asesor en 24 horas.,Luis Peñaloza,55119.62,37
2024-02950,MA-903,2024-10-10,Edificio Mariategui,Ivan La Riva,manual,sin_clasificar,3.0,569334.0,631,False,0,0,0.057551454857781195,0.6446437029801431,medio,Priorizar seguimiento del asesor en 24 horas.,Ivan La Riva,55052.64,38
2025-01412,CP-B804,2025-03-22,Capadocia,Antonio Martinez,manual,sin_clasificar,3.0,634000.0,468,False,0,0,0.1331628548895899,0.5761027524056388,medio,Priorizar seguimiento del asesor en 24 horas.,Antonio Martinez,54787.37,39
2023-02173,MA-1401,2023-11-04,Edificio Mariategui,Joceline Arizabal Corimanya,manual,sin_clasificar,3.0,608300.0,972,True,0,0,0.05983889528193326,0.5990840210853073,medio,Priorizar seguimiento del asesor en 24 horas.,Joceline Arizabal Corimanya,54663.42,40
2025-05785,EEUU-302,2025-09-16,Edificio Urbanzen,Yomira  Pacheco,manual,sin_clasificar,3.0,635000.0,290,False,0,0,0.12198425196850393,0.5733044871666102,medio,Priorizar seguimiento del asesor en 24 horas.,Yomira  Pacheco,54607.25,41
2026-0005566,NP-A1303,2026-06-11,Torre Nápoles,Joceline Arizabal Corimanya,manual,sin_clasificar,1.0,639043.22,22,False,0,0,0.1363636249829863,0.5696169939302137,medio,Priorizar seguimiento del asesor en 24 horas.,Joceline Arizabal Corimanya,54601.48,42
2024-01258,EEUU-901,2024-05-30,Edificio Urbanzen,Nelly Román Villavicencio,manual,sin_clasificar,3.0,642994.32,764,False,0,0,0.09877300315809945,0.5646596070131763,medio,Priorizar seguimiento del asesor en 24 horas.,Nelly Román Villavicencio,54460.94,43
2024-02729,MA-1501,2024-04-01,Edificio Mariategui,Joceline Arizabal Corimanya,manual,sin_clasificar,3.0,584961.9,823,False,0,0,0.06747123188706819,0.6192620219259103,medio,Priorizar seguimiento del asesor en 24 horas.,Joceline Arizabal Corimanya,54336.7,44
2025-01853,CP-B904,2025-03-25,Capadocia,Nelly Román Villavicencio,manual,sin_clasificar,3.0,629454.0,465,False,0,0,0.13636267304679928,0.570679332543729,medio,Priorizar seguimiento del asesor en 24 horas.,Nelly Román Villavicencio,53882.46,45
2024-02956,MA-401,2024-10-11,Edificio Mariategui,Joceline Arizabal Corimanya,manual,sin_clasificar,3.0,583870.0,630,False,0,0,0.05263157894736842,0.6095222630484604,medio,Priorizar seguimiento del asesor en 24 horas.,Joceline Arizabal Corimanya,53382.26,46
2025-0008593,EEUU-1502,2025-12-05,Edificio Urbanzen,Silvia Orellana,manual,sin_clasificar,3.0,602675.36,210,False,0,0,0.1026119767033449,0.587234530053316,medio,Priorizar seguimiento del asesor en 24 horas.,Silvia Orellana,53086.77,47
2025-04694,TZ-407,2025-08-13,Tizón y Bueno,Edwing Soller,manual,sin_clasificar,3.0,537025.0,324,False,0,0,0.09840601461756901,0.656781584625192,medio,Priorizar seguimiento del asesor en 24 horas.,Edwing Soller,52906.22,48
2021-04736,VALDIZAN-401,2021-11-30,Edificio Valdizan,Joceline Arizabal Corimanya,manual,sin_clasificar,0.0,573550.0,1676,True,0,0,0.026152907331531687,0.6091482229504357,medio,Priorizar seguimiento del asesor en 24 horas.,Joceline Arizabal Corimanya,52406.54,49
2025-06280,MD-1005,2025-10-05,Modena,Luis Peñaloza,manual,sin_clasificar,3.0,584008.57,271,False,0,0,0.13752465995490445,0.5932461186399272,medio,Priorizar seguimiento del asesor en 24 horas.,Luis Peñaloza,51969.12,50
2024-00829,EEUU-202,2024-04-30,Edificio Urbanzen,Ivan La Riva,manual,sin_clasificar,3.0,585645.1,794,False,0,0,0.10773572595416576,0.5903521972660968,medio,Priorizar seguimiento del asesor en 24 horas.,Ivan La Riva,51860.53,51
2025-06301,EEUU-502,2025-10-06,Edificio Urbanzen,Edwing Soller,manual,sin_clasificar,3.0,589771.0,270,False,0,0,0.09874239323398404,0.5858303289026107,medio,Priorizar seguimiento del asesor en 24 horas.,Edwing Soller,51825.86,52
2025-0008188,EEUU-304,2025-11-18,Edificio Urbanzen,Ivan La Riva,manual,sin_clasificar,3.0,606900.0,227,False,0,0,0.12152212885154061,0.568938707724946,medio,Priorizar seguimiento del asesor en 24 horas.,Ivan La Riva,51793.34,53
2025-06988,TZ-207,2025-10-25,Tizón y Bueno,Percy Soto,manual,sin_clasificar,3.0,555686.0,251,False,0,0,0.09735134590398174,0.6202187805763744,medio,Priorizar seguimiento del asesor en 24 horas.,Percy Soto,51697.03,54
2026-0006402,FX-1401,2026-07-03,Fenix,Nelly Román Villavicencio,manual,sin_clasificar,3.0,570441.33,0,False,0,0,0.09891781508888917,0.6029530744472834,medio,Priorizar seguimiento del asesor en 24 horas.,Nelly Román Villavicencio,51592.4,55
2021-04023,CRUZ-1702,2021-11-25,Edificio Santa Cruz Infinite,Cinthia Román Villavicencio,manual,sin_clasificar,3.0,876975.0,1681,False,0,0,0.049630833262065625,0.3881979557401995,bajo,Seguimiento comercial estándar.,Cinthia Román Villavicencio,51065.99,56
2024-01511,EEUU-601,2024-06-17,Edificio Urbanzen,Nelly Román Villavicencio,manual,sin_clasificar,3.0,628254.84,746,False,0,0,0.11288419202628029,0.5397941080277774,medio,Priorizar seguimiento del asesor en 24 horas.,Nelly Román Villavicencio,50869.24,57
2025-03122,MD-205,2025-06-02,Modena,Ana Lucia DelSolar,manual,sin_clasificar,3.0,590000.0,396,False,0,0,0.1490714406779661,0.5747699781349721,medio,Priorizar seguimiento del asesor en 24 horas.,Ana Lucia DelSolar,50867.14,58
2024-02725,EEUU-1601,2024-04-20,Edificio Urbanzen,Nelly Román Villavicencio,manual,sin_clasificar,1.0,597400.74,804,False,0,0,0.11609962183843295,0.5670946138090219,medio,Priorizar seguimiento del asesor en 24 horas.,Nelly Román Villavicencio,50817.41,59
2025-05581,MT-A603,2025-09-09,Matera,Percy Soto,manual,sin_clasificar,3.0,648365.0,297,False,0,0,0.10553922559052387,0.5188283302444626,medio,Priorizar seguimiento del asesor en 24 horas.,Percy Soto,50458.52,60
2025-02654,TZ-1302,2025-04-29,Tizón y Bueno,Edwing Soller,manual,sin_clasificar,3.0,539000.0,430,False,0,0,0.12347970315398886,0.6191368462296531,medio,Priorizar seguimiento del asesor en 24 horas.,Edwing Soller,50057.21,61
2026-0001693,EEUU-1402,2026-02-17,Edificio Urbanzen,Karlo  Vargas,manual,sin_clasificar,3.0,612500.0,136,True,0,0,0.11110964897959184,0.5428598310365109,medio,Priorizar seguimiento del asesor en 24 horas.,Karlo  Vargas,49875.25,62
2025-07093,EEUU-1304,2025-10-30,Edificio Urbanzen,Nelly Román Villavicencio,manual,sin_clasificar,3.0,610000.0,246,False,0,0,0.11059744262295082,0.543710032534353,medio,Priorizar seguimiento del asesor en 24 horas.,Nelly Román Villavicencio,49749.47,63
2025-02127,CP-B1003,2025-04-13,Capadocia,Nelly Román Villavicencio,manual,sin_clasificar,2.0,594999.1,446,False,0,0,0.12565163543944857,0.5552264098433712,medio,Priorizar seguimiento del asesor en 24 horas.,Nelly Román Villavicencio,49553.88,64
2025-05964,MD-1505,2025-09-22,Modena,Ana Lucia DelSolar,manual,sin_clasificar,3.0,570000.0,284,False,0,0,0.1374302456140351,0.578449837276447,medio,Priorizar seguimiento del asesor en 24 horas.,Ana Lucia DelSolar,49457.46,65
2026-0000706,MT-A503,2026-01-19,Matera,Nelly Román Villavicencio,manual,sin_clasificar,3.0,636755.0,165,False,0,0,0.13636397044389129,0.5157304857437999,medio,Priorizar seguimiento del asesor en 24 horas.,Nelly Román Villavicencio,49259.09,66
2025-03131,EEUU-404,2025-05-02,Edificio Urbanzen,Joceline Arizabal Corimanya,manual,sin_clasificar,3.0,625048.0,427,True,0,0,0.10129852427333581,0.523709547436555,medio,Priorizar seguimiento del asesor en 24 horas.,Joceline Arizabal Corimanya,49101.54,67
2026-0001127,CP-B803,2026-01-29,Capadocia,Nelly Román Villavicencio,manual,sin_clasificar,2.0,591212.0,155,False,0,0,0.16450713111371215,0.5526233398024348,medio,Priorizar seguimiento del asesor en 24 horas.,Nelly Román Villavicencio,49007.63,68
2024-03094,TZ-902,2024-10-23,Tizón y Bueno,Ivan La Riva,manual,sin_clasificar,3.0,512420.06,618,False,0,0,0.1111111067743913,0.6375084208286262,medio,Priorizar seguimiento del asesor en 24 horas.,Ivan La Riva,49000.82,69
2026-0002052,SL-505,2026-02-28,Sialia,Karlo  Vargas,manual,sin_clasificar,3.0,529527.7,125,True,0,0,0.10668369190129243,0.6127868785946593,medio,Priorizar seguimiento del asesor en 24 horas.,Karlo  Vargas,48673.14,70
2024-02413,GY-302,2024-08-29,Alicanto,Yomira  Pacheco,manual,sin_clasificar,3.0,536200.0,673,False,0,0,0.12230234986945171,0.6044508718824508,medio,Priorizar seguimiento del asesor en 24 horas.,Yomira  Pacheco,48615.98,71
2025-01446,GY-401,2025-03-26,Alicanto,Nelly Román Villavicencio,manual,sin_clasificar,3.0,561336.0,464,False,0,0,0.12275950589308364,0.5769647188948043,medio,Priorizar seguimiento del asesor en 24 horas.,Nelly Román Villavicencio,48580.66,72
2026-0005816,FX-901,2026-06-15,Fenix,Ivan La Riva,manual,sin_clasificar,3.0,530000.0,18,False,0,0,0.12013430188679246,0.6089781126063641,medio,Priorizar seguimiento del asesor en 24 horas.,Ivan La Riva,48413.76,73
2022-04452,VALDIZAN-501,2022-11-19,Edificio Valdizan,Nelly Román Villavicencio,manual,sin_clasificar,0.0,524900.0,1322,False,0,0,0.038102495713469235,0.6134520498476681,medio,Priorizar seguimiento del asesor en 24 horas.,Nelly Román Villavicencio,48300.15,74
2024-00320,EEUU-201,2024-03-11,Edificio Urbanzen,Nelly Román Villavicencio,manual,sin_clasificar,3.0,591802.2,844,False,0,0,0.11111111111111112,0.5409646552767975,medio,Priorizar seguimiento del asesor en 24 horas.,Nelly Román Villavicencio,48021.61,75
2025-03654,EEUU-604,2025-06-25,Edificio Urbanzen,Edwing Soller,manual,sin_clasificar,3.0,561600.0,373,False,0,0,0.11051812678062678,0.5681754224322791,medio,Priorizar seguimiento del asesor en 24 horas.,Edwing Soller,47863.1,76
2025-04873,TZ-203,2025-08-17,Tizón y Bueno,Joceline Arizabal Corimanya,manual,sin_clasificar,3.0,539661.0,320,True,0,0,0.09742864501974388,0.5893641183519006,medio,Priorizar seguimiento del asesor en 24 horas.,Joceline Arizabal Corimanya,47708.52,77
2024-00167,EEUU-1001,2024-02-15,Edificio Urbanzen,Andres Vargas,manual,sin_clasificar,3.0,568707.48,869,False,0,0,0.11111111111111112,0.5588657329956943,medio,Priorizar seguimiento del asesor en 24 horas.,Andres Vargas,47674.67,78
2025-05551,CP-A601,2025-09-08,Capadocia,Ivan La Riva,manual,sin_clasificar,3.0,540507.64,298,False,0,0,0.14267084180345718,0.5878922153142433,medio,Priorizar seguimiento del asesor en 24 horas.,Ivan La Riva,47664.04,79
2022-00973,VALDIZAN-202,2022-02-10,Edificio Valdizan,Nelly Román Villavicencio,manual,sin_clasificar,0.0,648250.0,1604,False,0,0,0.015426147319706903,0.4890169688327604,medio,Priorizar seguimiento del asesor en 24 horas.,Nelly Román Villavicencio,47550.79,80
2026-0000872,MD-1108,2026-01-23,Modena,Nelly Román Villavicencio,manual,sin_clasificar,3.0,543084.0,161,False,0,0,0.10654392322366338,0.583108566103094,medio,Priorizar seguimiento del asesor en 24 horas.,Nelly Román Villavicencio,47501.54,81
2024-00497,EEUU-1501,2024-03-20,Edificio Urbanzen,Nelly Román Villavicencio,manual,sin_clasificar,3.0,586764.69,835,False,0,0,0.12397560937076837,0.5394381899410838,medio,Priorizar seguimiento del asesor en 24 horas.,Nelly Román Villavicencio,47478.49,82
2022-04112,VALDIZAN-402,2022-10-14,Edificio Valdizan,Jackeline Espichan Medina,manual,sin_clasificar,0.0,642650.0,1358,False,0,0,0.023340854275266474,0.4916119109029271,medio,Priorizar seguimiento del asesor en 24 horas.,Jackeline Espichan Medina,47390.16,83
2025-05036,GY-1002,2025-08-23,Alicanto,Antonio Martinez,manual,sin_clasificar,3.0,509000.0,314,False,0,0,0.10530888015717092,0.6175023876429785,medio,Priorizar seguimiento del asesor en 24 horas.,Antonio Martinez,47146.31,84
2025-04024,TZ-807,2025-07-09,Tizón y Bueno,Joceline Arizabal Corimanya,manual,sin_clasificar,3.0,512895.0,359,False,0,0,0.10123900603437351,0.6111084954984891,medio,Priorizar seguimiento del asesor en 24 horas.,Joceline Arizabal Corimanya,47015.17,85
2026-0003226,SL-1004,2026-03-26,Sialia,Nelly Román Villavicencio,manual,sin_clasificar,3.0,507336.48,99,False,0,0,0.11111111111111112,0.6161354458313798,medio,Priorizar seguimiento del asesor en 24 horas.,Nelly Román Villavicencio,46888.2,86
2025-02965,EEUU-504,2025-05-23,Edificio Urbanzen,Antonio Martinez,manual,sin_clasificar,3.0,564149.52,406,False,0,0,0.1111111111111111,0.5536838221073406,medio,Priorizar seguimiento del asesor en 24 horas.,Antonio Martinez,46854.07,87
2025-03322,EEUU-1004,2025-06-08,Edificio Urbanzen,Yomira  Pacheco,manual,sin_clasificar,3.0,545000.0,390,False,0,0,0.1211076880733945,0.572215812227587,medio,Priorizar seguimiento del asesor en 24 horas.,Yomira  Pacheco,46778.64,88
2023-00011,VALDIZAN-802,2022-11-09,Edificio Valdizan,Enzo Villanueva,manual,sin_clasificar,0.0,960200.0,1332,False,0,0,0.0,0.32444503616047904,bajo,Seguimiento comercial estándar.,Enzo Villanueva,46729.82,89
2024-02801,EEUU-804,2024-09-26,Edificio Urbanzen,Joceline Arizabal Corimanya,manual,sin_clasificar,3.0,597234.14,645,True,0,0,0.10072992478293354,0.5215330795999316,medio,Priorizar seguimiento del asesor en 24 horas.,Joceline Arizabal Corimanya,46721.6,90
2024-01877,EEUU-802,2024-07-16,Edificio Urbanzen,Nelly Román Villavicencio,manual,sin_clasificar,3.0,554833.02,717,False,0,0,0.10135842311620169,0.5609821270879312,medio,Priorizar seguimiento del asesor en 24 horas.,Nelly Román Villavicencio,46687.71,91
2025-0008003,EEUU-402,2025-11-16,Edificio Urbanzen,Percy Soto,manual,sin_clasificar,3.0,579360.0,229,False,0,0,0.12359384493233913,0.5363812884706327,medio,Priorizar seguimiento del asesor en 24 horas.,Percy Soto,46613.68,92
2026-0005345,MD-1202,2026-06-02,Modena,Nelly Román Villavicencio,manual,sin_clasificar,3.0,560000.0,31,False,0,0,0.16236367857142858,0.5545535041378523,medio,Priorizar seguimiento del asesor en 24 horas.,Nelly Román Villavicencio,46582.49,93
2020-02574,ES-103,2020-09-24,Edificio Saenz,Joceline Arizabal Corimanya,manual,sin_clasificar,3.0,684800.0,2108,False,0,0,0.029205607476635514,0.45096604909210253,medio,Priorizar seguimiento del asesor en 24 horas.,Joceline Arizabal Corimanya,46323.23,94
2025-02402,GY-702,2025-04-28,Alicanto,Antonio Martinez,manual,sin_clasificar,3.0,523426.23,431,False,0,0,0.13417491515471053,0.5893061089060444,medio,Priorizar seguimiento del asesor en 24 horas.,Antonio Martinez,46268.74,95
2025-05848,MT-A1203,2025-09-18,Matera,Nelly Román Villavicencio,manual,sin_clasificar,3.0,610000.0,288,False,0,0,0.14897049180327868,0.5050803859928424,medio,Priorizar seguimiento del asesor en 24 horas.,Nelly Román Villavicencio,46214.86,96
2026-0000854,GY-1102,2026-01-25,Alicanto,Nelly Román Villavicencio,manual,sin_clasificar,3.0,512415.0,159,False,0,0,0.08695625615955818,0.59838823839014,medio,Priorizar seguimiento del asesor en 24 horas.,Nelly Román Villavicencio,45993.47,97
2023-02260,CUBA-102,2023-07-31,Edificio Cuba Connect,Enzo Villanueva,manual,sin_clasificar,3.0,1001429.0,1068,False,0,0,0.0,0.30551295077755763,bajo,Seguimiento comercial estándar.,Enzo Villanueva,45892.43,98
2025-03799,MD-2002,2025-06-28,Modena,Antonio Martinez,manual,sin_clasificar,3.0,535338.81,370,False,0,0,0.12402226171496886,0.5683522213318315,medio,Priorizar seguimiento del asesor en 24 horas.,Antonio Martinez,45639.15,99
2023-00435,ES-204,2023-03-31,Edificio Saenz,Joceline Arizabal Corimanya,manual,sin_clasificar,3.0,611764.0,1190,False,0,0,0.07034738886237177,0.49562719096766716,medio,Priorizar seguimiento del asesor en 24 horas.,Joceline Arizabal Corimanya,45481.03,100
2021-02762,CUBA-2003,2021-07-22,Edificio Cuba Connect,Enzo Villanueva,manual,sin_clasificar,3.0,989312.0,1807,False,0,0,0.0,0.30551295077755763,bajo,Seguimiento comercial estándar.,Enzo Villanueva,45337.14,101
2025-04269,EEUU-904,2025-07-20,Edificio Urbanzen,Antonio Martinez,manual,sin_clasificar,3.0,550000.0,348,False,0,0,0.11667183636363637,0.5491228494989837,medio,Priorizar seguimiento del asesor en 24 horas.,Antonio Martinez,45302.64,102
2024-03828,EEUU-702,2024-12-21,Edificio Urbanzen,Joceline Arizabal Corimanya,manual,sin_clasificar,3.0,597600.13,559,False,0,0,0.11974227649515404,0.5039145867603668,medio,Priorizar seguimiento del asesor en 24 horas.,Joceline Arizabal Corimanya,45170.91,103
2025-05946,CP-B506,2025-09-22,Capadocia,Nelly Román Villavicencio,manual,sin_clasificar,3.0,527688.0,284,False,0,0,0.10810668425281605,0.5680836155725881,medio,Priorizar seguimiento del asesor en 24 horas.,Nelly Román Villavicencio,44965.64,104
2022-02416,MA-1402,2022-04-24,Edificio Mariategui,Nelly Román Villavicencio,manual,sin_clasificar,0.0,531771.0,1531,False,0,0,0.027321911123397102,0.5612934523396885,medio,Priorizar seguimiento del asesor en 24 horas.,Nelly Román Villavicencio,44771.94,105
2025-0008621,MD-402,2025-12-11,Modena,Nelly Román Villavicencio,manual,sin_clasificar,3.0,532096.95,204,False,0,0,0.1494252880043759,0.5565533446243048,medio,Priorizar seguimiento del asesor en 24 horas.,Nelly Román Villavicencio,44421.05,106
2022-03878,MA-702,2022-09-13,Edificio Mariategui,Nelly Román Villavicencio,manual,sin_clasificar,3.0,548704.0,1389,False,0,0,0.04755933982620866,0.5387629895514991,medio,Priorizar seguimiento del asesor en 24 horas.,Nelly Román Villavicencio,44343.21,107
2022-02189,VALDIZAN-302,2022-05-06,Edificio Valdizan,Cinthia Román Villavicencio,manual,sin_clasificar,0.0,652050.0,1519,False,0,0,0.023004370830457786,0.451190007590469,medio,Priorizar seguimiento del asesor en 24 horas.,Cinthia Román Villavicencio,44129.77,108
2025-05404,MT-B606,2025-08-24,Matera,Nelly Román Villavicencio,manual,sin_clasificar,3.0,573874.0,313,False,0,0,0.10873637767175373,0.5117477367811499,medio,Priorizar seguimiento del asesor en 24 horas.,Nelly Román Villavicencio,44051.81,109
2024-02953,TZ-402,2024-10-10,Tizón y Bueno,Joceline Arizabal Corimanya,manual,sin_clasificar,3.0,517000.0,631,False,0,0,0.11805096711798839,0.5616824707203725,medio,Priorizar seguimiento del asesor en 24 horas.,Joceline Arizabal Corimanya,43558.48,110
2023-00190,VALDIZAN-601,2023-02-23,Edificio Valdizan,Nelly Román Villavicencio,manual,sin_clasificar,0.0,500000.0,1226,False,0,0,0.0726,0.5807084341245584,medio,Priorizar seguimiento del asesor en 24 horas.,Nelly Román Villavicencio,43553.13,111
2020-02423,ES-102,2020-09-17,Edificio Saenz,Joceline Arizabal Corimanya,manual,sin_clasificar,3.0,671130.0,2115,False,0,0,0.02980048574791769,0.43174932400393495,medio,Priorizar seguimiento del asesor en 24 horas.,Joceline Arizabal Corimanya,43463.99,112
2025-03135,GY-902,2025-05-12,Alicanto,Joceline Arizabal Corimanya,manual,sin_clasificar,3.0,529288.0,417,False,0,0,0.12592546968758028,0.546866967015751,medio,Priorizar seguimiento del asesor en 24 horas.,Joceline Arizabal Corimanya,43417.52,113
2022-02097,MA-1202,2022-04-01,Edificio Mariategui,Nelly Román Villavicencio,manual,sin_clasificar,3.0,525436.0,1554,False,0,0,0.03780479449447697,0.5508373916263367,medio,Priorizar seguimiento del asesor en 24 horas.,Nelly Román Villavicencio,43414.47,114
2023-00138,VALDIZAN-801,2023-02-09,Edificio Valdizan,Jackeline Espichan Medina,manual,sin_clasificar,0.0,504200.0,1240,False,0,0,0.029750099166997224,0.56899375620847,medio,Priorizar seguimiento del asesor en 24 horas.,Jackeline Espichan Medina,43033.0,115
2025-0008186,MT-B1205,2025-11-19,Matera,Nelly Román Villavicencio,manual,sin_clasificar,3.0,564039.17,226,False,0,0,0.1363636323342579,0.5070293437727608,medio,Priorizar seguimiento del asesor en 24 horas.,Nelly Román Villavicencio,42897.66,116
2022-00220,CUBA-1005,2021-12-20,Edificio Cuba Connect,Nelly Román Villavicencio,manual,sin_clasificar,3.0,610764.0,1656,False,0,0,0.1502855440071779,0.4680249371674129,medio,Priorizar seguimiento del asesor en 24 horas.,Nelly Román Villavicencio,42877.92,117
2024-02526,EEUU-701,2024-09-09,Edificio Urbanzen,Yomira  Pacheco,manual,sin_clasificar,3.0,638000.0,662,False,0,0,0.0,0.4477346162337189,medio,Priorizar seguimiento del asesor en 24 horas.,Yomira  Pacheco,42848.2,118
2024-02955,MA-1201,2024-10-11,Edificio Mariategui,Joceline Arizabal Corimanya,manual,sin_clasificar,3.0,614100.0,630,False,0,0,0.0,0.46372557439866124,medio,Priorizar seguimiento del asesor en 24 horas.,Joceline Arizabal Corimanya,42716.08,119
2025-05989,MD-1405,2025-09-24,Modena,Percy Soto,manual,sin_clasificar,3.0,523000.0,282,False,0,0,0.14954464627151054,0.5438471446346163,medio,Priorizar seguimiento del asesor en 24 horas.,Percy Soto,42664.81,120
2026-0005821,CP-B1107,2026-06-17,Capadocia,Yomira  Pacheco,manual,sin_clasificar,3.0,503950.0,16,False,0,0,0.1477515626550253,0.5575634681870706,medio,Priorizar seguimiento del asesor en 24 horas.,Yomira  Pacheco,42147.62,121
2022-03825,MA-1302,2022-10-06,Edificio Mariategui,Nelly Román Villavicencio,manual,sin_clasificar,3.0,516275.0,1366,False,0,0,0.04750375284489855,0.5423421727680562,medio,Priorizar seguimiento del asesor en 24 horas.,Nelly Román Villavicencio,41999.66,122
2022-04160,VALDIZAN-701,2022-10-24,Edificio Valdizan,Joceline Arizabal Corimanya,manual,sin_clasificar,0.0,500000.0,1348,True,0,0,0.0554,0.5579104634025959,medio,Priorizar seguimiento del asesor en 24 horas.,Joceline Arizabal Corimanya,41843.28,123
2021-02763,CUBA-2004,2021-07-22,Edificio Cuba Connect,Enzo Villanueva,manual,sin_clasificar,3.0,912584.0,1807,False,0,0,0.0,0.30551295077755763,bajo,Seguimiento comercial estándar.,Enzo Villanueva,41820.93,124
2024-00757,EEUU-1401,2024-04-25,Edificio Urbanzen,Joceline Arizabal Corimanya,manual,sin_clasificar,3.0,552160.12,799,False,0,0,0.12117260478717658,0.5036543078323235,medio,Priorizar seguimiento del asesor en 24 horas.,Joceline Arizabal Corimanya,41714.67,125
2026-0005998,GY-506,2026-06-20,Alicanto,Antonio Martinez,manual,sin_clasificar,3.0,501400.0,13,False,0,0,0.07700911447945752,0.552430124101238,medio,Priorizar seguimiento del asesor en 24 horas.,Antonio Martinez,41548.27,126
2022-03826,CUBA-804,2022-09-05,Edificio Cuba Connect,Joceline Arizabal Corimanya,manual,sin_clasificar,3.0,609011.4,1397,True,0,0,0.05755327404380279,0.45335585819020235,medio,Priorizar seguimiento del asesor en 24 horas.,Joceline Arizabal Corimanya,41414.83,127
2022-03625,VALDIZAN-403,2022-07-22,Edificio Valdizan,Cinthia Román Villavicencio,manual,sin_clasificar,0.0,610200.0,1442,False,0,0,0.0,0.45215996893979793,medio,Priorizar seguimiento del asesor en 24 horas.,Cinthia Román Villavicencio,41386.2,128
2025-0008009,SL-804,2025-11-16,Sialia,Nelly Román Villavicencio,manual,sin_clasificar,3.0,491230.56,229,False,0,0,0.11111110432543121,0.56028736227658,medio,Priorizar seguimiento del asesor en 24 horas.,Nelly Román Villavicencio,41284.54,129
2024-03588,TZ-1102,2024-02-20,Tizón y Bueno,Ana Lucia DelSolar,manual,sin_clasificar,3.0,550000.0,864,False,0,0,0.0,0.4987645235036964,medio,Priorizar seguimiento del asesor en 24 horas.,Ana Lucia DelSolar,41148.07,130
2025-04344,TZ-304,2025-07-23,Tizón y Bueno,Edwing Soller,manual,sin_clasificar,3.0,481500.0,345,False,0,0,0.1013511111111111,0.568303923849602,medio,Priorizar seguimiento del asesor en 24 horas.,Edwing Soller,41045.75,131
2025-04308,CP-B1206,2025-07-21,Capadocia,Nelly Román Villavicencio,manual,sin_clasificar,3.0,504689.79,347,False,0,0,0.1237964413744134,0.5409665608911959,medio,Priorizar seguimiento del asesor en 24 horas.,Nelly Román Villavicencio,40953.05,132
2025-04491,GY-602,2025-08-02,Alicanto,Yomira  Pacheco,manual,sin_clasificar,3.0,499000.0,335,False,0,0,0.13632204408817636,0.5467543752715052,medio,Priorizar seguimiento del asesor en 24 horas.,Yomira  Pacheco,40924.56,133
2025-01931,TZ-1204,2025-04-05,Tizón y Bueno,Nelly Román Villavicencio,manual,sin_clasificar,3.0,477824.0,454,False,0,0,0.09715338702116261,0.5654412720641879,medio,Priorizar seguimiento del asesor en 24 horas.,Nelly Román Villavicencio,40527.21,134
2024-00058,EEUU-1603,2024-01-11,Edificio Urbanzen,Joceline Arizabal Corimanya,manual,sin_clasificar,3.0,648334.0,904,False,0,0,0.0,0.41624475512674974,medio,Priorizar seguimiento del asesor en 24 horas.,Joceline Arizabal Corimanya,40479.84,135
2022-03870,CRUZ-1504,2022-09-11,Edificio Santa Cruz Infinite,Nelly Román Villavicencio,manual,sin_clasificar,3.0,529540.0,1391,False,0,0,0.06819126033916229,0.5074676953386185,medio,Priorizar seguimiento del asesor en 24 horas.,Nelly Román Villavicencio,40308.67,136
2022-01393,CRUZ-1701,2019-06-23,Edificio Santa Cruz Infinite,Enzo Villanueva,manual,sin_clasificar,3.0,984852.0,2567,False,0,0,0.0,0.27280225855408274,bajo,Seguimiento comercial estándar.,Enzo Villanueva,40300.48,137
2026-0005898,FX-1303,2026-06-17,Fenix,Luis Peñaloza,manual,sin_clasificar,3.0,500000.0,16,False,0,0,0.13576714,0.5371834802142019,medio,Priorizar seguimiento del asesor en 24 horas.,Luis Peñaloza,40288.76,138
2022-03415,CRUZ-1303,2022-07-12,Edificio Santa Cruz Infinite,Nelly Román Villavicencio,manual,sin_clasificar,3.0,527284.0,1452,False,0,0,0.06820992102927455,0.5074676953386185,medio,Priorizar seguimiento del asesor en 24 horas.,Nelly Román Villavicencio,40136.94,139
2025-01557,SL-1507,2025-03-18,Sialia,Nelly Román Villavicencio,manual,sin_clasificar,3.0,464347.82,472,False,0,0,0.09960154437679927,0.5758518733970015,medio,Priorizar seguimiento del asesor en 24 horas.,Nelly Román Villavicencio,40109.33,140
2025-01830,SL-1107,2025-03-27,Sialia,Antonio Martinez,manual,sin_clasificar,3.0,475152.86,463,False,0,0,0.09981650957546588,0.5625987570981278,medio,Priorizar seguimiento del asesor en 24 horas.,Antonio Martinez,40098.06,141
2025-06684,EEUU-704,2025-10-18,Edificio Urbanzen,Nelly Román Villavicencio,manual,sin_clasificar,3.0,642661.91,258,False,0,0,0.0,0.41529777759376685,medio,Priorizar seguimiento del asesor en 24 horas.,Nelly Román Villavicencio,40034.41,142
2025-05694,EEUU-1204,2025-09-13,Edificio Urbanzen,Nelly Román Villavicencio,manual,sin_clasificar,3.0,636330.27,293,False,0,0,0.0,0.4156421302108467,medio,Priorizar seguimiento del asesor en 24 horas.,Nelly Román Villavicencio,39672.85,143
2025-04329,MT-B805,2025-07-22,Matera,Joceline Arizabal Corimanya,manual,sin_clasificar,3.0,520000.0,346,False,0,0,0.09638642307692308,0.5073213317142832,medio,Priorizar seguimiento del asesor en 24 horas.,Joceline Arizabal Corimanya,39571.06,144
2024-02891,EEUU-1602,2024-10-05,Edificio Urbanzen,Luis Peñaloza,manual,sin_clasificar,3.0,502365.44,636,False,0,0,0.11111110668759379,0.5223373705034347,medio,Priorizar seguimiento del asesor en 24 horas.,Luis Peñaloza,39360.64,145
2022-03877,MA-1002,2021-12-27,Edificio Mariategui,Joceline Arizabal Corimanya,manual,sin_clasificar,0.0,566100.0,1649,False,0,0,0.0,0.4623305309266803,medio,Priorizar seguimiento del asesor en 24 horas.,Joceline Arizabal Corimanya,39258.8,146
2025-06790,TZ-403,2025-10-19,Tizón y Bueno,Antonio Martinez,manual,sin_clasificar,3.0,450000.0,257,False,0,0,0.10689777777777777,0.581499155683946,medio,Priorizar seguimiento del asesor en 24 horas.,Antonio Martinez,39251.19,147
2025-06196,MD-1705,2025-10-02,Modena,Joceline Arizabal Corimanya,manual,sin_clasificar,3.0,510000.02,274,False,0,0,0.16192548384605945,0.512910919725214,medio,Priorizar seguimiento del asesor en 24 horas.,Joceline Arizabal Corimanya,39237.69,148
2025-00405,SL-1407,2025-01-15,Sialia,Luis Peñaloza,manual,sin_clasificar,3.0,471499.08,534,False,0,0,0.09871565390965342,0.553730818926029,medio,Priorizar seguimiento del asesor en 24 horas.,Luis Peñaloza,39162.54,149
2022-02684,CUBA-1505,2022-05-11,Edificio Cuba Connect,Nelly Román Villavicencio,manual,sin_clasificar,3.0,678297.0,1514,False,0,0,0.03127096242501441,0.38478458250877884,bajo,Seguimiento comercial estándar.,Nelly Román Villavicencio,39149.73,150
2021-03342,CUBA-1203,2021-10-11,Edificio Cuba Connect,Nelly Román Villavicencio,manual,sin_clasificar,3.0,594000.0,1726,False,0,0,0.05702020202020202,0.43878943400993314,medio,Priorizar seguimiento del asesor en 24 horas.,Nelly Román Villavicencio,39096.14,151
2024-03321,SL-1504,2024-11-15,Sialia,Yomira  Pacheco,manual,sin_clasificar,3.0,466347.0,595,False,0,0,0.1363634804126541,0.556561732644079,medio,Priorizar seguimiento del asesor en 24 horas.,Yomira  Pacheco,38932.63,152
2024-02372,TZ-1002,2024-08-28,Tizón y Bueno,Ana Lucia DelSolar,manual,sin_clasificar,3.0,485116.46,674,False,0,0,0.11111111340151188,0.5346260587054843,medio,Priorizar seguimiento del asesor en 24 horas.,Ana Lucia DelSolar,38903.39,153
2022-03624,VALDIZAN-702,2022-06-25,Edificio Valdizan,Cinthia Román Villavicencio,manual,sin_clasificar,0.0,578300.0,1469,False,0,0,0.0,0.4483520305266534,medio,Priorizar seguimiento del asesor en 24 horas.,Cinthia Román Villavicencio,38892.3,154
2024-03377,MA-302,2024-11-20,Edificio Mariategui,Enzo Villanueva,manual,sin_clasificar,3.0,560600.0,590,False,0,0,0.06956831965750981,0.4618720558592087,medio,Priorizar seguimiento del asesor en 24 horas.,Enzo Villanueva,38838.82,155
2025-03385,MD-608,2025-06-10,Modena,Joceline Arizabal Corimanya,manual,sin_clasificar,3.0,508330.71,388,False,0,0,0.13636362831590482,0.5086257948704419,medio,Priorizar seguimiento del asesor en 24 horas.,Joceline Arizabal Corimanya,38782.52,156
2025-03843,MD-1002,2025-06-30,Modena,Joceline Arizabal Corimanya,manual,sin_clasificar,3.0,517063.73,368,True,0,0,0.1363636548245223,0.49990093234444183,medio,Priorizar seguimiento del asesor en 24 horas.,Joceline Arizabal Corimanya,38772.1,157
2024-03378,MA-502,2024-11-20,Edificio Mariategui,Enzo Villanueva,manual,sin_clasificar,3.0,526240.0,590,False,0,0,0.08695652173913043,0.49040492479625813,medio,Priorizar seguimiento del asesor en 24 horas.,Enzo Villanueva,38710.6,158
2025-01367,MD-1408,2025-03-15,Modena,Yomira  Pacheco,manual,sin_clasificar,3.0,490942.0,475,False,0,0,0.12242625401778622,0.5242288662428151,medio,Priorizar seguimiento del asesor en 24 horas.,Yomira  Pacheco,38604.9,159
2023-02270,TZ-107,2023-08-31,Tizón y Bueno,Enzo Villanueva,manual,sin_clasificar,3.0,591469.0,1037,False,0,0,0.133787231452536,0.43425972022323334,medio,Priorizar seguimiento del asesor en 24 horas.,Enzo Villanueva,38527.67,160
2022-03874,MA-802,2022-09-13,Edificio Mariategui,Cinthia Román Villavicencio,manual,sin_clasificar,3.0,545140.0,1389,False,0,0,0.04780423377481014,0.4709155626110553,medio,Priorizar seguimiento del asesor en 24 horas.,Cinthia Román Villavicencio,38507.24,161
2026-0003024,CP-A1001,2026-03-18,Capadocia,Antonio Martinez,manual,sin_clasificar,3.0,500000.0,107,False,0,0,0.19929262,0.5110275354926938,medio,Priorizar seguimiento del asesor en 24 horas.,Antonio Martinez,38327.07,162
2022-04061,ES-1205,2022-10-13,Edificio Saenz,Joceline Arizabal Corimanya,manual,sin_clasificar,2.0,528798.0,1359,True,0,0,0.07526881720430108,0.4809915659807635,medio,Priorizar seguimiento del asesor en 24 horas.,Joceline Arizabal Corimanya,38152.11,163
2020-02575,ES-104,2020-09-24,Edificio Saenz,Joceline Arizabal Corimanya,manual,sin_clasificar,3.0,693400.0,2108,False,0,0,0.0,0.36641285562039266,bajo,Seguimiento comercial estándar.,Joceline Arizabal Corimanya,38110.6,164
2024-03380,MA-403,2024-11-20,Edificio Mariategui,Enzo Villanueva,manual,sin_clasificar,3.0,557000.0,590,False,0,0,0.1098113105924596,0.4547597725381965,medio,Priorizar seguimiento del asesor en 24 horas.,Enzo Villanueva,37995.18,165
2025-03353,EEUU-1104,2025-06-08,Edificio Urbanzen,Antonio Martinez,manual,sin_clasificar,3.0,590000.0,390,True,0,0,0.0,0.4272533684832666,medio,Priorizar seguimiento del asesor en 24 horas.,Antonio Martinez,37811.92,166
2025-00806,TZ-703,2025-02-15,Tizón y Bueno,Yomira  Pacheco,manual,sin_clasificar,3.0,444355.0,503,False,0,0,0.10927200099019928,0.5664274223906812,medio,Priorizar seguimiento del asesor en 24 horas.,Yomira  Pacheco,37754.23,167
2025-03022,CP-B1202,2025-05-27,Capadocia,Nelly Román Villavicencio,manual,sin_clasificar,2.0,500000.0,402,False,0,0,0.21576026,0.5018045625830392,medio,Priorizar seguimiento del asesor en 24 horas.,Nelly Román Villavicencio,37635.34,168
2024-02357,CUBA-2001,2024-08-24,Edificio Cuba Connect,Ana Lucia DelSolar,manual,sin_clasificar,3.0,535443.78,678,False,0,0,0.07526881720430108,0.4683194109687771,medio,Priorizar seguimiento del asesor en 24 horas.,Ana Lucia DelSolar,37613.81,169
2025-05396,MT-B1106,2025-09-04,Matera,Percy Soto,manual,sin_clasificar,3.0,507405.0,302,False,0,0,0.1111105330061785,0.49386781536501523,medio,Priorizar seguimiento del asesor en 24 horas.,Percy Soto,37588.65,170
2024-00840,TZ-802,2024-05-02,Tizón y Bueno,Nelly Román Villavicencio,manual,sin_clasificar,3.0,471870.0,792,False,0,0,0.1111111111111111,0.5303257202690111,medio,Priorizar seguimiento del asesor en 24 horas.,Nelly Román Villavicencio,37536.72,171
2024-03381,TZ-1602,2024-11-17,Tizón y Bueno,Luis Peñaloza,manual,sin_clasificar,3.0,482630.48,593,False,0,0,0.1111111134133095,0.5172481283205418,medio,Priorizar seguimiento del asesor en 24 horas.,Luis Peñaloza,37445.96,172
2025-03345,MD-2005,2025-06-08,Modena,Ana Lucia DelSolar,manual,sin_clasificar,3.0,500000.0,390,False,0,0,0.16312672,0.49916262442515524,medio,Priorizar seguimiento del asesor en 24 horas.,Ana Lucia DelSolar,37437.2,173
2025-00786,TZ-803,2025-02-11,Tizón y Bueno,Luis Peñaloza,manual,sin_clasificar,3.0,449798.0,507,False,0,0,0.09337524844485746,0.5545810070898953,medio,Priorizar seguimiento del asesor en 24 horas.,Luis Peñaloza,37417.41,174
2024-02917,GY-402,2024-10-06,Alicanto,Ana Lucia DelSolar,manual,sin_clasificar,3.0,497049.0,635,False,0,0,0.13636353759890876,0.5002650197377096,medio,Priorizar seguimiento del asesor en 24 horas.,Ana Lucia DelSolar,37298.43,175
2025-06514,TZ-704,2025-10-12,Tizón y Bueno,Ivan La Riva,manual,sin_clasificar,3.0,469088.72,264,False,0,0,0.11111111347976989,0.5293736777936429,medio,Priorizar seguimiento del asesor en 24 horas.,Ivan La Riva,37248.48,176
2022-02556,CRUZ-1703,2022-04-25,Edificio Santa Cruz Infinite,Enzo Villanueva,manual,sin_clasificar,3.0,901100.0,1530,False,0,0,0.0,0.27280225855408274,bajo,Seguimiento comercial estándar.,Enzo Villanueva,36873.32,177
2026-0004900,SL-302,2025-10-20,Sialia,Nelly Román Villavicencio,manual,sin_clasificar,2.0,440129.34,256,False,0,0,0.1111111111111111,0.5552338779391568,medio,Priorizar seguimiento del asesor en 24 horas.,Nelly Román Villavicencio,36656.21,178
2025-04608,MT-B806,2025-08-08,Matera,Percy Soto,manual,sin_clasificar,3.0,510000.0,329,False,0,0,0.12147803921568628,0.47836814573821357,medio,Priorizar seguimiento del asesor en 24 horas.,Percy Soto,36595.16,179
2025-01881,TZ-503,2025-04-02,Tizón y Bueno,Yomira  Pacheco,manual,sin_clasificar,3.0,436600.0,457,False,0,0,0.12383570774163995,0.556054887294405,medio,Priorizar seguimiento del asesor en 24 horas.,Yomira  Pacheco,36416.03,180
2022-02697,CRUZ-1206,2022-05-12,Edificio Santa Cruz Infinite,Joceline Arizabal Corimanya,manual,sin_clasificar,3.0,505875.0,1513,True,0,0,0.05263157894736842,0.4794131892563128,medio,Priorizar seguimiento del asesor en 24 horas.,Joceline Arizabal Corimanya,36378.47,181
2024-03235,EEUU-1102,2024-11-07,Edificio Urbanzen,Ivan La Riva,manual,sin_clasificar,3.0,499750.87,603,False,0,0,0.11177811456336234,0.48502859843591895,medio,Priorizar seguimiento del asesor en 24 horas.,Ivan La Riva,36359.02,182
2022-00968,CUBA-1503,2022-02-10,Edificio Cuba Connect,Nelly Román Villavicencio,manual,sin_clasificar,3.0,648354.4,1604,False,0,0,0.03876830326130277,0.3735058258518941,bajo,Seguimiento comercial estándar.,Nelly Román Villavicencio,36324.62,183
2022-00970,CUBA-1403,2022-02-10,Edificio Cuba Connect,Nelly Román Villavicencio,manual,sin_clasificar,3.0,648354.4,1604,False,0,0,0.03876830326130277,0.3735058258518941,bajo,Seguimiento comercial estándar.,Nelly Román Villavicencio,36324.62,184
2025-03446,GY-606,2025-06-14,Alicanto,Yomira  Pacheco,manual,sin_clasificar,3.0,453000.0,384,False,0,0,0.14072324503311257,0.5339638360459589,medio,Priorizar seguimiento del asesor en 24 horas.,Yomira  Pacheco,36282.84,185
2025-02776,TZ-404,2025-05-18,Tizón y Bueno,Ivan La Riva,manual,sin_clasificar,3.0,453200.0,411,False,0,0,0.11111112091791703,0.533054065463585,medio,Priorizar seguimiento del asesor en 24 horas.,Ivan La Riva,36237.02,186
2024-03436,SL-807,2024-11-23,Sialia,Yomira  Pacheco,manual,sin_clasificar,3.0,430300.0,587,False,0,0,0.13370169649082034,0.5606655460035114,medio,Priorizar seguimiento del asesor en 24 horas.,Yomira  Pacheco,36188.16,187
2022-03548,CUBA-1706,2022-08-12,Edificio Cuba Connect,Nelly Román Villavicencio,manual,sin_clasificar,3.0,557934.18,1421,False,0,0,0.06382978723404255,0.43190061667886975,medio,Priorizar seguimiento del asesor en 24 horas.,Nelly Román Villavicencio,36145.82,188
2021-04033,CRUZ-604,2021-11-25,Edificio Santa Cruz Infinite,Nelly Román Villavicencio,manual,sin_clasificar,3.0,522160.0,1681,False,0,0,0.03799601654665237,0.46125469887120374,medio,Priorizar seguimiento del asesor en 24 horas.,Nelly Román Villavicencio,36127.31,189
2022-03827,CUBA-1304,2022-09-05,Edificio Cuba Connect,Joceline Arizabal Corimanya,manual,sin_clasificar,3.0,550101.15,1397,True,0,0,0.06219919736579354,0.43510282537785155,medio,Priorizar seguimiento del asesor en 24 horas.,Joceline Arizabal Corimanya,35902.58,190
2022-03997,MA-1702,2022-09-29,Edificio Mariategui,Joceline Arizabal Corimanya,manual,sin_clasificar,3.0,500100.0,1373,True,0,0,0.033993201359728054,0.4772380113265547,medio,Priorizar seguimiento del asesor en 24 horas.,Joceline Arizabal Corimanya,35800.01,191
2024-03169,TZ-1404,2024-10-30,Tizón y Bueno,Sonia Paredes,manual,sin_clasificar,3.0,455792.42,611,False,0,0,0.11111110623559733,0.5227494707029308,medio,Priorizar seguimiento del asesor en 24 horas.,Sonia Paredes,35739.79,192
2022-00972,CUBA-401,2022-02-10,Edificio Cuba Connect,Nelly Román Villavicencio,manual,sin_clasificar,3.0,643585.12,1604,False,0,0,0.043602437545479614,0.3684272707658425,bajo,Seguimiento comercial estándar.,Nelly Román Villavicencio,35567.15,193
2025-01715,TZ-1007,2025-03-24,Tizón y Bueno,Nelly Román Villavicencio,manual,sin_clasificar,3.0,464575.0,466,False,0,0,0.12306947209815422,0.5100671992050897,medio,Priorizar seguimiento del asesor en 24 horas.,Nelly Román Villavicencio,35544.67,194
2022-03879,CUBA-1504,2022-09-13,Edificio Cuba Connect,Nelly Román Villavicencio,manual,sin_clasificar,3.0,540000.0,1389,False,0,0,0.08206851851851851,0.438675312569889,medio,Priorizar seguimiento del asesor en 24 horas.,Nelly Román Villavicencio,35532.7,195
2024-02475,GY-601,2024-09-03,Alicanto,Luis Peñaloza,manual,sin_clasificar,3.0,478769.05,668,False,0,0,0.11111110879034473,0.4946924960912387,medio,Priorizar seguimiento del asesor en 24 horas.,Luis Peñaloza,35526.52,196
2025-04486,CP-B1106,2025-07-30,Capadocia,Nelly Román Villavicencio,manual,sin_clasificar,3.0,486061.27,338,False,0,0,0.17224923104858775,0.48724671496695265,medio,Priorizar seguimiento del asesor en 24 horas.,Nelly Román Villavicencio,35524.76,197
2022-03681,CRUZ-903,2022-08-31,Edificio Santa Cruz Infinite,Nelly Román Villavicencio,manual,sin_clasificar,3.0,504735.0,1402,False,0,0,0.05263157894736842,0.46854439118129626,medio,Priorizar seguimiento del asesor en 24 horas.,Nelly Román Villavicencio,35473.61,198
2021-03274,CUBA-301,2021-09-22,Edificio Cuba Connect,Nelly Román Villavicencio,manual,sin_clasificar,3.0,541594.0,1745,False,0,0,0.07489743239400731,0.43480805341897594,medio,Priorizar seguimiento del asesor en 24 horas.,Nelly Román Villavicencio,35323.41,199
2025-04552,TZ-507,2025-08-04,Tizón y Bueno,Ana Lucia DelSolar,manual,sin_clasificar,3.0,471000.0,333,False,0,0,0.11664779193205944,0.49875694825579503,medio,Priorizar seguimiento del asesor en 24 horas.,Ana Lucia DelSolar,35237.18,200
2024-03405,TZ-1604,2024-11-22,Tizón y Bueno,Luis Peñaloza,manual,sin_clasificar,3.0,464392.0,588,False,0,0,0.10997467656634911,0.5048923083794433,medio,Priorizar seguimiento del asesor en 24 horas.,Luis Peñaloza,35170.19,201
2025-03199,TZ-904,2025-06-06,Tizón y Bueno,Nelly Román Villavicencio,manual,sin_clasificar,3.0,431200.0,392,False,0,0,0.11111110853432282,0.5426554741020372,medio,Priorizar seguimiento del asesor en 24 horas.,Nelly Román Villavicencio,35098.96,202
2024-03374,GY-301,2024-11-19,Alicanto,Enzo Villanueva,manual,sin_clasificar,3.0,547894.71,591,False,0,0,0.2030136958248785,0.42593815833260873,medio,Priorizar seguimiento del asesor en 24 horas.,Enzo Villanueva,35005.39,203
2021-05013,CUBA-603,2021-12-09,Edificio Cuba Connect,Nelly Román Villavicencio,manual,sin_clasificar,3.0,626529.92,1667,False,0,0,0.03834147298184898,0.3716578478445036,bajo,Seguimiento comercial estándar.,Nelly Román Villavicencio,34928.21,204
2026-0002159,MD-403,2025-07-27,Modena,Nelly Román Villavicencio,manual,sin_clasificar,2.0,492226.48,341,False,0,0,0.12294131351893138,0.4716935747691602,medio,Priorizar seguimiento del asesor en 24 horas.,Nelly Román Villavicencio,34827.01,205
2022-03644,CRUZ-904,2022-08-28,Edificio Santa Cruz Infinite,Cinthia Román Villavicencio,manual,sin_clasificar,3.0,553022.0,1405,False,0,0,0.057914513346666134,0.4193070854590079,medio,Priorizar seguimiento del asesor en 24 horas.,Cinthia Román Villavicencio,34782.91,206
2025-01250,FX-703,2025-03-17,Fenix,Ana Lucia DelSolar,manual,sin_clasificar,3.0,470075.12,473,False,0,0,0.10995289433739867,0.4926826839918589,medio,Priorizar seguimiento del asesor en 24 horas.,Ana Lucia DelSolar,34739.68,207
2025-04481,TZ-907,2025-08-01,Tizón y Bueno,Ivan La Riva,manual,sin_clasificar,3.0,460000.0,336,False,0,0,0.11721652173913043,0.5034720332721119,medio,Priorizar seguimiento del asesor en 24 horas.,Ivan La Riva,34739.57,208
2025-02169,SL-707,2025-04-15,Sialia,Luis Peñaloza,manual,sin_clasificar,3.0,437457.9,444,False,0,0,0.11111110349133024,0.5278853927122611,medio,Priorizar seguimiento del asesor en 24 horas.,Luis Peñaloza,34639.15,209
2026-0004773,SL-1006,2026-05-17,Sialia,Yomira  Pacheco,manual,sin_clasificar,3.0,414400.0,47,False,0,0,0.11544418436293437,0.5567061932195959,medio,Priorizar seguimiento del asesor en 24 horas.,Yomira  Pacheco,34604.86,210
2022-01102,CUBA-1004,2022-02-16,Edificio Cuba Connect,Nelly Román Villavicencio,manual,sin_clasificar,3.0,622071.52,1598,False,0,0,0.038645845738123484,0.36996895615218506,bajo,Seguimiento comercial estándar.,Nelly Román Villavicencio,34522.07,211
2024-01432,TZ-1202,2024-06-10,Tizón y Bueno,Ivan La Riva,manual,sin_clasificar,3.0,456670.0,753,False,0,0,0.12072174655659448,0.5034720332721119,medio,Priorizar seguimiento del asesor en 24 horas.,Ivan La Riva,34488.09,212
2024-03117,SL-904,2024-10-26,Sialia,Joceline Arizabal Corimanya,manual,sin_clasificar,3.0,511642.69,615,False,0,0,0.0,0.449101350794683,medio,Priorizar seguimiento del asesor en 24 horas.,Joceline Arizabal Corimanya,34466.91,213
2025-05327,CP-B905,2025-08-31,Capadocia,Percy Soto,manual,sin_clasificar,2.0,467454.0,306,False,0,0,0.09890209517941873,0.49028770366743296,medio,Priorizar seguimiento del asesor en 24 horas.,Percy Soto,34378.04,214
2024-03180,TZ-1507,2024-11-01,Tizón y Bueno,Luis Peñaloza,manual,sin_clasificar,3.0,449329.97,609,False,0,0,0.11111110616547569,0.5099949609027584,medio,Priorizar seguimiento del asesor en 24 horas.,Luis Peñaloza,34373.4,215
2024-03609,GY-1402,2024-11-29,Alicanto,Yomira  Pacheco,manual,sin_clasificar,3.0,510300.0,581,False,0,0,0.0,0.4483468198733887,medio,Priorizar seguimiento del asesor en 24 horas.,Yomira  Pacheco,34318.71,216
2025-07527,MD-101,2025-11-14,Modena,Yomira  Pacheco,manual,sin_clasificar,2.0,430000.0,231,False,0,0,0.1480296046511628,0.5312938858371157,medio,Priorizar seguimiento del asesor en 24 horas.,Yomira  Pacheco,34268.46,217
2026-0004774,SL-406,2026-05-17,Sialia,Yomira  Pacheco,manual,sin_clasificar,3.0,405000.0,47,False,0,0,0.13032017283950617,0.5639335955897873,medio,Priorizar seguimiento del asesor en 24 horas.,Yomira  Pacheco,34258.97,218
2026-0001431,FX-205,2026-02-07,Fenix,Antonio Martinez,manual,sin_clasificar,3.0,469000.0,146,False,0,0,0.10859441364605543,0.4863979575871658,medio,Priorizar seguimiento del asesor en 24 horas.,Antonio Martinez,34218.1,219
2025-04089,FX-601,2025-07-09,Fenix,Luis Peñaloza,manual,sin_clasificar,3.0,456419.52,359,False,0,0,0.1111111111111111,0.4997197922496636,medio,Priorizar seguimiento del asesor en 24 horas.,Luis Peñaloza,34212.28,220
2025-07404,CP-B706,2025-11-09,Capadocia,Luis Peñaloza,manual,sin_clasificar,3.0,454582.92,236,False,0,0,0.1764705765891952,0.5013498632748865,medio,Priorizar seguimiento del asesor en 24 horas.,Luis Peñaloza,34185.76,221
2019-00009,URT-1002,2019-10-03,Los Jardines de Urteaga,Jackeline Espichan Medina,manual,sin_clasificar,3.0,571160.0,2465,True,0,0,0.035016457735135516,0.39901067923087113,bajo,Seguimiento comercial estándar.,Jackeline Espichan Medina,34184.84,222
2025-00952,TZ-1303,2025-02-22,Tizón y Bueno,Luis Peñaloza,manual,sin_clasificar,2.0,417134.34,496,False,0,0,0.09788275882537026,0.5461740762079488,medio,Priorizar seguimiento del asesor en 24 horas.,Luis Peñaloza,34174.19,223
2022-03423,CUBA-1903,2022-07-12,Edificio Cuba Connect,Nelly Román Villavicencio,manual,sin_clasificar,3.0,622964.2,1452,False,0,0,0.04899446870301696,0.3652130165980456,bajo,Seguimiento comercial estándar.,Nelly Román Villavicencio,34127.2,224
2021-01742,CRUZ-206,2021-08-18,Edificio Santa Cruz Infinite,Cinthia Román Villavicencio,manual,sin_clasificar,3.0,536751.0,1780,False,0,0,0.07506087552701346,0.42300392271490045,medio,Priorizar seguimiento del asesor en 24 horas.,Cinthia Román Villavicencio,34057.17,225
2025-06634,TZ-205,2025-10-16,Tizón y Bueno,Nelly Román Villavicencio,manual,sin_clasificar,2.0,428184.0,260,False,0,0,0.1111111111111111,0.5292194553118291,medio,Priorizar seguimiento del asesor en 24 horas.,Nelly Román Villavicencio,33990.5,226
2021-03275,CUBA-706,2021-09-22,Edificio Cuba Connect,Nelly Román Villavicencio,manual,sin_clasificar,3.0,609523.2,1745,False,0,0,0.03838541338541339,0.37176788497689406,bajo,Seguimiento comercial estándar.,Nelly Román Villavicencio,33990.17,227
2025-0008055,MD-1008,2025-11-16,Modena,Ana Lucia DelSolar,manual,sin_clasificar,3.0,479729.0,229,False,0,0,0.14942450842037902,0.4713242186878967,medio,Priorizar seguimiento del asesor en 24 horas.,Ana Lucia DelSolar,33916.18,228
2025-03796,TZ-804,2025-06-24,Tizón y Bueno,Luis Peñaloza,manual,sin_clasificar,3.0,466000.0,374,False,0,0,0.11197296137339056,0.48517915677639506,medio,Priorizar seguimiento del asesor en 24 horas.,Luis Peñaloza,33914.02,229
2026-0001124,FX-1602,2026-01-29,Fenix,Nelly Román Villavicencio,manual,sin_clasificar,2.0,432134.0,155,False,0,0,0.10463134120434865,0.5225637269283742,medio,Priorizar seguimiento del asesor en 24 horas.,Nelly Román Villavicencio,33872.63,230
2024-03173,FX-903,2024-10-31,Fenix,Sonia Paredes,manual,sin_clasificar,3.0,439418.07,610,False,0,0,0.07761385415943409,0.5138893504358922,medio,Priorizar seguimiento del asesor en 24 horas.,Sonia Paredes,33871.84,231
2022-03626,CUBA-403,2022-07-07,Edificio Cuba Connect,Nelly Román Villavicencio,manual,sin_clasificar,3.0,664298.0,1457,False,0,0,0.0,0.33989920387094064,bajo,Seguimiento comercial estándar.,Nelly Román Villavicencio,33869.15,232
2026-0002138,SL-1505,2026-03-01,Sialia,Luis Peñaloza,manual,sin_clasificar,3.0,426132.0,124,False,0,0,0.1111111111111111,0.5291272227776206,medio,Priorizar seguimiento del asesor en 24 horas.,Luis Peñaloza,33821.71,233
2025-04532,CP-B1006,2025-08-03,Capadocia,Luis Peñaloza,manual,sin_clasificar,3.0,463000.0,334,False,0,0,0.1358300647948164,0.4867300134551273,medio,Priorizar seguimiento del asesor en 24 horas.,Luis Peñaloza,33803.4,234
2022-02099,CUBA-504,2022-04-01,Edificio Cuba Connect,Nelly Román Villavicencio,manual,sin_clasificar,3.0,599175.79,1554,False,0,0,0.03092783505154639,0.3743135706687405,bajo,Seguimiento comercial estándar.,Nelly Román Villavicencio,33641.94,235
2021-05014,CUBA-703,2021-12-09,Edificio Cuba Connect,Nelly Román Villavicencio,manual,sin_clasificar,3.0,616524.4,1667,False,0,0,0.04870464169787927,0.3636737098354844,bajo,Seguimiento comercial estándar.,Nelly Román Villavicencio,33632.06,236
2024-01189,TZ-701,2024-05-24,Tizón y Bueno,Ana Lucia DelSolar,manual,sin_clasificar,2.0,402083.0,770,False,0,0,0.09858661022724163,0.5575650506443542,medio,Priorizar seguimiento del asesor en 24 horas.,Ana Lucia DelSolar,33628.11,237
2025-0008073,FX-305,2025-11-16,Fenix,Antonio Martinez,manual,sin_clasificar,3.0,457000.0,229,False,0,0,0.11017652078774616,0.48912012863712656,medio,Priorizar seguimiento del asesor en 24 horas.,Antonio Martinez,33529.18,238
2026-0004699,SL-908,2026-05-17,Sialia,Yomira  Pacheco,manual,sin_clasificar,3.0,391000.0,47,False,0,0,0.11100920716112532,0.5692010968589696,medio,Priorizar seguimiento del asesor en 24 horas.,Yomira  Pacheco,33383.64,239
2025-03009,SL-905,2025-05-27,Sialia,Nelly Román Villavicencio,manual,sin_clasificar,3.0,408856.0,402,False,0,0,0.1442740965034144,0.543765272660706,medio,Priorizar seguimiento del asesor en 24 horas.,Nelly Román Villavicencio,33348.25,240
2025-04702,TZ-603,2025-08-11,Tizón y Bueno,Luis Peñaloza,manual,sin_clasificar,3.0,435841.0,326,False,0,0,0.11111111620981046,0.5099949609027584,medio,Priorizar seguimiento del asesor en 24 horas.,Luis Peñaloza,33341.51,241
2025-07163,FX-805,2025-10-31,Fenix,Nelly Román Villavicencio,manual,sin_clasificar,3.0,462000.0,245,False,0,0,0.15481246753246752,0.47956372591060237,medio,Priorizar seguimiento del asesor en 24 horas.,Nelly Román Villavicencio,33233.77,242
2025-01113,SL-1307,2025-03-06,Sialia,Nelly Román Villavicencio,manual,sin_clasificar,3.0,400000.0,484,False,0,0,0.170973175,0.553140174821193,medio,Priorizar seguimiento del asesor en 24 horas.,Nelly Román Villavicencio,33188.41,243
2022-00216,CUBA-903,2022-01-06,Edificio Cuba Connect,Jackeline Espichan Medina,manual,sin_clasificar,3.0,646344.0,1639,False,0,0,0.0,0.34182900016453727,bajo,Seguimiento comercial estándar.,Jackeline Espichan Medina,33140.87,244
2019-00046,ES-1102,2019-12-20,Edificio Saenz,Joceline Arizabal Corimanya,manual,sin_clasificar,3.0,508200.0,2387,False,0,0,0.03935458480913026,0.4342940181895903,medio,Priorizar seguimiento del asesor en 24 horas.,Joceline Arizabal Corimanya,33106.23,245
2024-03669,FX-403,2024-12-04,Fenix,Nelly Román Villavicencio,manual,sin_clasificar,3.0,472226.0,576,False,0,0,0.11404181472430575,0.4668228097818359,medio,Priorizar seguimiento del asesor en 24 horas.,Nelly Román Villavicencio,33066.88,246
2026-0004992,CP-B1207,2026-05-22,Capadocia,Antonio Martinez,manual,sin_clasificar,3.0,465000.0,42,False,0,0,0.15431741935483873,0.4736226868700776,medio,Priorizar seguimiento del asesor en 24 horas.,Antonio Martinez,33035.18,247
2024-01018,TZ-801,2024-05-16,Tizón y Bueno,Luis Peñaloza,manual,sin_clasificar,2.0,402710.0,778,False,0,0,0.09729085446102655,0.5452873875390819,medio,Priorizar seguimiento del asesor en 24 horas.,Luis Peñaloza,32938.9,248
2025-01080,SL-1607,2025-02-21,Sialia,Luis Peñaloza,manual,sin_clasificar,3.0,413596.56,497,False,0,0,0.1111111030517275,0.5287554631710523,medio,Priorizar seguimiento del asesor en 24 horas.,Luis Peñaloza,32803.72,249
2025-02557,GY-1202,2025-05-09,Alicanto,Nelly Román Villavicencio,manual,sin_clasificar,3.0,460000.0,420,False,0,0,0.13970252173913045,0.4753811765424954,medio,Priorizar seguimiento del asesor en 24 horas.,Nelly Román Villavicencio,32801.3,250
2025-02240,MD-2208,2025-04-24,Modena,Yomira  Pacheco,manual,sin_clasificar,3.0,419800.0,435,False,0,0,0.10927117675083373,0.5207623769409359,medio,Priorizar seguimiento del asesor en 24 horas.,Yomira  Pacheco,32792.41,251
2025-00988,FX-1103,2025-02-20,Fenix,Yomira  Pacheco,manual,sin_clasificar,3.0,409900.0,498,False,0,0,0.11103674066845572,0.5323510568365312,medio,Priorizar seguimiento del asesor en 24 horas.,Yomira  Pacheco,32731.6,252
2025-01707,TZ-504,2025-03-24,Tizón y Bueno,Ivan La Riva,manual,sin_clasificar,3.0,409689.0,466,False,0,0,0.21555619018328537,0.5316698637869478,medio,Priorizar seguimiento del asesor en 24 horas.,Ivan La Riva,32672.89,253
2025-03088,MD-1308,2025-05-30,Modena,Antonio Martinez,manual,sin_clasificar,3.0,510000.0,399,False,0,0,0.0,0.4251927459060614,medio,Priorizar seguimiento del asesor en 24 horas.,Antonio Martinez,32527.25,254
2025-01225,SL-405,2025-03-14,Sialia,Luis Peñaloza,manual,sin_clasificar,3.0,417000.0,476,False,0,0,0.13544364508393286,0.5193876610449372,medio,Priorizar seguimiento del asesor en 24 horas.,Luis Peñaloza,32487.7,255
2026-0005846,FX-505,2026-06-17,Fenix,Karlo  Vargas,manual,sin_clasificar,3.0,456248.6,16,True,0,0,0.11841706473181508,0.4727677613198735,medio,Priorizar seguimiento del asesor en 24 horas.,Karlo  Vargas,32354.94,256
2026-0005412,FX-402,2026-06-06,Fenix,Nelly Román Villavicencio,manual,sin_clasificar,2.0,438509.0,27,False,0,0,0.11111042190696199,0.49179925695422366,medio,Priorizar seguimiento del asesor en 24 horas.,Nelly Román Villavicencio,32348.76,257
2024-03880,FX-1501,2024-12-30,Fenix,Nelly Román Villavicencio,manual,sin_clasificar,3.0,450000.0,550,False,0,0,0.14144306666666667,0.47639816346180813,medio,Priorizar seguimiento del asesor en 24 horas.,Nelly Román Villavicencio,32156.88,258
2022-02050,VALDIZAN-303,2022-03-30,Edificio Valdizan,Enzo Villanueva,manual,sin_clasificar,0.0,670850.0,1556,False,0,0,0.0,0.318468501643474,bajo,Seguimiento comercial estándar.,Enzo Villanueva,32046.69,259
2025-04442,FX-1101,2025-07-30,Fenix,Antonio Martinez,manual,sin_clasificar,3.0,505000.0,338,False,0,0,0.0,0.42298071271521476,medio,Priorizar seguimiento del asesor en 24 horas.,Antonio Martinez,32040.79,260
2025-06716,TZ-206,2025-10-18,Tizón y Bueno,Luis Peñaloza,manual,sin_clasificar,2.0,440000.0,258,False,0,0,0.1119085909090909,0.48515809606894106,medio,Priorizar seguimiento del asesor en 24 horas.,Luis Peñaloza,32020.43,261
2025-01490,CP-B1205,2025-03-16,Capadocia,Ana Lucia DelSolar,manual,sin_clasificar,2.0,436000.0,474,False,0,0,0.16232935779816515,0.4885508578850869,medio,Priorizar seguimiento del asesor en 24 horas.,Ana Lucia DelSolar,31951.23,262
2026-0003845,FX-502,2026-04-22,Fenix,Luis Peñaloza,manual,sin_clasificar,2.0,428508.33,72,False,0,0,0.11111111889003418,0.49705837983328166,medio,Priorizar seguimiento del asesor en 24 horas.,Luis Peñaloza,31949.05,263
2025-00941,FX-1503,2025-02-23,Fenix,Yomira  Pacheco,manual,sin_clasificar,3.0,399600.0,495,False,0,0,0.1110277027027027,0.5315575807503158,medio,Priorizar seguimiento del asesor en 24 horas.,Yomira  Pacheco,31861.56,264
2025-05651,MT-A201,2025-09-12,Matera,Nelly Román Villavicencio,manual,sin_clasificar,2.0,503892.52,294,False,0,0,0.0684984170830716,0.42136850216622235,medio,Priorizar seguimiento del asesor en 24 horas.,Nelly Román Villavicencio,31848.67,265
2025-0008404,MD-904,2025-11-26,Modena,Yomira  Pacheco,manual,sin_clasificar,2.0,391800.0,219,False,0,0,0.14939954058192956,0.5414051392381953,medio,Priorizar seguimiento del asesor en 24 horas.,Yomira  Pacheco,31818.38,266
2025-01619,TZ-604,2025-03-21,Tizón y Bueno,Luis Peñaloza,manual,sin_clasificar,3.0,409089.0,469,False,0,0,0.2010426337545131,0.5184447676147469,medio,Priorizar seguimiento del asesor en 24 horas.,Luis Peñaloza,31813.51,267
2025-05765,NP-A2406,2025-09-17,Torre Nápoles,Luis Peñaloza,manual,sin_clasificar,3.0,395619.4,289,False,0,0,0.09812162902021487,0.5359341965697035,medio,Priorizar seguimiento del asesor en 24 horas.,Luis Peñaloza,31803.89,268
2025-02898,TZ-1304,2025-05-22,Tizón y Bueno,Luis Peñaloza,manual,sin_clasificar,3.0,414700.0,407,False,0,0,0.11111111646973716,0.5112367909681179,medio,Priorizar seguimiento del asesor en 24 horas.,Luis Peñaloza,31801.48,269
2025-02399,CP-B1105,2025-04-28,Capadocia,Ana Lucia DelSolar,manual,sin_clasificar,2.0,444000.0,431,False,0,0,0.1465746171171171,0.4772308837490946,medio,Priorizar seguimiento del asesor en 24 horas.,Ana Lucia DelSolar,31783.58,270
2025-0008388,MT-A1009,2025-11-25,Matera,Percy Soto,manual,sin_clasificar,3.0,546524.0,220,False,0,0,0.0,0.38675389893106704,bajo,Seguimiento comercial estándar.,Percy Soto,31705.54,271
2025-0008376,MD-1004,2025-11-25,Modena,Yomira  Pacheco,manual,sin_clasificar,2.0,390000.0,220,False,0,0,0.1493832564102564,0.5414051392381953,medio,Priorizar seguimiento del asesor en 24 horas.,Yomira  Pacheco,31672.2,272
2025-01489,FX-905,2025-03-16,Fenix,Ana Lucia DelSolar,manual,sin_clasificar,3.0,442300.0,474,False,0,0,0.11865430703142664,0.477228503380182,medio,Priorizar seguimiento del asesor en 24 horas.,Ana Lucia DelSolar,31661.73,273
2026-0005384,CP-B808,2026-06-04,Capadocia,Nelly Román Villavicencio,manual,sin_clasificar,2.0,448166.83,29,False,0,0,0.1202689855471901,0.4702261548411734,medio,Priorizar seguimiento del asesor en 24 horas.,Nelly Román Villavicencio,31610.96,274
2026-0003842,FX-702,2026-04-22,Fenix,Luis Peñaloza,manual,sin_clasificar,2.0,423776.54,72,False,0,0,0.11111110586725731,0.49705837983328166,medio,Priorizar seguimiento del asesor en 24 horas.,Luis Peñaloza,31596.25,275
2025-06776,MD-603,2025-10-19,Modena,Luis Peñaloza,manual,sin_clasificar,2.0,416969.99,257,False,0,0,0.14942528597801488,0.5051490061183752,medio,Priorizar seguimiento del asesor en 24 horas.,Luis Peñaloza,31594.8,276
2026-0005915,SL-303,2026-06-17,Sialia,Yomira  Pacheco,manual,sin_clasificar,2.0,372021.0,16,False,0,0,0.11110813636864585,0.5648620653462764,medio,Priorizar seguimiento del asesor en 24 horas.,Yomira  Pacheco,31521.08,277
2020-02586,ES-601,2020-09-25,Edificio Saenz,Joceline Arizabal Corimanya,manual,sin_clasificar,3.0,504500.0,2107,True,0,0,0.06481665014866204,0.4160701834670573,medio,Priorizar seguimiento del asesor en 24 horas.,Joceline Arizabal Corimanya,31486.11,278
2025-04314,TZ-307,2025-07-22,Tizón y Bueno,Joceline Arizabal Corimanya,manual,sin_clasificar,3.0,478756.0,346,False,0,0,0.11111269623774951,0.43771419445714516,medio,Priorizar seguimiento del asesor en 24 horas.,Joceline Arizabal Corimanya,31433.74,279
2025-00783,FX-404,2025-02-13,Fenix,Luis Peñaloza,manual,sin_clasificar,2.0,401527.5,505,False,0,0,0.09633419877841493,0.5217577895160881,medio,Priorizar seguimiento del asesor en 24 horas.,Luis Peñaloza,31425.02,280
2024-03356,TZ-1103,2024-11-18,Tizón y Bueno,Ana Lucia DelSolar,manual,sin_clasificar,3.0,390703.97,592,False,0,0,0.11111110542337209,0.5349567609913966,medio,Priorizar seguimiento del asesor en 24 horas.,Ana Lucia DelSolar,31351.46,281
2025-0008318,SL-1406,2025-11-23,Sialia,Ivan La Riva,manual,sin_clasificar,3.0,400300.72,222,False,0,0,0.1165165528555632,0.5203159004673249,medio,Priorizar seguimiento del asesor en 24 horas.,Ivan La Riva,31242.42,282
2025-01540,MD-704,2025-03-16,Modena,Ivan La Riva,manual,sin_clasificar,2.0,421512.3,474,False,0,0,0.1111111111111111,0.49109373694277725,medio,Priorizar seguimiento del asesor en 24 horas.,Ivan La Riva,31050.31,283
2022-02052,VALDIZAN-502,2022-03-30,Edificio Valdizan,Enzo Villanueva,manual,sin_clasificar,0.0,648250.0,1556,False,0,0,0.0,0.31792965452567956,bajo,Seguimiento comercial estándar.,Enzo Villanueva,30914.68,284
2025-02135,TZ-1104,2025-04-14,Tizón y Bueno,Luis Peñaloza,manual,sin_clasificar,3.0,420000.0,445,False,0,0,0.1132275238095238,0.49041038176242313,medio,Priorizar seguimiento del asesor en 24 horas.,Luis Peñaloza,30895.85,285
2025-03031,TZ-1004,2025-05-28,Tizón y Bueno,Luis Peñaloza,manual,sin_clasificar,3.0,409089.0,401,False,0,0,0.16573383786902116,0.5033835063897617,medio,Priorizar seguimiento del asesor en 24 horas.,Luis Peñaloza,30889.3,286
2020-00098,URT-1801,2020-03-23,Los Jardines de Urteaga,Jackeline Espichan Medina,manual,sin_clasificar,3.0,645995.0,2293,False,0,0,0.01934999496900131,0.31871054433906165,bajo,Seguimiento comercial estándar.,Jackeline Espichan Medina,30882.81,287
2021-03825,CRUZ-403,2021-11-25,Edificio Santa Cruz Infinite,Cinthia Román Villavicencio,manual,sin_clasificar,3.0,531392.0,1681,False,0,0,0.03821660845477538,0.3862862603521356,bajo,Seguimiento comercial estándar.,Cinthia Román Villavicencio,30790.41,288
2023-01970,TZ-105,2023-09-09,Tizón y Bueno,Joceline Arizabal Corimanya,manual,sin_clasificar,2.0,463579.2,1028,True,0,0,0.11111111111111112,0.4415884547362205,medio,Priorizar seguimiento del asesor en 24 horas.,Joceline Arizabal Corimanya,30706.68,289
2025-03095,MD-1504,2025-05-31,Modena,Antonio Martinez,manual,sin_clasificar,2.0,432600.0,398,False,0,0,0.11928791030975497,0.47294068054395694,medio,Priorizar seguimiento del asesor en 24 horas.,Antonio Martinez,30689.12,290
2025-0008575,MD-804,2025-10-31,Modena,Luis Peñaloza,manual,sin_clasificar,2.0,387010.83,245,False,0,0,0.1689854002276887,0.5267694471864844,medio,Priorizar seguimiento del asesor en 24 horas.,Luis Peñaloza,30579.82,291
2026-0004436,SL-808,2026-05-11,Sialia,Karlo  Vargas,manual,sin_clasificar,3.0,393623.76,53,True,0,0,0.11111110264278762,0.5178110217819518,medio,Priorizar seguimiento del asesor en 24 horas.,Karlo  Vargas,30573.41,292
2022-04243,MA-1503,2022-11-10,Edificio Mariategui,Cinthia Román Villavicencio,manual,sin_clasificar,3.0,453375.0,1331,False,0,0,0.1224703611800386,0.44832123751706376,medio,Priorizar seguimiento del asesor en 24 horas.,Cinthia Román Villavicencio,30488.65,293
2025-03096,MD-503,2025-05-31,Modena,Edwing Soller,manual,sin_clasificar,2.0,423680.0,398,False,0,0,0.13636324584592144,0.47841981950317347,medio,Priorizar seguimiento del asesor en 24 horas.,Edwing Soller,30404.54,294
2025-05468,MT-A1204,2025-09-07,Matera,Nelly Román Villavicencio,manual,sin_clasificar,3.0,474785.0,299,False,0,0,0.10752561685815686,0.4265313946495903,medio,Priorizar seguimiento del asesor en 24 horas.,Nelly Román Villavicencio,30376.61,295
2025-07537,MD-1003,2025-11-15,Modena,Ana Lucia DelSolar,manual,sin_clasificar,2.0,407320.0,230,False,0,0,0.1494253167043111,0.49680790693808335,medio,Priorizar seguimiento del asesor en 24 horas.,Ana Lucia DelSolar,30353.97,296
2025-01766,TZ-306,2025-03-27,Tizón y Bueno,Yomira  Pacheco,manual,sin_clasificar,2.0,380000.0,463,False,0,0,0.125731,0.5251906866064389,medio,Priorizar seguimiento del asesor en 24 horas.,Yomira  Pacheco,29935.87,297
2023-00821,CUBA-1906,2023-04-01,Edificio Cuba Connect,Joceline Arizabal Corimanya,manual,sin_clasificar,3.0,593547.0,1189,False,0,0,0.0,0.3359568031124128,bajo,Seguimiento comercial estándar.,Joceline Arizabal Corimanya,29910.92,298
2022-03050,CRUZ-1203,2022-06-08,Edificio Santa Cruz Infinite,Nelly Román Villavicencio,manual,sin_clasificar,3.0,490295.0,1486,False,0,0,0.05263157894736842,0.4056926917010372,medio,Priorizar seguimiento del asesor en 24 horas.,Nelly Román Villavicencio,29836.36,299
2025-0008807,SL-1108,2025-11-28,Sialia,Karlo  Vargas,manual,sin_clasificar,3.0,381359.95,217,False,0,0,0.12359551651923595,0.5209124255232958,medio,Priorizar seguimiento del asesor en 24 horas.,Karlo  Vargas,29798.27,300
2025-05729,MT-A1004,2025-09-14,Matera,Edwing Soller,manual,sin_clasificar,3.0,452000.0,292,False,0,0,0.0750908407079646,0.43923210619888237,medio,Priorizar seguimiento del asesor en 24 horas.,Edwing Soller,29779.94,301
2025-04553,FX-1402,2025-08-04,Fenix,Antonio Martinez,manual,sin_clasificar,2.0,421200.0,333,False,0,0,0.11870845204178537,0.47050438856544435,medio,Priorizar seguimiento del asesor en 24 horas.,Antonio Martinez,29726.47,302
2026-0002954,NP-A1205,2026-03-15,Torre Nápoles,Antonio Martinez,manual,sin_clasificar,3.0,370000.0,110,False,0,0,0.0886355945945946,0.5354190731023488,medio,Priorizar seguimiento del asesor en 24 horas.,Antonio Martinez,29715.76,303
2022-02703,CUBA-604,2022-05-12,Edificio Cuba Connect,Joceline Arizabal Corimanya,manual,sin_clasificar,3.0,579012.0,1513,True,0,0,0.03799575829171071,0.3419093693009479,bajo,Seguimiento comercial estándar.,Joceline Arizabal Corimanya,29695.44,304
2022-04110,CRUZ-304,2022-10-13,Edificio Santa Cruz Infinite,Cinthia Román Villavicencio,manual,sin_clasificar,3.0,532530.0,1359,False,0,0,0.030927835051546393,0.37161535260126166,bajo,Seguimiento comercial estándar.,Cinthia Román Villavicencio,29684.45,305
2024-03725,TZ-1301,2024-12-09,Tizón y Bueno,Yomira  Pacheco,manual,sin_clasificar,2.0,355000.0,571,False,0,0,0.21859154929577465,0.5571166074400045,medio,Priorizar seguimiento del asesor en 24 horas.,Yomira  Pacheco,29666.46,306
2024-02806,TZ-305,2024-09-27,Tizón y Bueno,Ivan La Riva,manual,sin_clasificar,2.0,392000.0,644,False,0,0,0.14780188775510203,0.5026961869601285,medio,Priorizar seguimiento del asesor en 24 horas.,Ivan La Riva,29558.54,307
2025-0009129,GY-805,2025-12-31,Alicanto,Yomira  Pacheco,manual,sin_clasificar,2.0,362000.0,184,False,0,0,0.08618599447513813,0.5441710372461244,medio,Priorizar seguimiento del asesor en 24 horas.,Yomira  Pacheco,29548.49,308
2022-02046,CUBA-906,2022-03-01,Edificio Cuba Connect,Enzo Villanueva,manual,sin_clasificar,3.0,672570.0,1585,False,0,0,0.0,0.2927491979639456,bajo,Seguimiento comercial estándar.,Enzo Villanueva,29534.15,309
2022-03416,CRUZ-1706,2022-07-12,Edificio Santa Cruz Infinite,Nelly Román Villavicencio,manual,sin_clasificar,3.0,485792.0,1452,False,0,0,0.06382978723404255,0.40424881210122926,medio,Priorizar seguimiento del asesor en 24 horas.,Nelly Román Villavicencio,29457.13,310
2026-0006260,NP-A1902,2026-06-28,Torre Nápoles,Yomira  Pacheco,manual,sin_clasificar,2.0,340000.0,5,False,0,0,0.15124708823529412,0.5768754887712088,medio,Priorizar seguimiento del asesor en 24 horas.,Yomira  Pacheco,29420.65,311
2025-04318,TZ-607,2025-07-21,Tizón y Bueno,Antonio Martinez,manual,sin_clasificar,3.0,465000.0,347,False,0,0,0.0,0.42149499796187556,medio,Priorizar seguimiento del asesor en 24 horas.,Antonio Martinez,29399.28,312
2022-01190,CUBA-205,2019-06-21,Edificio Cuba Connect,Enzo Villanueva,manual,sin_clasificar,3.0,669395.0,2569,False,0,0,0.0,0.2927491979639456,bajo,Seguimiento comercial estándar.,Enzo Villanueva,29394.73,313
2022-01192,CUBA-305,2019-09-15,Edificio Cuba Connect,Enzo Villanueva,manual,sin_clasificar,3.0,669395.0,2483,False,0,0,0.0,0.2927491979639456,bajo,Seguimiento comercial estándar.,Enzo Villanueva,29394.73,314
2021-04808,CRUZ-1005,2021-12-03,Edificio Santa Cruz Infinite,Cinthia Román Villavicencio,manual,sin_clasificar,3.0,519955.0,1673,False,0,0,0.047975305555288436,0.37660685020343526,bajo,Seguimiento comercial estándar.,Cinthia Román Villavicencio,29372.79,315
2022-00797,VALDIZAN-203,2022-01-04,Edificio Valdizan,Enzo Villanueva,manual,sin_clasificar,0.0,610700.0,1641,False,0,0,0.0,0.3205162936179968,bajo,Seguimiento comercial estándar.,Enzo Villanueva,29360.9,316
2025-06481,FX-1205,2025-10-12,Fenix,Ivan La Riva,manual,sin_clasificar,3.0,390600.0,264,False,0,0,0.1111111111111111,0.5009857168926317,medio,Priorizar seguimiento del asesor en 24 horas.,Ivan La Riva,29352.75,317
2022-03979,CRUZ-1404,2022-09-26,Edificio Santa Cruz Infinite,Nelly Román Villavicencio,manual,sin_clasificar,3.0,482390.0,1376,False,0,0,0.07485644395613508,0.4053786181178202,medio,Priorizar seguimiento del asesor en 24 horas.,Nelly Román Villavicencio,29332.59,318
2022-03904,ES-1202,2022-09-18,Edificio Saenz,Cinthia Román Villavicencio,manual,sin_clasificar,2.0,502582.0,1384,False,0,0,0.06927824713181133,0.3882264923886759,bajo,Seguimiento comercial estándar.,Cinthia Román Villavicencio,29267.35,319
2024-03379,MA-1102,2024-11-20,Edificio Mariategui,Enzo Villanueva,manual,sin_clasificar,3.0,482688.0,590,False,0,0,0.09573886237072395,0.4038350028400489,medio,Priorizar seguimiento del asesor en 24 horas.,Enzo Villanueva,29238.95,320
2026-0004655,NP-A1506,2026-05-16,Torre Nápoles,Antonio Martinez,manual,sin_clasificar,3.0,388000.0,48,False,0,0,0.13534682989690722,0.5020577131833294,medio,Priorizar seguimiento del asesor en 24 horas.,Antonio Martinez,29219.76,321
2022-01189,CUBA-203,2019-07-19,Edificio Cuba Connect,Enzo Villanueva,manual,sin_clasificar,3.0,664298.0,2541,False,0,0,0.0,0.2927491979639456,bajo,Seguimiento comercial estándar.,Enzo Villanueva,29170.91,322
2022-01191,CUBA-303,2021-05-22,Edificio Cuba Connect,Enzo Villanueva,manual,sin_clasificar,3.0,664298.0,1868,False,0,0,0.0,0.2927491979639456,bajo,Seguimiento comercial estándar.,Enzo Villanueva,29170.91,323
2025-0008236,MD-2202,2025-10-17,Modena,Percy Soto,manual,sin_clasificar,2.0,434264.0,259,False,0,0,0.12271553709264411,0.4465411460245384,medio,Priorizar seguimiento del asesor en 24 horas.,Percy Soto,29087.51,324
2025-03430,SL-602,2025-06-12,Sialia,Edwing Soller,manual,sin_clasificar,2.0,370350.0,386,False,0,0,0.11072887808829486,0.5213415917886972,medio,Priorizar seguimiento del asesor en 24 horas.,Edwing Soller,28961.83,325
2024-02777,MA-1103,2024-03-22,Edificio Mariategui,Enzo Villanueva,manual,sin_clasificar,3.0,533700.0,833,False,0,0,0.0,0.360830310382564,bajo,Seguimiento comercial estándar.,Enzo Villanueva,28886.27,326
2024-02754,GY-306,2024-09-23,Alicanto,Ivan La Riva,manual,sin_clasificar,3.0,403242.1,648,False,0,0,0.13636363861809073,0.47706862894627505,medio,Priorizar seguimiento del asesor en 24 horas.,Ivan La Riva,28856.12,327
2025-0009124,SL-1208,2026-01-05,Sialia,Antonio Martinez,manual,sin_clasificar,3.0,375000.0,179,False,0,0,0.12195365333333334,0.5126829009121647,medio,Priorizar seguimiento del asesor en 24 horas.,Antonio Martinez,28838.41,328
2025-02507,MD-504,2025-05-05,Modena,Ivan La Riva,manual,sin_clasificar,2.0,404263.97,424,False,0,0,0.13636362399548,0.4748913134043325,medio,Priorizar seguimiento del asesor en 24 horas.,Ivan La Riva,28797.22,329
2025-03728,MD-1509,2025-06-25,Modena,Ivan La Riva,manual,sin_clasificar,2.0,402419.53,373,False,0,0,0.13124121982847103,0.4758677267108429,medio,Priorizar seguimiento del asesor en 24 horas.,Ivan La Riva,28724.77,330
2022-03533,VALDIZAN-503,2022-07-07,Edificio Valdizan,Enzo Villanueva,manual,sin_clasificar,0.0,600800.0,1457,False,0,0,0.0,0.3180497447328722,bajo,Seguimiento comercial estándar.,Enzo Villanueva,28662.64,331
2025-05499,MT-A909,2025-07-30,Matera,Luis Peñaloza,manual,sin_clasificar,3.0,459502.73,338,False,0,0,0.11111111352918404,0.41490659471284647,medio,Priorizar seguimiento del asesor en 24 horas.,Luis Peñaloza,28597.61,332
2025-0008137,MD-1104,2025-11-18,Modena,Nelly Román Villavicencio,manual,sin_clasificar,2.0,379256.56,227,False,0,0,0.17647059288836034,0.5020213912409484,medio,Priorizar seguimiento del asesor en 24 horas.,Nelly Román Villavicencio,28559.24,333
2022-03417,CRUZ-1406,2022-06-24,Edificio Santa Cruz Infinite,Cinthia Román Villavicencio,manual,sin_clasificar,3.0,532500.0,1470,False,0,0,0.0,0.3570715829423548,bajo,Seguimiento comercial estándar.,Cinthia Román Villavicencio,28521.09,334
2022-03038,MA-602,2022-05-18,Edificio Mariategui,Enzo Villanueva,manual,sin_clasificar,0.0,533500.0,1507,False,0,0,0.0,0.354939835788733,bajo,Seguimiento comercial estándar.,Enzo Villanueva,28404.06,335
2025-06239,FX-1005,2025-10-09,Fenix,Ana Lucia DelSolar,manual,sin_clasificar,3.0,390000.0,267,False,0,0,0.12564102564102564,0.48551726537430845,medio,Priorizar seguimiento del asesor en 24 horas.,Ana Lucia DelSolar,28402.76,336
2025-01724,GY-502,2025-03-25,Alicanto,Joceline Arizabal Corimanya,manual,sin_clasificar,3.0,475720.0,465,True,0,0,0.13636416379382832,0.3963205408450169,bajo,Seguimiento comercial estándar.,Joceline Arizabal Corimanya,28280.64,337
2026-0005897,CP-A602,2026-06-19,Capadocia,Ivan La Riva,manual,sin_clasificar,1.0,333717.15,14,False,0,0,0.18704663515195427,0.5645862980047156,medio,Priorizar seguimiento del asesor en 24 horas.,Ivan La Riva,28261.82,338
2025-02252,GY-1406,2025-04-23,Alicanto,Ivan La Riva,manual,sin_clasificar,3.0,392304.17,436,False,0,0,0.1363636282530466,0.47884035890408094,medio,Priorizar seguimiento del asesor en 24 horas.,Ivan La Riva,28177.66,339
2025-0007976,CP-B906,2025-11-18,Capadocia,Joceline Arizabal Corimanya,manual,sin_clasificar,3.0,449229.83,227,False,0,0,0.17647058299757165,0.41795536861444127,medio,Priorizar seguimiento del asesor en 24 horas.,Joceline Arizabal Corimanya,28163.7,340
2025-02253,GY-1306,2025-04-13,Alicanto,Ivan La Riva,manual,sin_clasificar,3.0,393403.67,446,False,0,0,0.136363649073228,0.47706862894627505,medio,Priorizar seguimiento del asesor en 24 horas.,Ivan La Riva,28152.08,341
2022-04011,CUBA-806,2022-09-20,Edificio Cuba Connect,Enzo Villanueva,manual,sin_clasificar,3.0,629520.0,1382,False,0,0,0.0,0.29779459625454746,bajo,Seguimiento comercial estándar.,Enzo Villanueva,28120.15,342
2021-04034,CRUZ-1506,2021-11-02,Edificio Santa Cruz Infinite,Nelly Román Villavicencio,manual,sin_clasificar,3.0,484100.0,1704,False,0,0,0.12125593885560834,0.38707873393396625,bajo,Seguimiento comercial estándar.,Nelly Román Villavicencio,28107.72,343
2026-0001672,NP-A2605,2026-02-16,Torre Nápoles,Nelly Román Villavicencio,manual,sin_clasificar,3.0,403509.0,137,False,0,0,0.04979950880897328,0.46359559863624755,medio,Priorizar seguimiento del asesor en 24 horas.,Nelly Román Villavicencio,28059.75,344
2025-04740,GY-1206,2025-08-20,Alicanto,Ivan La Riva,manual,sin_clasificar,3.0,392000.0,317,False,0,0,0.14298260204081634,0.4768533190956422,medio,Priorizar seguimiento del asesor en 24 horas.,Ivan La Riva,28038.98,345
2025-00608,FX-804,2025-01-30,Fenix,Yomira  Pacheco,manual,sin_clasificar,2.0,345000.0,519,False,0,0,0.09555652173913043,0.5408330810246693,medio,Priorizar seguimiento del asesor en 24 horas.,Yomira  Pacheco,27988.11,346
2024-02780,MA-1701,2024-02-23,Edificio Mariategui,Enzo Villanueva,manual,sin_clasificar,3.0,517600.0,861,False,0,0,0.0,0.36036474134536634,bajo,Seguimiento comercial estándar.,Enzo Villanueva,27978.72,347
2023-02286,EEUU-703,2023-12-10,Edificio Urbanzen,Nelly Román Villavicencio,manual,sin_clasificar,1.0,353019.6,936,False,0,0,0.0973724971644634,0.5283221884651608,medio,Priorizar seguimiento del asesor en 24 horas.,Nelly Román Villavicencio,27976.21,348
2025-0008067,MD-1604,2025-11-16,Modena,Edwing Soller,manual,sin_clasificar,2.0,370000.0,229,False,0,0,0.17785897297297298,0.5034297239401819,medio,Priorizar seguimiento del asesor en 24 horas.,Edwing Soller,27940.35,349
2025-00428,SL-1603,2025-01-18,Sialia,Yomira  Pacheco,manual,sin_clasificar,2.0,324000.0,531,False,0,0,0.08442043209876543,0.57418203512626,medio,Priorizar seguimiento del asesor en 24 horas.,Yomira  Pacheco,27905.25,350
2025-02951,SL-607,2025-05-24,Sialia,Edwing Soller,manual,sin_clasificar,3.0,456800.0,405,False,0,0,0.0,0.406582677821691,medio,Priorizar seguimiento del asesor en 24 horas.,Edwing Soller,27859.05,351
2026-0005247,NP-A1104,2026-06-01,Torre Nápoles,Antonio Martinez,manual,sin_clasificar,3.0,375000.0,32,False,0,0,0.15683122666666666,0.49456445870570764,medio,Priorizar seguimiento del asesor en 24 horas.,Antonio Martinez,27819.25,352
2022-04214,CRUZ-1003,2022-05-28,Edificio Santa Cruz Infinite,Enzo Villanueva,manual,sin_clasificar,3.0,531300.0,1497,False,0,0,0.0,0.3487535636966914,bajo,Seguimiento comercial estándar.,Enzo Villanueva,27793.92,353
2025-05668,MT-B1206,2025-09-12,Matera,Nelly Román Villavicencio,manual,sin_clasificar,3.0,450000.0,294,False,0,0,0.1764706,0.41155168985861235,medio,Priorizar seguimiento del asesor en 24 horas.,Nelly Román Villavicencio,27779.74,354
2025-05559,MD-703,2025-09-08,Modena,Joceline Arizabal Corimanya,manual,sin_clasificar,2.0,453450.0,298,True,0,0,0.1589973095159334,0.40815335782883594,medio,Priorizar seguimiento del asesor en 24 horas.,Joceline Arizabal Corimanya,27761.57,355
2025-04488,MT-A709,2025-07-31,Matera,Edwing Soller,manual,sin_clasificar,3.0,454520.0,337,False,0,0,0.13577281527765556,0.40631938301135706,medio,Priorizar seguimiento del asesor en 24 horas.,Edwing Soller,27702.04,356
2021-02723,CUBA-405,2021-07-31,Edificio Cuba Connect,Enzo Villanueva,manual,sin_clasificar,3.0,621970.0,1798,False,0,0,0.0,0.2966515238622455,bajo,Seguimiento comercial estándar.,Enzo Villanueva,27676.25,357
2025-05095,NP-A1005,2025-08-24,Torre Nápoles,Luis Peñaloza,manual,sin_clasificar,3.0,366460.3,313,False,0,0,0.11111113536718711,0.5021984406323086,medio,Priorizar seguimiento del asesor en 24 horas.,Luis Peñaloza,27605.37,358
2020-00003,ES-1103,2020-01-06,Edificio Saenz,Joceline Arizabal Corimanya,manual,sin_clasificar,3.0,518200.0,2370,False,0,0,0.0192975685063682,0.35511355223960994,bajo,Seguimiento comercial estándar.,Joceline Arizabal Corimanya,27602.98,359
2022-03532,CUBA-1606,2022-06-16,Edificio Cuba Connect,Cinthia Román Villavicencio,manual,sin_clasificar,3.0,593547.0,1478,False,0,0,0.0,0.3100308478710017,bajo,Seguimiento comercial estándar.,Cinthia Román Villavicencio,27602.68,360
2025-04107,EEUU-1503,2025-07-12,Edificio Urbanzen,Yomira  Pacheco,manual,sin_clasificar,1.0,326000.0,356,False,0,0,0.11202453987730061,0.5634772121127277,medio,Priorizar seguimiento del asesor en 24 horas.,Yomira  Pacheco,27554.04,361
2025-04460,MD-907,2025-07-31,Modena,Edwing Soller,manual,sin_clasificar,2.0,356000.0,337,False,0,0,0.10118233146067417,0.5159088404052913,medio,Priorizar seguimiento del asesor en 24 horas.,Edwing Soller,27549.53,362
2022-01199,CUBA-1705,2019-09-14,Edificio Cuba Connect,Enzo Villanueva,manual,sin_clasificar,3.0,615119.0,2484,False,0,0,0.0,0.2966515238622455,bajo,Seguimiento comercial estándar.,Enzo Villanueva,27371.4,363
2025-06664,MD-1903,2025-10-17,Modena,Percy Soto,manual,sin_clasificar,2.0,392331.0,259,False,0,0,0.1494248733849734,0.46486318379097735,medio,Priorizar seguimiento del asesor en 24 horas.,Percy Soto,27357.04,364
2022-00788,CUBA-1803,2021-12-12,Edificio Cuba Connect,Enzo Villanueva,manual,sin_clasificar,3.0,610436.0,1664,False,0,0,0.0,0.2987606378721397,bajo,Seguimiento comercial estándar.,Enzo Villanueva,27356.14,365
2022-01198,CUBA-1603,2019-03-01,Edificio Cuba Connect,Enzo Villanueva,manual,sin_clasificar,3.0,610436.0,2681,False,0,0,0.0,0.2987606378721397,bajo,Seguimiento comercial estándar.,Enzo Villanueva,27356.14,366
2025-03950,FX-1605,2025-07-06,Fenix,Edwing Soller,manual,sin_clasificar,3.0,378000.0,362,False,0,0,0.11012164021164023,0.48228205643704786,medio,Priorizar seguimiento del asesor en 24 horas.,Edwing Soller,27345.39,367
2023-00014,CUBA-1306,2022-11-30,Edificio Cuba Connect,Enzo Villanueva,manual,sin_clasificar,3.0,611533.0,1311,False,0,0,0.0,0.29795896303553837,bajo,Seguimiento comercial estándar.,Enzo Villanueva,27331.76,368
2023-02261,CUBA-1506,2023-08-10,Edificio Cuba Connect,Enzo Villanueva,manual,sin_clasificar,3.0,611533.0,1058,False,0,0,0.0,0.29795896303553837,bajo,Seguimiento comercial estándar.,Enzo Villanueva,27331.76,369
2022-01388,CRUZ-1405,2021-06-09,Edificio Santa Cruz Infinite,Enzo Villanueva,manual,sin_clasificar,3.0,521600.0,1850,False,0,0,0.0,0.3487535636966914,bajo,Seguimiento comercial estándar.,Enzo Villanueva,27286.48,370
2022-03530,CUBA-704,2022-05-28,Edificio Cuba Connect,Enzo Villanueva,manual,sin_clasificar,3.0,601012.0,1497,False,0,0,0.0,0.30259078741111045,bajo,Seguimiento comercial estándar.,Enzo Villanueva,27279.1,371
2022-03531,CUBA-904,2022-06-18,Edificio Cuba Connect,Enzo Villanueva,manual,sin_clasificar,3.0,601012.0,1476,False,0,0,0.0,0.30259078741111045,bajo,Seguimiento comercial estándar.,Enzo Villanueva,27279.1,372
2024-03253,FX-1105,2024-11-09,Fenix,Ana Lucia DelSolar,manual,sin_clasificar,3.0,378771.47,601,False,0,0,0.14536403705379394,0.480060502645395,medio,Priorizar seguimiento del asesor en 24 horas.,Ana Lucia DelSolar,27274.98,373
2022-01289,CRUZ-1501,2022-02-28,Edificio Santa Cruz Infinite,Enzo Villanueva,manual,sin_clasificar,3.0,520800.0,1586,False,0,0,0.0,0.3487535636966914,bajo,Seguimiento comercial estándar.,Enzo Villanueva,27244.63,374
2021-02722,CUBA-206,2021-03-31,Edificio Cuba Connect,Enzo Villanueva,manual,sin_clasificar,3.0,601632.0,1920,False,0,0,0.0,0.30171795315154853,bajo,Seguimiento comercial estándar.,Enzo Villanueva,27228.48,375
2026-0004831,SL-1506,2026-05-17,Sialia,Antonio Martinez,manual,sin_clasificar,3.0,350000.0,47,False,0,0,0.12562274285714287,0.517841918196862,medio,Priorizar seguimiento del asesor en 24 horas.,Antonio Martinez,27186.7,376
2024-03783,TZ-1207,2024-12-15,Tizón y Bueno,Ivan La Riva,manual,sin_clasificar,3.0,355100.0,565,False,0,0,0.3486029005913827,0.5090366207657523,medio,Priorizar seguimiento del asesor en 24 horas.,Ivan La Riva,27113.84,377
2025-0009087,NP-A304,2025-12-29,Torre Nápoles,Ana Lucia DelSolar,manual,sin_clasificar,3.0,369978.84,186,False,0,0,0.13636363636363635,0.4879385151986661,medio,Priorizar seguimiento del asesor en 24 horas.,Ana Lucia DelSolar,27079.04,378
2024-01700,TZ-505,2024-07-03,Tizón y Bueno,Ana Lucia DelSolar,manual,sin_clasificar,2.0,365327.1,730,False,0,0,0.11111111111111112,0.4934351516934377,medio,Priorizar seguimiento del asesor en 24 horas.,Ana Lucia DelSolar,27039.78,379
2025-05533,NP-A1405,2025-09-07,Torre Nápoles,Antonio Martinez,manual,sin_clasificar,3.0,359000.0,299,False,0,0,0.10978337047353762,0.5020255103168523,medio,Priorizar seguimiento del asesor en 24 horas.,Antonio Martinez,27034.07,380
2023-02266,MA-801,2023-10-07,Edificio Mariategui,Enzo Villanueva,manual,sin_clasificar,3.0,575800.0,1000,False,0,0,0.0,0.31287351163301785,bajo,Seguimiento comercial estándar.,Enzo Villanueva,27022.89,381
2026-0006031,NP-A2506,2026-06-20,Torre Nápoles,Nelly Román Villavicencio,manual,sin_clasificar,3.0,363000.0,13,False,0,0,0.14902358126721763,0.49616396840372906,medio,Priorizar seguimiento del asesor en 24 horas.,Nelly Román Villavicencio,27016.13,382
2021-04030,VALDIZAN-602,2021-10-23,Edificio Valdizan,Enzo Villanueva,manual,sin_clasificar,0.0,570500.0,1714,False,0,0,0.0,0.315556260233908,bajo,Seguimiento comercial estándar.,Enzo Villanueva,27003.73,383
2026-0003832,NP-A1201,2026-04-22,Torre Nápoles,Antonio Martinez,manual,sin_clasificar,2.0,369900.0,72,False,0,0,0.1190271965396053,0.4863682930200966,medio,Priorizar seguimiento del asesor en 24 horas.,Antonio Martinez,26986.14,384
2025-02021,TZ-1504,2025-04-10,Tizón y Bueno,Joceline Arizabal Corimanya,manual,sin_clasificar,3.0,409000.0,449,False,0,0,0.11328442542787287,0.43954724585091315,medio,Priorizar seguimiento del asesor en 24 horas.,Joceline Arizabal Corimanya,26966.22,385
2025-05787,MD-409,2025-09-16,Modena,Edwing Soller,manual,sin_clasificar,2.0,373230.0,290,False,0,0,0.14925150711357607,0.48114723799472986,medio,Priorizar seguimiento del asesor en 24 horas.,Edwing Soller,26936.79,386
2023-02296,TZ-1605,2023-12-17,Tizón y Bueno,Kenyi Arotinco,manual,sin_clasificar,2.0,342148.0,929,False,0,0,0.08695652173913043,0.524743600456991,medio,Priorizar seguimiento del asesor en 24 horas.,Kenyi Arotinco,26931.0,387
2025-06369,MD-1007,2025-10-09,Modena,Percy Soto,manual,sin_clasificar,2.0,389147.0,267,False,0,0,0.12933223177873657,0.4611824123732353,medio,Priorizar seguimiento del asesor en 24 horas.,Percy Soto,26920.16,388
2025-01857,SL-402,2025-03-31,Sialia,Edwing Soller,manual,sin_clasificar,2.0,339750.0,459,False,0,0,0.11105774834437086,0.5267768172394495,medio,Priorizar seguimiento del asesor en 24 horas.,Edwing Soller,26845.86,389
2025-0007658,SL-1002,2025-11-18,Sialia,Nelly Román Villavicencio,manual,sin_clasificar,2.0,326667.0,227,False,0,0,0.11111110090703989,0.5476705912714017,medio,Priorizar seguimiento del asesor en 24 horas.,Nelly Román Villavicencio,26835.89,390
2026-0000222,EEUU-803,2026-01-10,Edificio Urbanzen,Luis Peñaloza,manual,sin_clasificar,1.0,339380.0,174,False,0,0,0.12093293653132182,0.5267296858796228,medio,Priorizar seguimiento del asesor en 24 horas.,Luis Peñaloza,26814.23,391
2020-02762,CUBA-1905,2020-10-12,Edificio Cuba Connect,Nelly Román Villavicencio,manual,sin_clasificar,3.0,480410.0,2090,False,0,0,0.1334401865073583,0.37165360772915257,bajo,Seguimiento comercial estándar.,Nelly Román Villavicencio,26781.92,392
2025-06520,NP-A1605,2025-10-12,Torre Nápoles,Antonio Martinez,manual,sin_clasificar,3.0,355000.0,264,False,0,0,0.1099416338028169,0.5029415408512034,medio,Priorizar seguimiento del asesor en 24 horas.,Antonio Martinez,26781.64,393
2024-01184,TZ-605,2024-05-23,Tizón y Bueno,Nelly Román Villavicencio,manual,sin_clasificar,2.0,357570.0,771,False,0,0,0.1111111111111111,0.49893519490178845,medio,Priorizar seguimiento del asesor en 24 horas.,Nelly Román Villavicencio,26760.64,394
2025-02866,CP-A1002,2025-05-21,Capadocia,Ivan La Riva,manual,sin_clasificar,1.0,334292.24,408,False,0,0,0.1735534453327424,0.5330662715796275,medio,Priorizar seguimiento del asesor en 24 horas.,Ivan La Riva,26729.99,395
2025-06191,MT-A1101,2025-09-30,Matera,Yomira  Pacheco,manual,sin_clasificar,2.0,366500.0,276,False,0,0,0.37049530695770805,0.4856961650939174,medio,Priorizar seguimiento del asesor en 24 horas.,Yomira  Pacheco,26701.15,396
2025-00159,TZ-1003,2025-01-12,Tizón y Bueno,Luis Peñaloza,manual,sin_clasificar,3.0,376068.52,537,False,0,0,0.1434086532954154,0.473321189322817,medio,Priorizar seguimiento del asesor en 24 horas.,Luis Peñaloza,26700.18,397
2026-0005789,NP-A2606,2026-06-14,Torre Nápoles,Silvia Orellana,manual,sin_clasificar,3.0,361957.14,19,False,0,0,0.14578209453196586,0.4916006005651959,medio,Priorizar seguimiento del asesor en 24 horas.,Silvia Orellana,26690.75,398
2021-04829,CUBA-1904,2021-12-04,Edificio Cuba Connect,Nelly Román Villavicencio,manual,sin_clasificar,3.0,548311.68,1672,False,0,0,0.03847505127010973,0.3242969615354124,bajo,Seguimiento comercial estándar.,Nelly Román Villavicencio,26672.37,399
2025-05242,NP-A1206,2025-08-20,Torre Nápoles,Ivan La Riva,manual,sin_clasificar,3.0,371058.68,317,False,0,0,0.12009442819124998,0.478603614234283,medio,Priorizar seguimiento del asesor en 24 horas.,Ivan La Riva,26638.5,400
2024-01580,TZ-1005,2024-06-24,Tizón y Bueno,Yomira  Pacheco,manual,sin_clasificar,2.0,347692.0,739,False,0,0,0.12069877937945078,0.5103143564873197,medio,Priorizar seguimiento del asesor en 24 horas.,Yomira  Pacheco,26614.83,401
2023-00415,VALDIZAN-301,2023-03-27,Edificio Valdizan,Enzo Villanueva,manual,sin_clasificar,0.0,562000.0,1194,False,0,0,0.0,0.31502164579685454,bajo,Seguimiento comercial estándar.,Enzo Villanueva,26556.32,402
2024-02818,GY-1105,2024-09-27,Alicanto,Ana Lucia DelSolar,manual,sin_clasificar,2.0,373000.0,644,False,0,0,0.14776067024128686,0.47403295945056195,medio,Priorizar seguimiento del asesor en 24 horas.,Ana Lucia DelSolar,26522.14,403
2026-0005233,NP-A2104,2026-05-30,Torre Nápoles,Antonio Martinez,manual,sin_clasificar,3.0,361900.0,34,False,0,0,0.13619204200055265,0.48843720289910714,medio,Priorizar seguimiento del asesor en 24 horas.,Antonio Martinez,26514.81,404
2025-0008333,MT-A908,2025-11-23,Matera,Ana Lucia DelSolar,manual,sin_clasificar,2.0,441234.89,222,False,0,0,0.1306537658434037,0.40034436034362514,medio,Priorizar seguimiento del asesor en 24 horas.,Ana Lucia DelSolar,26496.88,405
2025-05591,EEUU-903,2025-09-10,Edificio Urbanzen,Luis Peñaloza,manual,sin_clasificar,1.0,335000.0,296,False,0,0,0.12222886567164179,0.5267296858796228,medio,Priorizar seguimiento del asesor en 24 horas.,Luis Peñaloza,26468.17,406
2024-03383,SL-802,2024-11-21,Sialia,Nelly Román Villavicencio,manual,sin_clasificar,2.0,333000.0,589,False,0,0,0.14888645645645646,0.5297282640340698,medio,Priorizar seguimiento del asesor en 24 horas.,Nelly Román Villavicencio,26459.93,407
2021-03251,CUBA-1901,2021-09-23,Edificio Cuba Connect,Nelly Román Villavicencio,manual,sin_clasificar,3.0,556208.2,1744,False,0,0,0.048089546324559765,0.3166911175442378,bajo,Seguimiento comercial estándar.,Nelly Román Villavicencio,26421.93,408
2024-01149,TZ-1305,2024-05-20,Tizón y Bueno,Yomira  Pacheco,manual,sin_clasificar,2.0,321138.0,774,False,0,0,0.1795552067958323,0.548022665402259,medio,Priorizar seguimiento del asesor en 24 horas.,Yomira  Pacheco,26398.64,409
2025-03813,GY-904,2025-06-29,Alicanto,Antonio Martinez,manual,sin_clasificar,2.0,375379.4,369,False,0,0,0.11923552544439038,0.466362191839357,medio,Priorizar seguimiento del asesor en 24 horas.,Antonio Martinez,26259.41,410
2022-01285,URT-2001,2018-08-31,Los Jardines de Urteaga,Enzo Villanueva,manual,sin_clasificar,3.0,1062720.0,2863,False,0,0,0.0,0.1647186013838449,bajo,Seguimiento comercial estándar.,Enzo Villanueva,26257.46,411
2024-01601,TZ-1001,2024-06-24,Tizón y Bueno,Nelly Román Villavicencio,manual,sin_clasificar,2.0,351606.15,739,False,0,0,0.1111111111111111,0.4977111901483719,medio,Priorizar seguimiento del asesor en 24 horas.,Nelly Román Villavicencio,26249.75,412
2025-0008618,SL-1402,2025-12-08,Sialia,Karlo  Vargas,manual,sin_clasificar,2.0,335378.12,207,False,0,0,0.11111112436315165,0.5207054458700222,medio,Priorizar seguimiento del asesor en 24 horas.,Karlo  Vargas,26194.98,413
2026-0003315,NP-A2204,2026-03-30,Torre Nápoles,Percy Soto,manual,sin_clasificar,3.0,357000.0,95,False,0,0,0.2011624649859944,0.4891218183984256,medio,Priorizar seguimiento del asesor en 24 horas.,Percy Soto,26192.47,414
2025-06047,FX-1705,2025-09-27,Fenix,Antonio Martinez,manual,sin_clasificar,3.0,375000.0,279,False,0,0,0.11466666666666667,0.46527909770519427,medio,Priorizar seguimiento del asesor en 24 horas.,Antonio Martinez,26171.95,415
2024-02662,GY-1305,2024-09-15,Alicanto,Nelly Román Villavicencio,manual,sin_clasificar,2.0,374640.0,656,False,0,0,0.1199465620328849,0.46517673214583816,medio,Priorizar seguimiento del asesor en 24 horas.,Nelly Román Villavicencio,26141.07,416
2025-00065,FX-1504,2025-01-06,Fenix,Ivan La Riva,manual,sin_clasificar,2.0,350977.03,543,False,0,0,0.05263159244352828,0.4960415284803225,medio,Priorizar seguimiento del asesor en 24 horas.,Ivan La Riva,26114.88,417
2026-0006279,NP-A2607,2026-06-28,Torre Nápoles,Yomira  Pacheco,manual,sin_clasificar,2.0,288603.0,5,False,0,0,0.13636666978513737,0.6030517473666163,medio,Priorizar seguimiento del asesor en 24 horas.,Yomira  Pacheco,26106.38,418
2025-07575,MD-2209,2025-11-13,Modena,Luis Peñaloza,manual,sin_clasificar,2.0,341444.58,232,False,0,0,0.1494253035148486,0.5091570185937241,medio,Priorizar seguimiento del asesor en 24 horas.,Luis Peñaloza,26077.34,419
2025-06010,SL-1102,2025-09-25,Sialia,Percy Soto,manual,sin_clasificar,2.0,348450.0,281,False,0,0,0.11109453293155402,0.4988831457927171,medio,Priorizar seguimiento del asesor en 24 horas.,Percy Soto,26075.37,420
2024-02070,TZ-405,2024-08-03,Tizón y Bueno,Ana Lucia DelSolar,manual,sin_clasificar,2.0,365402.85,699,False,0,0,0.12359550561797754,0.4738580713965946,medio,Priorizar seguimiento del asesor en 24 horas.,Ana Lucia DelSolar,25972.36,421
2026-0001970,NP-A1204,2026-01-22,Torre Nápoles,Antonio Martinez,manual,sin_clasificar,3.0,352708.0,162,False,0,0,0.13635967996189483,0.48935323343345827,medio,Priorizar seguimiento del asesor en 24 horas.,Antonio Martinez,25889.82,422
2025-03380,SL-1602,2025-06-09,Sialia,Edwing Soller,manual,sin_clasificar,2.0,326700.0,389,False,0,0,0.11099886746250383,0.5282853416368629,medio,Priorizar seguimiento del asesor en 24 horas.,Edwing Soller,25888.62,423
2026-0003094,GY-203,2026-03-21,Alicanto,Antonio Martinez,manual,sin_clasificar,1.0,290000.0,104,False,0,0,0.08813937931034482,0.5943341966067917,medio,Priorizar seguimiento del asesor en 24 horas.,Antonio Martinez,25853.54,424
2025-00979,GY-905,2025-02-24,Alicanto,Luis Peñaloza,manual,sin_clasificar,2.0,352783.49,494,False,0,0,0.11111112370933231,0.4883387300005475,medio,Priorizar seguimiento del asesor en 24 horas.,Luis Peñaloza,25841.68,425
2024-01379,EEUU-303,2024-06-09,Edificio Urbanzen,Nelly Román Villavicencio,manual,sin_clasificar,1.0,315406.08,754,True,0,0,0.11111111111111112,0.545479886152335,medio,Priorizar seguimiento del asesor en 24 horas.,Nelly Román Villavicencio,25807.15,426
2021-01563,CUBA-1001,2021-07-18,Edificio Cuba Connect,Nelly Román Villavicencio,manual,sin_clasificar,3.0,583499.0,1811,False,0,0,0.01713798995371029,0.29350655138554,bajo,Seguimiento comercial estándar.,Nelly Román Villavicencio,25689.12,427
2022-01382,CRUZ-1201,2020-08-11,Edificio Santa Cruz Infinite,Enzo Villanueva,manual,sin_clasificar,3.0,652400.0,2152,False,0,0,0.0,0.26202048896462415,bajo,Seguimiento comercial estándar.,Enzo Villanueva,25641.33,428
2024-01881,TZ-806,2024-07-17,Tizón y Bueno,Yomira  Pacheco,manual,sin_clasificar,2.0,315000.0,716,False,0,0,0.13087936507936507,0.5422766537849852,medio,Priorizar seguimiento del asesor en 24 horas.,Yomira  Pacheco,25622.57,429
2025-05488,CP-B1201,2025-09-06,Capadocia,Luis Peñaloza,manual,sin_clasificar,2.0,357226.97,300,False,0,0,0.13636364018091915,0.47713303905388926,medio,Priorizar seguimiento del asesor en 24 horas.,Luis Peñaloza,25566.72,430
2025-02980,FX-902,2025-05-26,Fenix,Nelly Román Villavicencio,manual,sin_clasificar,2.0,370000.0,403,False,0,0,0.1159048108108108,0.46065881825664917,medio,Priorizar seguimiento del asesor en 24 horas.,Nelly Román Villavicencio,25566.56,431
2024-01096,TZ-1206,2024-05-19,Tizón y Bueno,Ivan La Riva,manual,sin_clasificar,2.0,318642.0,775,False,0,0,0.08052296935118408,0.534296071247742,medio,Priorizar seguimiento del asesor en 24 horas.,Ivan La Riva,25537.38,432
2025-0009098,MD-2207,2025-12-30,Modena,Yomira  Pacheco,manual,sin_clasificar,2.0,285000.0,185,False,0,0,0.18045729824561405,0.5973084650547439,medio,Priorizar seguimiento del asesor en 24 horas.,Yomira  Pacheco,25534.94,433
2025-0009128,CP-B601,2025-12-31,Capadocia,Silvia Orellana,manual,sin_clasificar,2.0,355348.74,184,False,0,0,0.17647058492454484,0.47852480867064096,medio,Priorizar seguimiento del asesor en 24 horas.,Silvia Orellana,25506.48,434
2026-0001141,MD-1909,2026-01-30,Modena,Antonio Martinez,manual,sin_clasificar,2.0,340000.0,154,False,0,0,0.17206755882352942,0.49990287584548115,medio,Priorizar seguimiento del asesor en 24 horas.,Antonio Martinez,25495.05,435
2025-0008080,MD-1203,2025-11-18,Modena,Joceline Arizabal Corimanya,manual,sin_clasificar,2.0,398909.0,227,False,0,0,0.162793770007696,0.4260154161617082,medio,Priorizar seguimiento del asesor en 24 horas.,Joceline Arizabal Corimanya,25491.21,436
2025-06061,NP-A2205,2025-09-30,Torre Nápoles,Nelly Román Villavicencio,manual,sin_clasificar,3.0,342792.4,276,False,0,0,0.11111109814569985,0.4954211238499615,medio,Priorizar seguimiento del asesor en 24 horas.,Nelly Román Villavicencio,25473.99,437
2025-01943,SL-1303,2025-04-05,Sialia,Edwing Soller,manual,sin_clasificar,2.0,322200.0,454,False,0,0,0.1097224084419615,0.5264137965298202,medio,Priorizar seguimiento del asesor en 24 horas.,Edwing Soller,25441.58,438
2024-02453,TZ-406,2024-09-01,Tizón y Bueno,Ana Lucia DelSolar,manual,sin_clasificar,2.0,342222.6,670,False,0,0,0.11111110137086214,0.49396185176739765,medio,Priorizar seguimiento del asesor en 24 horas.,Ana Lucia DelSolar,25356.74,439
2025-04052,EEUU-1403,2025-07-12,Edificio Urbanzen,Yomira  Pacheco,manual,sin_clasificar,3.0,330000.0,356,False,0,0,0.11210775757575757,0.5120388065973124,medio,Priorizar seguimiento del asesor en 24 horas.,Yomira  Pacheco,25345.92,440
2025-05560,FX-704,2025-09-08,Fenix,Antonio Martinez,manual,sin_clasificar,2.0,350000.0,298,False,0,0,0.10915897142857142,0.482724489903282,medio,Priorizar seguimiento del asesor en 24 horas.,Antonio Martinez,25343.04,441
2025-04044,MD-2107,2025-06-08,Modena,Nelly Román Villavicencio,manual,sin_clasificar,2.0,359018.0,390,False,0,0,0.1279976491429399,0.47054788825987504,medio,Priorizar seguimiento del asesor en 24 horas.,Nelly Román Villavicencio,25340.27,442
2025-05534,MD-1409,2025-09-08,Modena,Percy Soto,manual,sin_clasificar,2.0,367918.0,298,False,0,0,0.11110992123244852,0.45905988425787986,medio,Priorizar seguimiento del asesor en 24 horas.,Percy Soto,25334.46,443
2024-02124,EEUU-1103,2024-08-06,Edificio Urbanzen,Sonia Paredes,manual,sin_clasificar,1.0,300000.0,696,False,0,0,0.13469056666666665,0.5622991450181358,medio,Priorizar seguimiento del asesor en 24 horas.,Sonia Paredes,25303.46,444
2025-06646,NP-A1305,2025-10-17,Torre Nápoles,Karlo  Vargas,manual,sin_clasificar,3.0,357543.33,259,False,0,0,0.12043399047606342,0.47128762321735435,medio,Priorizar seguimiento del asesor en 24 horas.,Karlo  Vargas,25275.86,445
2025-05521,MD-1809,2025-09-09,Modena,Ivan La Riva,manual,sin_clasificar,2.0,345645.74,297,False,0,0,0.15940161739010583,0.48697857251337157,medio,Priorizar seguimiento del asesor en 24 horas.,Ivan La Riva,25248.31,446
2026-0006331,NP-A2107,2026-06-30,Torre Nápoles,Antonio Martinez,manual,sin_clasificar,2.0,294000.0,3,False,0,0,0.14896326530612244,0.572072829212026,medio,Priorizar seguimiento del asesor en 24 horas.,Antonio Martinez,25228.41,447
2024-02779,CRUZ-804,2024-02-28,Edificio Santa Cruz Infinite,Enzo Villanueva,manual,sin_clasificar,3.0,533800.0,856,False,0,0,0.0,0.31503620126924864,bajo,Seguimiento comercial estándar.,Enzo Villanueva,25224.95,448
2025-04724,SL-1705,2025-08-13,Sialia,Percy Soto,manual,sin_clasificar,3.0,436700.0,324,False,0,0,0.0,0.38486886882716187,bajo,Seguimiento comercial estándar.,Percy Soto,25210.84,449
2022-01387,CRUZ-1403,2020-06-29,Edificio Santa Cruz Infinite,Enzo Villanueva,manual,sin_clasificar,3.0,538600.0,2195,False,0,0,0.0,0.31184088330977977,bajo,Seguimiento comercial estándar.,Enzo Villanueva,25193.62,450
2025-03932,FX-1002,2025-07-05,Fenix,Nelly Román Villavicencio,manual,sin_clasificar,2.0,361781.0,363,False,0,0,0.11111197105431185,0.46312727801697556,medio,Priorizar seguimiento del asesor en 24 horas.,Nelly Román Villavicencio,25132.6,451
2024-03642,FX-604,2024-11-30,Fenix,Ivan La Riva,manual,sin_clasificar,2.0,358023.86,580,False,0,0,0.1269559241107562,0.46795667454068557,medio,Priorizar seguimiento del asesor en 24 horas.,Ivan La Riva,25130.95,452
2025-04598,MT-A609,2025-08-07,Matera,Percy Soto,manual,sin_clasificar,3.0,462000.0,330,False,0,0,0.12352359307359308,0.36247404641368747,bajo,Seguimiento comercial estándar.,Percy Soto,25119.45,453
2022-00221,CRUZ-805,2021-12-20,Edificio Santa Cruz Infinite,Enzo Villanueva,manual,sin_clasificar,3.0,536900.0,1656,False,0,0,0.0,0.31184088330977977,bajo,Seguimiento comercial estándar.,Enzo Villanueva,25114.11,454
2024-02036,TZ-601,2024-07-31,Tizón y Bueno,Luis Peñaloza,manual,sin_clasificar,2.0,355000.0,702,False,0,0,0.1465211267605634,0.4705737943233371,medio,Priorizar seguimiento del asesor en 24 horas.,Luis Peñaloza,25058.05,455
2022-01366,CRUZ-602,2019-10-16,Edificio Santa Cruz Infinite,Enzo Villanueva,manual,sin_clasificar,1.0,522800.0,2452,False,0,0,0.0,0.3195225842817824,bajo,Seguimiento comercial estándar.,Enzo Villanueva,25056.96,456
2022-01373,CRUZ-802,2019-08-07,Edificio Santa Cruz Infinite,Enzo Villanueva,manual,sin_clasificar,1.0,522800.0,2522,False,0,0,0.0,0.3195225842817824,bajo,Seguimiento comercial estándar.,Enzo Villanueva,25056.96,457
2025-0007763,NP-A1604,2025-11-15,Torre Nápoles,Edwing Soller,manual,sin_clasificar,3.0,342048.0,230,False,0,0,0.14627151744784356,0.48833261786657906,medio,Priorizar seguimiento del asesor en 24 horas.,Edwing Soller,25054.98,458
2025-06006,SL-1103,2025-09-25,Sialia,Percy Soto,manual,sin_clasificar,2.0,332960.0,281,False,0,0,0.11110409658817877,0.5011177142798822,medio,Priorizar seguimiento del asesor en 24 horas.,Percy Soto,25027.82,459
2026-0004548,NP-A1901,2026-05-14,Torre Nápoles,Antonio Martinez,manual,sin_clasificar,2.0,315000.0,50,False,0,0,0.13636361904761904,0.529211961543906,medio,Priorizar seguimiento del asesor en 24 horas.,Antonio Martinez,25005.27,460
2024-01882,TZ-606,2024-07-17,Tizón y Bueno,Yomira  Pacheco,manual,sin_clasificar,2.0,320000.0,716,False,0,0,0.132778125,0.5205791490865985,medio,Priorizar seguimiento del asesor en 24 horas.,Yomira  Pacheco,24987.8,461
2025-04196,CP-B1001,2025-07-17,Capadocia,Antonio Martinez,manual,sin_clasificar,2.0,358000.0,351,False,0,0,0.14519256983240225,0.46465910550762807,medio,Priorizar seguimiento del asesor en 24 horas.,Antonio Martinez,24952.19,462
2026-0002726,NP-A902,2026-03-14,Torre Nápoles,Luis Peñaloza,manual,sin_clasificar,2.0,312927.23,111,False,0,0,0.1363636203854807,0.5295865503149259,medio,Priorizar seguimiento del asesor en 24 horas.,Luis Peñaloza,24858.31,463
2025-0008747,NP-A1702,2025-10-30,Torre Nápoles,Ivan La Riva,manual,sin_clasificar,2.0,342763.0,246,False,0,0,0.1292620557061293,0.4832759105842071,medio,Priorizar seguimiento del asesor en 24 horas.,Ivan La Riva,24847.37,464
2025-0008199,MD-706,2025-11-20,Modena,Nelly Román Villavicencio,manual,sin_clasificar,1.0,288627.98,225,False,0,0,0.14942529133869836,0.573708284694228,medio,Priorizar seguimiento del asesor en 24 horas.,Nelly Román Villavicencio,24838.24,465
2025-0007664,MD-2007,2025-11-14,Modena,Ana Lucia DelSolar,manual,sin_clasificar,2.0,313451.0,231,False,0,0,0.16042418113197918,0.5278832150937288,medio,Priorizar seguimiento del asesor en 24 horas.,Ana Lucia DelSolar,24819.83,466
2026-0001317,NP-A1401,2026-02-03,Torre Nápoles,Antonio Martinez,manual,sin_clasificar,2.0,312000.0,150,False,0,0,0.13506945512820512,0.529211961543906,medio,Priorizar seguimiento del asesor en 24 horas.,Antonio Martinez,24767.12,467
2025-04203,CP-B1101,2025-07-17,Capadocia,Ivan La Riva,manual,sin_clasificar,2.0,359004.21,351,False,0,0,0.1363636654845914,0.4598883221199832,medio,Priorizar seguimiento del asesor en 24 horas.,Ivan La Riva,24765.28,468
2024-01837,TZ-705,2024-07-13,Tizón y Bueno,Luis Peñaloza,manual,sin_clasificar,2.0,353964.3,720,False,0,0,0.12052825666317196,0.46582539420910707,medio,Priorizar seguimiento del asesor en 24 horas.,Luis Peñaloza,24732.83,469
2024-01886,TZ-506,2024-07-18,Tizón y Bueno,Ivan La Riva,manual,sin_clasificar,2.0,330057.9,715,False,0,0,0.1111111111111111,0.49932384167723703,medio,Priorizar seguimiento del asesor en 24 horas.,Ivan La Riva,24720.87,470
2023-01911,TZ-1501,2023-09-03,Tizón y Bueno,Nelly Román Villavicencio,manual,sin_clasificar,2.0,329250.6,1034,False,0,0,0.11111111111111112,0.5002042773057156,medio,Priorizar seguimiento del asesor en 24 horas.,Nelly Román Villavicencio,24703.88,471
2024-02339,SL-1601,2024-08-22,Sialia,Nelly Román Villavicencio,manual,sin_clasificar,1.0,265824.0,680,False,0,0,0.1111111111111111,0.6190710445168855,medio,Priorizar seguimiento del asesor en 24 horas.,Nelly Román Villavicencio,24684.59,472
2022-01286,URT-2002,2019-09-14,Los Jardines de Urteaga,Enzo Villanueva,manual,sin_clasificar,3.0,997930.0,2484,False,0,0,0.0,0.1647186013838449,bajo,Seguimiento comercial estándar.,Enzo Villanueva,24656.65,473
2025-04194,EEUU-1003,2025-07-17,Edificio Urbanzen,Nelly Román Villavicencio,manual,sin_clasificar,1.0,325000.0,351,False,0,0,0.14298803076923078,0.5050381909282974,medio,Priorizar seguimiento del asesor en 24 horas.,Nelly Román Villavicencio,24620.61,474
2026-0001335,NP-A1102,2026-01-31,Torre Nápoles,Antonio Martinez,manual,sin_clasificar,2.0,310000.0,153,False,0,0,0.13517467741935485,0.529211961543906,medio,Priorizar seguimiento del asesor en 24 horas.,Antonio Martinez,24608.36,475
2023-02191,TZ-1401,2023-11-11,Tizón y Bueno,Joceline Arizabal Corimanya,manual,sin_clasificar,2.0,340644.0,965,False,0,0,0.10291095689341365,0.48087970686195075,medio,Priorizar seguimiento del asesor en 24 horas.,Joceline Arizabal Corimanya,24571.32,476
2025-04780,SL-1005,2025-07-31,Sialia,Yomira  Pacheco,manual,sin_clasificar,3.0,380000.0,337,False,0,0,0.0,0.4308171191096275,medio,Priorizar seguimiento del asesor en 24 horas.,Yomira  Pacheco,24556.58,477
2024-01597,TZ-805,2024-06-24,Tizón y Bueno,Ana Lucia DelSolar,manual,sin_clasificar,2.0,347692.2,739,False,0,0,0.12069813472951076,0.46817994383290995,medio,Priorizar seguimiento del asesor en 24 horas.,Ana Lucia DelSolar,24417.38,478
2023-00013,CUBA-1806,2022-11-13,Edificio Cuba Connect,Enzo Villanueva,manual,sin_clasificar,3.0,593547.0,1328,False,0,0,0.0,0.2732251984940108,bajo,Seguimiento comercial estándar.,Enzo Villanueva,24325.8,479
2023-00825,CUBA-2006,2023-05-25,Edificio Cuba Connect,Enzo Villanueva,manual,sin_clasificar,3.0,593547.0,1135,False,0,0,0.0,0.2732251984940108,bajo,Seguimiento comercial estándar.,Enzo Villanueva,24325.8,480
2025-0008810,MD-1107,2025-12-16,Modena,Ivan La Riva,manual,sin_clasificar,2.0,330907.55,199,False,0,0,0.14942530020847214,0.4898339154681034,medio,Priorizar seguimiento del asesor en 24 horas.,Ivan La Riva,24313.46,481
2020-00068,CRUZ-302,2020-03-06,Edificio Santa Cruz Infinite,Cinthia Román Villavicencio,manual,sin_clasificar,1.0,439450.0,2310,False,0,0,0.0857890544999431,0.368564667586434,bajo,Seguimiento comercial estándar.,Cinthia Román Villavicencio,24294.86,482
2024-01853,TZ-706,2024-07-14,Tizón y Bueno,Nelly Román Villavicencio,manual,sin_clasificar,2.0,322514.0,719,False,0,0,0.11110835498614013,0.5002042773057156,medio,Priorizar seguimiento del asesor en 24 horas.,Nelly Román Villavicencio,24198.43,483
2024-00643,EEUU-1203,2024-04-11,Edificio Urbanzen,Nelly Román Villavicencio,manual,sin_clasificar,1.0,295000.0,813,False,0,0,0.1368135593220339,0.5468346637984209,medio,Priorizar seguimiento del asesor en 24 horas.,Nelly Román Villavicencio,24197.43,484
2022-01363,CRUZ-501,2019-11-23,Edificio Santa Cruz Infinite,Enzo Villanueva,manual,sin_clasificar,3.0,617823.0,2414,False,0,0,0.0,0.26068268895301616,bajo,Seguimiento comercial estándar.,Enzo Villanueva,24158.36,485
2025-07218,MD-1501,2025-11-06,Modena,Nelly Román Villavicencio,manual,sin_clasificar,1.0,281453.57,239,False,0,0,0.11111111505887099,0.5720866299158311,medio,Priorizar seguimiento del asesor en 24 horas.,Nelly Román Villavicencio,24152.37,486
2024-01415,TZ-1205,2024-06-09,Tizón y Bueno,Ivan La Riva,manual,sin_clasificar,2.0,339990.0,754,False,0,0,0.12091532103885408,0.4725519898110715,medio,Priorizar seguimiento del asesor en 24 horas.,Ivan La Riva,24099.44,487
2025-03885,GY-1505,2025-07-03,Alicanto,Antonio Martinez,manual,sin_clasificar,2.0,340000.0,365,False,0,0,0.1356058823529412,0.47246221347560824,medio,Priorizar seguimiento del asesor en 24 horas.,Antonio Martinez,24095.57,488
2025-06797,NP-A1507,2025-10-19,Torre Nápoles,Karlo  Vargas,manual,sin_clasificar,2.0,301999.77,257,False,0,0,0.1111111111111111,0.5313092318713363,medio,Priorizar seguimiento del asesor en 24 horas.,Karlo  Vargas,24068.29,489
2025-0008139,NP-A1502,2025-11-16,Torre Nápoles,Ivan La Riva,manual,sin_clasificar,2.0,296727.37,229,False,0,0,0.16104631669131161,0.5396435781432067,medio,Priorizar seguimiento del asesor en 24 horas.,Ivan La Riva,24019.05,490
2021-01583,CUBA-801,2021-07-22,Edificio Cuba Connect,Nelly Román Villavicencio,manual,sin_clasificar,3.0,526686.0,1807,False,0,0,0.018986644794051863,0.3035436892459918,bajo,Seguimiento comercial estándar.,Nelly Román Villavicencio,23980.83,491
2024-02384,GY-505,2024-08-27,Alicanto,Nelly Román Villavicencio,manual,sin_clasificar,2.0,340000.0,675,False,0,0,0.12007011764705881,0.47017929993697066,medio,Priorizar seguimiento del asesor en 24 horas.,Nelly Román Villavicencio,23979.14,492
2026-0005781,SL-1001,2026-06-14,Sialia,Ivan La Riva,manual,sin_clasificar,1.0,261480.0,19,False,0,0,0.12385907143949823,0.6112632348920689,medio,Priorizar seguimiento del asesor en 24 horas.,Ivan La Riva,23974.97,493
2020-02330,CUBA-1205,2021-03-12,Edificio Cuba Connect,Nelly Román Villavicencio,manual,sin_clasificar,3.0,548850.0,1939,False,0,0,0.0,0.2910610223256605,bajo,Seguimiento comercial estándar.,Nelly Román Villavicencio,23962.33,494
2024-02798,GY-1005,2024-09-26,Alicanto,Ivan La Riva,manual,sin_clasificar,2.0,343264.66,645,False,0,0,0.140509774586175,0.464470073771131,medio,Priorizar seguimiento del asesor en 24 horas.,Ivan La Riva,23915.42,495
2024-01214,TZ-1105,2024-05-26,Tizón y Bueno,Luis Peñaloza,manual,sin_clasificar,2.0,321138.0,768,False,0,0,0.19419065946726952,0.49637123994242655,medio,Priorizar seguimiento del asesor en 24 horas.,Luis Peñaloza,23910.55,496
2025-00630,FX-1304,2025-01-31,Fenix,Ana Lucia DelSolar,manual,sin_clasificar,2.0,295000.0,518,False,0,0,0.26735081355932205,0.5396670060525884,medio,Priorizar seguimiento del asesor en 24 horas.,Ana Lucia DelSolar,23880.27,497
2025-06673,MD-1507,2025-10-17,Modena,Edwing Soller,manual,sin_clasificar,2.0,329000.0,259,False,0,0,0.14832462006079028,0.48327185983077015,medio,Priorizar seguimiento del asesor en 24 horas.,Edwing Soller,23849.47,498
2026-0005534,MD-1701,2026-06-11,Modena,Antonio Martinez,manual,sin_clasificar,1.0,255000.0,22,False,0,0,0.23915854901960784,0.622606976996595,medio,Priorizar seguimiento del asesor en 24 horas.,Antonio Martinez,23814.72,499
2024-03664,FX-1104,2024-12-03,Fenix,Ana Lucia DelSolar,manual,sin_clasificar,2.0,312507.25,577,False,0,0,0.13636365236326517,0.5076300418515763,medio,Priorizar seguimiento del asesor en 24 horas.,Ana Lucia DelSolar,23795.71,500
2025-05434,NP-A1402,2025-09-06,Torre Nápoles,Nelly Román Villavicencio,manual,sin_clasificar,2.0,308725.53,300,False,0,0,0.12190818815664514,0.5129983995319183,medio,Priorizar seguimiento del asesor en 24 horas.,Nelly Román Villavicencio,23756.36,501
2020-00034,CUBA-601,2021-02-06,Edificio Cuba Connect,Nelly Román Villavicencio,manual,sin_clasificar,3.0,419481.0,1973,True,0,0,0.06198135314829516,0.37730102494181644,bajo,Seguimiento comercial estándar.,Nelly Román Villavicencio,23740.59,502
2025-05062,MT-A102,2025-08-24,Matera,Joceline Arizabal Corimanya,manual,sin_clasificar,1.0,383513.14,313,False,0,0,0.08695652514018164,0.4126204119116926,medio,Priorizar seguimiento del asesor en 24 horas.,Joceline Arizabal Corimanya,23736.8,503
2024-03096,GY-704,2024-10-28,Alicanto,Ana Lucia DelSolar,manual,sin_clasificar,2.0,330663.08,613,False,0,0,0.13636363636363635,0.4783635330683614,medio,Priorizar seguimiento del asesor en 24 horas.,Ana Lucia DelSolar,23726.57,504
2023-02271,TZ-502,2023-10-06,Tizón y Bueno,Enzo Villanueva,manual,sin_clasificar,3.0,463634.0,1001,False,0,0,0.15824119887670016,0.34035916946602235,bajo,Seguimiento comercial estándar.,Enzo Villanueva,23670.31,505
2023-01969,TZ-1506,2023-11-25,Tizón y Bueno,Nelly Román Villavicencio,manual,sin_clasificar,2.0,289075.5,951,False,0,0,0.1111111111111111,0.5454663086814155,medio,Priorizar seguimiento del asesor en 24 horas.,Nelly Román Villavicencio,23652.14,506
2024-03567,FX-1204,2024-11-24,Fenix,Ana Lucia DelSolar,manual,sin_clasificar,2.0,300000.0,586,False,0,0,0.16917793333333334,0.5247032881744138,medio,Priorizar seguimiento del asesor en 24 horas.,Ana Lucia DelSolar,23611.65,507
2026-0005178,MT-B1202,2026-06-02,Matera,Karlo  Vargas,manual,sin_clasificar,2.0,400000.0,31,True,0,0,0.1728077,0.39328040648870577,bajo,Seguimiento comercial estándar.,Karlo  Vargas,23596.82,508
2022-01367,CRUZ-603,2020-07-20,Edificio Santa Cruz Infinite,Enzo Villanueva,manual,sin_clasificar,3.0,603000.0,2174,False,0,0,0.0,0.26068268895301616,bajo,Seguimiento comercial estándar.,Enzo Villanueva,23578.75,509
2025-02818,GY-804,2025-05-18,Alicanto,Ivan La Riva,manual,sin_clasificar,2.0,322500.0,411,False,0,0,0.15843339534883719,0.4855449974449551,medio,Priorizar seguimiento del asesor en 24 horas.,Ivan La Riva,23488.24,510
2025-01839,GY-504,2025-03-30,Alicanto,Antonio Martinez,manual,sin_clasificar,2.0,331100.0,460,False,0,0,0.13628598610691633,0.47246221347560824,medio,Priorizar seguimiento del asesor en 24 horas.,Antonio Martinez,23464.84,511
2024-03376,FX-1404,2024-11-19,Fenix,Ana Lucia DelSolar,manual,sin_clasificar,2.0,300000.0,591,False,0,0,0.16413836666666667,0.5213169756645015,medio,Priorizar seguimiento del asesor en 24 horas.,Ana Lucia DelSolar,23459.26,512
2024-03183,GY-1104,2024-11-03,Alicanto,Ivan La Riva,manual,sin_clasificar,2.0,331406.33,607,False,0,0,0.14836469780163825,0.47158419337261204,medio,Priorizar seguimiento del asesor en 24 horas.,Ivan La Riva,23442.9,513
2025-01551,GY-604,2025-03-18,Alicanto,Nelly Román Villavicencio,manual,sin_clasificar,2.0,325188.0,472,False,0,0,0.15383390531015906,0.4788669659240746,medio,Priorizar seguimiento del asesor en 24 horas.,Nelly Román Villavicencio,23358.27,514
2026-0002432,GY-1503,2026-01-15,Alicanto,Luis Peñaloza,manual,sin_clasificar,1.0,254960.56,169,False,0,0,0.09974621172780605,0.6090042889286127,medio,Priorizar seguimiento del asesor en 24 horas.,Luis Peñaloza,23290.81,515
2026-0005875,NP-A2609,2026-06-19,Torre Nápoles,Karlo  Vargas,manual,sin_clasificar,1.0,255191.69,14,True,0,0,0.11155073270606891,0.6075546068010735,medio,Priorizar seguimiento del asesor en 24 horas.,Karlo  Vargas,23256.43,516
2020-02760,CUBA-1804,2020-10-12,Edificio Cuba Connect,Nelly Román Villavicencio,manual,sin_clasificar,3.0,406077.0,2090,False,0,0,0.15267301521632598,0.38086338933054986,bajo,Seguimiento comercial estándar.,Nelly Román Villavicencio,23198.98,517
2023-02274,EEUU-301,2023-09-29,Edificio Urbanzen,Enzo Villanueva,manual,sin_clasificar,3.0,570476.0,1008,False,0,0,0.0,0.27093194674289656,bajo,Seguimiento comercial estándar.,Enzo Villanueva,23184.03,518
2024-02079,TZ-906,2024-08-03,Tizón y Bueno,Luis Peñaloza,manual,sin_clasificar,2.0,318695.4,699,False,0,0,0.1111111111111111,0.48427635856113466,medio,Priorizar seguimiento del asesor en 24 horas.,Luis Peñaloza,23150.5,519
2025-01532,FX-1704,2025-03-16,Fenix,Edwing Soller,manual,sin_clasificar,2.0,323590.0,474,False,0,0,0.12806492784078619,0.47671529764374904,medio,Priorizar seguimiento del asesor en 24 horas.,Edwing Soller,23139.05,520
2025-03926,SL-1301,2025-07-05,Sialia,Luis Peñaloza,manual,sin_clasificar,1.0,246240.0,363,False,0,0,0.1111111111111111,0.6249712797440398,medio,Priorizar seguimiento del asesor en 24 horas.,Luis Peñaloza,23083.94,521
2025-03710,FX-1305,2025-06-30,Fenix,Joceline Arizabal Corimanya,manual,sin_clasificar,3.0,384000.49,368,False,0,0,0.11740089185823696,0.399725396474388,bajo,Seguimiento comercial estándar.,Joceline Arizabal Corimanya,23024.21,522
2025-02981,GY-1004,2025-05-27,Alicanto,Ivan La Riva,manual,sin_clasificar,2.0,324695.4,402,False,0,0,0.14686299836708494,0.4722121630790131,medio,Priorizar seguimiento del asesor en 24 horas.,Ivan La Riva,22998.77,523
2025-06786,GY-503,2025-10-19,Alicanto,Silvia Orellana,manual,sin_clasificar,1.0,262900.0,257,False,0,0,0.0896831875237733,0.583083468065878,medio,Priorizar seguimiento del asesor en 24 horas.,Silvia Orellana,22993.9,524
2025-03362,MD-1601,2025-06-09,Modena,Nelly Román Villavicencio,manual,sin_clasificar,1.0,270889.0,389,False,0,0,0.14894665342631117,0.5645968453045961,medio,Priorizar seguimiento del asesor en 24 horas.,Nelly Román Villavicencio,22941.46,525
2026-0006180,MT-A702,2026-06-27,Matera,Joceline Arizabal Corimanya,manual,sin_clasificar,1.0,383745.5,6,False,0,0,0.1228870175676327,0.39653642135624284,bajo,Seguimiento comercial estándar.,Joceline Arizabal Corimanya,22825.36,526
2025-01287,SL-1501,2025-03-14,Sialia,Yomira  Pacheco,manual,sin_clasificar,1.0,236000.0,476,False,0,0,0.145009406779661,0.6422107006544693,medio,Priorizar seguimiento del asesor en 24 horas.,Yomira  Pacheco,22734.26,527
2025-0008002,MT-A302,2025-11-16,Matera,Luis Peñaloza,manual,sin_clasificar,1.0,351881.69,229,False,0,0,0.13636364540593177,0.43046717754949354,medio,Priorizar seguimiento del asesor en 24 horas.,Luis Peñaloza,22721.03,528
2025-0008814,SL-1201,2025-12-15,Sialia,Antonio Martinez,manual,sin_clasificar,1.0,245000.0,200,False,0,0,0.12362812244897958,0.6174982231518643,medio,Priorizar seguimiento del asesor en 24 horas.,Antonio Martinez,22693.06,529
2022-01374,CRUZ-901,2019-11-23,Edificio Santa Cruz Infinite,Enzo Villanueva,manual,sin_clasificar,3.0,585700.0,2414,False,0,0,0.0,0.25786048025381014,bajo,Seguimiento comercial estándar.,Enzo Villanueva,22654.33,530
2026-0005289,NP-A2307,2026-05-31,Torre Nápoles,Karlo  Vargas,manual,sin_clasificar,2.0,285000.0,33,True,0,0,0.15416817543859648,0.5296585382744292,medio,Priorizar seguimiento del asesor en 24 horas.,Karlo  Vargas,22642.9,531
2022-01365,CRUZ-601,2019-09-18,Edificio Santa Cruz Infinite,Enzo Villanueva,manual,sin_clasificar,3.0,583238.0,2480,False,0,0,0.0,0.25786048025381014,bajo,Seguimiento comercial estándar.,Enzo Villanueva,22559.1,532
2025-06521,MD-2201,2025-10-13,Modena,Antonio Martinez,manual,sin_clasificar,1.0,250000.0,263,False,0,0,0.16574667999999998,0.5995042620483169,medio,Priorizar seguimiento del asesor en 24 horas.,Antonio Martinez,22481.41,533
2025-04038,GY-403,2025-07-10,Alicanto,Luis Peñaloza,manual,sin_clasificar,1.0,258497.89,358,False,0,0,0.11111111970778562,0.5782480725248444,medio,Priorizar seguimiento del asesor en 24 horas.,Luis Peñaloza,22421.39,534
2022-01877,CRUZ-701,2022-03-11,Edificio Santa Cruz Infinite,Enzo Villanueva,manual,sin_clasificar,3.0,581600.0,1575,False,0,0,0.0,0.2567793991727291,bajo,Seguimiento comercial estándar.,Enzo Villanueva,22401.43,535
2022-00795,CRUZ-1503,2022-01-04,Edificio Santa Cruz Infinite,Enzo Villanueva,manual,sin_clasificar,3.0,516100.0,1641,False,0,0,0.0,0.2877182413505231,bajo,Seguimiento comercial estándar.,Enzo Villanueva,22273.71,536
2021-04809,CRUZ-1304,2021-12-03,Edificio Santa Cruz Infinite,Cinthia Román Villavicencio,manual,sin_clasificar,3.0,455000.0,1673,False,0,0,0.0589010989010989,0.3260229168513984,bajo,Seguimiento comercial estándar.,Cinthia Román Villavicencio,22251.06,537
2024-03578,GY-803,2024-11-24,Alicanto,Ivan La Riva,manual,sin_clasificar,1.0,249443.44,586,False,0,0,0.15003044377514999,0.5938372711004111,medio,Priorizar seguimiento del asesor en 24 horas.,Ivan La Riva,22219.32,538
2022-01372,CRUZ-801,2019-11-18,Edificio Santa Cruz Infinite,Enzo Villanueva,manual,sin_clasificar,3.0,576350.0,2419,False,0,0,0.0,0.2567793991727291,bajo,Seguimiento comercial estándar.,Enzo Villanueva,22199.22,539
2022-01378,CRUZ-1001,2019-04-13,Edificio Santa Cruz Infinite,Enzo Villanueva,manual,sin_clasificar,3.0,576350.0,2638,False,0,0,0.0,0.2567793991727291,bajo,Seguimiento comercial estándar.,Enzo Villanueva,22199.22,540
2026-0006060,MT-A1006,2026-06-22,Matera,Ivan La Riva,manual,sin_clasificar,1.0,310000.0,11,False,0,0,0.17014751612903226,0.4773174835023386,medio,Priorizar seguimiento del asesor en 24 horas.,Ivan La Riva,22195.26,541
2021-04745,CUBA-1701,2021-11-01,Edificio Cuba Connect,Enzo Villanueva,manual,sin_clasificar,3.0,534956.0,1705,False,0,0,0.0,0.27557564667733314,bajo,Seguimiento comercial estándar.,Enzo Villanueva,22113.13,542
2022-01385,CRUZ-1401,2020-03-13,Edificio Santa Cruz Infinite,Enzo Villanueva,manual,sin_clasificar,3.0,513800.0,2303,False,0,0,0.0,0.28525922495708045,bajo,Seguimiento comercial estándar.,Enzo Villanueva,21984.93,543
2025-05422,MT-B1201,2025-09-05,Matera,Luis Peñaloza,manual,sin_clasificar,2.0,368301.8,301,False,0,0,0.12016164460776461,0.3975392112802647,bajo,Seguimiento comercial estándar.,Luis Peñaloza,21962.16,544
2022-01377,CRUZ-902,2019-09-13,Edificio Santa Cruz Infinite,Enzo Villanueva,manual,sin_clasificar,1.0,592452.0,2485,False,0,0,0.0,0.24603901900207434,bajo,Seguimiento comercial estándar.,Enzo Villanueva,21864.95,545
2022-01364,CRUZ-502,2019-11-23,Edificio Santa Cruz Infinite,Enzo Villanueva,manual,sin_clasificar,1.0,592000.0,2414,False,0,0,0.0,0.24603901900207434,bajo,Seguimiento comercial estándar.,Enzo Villanueva,21848.26,546
2022-01371,CRUZ-706,2020-03-14,Edificio Santa Cruz Infinite,Enzo Villanueva,manual,sin_clasificar,3.0,569200.0,2302,False,0,0,0.0,0.2558850902296397,bajo,Seguimiento comercial estándar.,Enzo Villanueva,21847.47,547
2025-01673,SL-1401,2025-03-23,Sialia,Ivan La Riva,manual,sin_clasificar,1.0,239720.0,467,False,0,0,0.13428629234106457,0.607462677861336,medio,Priorizar seguimiento del asesor en 24 horas.,Ivan La Riva,21843.14,548
2020-00056,CRUZ-202,2020-02-28,Edificio Santa Cruz Infinite,Cinthia Román Villavicencio,manual,sin_clasificar,1.0,389900.0,2317,False,0,0,0.09617850730956655,0.37334717462961564,bajo,Seguimiento comercial estándar.,Cinthia Román Villavicencio,21835.21,549
2026-0005086,NP-A2807,2026-05-27,Torre Nápoles,Karlo  Vargas,manual,sin_clasificar,2.0,274815.8,37,True,0,0,0.16197289238828336,0.5296585382744292,medio,Priorizar seguimiento del asesor en 24 horas.,Karlo  Vargas,21833.78,550
2021-02732,CUBA-1604,2021-05-21,Edificio Cuba Connect,Enzo Villanueva,manual,sin_clasificar,3.0,527408.0,1869,False,0,0,0.0,0.2758310313557526,bajo,Seguimiento comercial estándar.,Enzo Villanueva,21821.32,551
2020-00055,CRUZ-201,2021-08-30,Edificio Santa Cruz Infinite,Cinthia Román Villavicencio,manual,sin_clasificar,3.0,437950.0,1768,False,0,0,0.08562621303801804,0.33119228045076726,bajo,Seguimiento comercial estándar.,Cinthia Román Villavicencio,21756.85,552
2025-00236,CRUZ-102,2024-01-08,Edificio Santa Cruz Infinite,Enzo Villanueva,manual,sin_clasificar,3.0,509700.0,907,False,0,0,0.0,0.28456714142138345,bajo,Seguimiento comercial estándar.,Enzo Villanueva,21756.58,553
2022-01391,CRUZ-1601,2019-10-21,Edificio Santa Cruz Infinite,Enzo Villanueva,manual,sin_clasificar,3.0,543400.0,2447,False,0,0,0.0,0.2666824998841516,bajo,Seguimiento comercial estándar.,Enzo Villanueva,21737.29,554
2022-01380,CRUZ-1101,2021-02-02,Edificio Santa Cruz Infinite,Enzo Villanueva,manual,sin_clasificar,3.0,565900.0,1977,False,0,0,0.0,0.2558850902296397,bajo,Seguimiento comercial estándar.,Enzo Villanueva,21720.81,555
2026-0005381,NP-A1710,2026-06-04,Torre Nápoles,Luis Peñaloza,manual,sin_clasificar,1.0,239381.71,29,False,0,0,0.13636363446480518,0.6043478033583384,medio,Priorizar seguimiento del asesor en 24 horas.,Luis Peñaloza,21700.47,556
2023-02162,MA-604,2023-10-26,Edificio Mariategui,Joceline Arizabal Corimanya,manual,sin_clasificar,1.0,292896.0,981,True,0,0,0.041666666666666664,0.4938000662087449,medio,Priorizar seguimiento del asesor en 24 horas.,Joceline Arizabal Corimanya,21694.81,557
2022-01353,CRUZ-506,2022-02-20,Edificio Santa Cruz Infinite,Enzo Villanueva,manual,sin_clasificar,3.0,563800.0,1594,False,0,0,0.0,0.2558850902296397,bajo,Seguimiento comercial estándar.,Enzo Villanueva,21640.2,558
2022-03041,CRUZ-306,2022-05-28,Edificio Santa Cruz Infinite,Enzo Villanueva,manual,sin_clasificar,3.0,563800.0,1497,False,0,0,0.0,0.2558850902296397,bajo,Seguimiento comercial estándar.,Enzo Villanueva,21640.2,559
2023-00787,MA-904,2023-05-27,Edificio Mariategui,Nelly Román Villavicencio,manual,sin_clasificar,1.0,283046.0,1133,False,0,0,0.030927835051546393,0.508563288219878,medio,Priorizar seguimiento del asesor en 24 horas.,Nelly Román Villavicencio,21592.02,560
2022-01370,CRUZ-705,2019-09-09,Edificio Santa Cruz Infinite,Enzo Villanueva,manual,sin_clasificar,3.0,561050.0,2489,False,0,0,0.0,0.2558850902296397,bajo,Seguimiento comercial estándar.,Enzo Villanueva,21534.65,561
2025-05341,MT-B501,2025-08-29,Matera,Percy Soto,manual,sin_clasificar,2.0,385986.0,308,False,0,0,0.11111125792127176,0.3719367371080459,bajo,Seguimiento comercial estándar.,Percy Soto,21534.36,562
2025-07551,NP-A703,2025-11-13,Torre Nápoles,Edwing Soller,manual,sin_clasificar,1.0,236280.0,232,False,0,0,0.13462430167597764,0.605898360724217,medio,Priorizar seguimiento del asesor en 24 horas.,Edwing Soller,21474.25,563
2022-01368,CRUZ-605,2019-08-23,Edificio Santa Cruz Infinite,Enzo Villanueva,manual,sin_clasificar,3.0,559000.0,2506,False,0,0,0.0,0.2558850902296397,bajo,Seguimiento comercial estándar.,Enzo Villanueva,21455.96,564
2022-01288,CRUZ-401,2020-12-16,Edificio Santa Cruz Infinite,Enzo Villanueva,manual,sin_clasificar,3.0,544700.0,2025,False,0,0,0.0,0.26259848349070897,bajo,Seguimiento comercial estándar.,Enzo Villanueva,21455.61,565
2025-01683,SL-703,2025-03-23,Sialia,Joceline Arizabal Corimanya,manual,sin_clasificar,2.0,327000.22,467,True,0,0,0.13135465168800192,0.4343685544453453,medio,Priorizar seguimiento del asesor en 24 horas.,Joceline Arizabal Corimanya,21305.79,566
2025-0008281,CP-B701,2025-11-22,Capadocia,Joceline Arizabal Corimanya,manual,sin_clasificar,2.0,353632.08,223,True,0,0,0.17647058490847323,0.4008551675025725,medio,Priorizar seguimiento del asesor en 24 horas.,Joceline Arizabal Corimanya,21263.29,567
2024-03679,FX-1302,2024-12-07,Fenix,Joceline Arizabal Corimanya,manual,sin_clasificar,2.0,352786.0,573,False,0,0,0.13636371624724336,0.40166339534645434,medio,Priorizar seguimiento del asesor en 24 horas.,Joceline Arizabal Corimanya,21255.18,568
2025-05083,NP-A505,2025-08-24,Torre Nápoles,Antonio Martinez,manual,sin_clasificar,3.0,373000.0,313,False,0,0,0.0,0.3795079852619387,bajo,Seguimiento comercial estándar.,Antonio Martinez,21233.47,569
2022-03040,CRUZ-1006,2022-05-18,Edificio Santa Cruz Infinite,Enzo Villanueva,manual,sin_clasificar,3.0,548200.0,1507,False,0,0,0.0,0.25803562786404827,bajo,Seguimiento comercial estándar.,Enzo Villanueva,21218.27,570
2022-04215,CRUZ-305,2022-09-30,Edificio Santa Cruz Infinite,Enzo Villanueva,manual,sin_clasificar,3.0,552300.0,1372,False,0,0,0.0,0.2558850902296397,bajo,Seguimiento comercial estándar.,Enzo Villanueva,21198.8,571
2022-00791,CRUZ-303,2022-01-12,Edificio Santa Cruz Infinite,Enzo Villanueva,manual,sin_clasificar,3.0,546500.0,1633,False,0,0,0.0,0.25803562786404827,bajo,Seguimiento comercial estándar.,Enzo Villanueva,21152.47,572
2023-02262,CRUZ-503,2023-10-12,Edificio Santa Cruz Infinite,Enzo Villanueva,manual,sin_clasificar,3.0,546500.0,995,False,0,0,0.0,0.25803562786404827,bajo,Seguimiento comercial estándar.,Enzo Villanueva,21152.47,573
2021-02724,CUBA-606,2021-06-30,Edificio Cuba Connect,Enzo Villanueva,manual,sin_clasificar,3.0,584920.0,1829,False,0,0,0.0,0.24071523947553103,bajo,Seguimiento comercial estándar.,Enzo Villanueva,21119.87,574
2021-02727,CUBA-1103,2021-01-20,Edificio Cuba Connect,Enzo Villanueva,manual,sin_clasificar,3.0,583870.0,1990,False,0,0,0.0,0.24071523947553103,bajo,Seguimiento comercial estándar.,Enzo Villanueva,21081.96,575
2025-03968,MT-A902,2025-07-07,Matera,Luis Peñaloza,manual,sin_clasificar,1.0,310000.0,361,False,0,0,0.14332932258064515,0.4532100437265413,medio,Priorizar seguimiento del asesor en 24 horas.,Luis Peñaloza,21074.27,576
2022-01354,CRUZ-204,2022-02-11,Edificio Santa Cruz Infinite,Enzo Villanueva,manual,sin_clasificar,3.0,549000.0,1603,False,0,0,0.0,0.2558850902296397,bajo,Seguimiento comercial estándar.,Enzo Villanueva,21072.14,577
2023-00849,MA-1104,2023-06-05,Edificio Mariategui,Joceline Arizabal Corimanya,manual,sin_clasificar,1.0,276644.0,1124,False,0,0,0.030927835051546393,0.5062622053566117,medio,Priorizar seguimiento del asesor en 24 horas.,Joceline Arizabal Corimanya,21008.16,578
2025-05401,MT-A808,2025-09-04,Matera,Percy Soto,manual,sin_clasificar,2.0,370350.0,302,False,0,0,0.1111061428378561,0.3770710359465873,bajo,Seguimiento comercial estándar.,Percy Soto,20947.24,579
2025-0009080,NP-A2503,2025-12-30,Torre Nápoles,Yomira  Pacheco,manual,sin_clasificar,1.0,209000.0,185,False,0,0,0.16766081339712918,0.6670622774765563,medio,Priorizar seguimiento del asesor en 24 horas.,Yomira  Pacheco,20912.4,580
2025-02714,SL-1503,2025-05-17,Sialia,Joceline Arizabal Corimanya,manual,sin_clasificar,2.0,320000.11,412,True,0,0,0.1302687052201326,0.4355630547806908,medio,Priorizar seguimiento del asesor en 24 horas.,Joceline Arizabal Corimanya,20907.03,581
2022-03655,MA-504,2022-09-18,Edificio Mariategui,Cinthia Román Villavicencio,manual,sin_clasificar,1.0,276450.0,1384,False,0,0,0.05263157894736842,0.5037555041769394,medio,Priorizar seguimiento del asesor en 24 horas.,Cinthia Román Villavicencio,20889.48,582
2024-00143,TZ-1101,2024-02-11,Tizón y Bueno,Joceline Arizabal Corimanya,manual,sin_clasificar,2.0,343000.0,873,False,0,0,0.11545189504373178,0.4057076998122097,medio,Priorizar seguimiento del asesor en 24 horas.,Joceline Arizabal Corimanya,20873.66,583
2019-00050,ES-1106,2019-12-27,Edificio Saenz,Joceline Arizabal Corimanya,manual,sin_clasificar,3.0,495700.0,2380,False,0,0,0.0,0.280663286306584,bajo,Seguimiento comercial estándar.,Joceline Arizabal Corimanya,20868.72,584
2024-03496,FX-802,2024-11-23,Fenix,Joceline Arizabal Corimanya,manual,sin_clasificar,2.0,345037.0,587,False,0,0,0.14624619968293254,0.40166339534645434,medio,Priorizar seguimiento del asesor en 24 horas.,Joceline Arizabal Corimanya,20788.31,585
2024-03569,GY-1204,2024-11-24,Alicanto,Joceline Arizabal Corimanya,manual,sin_clasificar,2.0,334176.0,586,False,0,0,0.13636718375945608,0.4128952567032881,medio,Priorizar seguimiento del asesor en 24 horas.,Joceline Arizabal Corimanya,20696.95,586
2022-01196,CUBA-1601,2019-06-17,Edificio Cuba Connect,Enzo Villanueva,manual,sin_clasificar,3.0,575746.0,2573,False,0,0,0.0,0.2396341583944499,bajo,Seguimiento comercial estándar.,Enzo Villanueva,20695.26,587
2022-01200,CUBA-1801,2020-12-05,Edificio Cuba Connect,Enzo Villanueva,manual,sin_clasificar,3.0,575746.0,2036,False,0,0,0.0,0.2396341583944499,bajo,Seguimiento comercial estándar.,Enzo Villanueva,20695.26,588
2022-01379,CRUZ-1002,2019-12-02,Edificio Santa Cruz Infinite,Enzo Villanueva,manual,sin_clasificar,1.0,567900.0,2405,False,0,0,0.0,0.24266451969390251,bajo,Seguimiento comercial estándar.,Enzo Villanueva,20671.38,589
2020-00102,ES-402,2020-03-28,Edificio Saenz,Joceline Arizabal Corimanya,manual,sin_clasificar,3.0,490004.0,2288,False,0,0,0.014910082366674559,0.28082389190220575,bajo,Seguimiento comercial estándar.,Joceline Arizabal Corimanya,20640.72,590
2021-04746,CUBA-404,2021-11-15,Edificio Cuba Connect,Enzo Villanueva,manual,sin_clasificar,3.0,573944.0,1691,False,0,0,0.0,0.2396341583944499,bajo,Seguimiento comercial estándar.,Enzo Villanueva,20630.49,591
2025-0008176,MT-B1204,2025-11-18,Matera,Yomira  Pacheco,manual,sin_clasificar,1.0,270500.0,227,False,0,0,0.1493962292051756,0.5079572813908338,medio,Priorizar seguimiento del asesor en 24 horas.,Yomira  Pacheco,20610.37,592
2025-07400,NP-A2703,2025-10-30,Torre Nápoles,Yomira  Pacheco,manual,sin_clasificar,1.0,211800.0,246,False,0,0,0.1396086402266289,0.6481804047982429,medio,Priorizar seguimiento del asesor en 24 horas.,Yomira  Pacheco,20592.69,593
2022-01381,CRUZ-1102,2019-07-11,Edificio Santa Cruz Infinite,Enzo Villanueva,manual,sin_clasificar,1.0,565000.0,2549,False,0,0,0.0,0.24266451969390251,bajo,Seguimiento comercial estándar.,Enzo Villanueva,20565.82,594
2021-02760,CUBA-1605,2021-02-19,Edificio Cuba Connect,Enzo Villanueva,manual,sin_clasificar,3.0,571540.0,1960,False,0,0,0.0,0.2396341583944499,bajo,Seguimiento comercial estándar.,Enzo Villanueva,20544.08,595
2021-02764,CUBA-2005,2021-06-25,Edificio Cuba Connect,Enzo Villanueva,manual,sin_clasificar,3.0,571540.0,1834,False,0,0,0.0,0.2396341583944499,bajo,Seguimiento comercial estándar.,Enzo Villanueva,20544.08,596
2022-01384,CRUZ-1302,2019-06-23,Edificio Santa Cruz Infinite,Enzo Villanueva,manual,sin_clasificar,1.0,562950.0,2567,False,0,0,0.0,0.24266451969390251,bajo,Seguimiento comercial estándar.,Enzo Villanueva,20491.2,597
2025-05306,MT-A1007,2025-09-03,Matera,Yomira  Pacheco,manual,sin_clasificar,1.0,270153.0,303,False,0,0,0.11110785369771943,0.5054167661290182,medio,Priorizar seguimiento del asesor en 24 horas.,Yomira  Pacheco,20480.98,598
2022-01389,CRUZ-1502,2020-05-30,Edificio Santa Cruz Infinite,Enzo Villanueva,manual,sin_clasificar,1.0,515800.0,2225,False,0,0,0.0,0.2644605394400051,bajo,Seguimiento comercial estándar.,Enzo Villanueva,20461.31,599
2026-0002080,NP-A1703,2026-02-28,Torre Nápoles,Antonio Martinez,manual,sin_clasificar,1.0,225000.0,125,False,0,0,0.1321292,0.6050655408062091,medio,Priorizar seguimiento del asesor en 24 horas.,Antonio Martinez,20420.96,600
2026-0003097,NP-A1003,2026-03-21,Torre Nápoles,Nelly Román Villavicencio,manual,sin_clasificar,1.0,230000.0,104,False,0,0,0.1481784347826087,0.5914637134633561,medio,Priorizar seguimiento del asesor en 24 horas.,Nelly Román Villavicencio,20405.5,601
2022-01386,CRUZ-1402,2019-11-22,Edificio Santa Cruz Infinite,Enzo Villanueva,manual,sin_clasificar,1.0,559919.0,2415,False,0,0,0.0,0.24266451969390251,bajo,Seguimiento comercial estándar.,Enzo Villanueva,20380.87,602
2021-02725,CUBA-701,2021-05-31,Edificio Cuba Connect,Enzo Villanueva,manual,sin_clasificar,3.0,566424.0,1859,False,0,0,0.0,0.2396341583944499,bajo,Seguimiento comercial estándar.,Enzo Villanueva,20360.18,603
2022-01383,CRUZ-1202,2019-07-16,Edificio Santa Cruz Infinite,Enzo Villanueva,manual,sin_clasificar,1.0,558750.0,2544,False,0,0,0.0,0.24266451969390251,bajo,Seguimiento comercial estándar.,Enzo Villanueva,20338.32,604
2023-00416,CRUZ-702,2023-01-03,Edificio Santa Cruz Infinite,Enzo Villanueva,manual,sin_clasificar,1.0,558700.0,1277,False,0,0,0.0,0.24266451969390251,bajo,Seguimiento comercial estándar.,Enzo Villanueva,20336.5,605
2025-00175,CUBA-1106,2024-01-08,Edificio Cuba Connect,Enzo Villanueva,manual,sin_clasificar,3.0,565000.0,907,False,0,0,0.0,0.2396341583944499,bajo,Seguimiento comercial estándar.,Enzo Villanueva,20308.99,606
2025-05662,NP-A803,2025-09-13,Torre Nápoles,Nelly Román Villavicencio,manual,sin_clasificar,1.0,228436.0,293,False,0,0,0.13542865397748166,0.590433080700367,medio,Priorizar seguimiento del asesor en 24 horas.,Nelly Román Villavicencio,20231.43,607
2025-00241,CRUZ-1301,2024-01-08,Edificio Santa Cruz Infinite,Ivan La Riva,manual,sin_clasificar,3.0,429400.0,907,False,0,0,0.0,0.3132368594081676,bajo,Seguimiento comercial estándar.,Ivan La Riva,20175.59,608
2025-05670,MT-A907,2025-09-12,Matera,Yomira  Pacheco,manual,sin_clasificar,1.0,270153.0,294,False,0,0,0.11671952560215879,0.4974032859932542,medio,Priorizar seguimiento del asesor en 24 horas.,Yomira  Pacheco,20156.25,609
2025-0008389,MT-A706,2025-11-25,Matera,Percy Soto,manual,sin_clasificar,1.0,315752.0,220,False,0,0,0.13887354632749752,0.42406455332309806,medio,Priorizar seguimiento del asesor en 24 horas.,Percy Soto,20084.88,610
2026-0004338,NP-A2210,2026-05-05,Torre Nápoles,Karlo  Vargas,manual,sin_clasificar,1.0,226012.45,59,True,0,0,0.13636363837478865,0.5902795835174742,medio,Priorizar seguimiento del asesor en 24 horas.,Karlo  Vargas,20011.58,611
2021-04029,CUBA-1204,2021-10-21,Edificio Cuba Connect,Enzo Villanueva,manual,sin_clasificar,3.0,542920.0,1716,False,0,0,0.0,0.24542742924470196,bajo,Seguimiento comercial estándar.,Enzo Villanueva,19987.12,612
2021-02726,CUBA-1101,2021-04-22,Edificio Cuba Connect,Enzo Villanueva,manual,sin_clasificar,3.0,550690.0,1898,False,0,0,0.0,0.24156749172778325,bajo,Seguimiento comercial estándar.,Enzo Villanueva,19954.32,613
2021-02731,CUBA-1501,2021-02-18,Edificio Cuba Connect,Enzo Villanueva,manual,sin_clasificar,3.0,550690.0,1961,False,0,0,0.0,0.24156749172778325,bajo,Seguimiento comercial estándar.,Enzo Villanueva,19954.32,614
2025-00176,CUBA-1404,2024-01-08,Edificio Cuba Connect,Enzo Villanueva,manual,sin_clasificar,3.0,555101.2,907,False,0,0,0.0,0.2396341583944499,bajo,Seguimiento comercial estándar.,Enzo Villanueva,19953.18,615
2026-0003385,NP-A2710,2026-04-04,Torre Nápoles,Luis Peñaloza,manual,sin_clasificar,1.0,219908.13,90,False,0,0,0.1363636260287421,0.6043478033583384,medio,Priorizar seguimiento del asesor en 24 horas.,Luis Peñaloza,19935.15,616
2023-01949,TZ-1201,2023-09-09,Tizón y Bueno,Joceline Arizabal Corimanya,manual,sin_clasificar,2.0,335000.0,1028,True,0,0,0.11251940298507462,0.39600561549315877,bajo,Seguimiento comercial estándar.,Joceline Arizabal Corimanya,19899.28,617
2022-01205,URT-201,2018-03-21,Los Jardines de Urteaga,Enzo Villanueva,manual,sin_clasificar,3.0,803520.0,3026,False,0,0,0.0,0.1647186013838449,bajo,Seguimiento comercial estándar.,Enzo Villanueva,19853.2,618
2020-00067,CRUZ-301,2020-03-06,Edificio Santa Cruz Infinite,Cinthia Román Villavicencio,manual,sin_clasificar,3.0,461220.0,2310,False,0,0,0.03252244048393391,0.2861109959455744,bajo,Seguimiento comercial estándar.,Cinthia Román Villavicencio,19794.02,619
2021-02745,CUBA-1902,2021-09-21,Edificio Cuba Connect,Nelly Román Villavicencio,manual,sin_clasificar,1.0,306802.0,1746,False,0,0,0.08981036629487422,0.4285355397968165,medio,Priorizar seguimiento del asesor en 24 horas.,Nelly Román Villavicencio,19721.33,620
2022-02557,URT-1301,2022-04-25,Los Jardines de Urteaga,Enzo Villanueva,manual,sin_clasificar,3.0,790669.0,1530,False,0,0,0.0,0.1647186013838449,bajo,Seguimiento comercial estándar.,Enzo Villanueva,19535.68,621
2021-03338,CUBA-702,2021-10-22,Edificio Cuba Connect,Nelly Román Villavicencio,manual,sin_clasificar,1.0,333000.0,1715,False,0,0,0.06313513513513513,0.390750224489737,bajo,Seguimiento comercial estándar.,Nelly Román Villavicencio,19517.97,622
2023-02264,MA-1703,2023-07-29,Edificio Mariategui,Enzo Villanueva,manual,sin_clasificar,3.0,496500.0,1070,False,0,0,0.0,0.26147455968183864,bajo,Seguimiento comercial estándar.,Enzo Villanueva,19473.32,623
2025-06008,NP-A2003,2025-09-25,Torre Nápoles,Percy Soto,manual,sin_clasificar,1.0,219407.0,281,False,0,0,0.11110575323485578,0.5882667775415216,medio,Priorizar seguimiento del asesor en 24 horas.,Percy Soto,19360.48,624
2025-00338,ES-1101,2024-01-08,Edificio Saenz,Enzo Villanueva,manual,sin_clasificar,3.0,640344.0,907,False,0,0,0.0,0.20036750670528425,bajo,Seguimiento comercial estándar.,Enzo Villanueva,19245.62,625
2025-06859,NP-A1903,2025-10-21,Torre Nápoles,Ivan La Riva,manual,sin_clasificar,1.0,200000.0,255,False,0,0,0.22541709999999998,0.6320638443425529,medio,Priorizar seguimiento del asesor en 24 horas.,Ivan La Riva,18961.92,626
2025-00292,ES-101,2024-01-08,Edificio Saenz,Enzo Villanueva,manual,sin_clasificar,3.0,624700.0,907,False,0,0,0.0,0.20036750670528425,bajo,Seguimiento comercial estándar.,Enzo Villanueva,18775.44,627
2022-00798,URT-1501,2022-01-05,Los Jardines de Urteaga,Enzo Villanueva,manual,sin_clasificar,3.0,751136.0,1640,False,0,0,0.0,0.16610707256178975,bajo,Seguimiento comercial estándar.,Enzo Villanueva,18715.35,628
2022-01279,URT-1401,2021-06-26,Los Jardines de Urteaga,Enzo Villanueva,manual,sin_clasificar,3.0,751136.0,1833,False,0,0,0.0,0.16610707256178975,bajo,Seguimiento comercial estándar.,Enzo Villanueva,18715.35,629
2022-02554,MA-1602,2022-04-25,Edificio Mariategui,Enzo Villanueva,manual,sin_clasificar,0.0,472000.0,1530,False,0,0,0.0,0.26324141262426054,bajo,Seguimiento comercial estándar.,Enzo Villanueva,18637.49,630
2026-0003313,NP-A2203,2026-03-30,Torre Nápoles,Percy Soto,manual,sin_clasificar,1.0,205000.0,95,False,0,0,0.20348780487804877,0.6050171521460773,medio,Priorizar seguimiento del asesor en 24 horas.,Percy Soto,18604.28,631
2025-05508,MT-B1103,2025-09-06,Matera,Antonio Martinez,manual,sin_clasificar,1.0,259000.0,300,False,0,0,0.10911501930501931,0.4767768184946989,medio,Priorizar seguimiento del asesor en 24 horas.,Antonio Martinez,18522.78,632
2025-0008889,NP-A2010,2025-12-19,Torre Nápoles,Ivan La Riva,manual,sin_clasificar,1.0,195000.0,196,False,0,0,0.23529358974358974,0.6320638443425529,medio,Priorizar seguimiento del asesor en 24 horas.,Ivan La Riva,18487.87,633
2019-00040,CRUZ-203,2019-12-16,Edificio Santa Cruz Infinite,Cinthia Román Villavicencio,manual,sin_clasificar,3.0,435650.0,2391,False,0,0,0.04590841271663032,0.28243347532387764,bajo,Seguimiento comercial estándar.,Cinthia Román Villavicencio,18456.32,634
2025-00299,ES-305,2024-01-08,Edificio Saenz,Enzo Villanueva,manual,sin_clasificar,3.0,610823.4,907,False,0,0,0.0,0.20036750670528425,bajo,Seguimiento comercial estándar.,Enzo Villanueva,18358.37,635
2025-05513,MT-B1003,2025-09-07,Matera,Antonio Martinez,manual,sin_clasificar,1.0,259847.06,299,False,0,0,0.11111112821518936,0.47099013879424556,medio,Priorizar seguimiento del asesor en 24 horas.,Antonio Martinez,18357.81,636
2026-0005313,MT-A1202,2026-05-31,Matera,Joceline Arizabal Corimanya,manual,sin_clasificar,1.0,268768.0,33,False,0,0,0.25,0.45416409292783316,medio,Priorizar seguimiento del asesor en 24 horas.,Joceline Arizabal Corimanya,18309.72,637
2025-00293,ES-201,2024-01-08,Edificio Saenz,Enzo Villanueva,manual,sin_clasificar,3.0,607917.0,907,False,0,0,0.0,0.20036750670528425,bajo,Seguimiento comercial estándar.,Enzo Villanueva,18271.02,638
2024-03373,FX-202,2024-11-19,Fenix,Enzo Villanueva,manual,sin_clasificar,2.0,361964.0,591,False,0,0,0.28024444419887057,0.335564466587371,bajo,Seguimiento comercial estándar.,Enzo Villanueva,18219.34,639
2025-05526,MT-A807,2025-09-07,Matera,Ivan La Riva,manual,sin_clasificar,1.0,268516.62,299,False,0,0,0.12917084983417412,0.4521718794756443,medio,Priorizar seguimiento del asesor en 24 horas.,Ivan La Riva,18212.35,640
2025-05085,MT-A1107,2025-08-24,Matera,Ivan La Riva,manual,sin_clasificar,1.0,268787.8,313,False,0,0,0.11111114418139514,0.4513923960421609,medio,Priorizar seguimiento del asesor en 24 horas.,Ivan La Riva,18199.32,641
2026-0004861,NP-A2608,2026-05-17,Torre Nápoles,Karlo  Vargas,manual,sin_clasificar,1.0,203487.46,47,True,0,0,0.16637118572318904,0.5958941842086548,medio,Priorizar seguimiento del asesor en 24 horas.,Karlo  Vargas,18188.55,642
2025-05091,MT-A1207,2025-08-24,Matera,Ivan La Riva,manual,sin_clasificar,1.0,267423.39,313,False,0,0,0.11111114850499801,0.4513923960421609,medio,Priorizar seguimiento del asesor en 24 horas.,Ivan La Riva,18106.93,643
2025-06399,NP-A2410,2025-10-12,Torre Nápoles,Yomira  Pacheco,manual,sin_clasificar,1.0,176000.0,264,False,0,0,0.2322878977272727,0.6854444166128776,medio,Priorizar seguimiento del asesor en 24 horas.,Yomira  Pacheco,18095.73,644
2025-04935,MT-A1201,2025-08-20,Matera,Percy Soto,manual,sin_clasificar,2.0,416162.0,317,False,0,0,0.0,0.2892322903700233,bajo,Seguimiento comercial estándar.,Percy Soto,18055.12,645
2022-04551,MA-804,2023-10-26,Edificio Mariategui,Fernando Chamochumbi,manual,sin_clasificar,1.0,295100.0,981,False,0,0,0.0,0.4043552548264095,medio,Priorizar seguimiento del asesor en 24 horas.,Fernando Chamochumbi,17898.79,646
2023-02272,TZ-1106,2023-10-27,Tizón y Bueno,Enzo Villanueva,manual,sin_clasificar,2.0,328828.0,980,False,0,0,0.090862092035958,0.360562356536569,bajo,Seguimiento comercial estándar.,Enzo Villanueva,17784.45,647
2023-00822,MA-1204,2023-04-15,Edificio Mariategui,Fernando Chamochumbi,manual,sin_clasificar,1.0,281900.0,1175,False,0,0,0.0,0.4176791805479002,medio,Priorizar seguimiento del asesor en 24 horas.,Fernando Chamochumbi,17661.56,648
2023-02275,EEUU-1303,2023-11-09,Edificio Urbanzen,Enzo Villanueva,manual,sin_clasificar,1.0,300314.88,967,False,0,0,0.1111111111111111,0.39075593545755166,bajo,Seguimiento comercial estándar.,Enzo Villanueva,17602.47,649
2025-00295,ES-205,2024-01-08,Edificio Saenz,Enzo Villanueva,manual,sin_clasificar,3.0,519000.0,907,False,0,0,0.0,0.22604378724573618,bajo,Seguimiento comercial estándar.,Enzo Villanueva,17597.51,650
2020-00009,CUBA-204,2021-01-16,Edificio Cuba Connect,Nelly Román Villavicencio,manual,sin_clasificar,3.0,455934.0,1994,True,0,0,0.021932999074427438,0.25590966697063505,bajo,Seguimiento comercial estándar.,Nelly Román Villavicencio,17501.69,651
2025-05749,MT-B903,2025-09-15,Matera,Nelly Román Villavicencio,manual,sin_clasificar,1.0,260000.0,291,False,0,0,0.11606592307692308,0.4481930084149796,medio,Priorizar seguimiento del asesor en 24 horas.,Nelly Román Villavicencio,17479.53,652
2025-02032,SL-502,2025-04-11,Sialia,Enzo Villanueva,manual,sin_clasificar,2.0,320000.0,448,False,0,0,0.17206909375,0.36170211712120437,bajo,Seguimiento comercial estándar.,Enzo Villanueva,17361.7,653
2025-06126,NP-A2810,2025-09-29,Torre Nápoles,Antonio Martinez,manual,sin_clasificar,1.0,188000.0,277,False,0,0,0.12743053191489362,0.6050655408062091,medio,Priorizar seguimiento del asesor en 24 horas.,Antonio Martinez,17062.85,654
2022-03645,CUBA-202,2022-08-28,Edificio Cuba Connect,Nelly Román Villavicencio,manual,sin_clasificar,1.0,379853.94,1405,False,0,0,0.03092783505154639,0.29790345447532945,bajo,Seguimiento comercial estándar.,Nelly Román Villavicencio,16973.97,655
2021-02721,URT-1502,2021-01-14,Los Jardines de Urteaga,Enzo Villanueva,manual,sin_clasificar,3.0,691512.0,1996,False,0,0,0.0,0.16341203710079683,bajo,Seguimiento comercial estándar.,Enzo Villanueva,16950.21,656
2022-01280,URT-1402,2021-04-21,Los Jardines de Urteaga,Enzo Villanueva,manual,sin_clasificar,3.0,691512.0,1899,False,0,0,0.0,0.16341203710079683,bajo,Seguimiento comercial estándar.,Enzo Villanueva,16950.21,657
2023-00220,CRUZ-1704,2023-02-20,Edificio Santa Cruz Infinite,Enzo Villanueva,manual,sin_clasificar,3.0,503300.0,1229,False,0,0,0.0,0.22284202472332676,bajo,Seguimiento comercial estándar.,Enzo Villanueva,16823.46,658
2019-00003,CRUZ-402,2019-10-02,Edificio Santa Cruz Infinite,Cinthia Román Villavicencio,manual,sin_clasificar,1.0,417400.0,2466,False,0,0,0.023957834211787255,0.2681767839145513,bajo,Seguimiento comercial estándar.,Cinthia Román Villavicencio,16790.55,659
2025-06806,NP-A2510,2025-10-20,Torre Nápoles,Edwing Soller,manual,sin_clasificar,1.0,175655.0,256,False,0,0,0.2276977028834932,0.6360868040088156,medio,Priorizar seguimiento del asesor en 24 horas.,Edwing Soller,16759.77,660
2023-02269,ES-1204,2023-09-13,Edificio Saenz,Enzo Villanueva,manual,sin_clasificar,3.0,561200.0,1024,False,0,0,0.0,0.19648179934257953,bajo,Seguimiento comercial estándar.,Enzo Villanueva,16539.84,661
2022-01390,CRUZ-1505,2019-11-28,Edificio Santa Cruz Infinite,Enzo Villanueva,manual,sin_clasificar,3.0,494400.0,2409,False,0,0,0.0,0.22284202472332676,bajo,Seguimiento comercial estándar.,Enzo Villanueva,16525.96,662
2022-02047,ES-1203,2022-03-30,Edificio Saenz,Enzo Villanueva,manual,sin_clasificar,3.0,543400.0,1556,False,0,0,0.0,0.20077619911906552,bajo,Seguimiento comercial estándar.,Enzo Villanueva,16365.27,663
2025-00335,ES-1003,2024-01-08,Edificio Saenz,Enzo Villanueva,manual,sin_clasificar,3.0,410000.0,907,False,0,0,0.05648780487804878,0.26541709845229344,bajo,Seguimiento comercial estándar.,Enzo Villanueva,16323.15,664
2025-03970,MT-B1203,2025-07-07,Matera,Joceline Arizabal Corimanya,manual,sin_clasificar,1.0,257222.34,361,False,0,0,0.11111114998798316,0.4230265651468183,medio,Priorizar seguimiento del asesor en 24 horas.,Joceline Arizabal Corimanya,16321.78,665
2022-01970,CUBA-602,2022-03-28,Edificio Cuba Connect,Nelly Román Villavicencio,manual,sin_clasificar,1.0,369587.46,1558,False,0,0,0.030927835051546393,0.29217509989579554,bajo,Seguimiento comercial estándar.,Nelly Román Villavicencio,16197.64,666
2022-00792,CRUZ-1103,2022-01-07,Edificio Santa Cruz Infinite,Enzo Villanueva,manual,sin_clasificar,3.0,489400.0,1638,False,0,0,0.0,0.21887200695614145,bajo,Seguimiento comercial estándar.,Enzo Villanueva,16067.39,667
2025-00239,CRUZ-906,2024-01-08,Edificio Santa Cruz Infinite,Enzo Villanueva,manual,sin_clasificar,3.0,488928.0,907,False,0,0,0.0,0.21655719214132665,bajo,Seguimiento comercial estándar.,Enzo Villanueva,15882.13,668
2025-00237,CRUZ-405,2024-01-08,Edificio Santa Cruz Infinite,Enzo Villanueva,manual,sin_clasificar,3.0,486200.0,907,False,0,0,0.0,0.21439052547465995,bajo,Seguimiento comercial estándar.,Enzo Villanueva,15635.5,669
2025-00238,CRUZ-505,2024-01-08,Edificio Santa Cruz Infinite,Enzo Villanueva,manual,sin_clasificar,3.0,486200.0,907,False,0,0,0.0,0.21439052547465995,bajo,Seguimiento comercial estándar.,Enzo Villanueva,15635.5,670
2022-01273,URT-1001,2019-09-26,Los Jardines de Urteaga,Enzo Villanueva,manual,sin_clasificar,3.0,675928.0,2472,False,0,0,0.0,0.15261841619244307,bajo,Seguimiento comercial estándar.,Enzo Villanueva,15473.86,671
2022-01208,URT-301,2019-03-03,Los Jardines de Urteaga,Enzo Villanueva,manual,sin_clasificar,3.0,675720.0,2679,False,0,0,0.0,0.15261841619244307,bajo,Seguimiento comercial estándar.,Enzo Villanueva,15469.1,672
2022-01210,URT-401,2019-02-22,Los Jardines de Urteaga,Enzo Villanueva,manual,sin_clasificar,3.0,675720.0,2688,False,0,0,0.0,0.15261841619244307,bajo,Seguimiento comercial estándar.,Enzo Villanueva,15469.1,673
2022-01212,URT-501,2019-06-03,Los Jardines de Urteaga,Enzo Villanueva,manual,sin_clasificar,3.0,675720.0,2587,False,0,0,0.0,0.15261841619244307,bajo,Seguimiento comercial estándar.,Enzo Villanueva,15469.1,674
2022-01270,URT-802,2020-02-10,Los Jardines de Urteaga,Enzo Villanueva,manual,sin_clasificar,3.0,639559.0,2335,False,0,0,0.0,0.1566679335357352,bajo,Seguimiento comercial estándar.,Enzo Villanueva,15029.76,675
2022-01275,URT-1101,2019-09-24,Los Jardines de Urteaga,Enzo Villanueva,manual,sin_clasificar,3.0,657153.0,2474,False,0,0,0.0,0.15112718812226764,bajo,Seguimiento comercial estándar.,Enzo Villanueva,14897.05,676
2022-01277,URT-1201,2020-06-24,Los Jardines de Urteaga,Enzo Villanueva,manual,sin_clasificar,3.0,657153.0,2200,False,0,0,0.0,0.15112718812226764,bajo,Seguimiento comercial estándar.,Enzo Villanueva,14897.05,677
2022-01282,URT-1701,2020-02-10,Los Jardines de Urteaga,Enzo Villanueva,manual,sin_clasificar,3.0,657153.0,2335,False,0,0,0.0,0.15112718812226764,bajo,Seguimiento comercial estándar.,Enzo Villanueva,14897.05,678
2022-01233,URT-601,2018-08-25,Los Jardines de Urteaga,Enzo Villanueva,manual,sin_clasificar,3.0,657000.0,2869,False,0,0,0.0,0.15112718812226764,bajo,Seguimiento comercial estándar.,Enzo Villanueva,14893.58,679
2022-01269,URT-801,2019-07-01,Los Jardines de Urteaga,Enzo Villanueva,manual,sin_clasificar,3.0,657000.0,2559,False,0,0,0.0,0.15112718812226764,bajo,Seguimiento comercial estándar.,Enzo Villanueva,14893.58,680
2022-01271,URT-901,2020-07-31,Los Jardines de Urteaga,Enzo Villanueva,manual,sin_clasificar,3.0,657000.0,2163,False,0,0,0.0,0.15112718812226764,bajo,Seguimiento comercial estándar.,Enzo Villanueva,14893.58,681
2022-01357,URT-701,2022-02-16,Los Jardines de Urteaga,Enzo Villanueva,manual,sin_clasificar,3.0,657000.0,1598,False,0,0,0.0,0.15112718812226764,bajo,Seguimiento comercial estándar.,Enzo Villanueva,14893.58,682
2022-01392,CRUZ-1605,2019-08-22,Edificio Santa Cruz Infinite,Enzo Villanueva,manual,sin_clasificar,3.0,479100.0,2507,False,0,0,0.0,0.20694323574317652,bajo,Seguimiento comercial estándar.,Enzo Villanueva,14871.98,683
2022-01206,URT-202,2018-03-16,Los Jardines de Urteaga,Enzo Villanueva,manual,sin_clasificar,3.0,647640.0,3031,False,0,0,0.0,0.1520795690746486,bajo,Seguimiento comercial estándar.,Enzo Villanueva,14773.92,684
2022-01209,URT-302,2019-01-25,Los Jardines de Urteaga,Enzo Villanueva,manual,sin_clasificar,3.0,622080.0,2716,False,0,0,0.0,0.1566679335357352,bajo,Seguimiento comercial estándar.,Enzo Villanueva,14619.0,685
2022-01211,URT-402,2018-09-26,Los Jardines de Urteaga,Enzo Villanueva,manual,sin_clasificar,3.0,622080.0,2837,False,0,0,0.0,0.1566679335357352,bajo,Seguimiento comercial estándar.,Enzo Villanueva,14619.0,686
2022-01216,URT-502,2019-04-11,Los Jardines de Urteaga,Enzo Villanueva,manual,sin_clasificar,3.0,622080.0,2640,False,0,0,0.0,0.1566679335357352,bajo,Seguimiento comercial estándar.,Enzo Villanueva,14619.0,687
2025-00240,CRUZ-1106,2024-01-08,Edificio Santa Cruz Infinite,Enzo Villanueva,manual,sin_clasificar,3.0,470060.0,907,False,0,0,0.0,0.20694323574317652,bajo,Seguimiento comercial estándar.,Enzo Villanueva,14591.36,688
2021-02712,CRUZ-703,2021-06-30,Edificio Santa Cruz Infinite,Enzo Villanueva,manual,sin_clasificar,3.0,467700.0,1829,False,0,0,0.0,0.20694323574317652,bajo,Seguimiento comercial estándar.,Enzo Villanueva,14518.1,689
2021-02720,CRUZ-1205,2021-08-31,Edificio Santa Cruz Infinite,Enzo Villanueva,manual,sin_clasificar,3.0,459200.0,1767,False,0,0,0.0,0.20694323574317652,bajo,Seguimiento comercial estándar.,Enzo Villanueva,14254.25,690
2021-04747,CRUZ-1104,2021-11-25,Edificio Santa Cruz Infinite,Enzo Villanueva,manual,sin_clasificar,3.0,456500.0,1681,False,0,0,0.0,0.20694323574317652,bajo,Seguimiento comercial estándar.,Enzo Villanueva,14170.44,691
2022-01276,URT-1102,2019-09-20,Los Jardines de Urteaga,Enzo Villanueva,manual,sin_clasificar,3.0,604989.0,2478,False,0,0,0.0,0.15590172940248706,bajo,Seguimiento comercial estándar.,Enzo Villanueva,14147.82,692
2022-01278,URT-1202,2019-09-21,Los Jardines de Urteaga,Enzo Villanueva,manual,sin_clasificar,3.0,604989.0,2477,False,0,0,0.0,0.15590172940248706,bajo,Seguimiento comercial estándar.,Enzo Villanueva,14147.82,693
2022-01284,URT-1902,2020-02-05,Los Jardines de Urteaga,Enzo Villanueva,manual,sin_clasificar,3.0,604989.0,2340,False,0,0,0.0,0.15590172940248706,bajo,Seguimiento comercial estándar.,Enzo Villanueva,14147.82,694
2022-01267,URT-602,2018-06-09,Los Jardines de Urteaga,Enzo Villanueva,manual,sin_clasificar,3.0,604440.0,2946,False,0,0,0.0,0.15590172940248706,bajo,Seguimiento comercial estándar.,Enzo Villanueva,14134.99,695
2022-01268,URT-702,2019-06-10,Los Jardines de Urteaga,Enzo Villanueva,manual,sin_clasificar,3.0,604440.0,2580,False,0,0,0.0,0.15590172940248706,bajo,Seguimiento comercial estándar.,Enzo Villanueva,14134.99,696
2022-01272,URT-902,2019-07-14,Los Jardines de Urteaga,Enzo Villanueva,manual,sin_clasificar,3.0,604440.0,2546,False,0,0,0.0,0.15590172940248706,bajo,Seguimiento comercial estándar.,Enzo Villanueva,14134.99,697
2021-02718,CRUZ-1606,2021-04-30,Edificio Santa Cruz Infinite,Enzo Villanueva,manual,sin_clasificar,3.0,455000.0,1890,False,0,0,0.0,0.20694323574317652,bajo,Seguimiento comercial estándar.,Enzo Villanueva,14123.88,698
2021-01637,CUBA-1102,2021-08-01,Edificio Cuba Connect,Nelly Román Villavicencio,manual,sin_clasificar,1.0,316120.0,1797,False,0,0,0.03163355687713527,0.29627036501042325,bajo,Seguimiento comercial estándar.,Nelly Román Villavicencio,14048.55,699
2021-02713,CRUZ-905,2021-03-31,Edificio Santa Cruz Infinite,Enzo Villanueva,manual,sin_clasificar,3.0,448800.0,1920,False,0,0,0.0,0.20796148488361557,bajo,Seguimiento comercial estándar.,Enzo Villanueva,13999.97,700
2025-00339,ES-1105,2024-01-08,Edificio Saenz,Enzo Villanueva,manual,sin_clasificar,3.0,515900.0,907,False,0,0,0.0,0.17902984672429986,bajo,Seguimiento comercial estándar.,Enzo Villanueva,13854.22,701
2022-01283,URT-1702,2019-09-11,Los Jardines de Urteaga,Enzo Villanueva,manual,sin_clasificar,3.0,587703.0,2487,False,0,0,0.0,0.15502486737562504,bajo,Seguimiento comercial estándar.,Enzo Villanueva,13666.29,702
2021-02719,CRUZ-1705,2021-08-31,Edificio Santa Cruz Infinite,Enzo Villanueva,manual,sin_clasificar,3.0,436000.0,1767,False,0,0,0.0,0.20796148488361557,bajo,Seguimiento comercial estándar.,Enzo Villanueva,13600.68,703
2021-02714,CRUZ-1105,2021-06-30,Edificio Santa Cruz Infinite,Enzo Villanueva,manual,sin_clasificar,3.0,435300.0,1829,False,0,0,0.0,0.20796148488361557,bajo,Seguimiento comercial estándar.,Enzo Villanueva,13578.85,704
2021-02715,CRUZ-1305,2021-01-30,Edificio Santa Cruz Infinite,Enzo Villanueva,manual,sin_clasificar,3.0,435300.0,1980,False,0,0,0.0,0.20796148488361557,bajo,Seguimiento comercial estándar.,Enzo Villanueva,13578.85,705
2020-00104,CUBA-1702,2020-06-24,Edificio Cuba Connect,Nelly Román Villavicencio,manual,sin_clasificar,1.0,254900.0,2200,False,0,0,0.04841898783836799,0.34580707333725696,bajo,Seguimiento comercial estándar.,Nelly Román Villavicencio,13221.93,706
2022-01281,URT-1602,2018-06-20,Los Jardines de Urteaga,Enzo Villanueva,manual,sin_clasificar,3.0,570240.0,2935,False,0,0,0.0,0.15394378629454394,bajo,Seguimiento comercial estándar.,Enzo Villanueva,13167.74,707
2023-02268,MA-404,2023-11-30,Edificio Mariategui,Enzo Villanueva,manual,sin_clasificar,1.0,315000.0,946,False,0,0,0.0,0.25770388036876574,bajo,Seguimiento comercial estándar.,Enzo Villanueva,12176.51,708
2022-00790,MA-1004,2022-01-11,Edificio Mariategui,Enzo Villanueva,manual,sin_clasificar,0.0,274400.0,1634,False,0,0,0.0,0.29414954745197475,bajo,Seguimiento comercial estándar.,Enzo Villanueva,12107.2,709
2025-00174,CUBA-201,2024-01-08,Edificio Cuba Connect,Enzo Villanueva,manual,sin_clasificar,3.0,434887.0,907,False,0,0,0.0,0.182750488261804,bajo,Seguimiento comercial estándar.,Enzo Villanueva,11921.37,710
2023-02265,MA-704,2023-09-29,Edificio Mariategui,Enzo Villanueva,manual,sin_clasificar,1.0,298400.0,1008,False,0,0,0.0,0.26345258661366455,bajo,Seguimiento comercial estándar.,Enzo Villanueva,11792.14,711
2025-00304,ES-405,2024-01-08,Edificio Saenz,Enzo Villanueva,manual,sin_clasificar,3.0,494900.0,907,False,0,0,0.0,0.1428962569467109,bajo,Seguimiento comercial estándar.,Enzo Villanueva,10607.9,712
2025-00242,CRUZ-1602,2024-01-08,Edificio Santa Cruz Infinite,Enzo Villanueva,manual,sin_clasificar,1.0,356100.0,907,False,0,0,0.0,0.19142821750186897,bajo,Seguimiento comercial estándar.,Enzo Villanueva,10225.14,713
2022-01194,CUBA-1002,2019-09-16,Edificio Cuba Connect,Enzo Villanueva,manual,sin_clasificar,1.0,381018.0,2482,False,0,0,0.0,0.17250479344217767,bajo,Seguimiento comercial estándar.,Enzo Villanueva,9859.11,714
2022-02103,CUBA-802,2020-09-30,Edificio Cuba Connect,Enzo Villanueva,manual,sin_clasificar,1.0,381018.0,2102,False,0,0,0.0,0.17250479344217767,bajo,Seguimiento comercial estándar.,Enzo Villanueva,9859.11,715
2025-00305,ES-406,2024-01-08,Edificio Saenz,Enzo Villanueva,manual,sin_clasificar,3.0,471300.0,907,False,0,0,0.0,0.13488752603880286,bajo,Seguimiento comercial estándar.,Enzo Villanueva,9535.87,716
2022-01195,CUBA-1502,2019-11-12,Edificio Cuba Connect,Enzo Villanueva,manual,sin_clasificar,1.0,370434.0,2425,False,0,0,0.0,0.17157248591426186,bajo,Seguimiento comercial estándar.,Enzo Villanueva,9533.44,717
2025-00320,ES-705,2024-01-08,Edificio Saenz,Enzo Villanueva,manual,sin_clasificar,3.0,470900.0,907,False,0,0,0.0,0.13488752603880286,bajo,Seguimiento comercial estándar.,Enzo Villanueva,9527.78,718
2025-00296,ES-206,2024-01-08,Edificio Saenz,Enzo Villanueva,manual,sin_clasificar,3.0,466300.0,907,False,0,0,0.0,0.13488752603880286,bajo,Seguimiento comercial estándar.,Enzo Villanueva,9434.71,719
2025-00340,ES-1206,2024-01-08,Edificio Saenz,Enzo Villanueva,manual,sin_clasificar,3.0,465500.0,907,False,0,0,0.0,0.13488752603880286,bajo,Seguimiento comercial estándar.,Enzo Villanueva,9418.52,720
2025-00310,ES-505,2024-01-08,Edificio Saenz,Enzo Villanueva,manual,sin_clasificar,3.0,463760.0,907,False,0,0,0.0,0.13488752603880286,bajo,Seguimiento comercial estándar.,Enzo Villanueva,9383.32,721
2025-00301,ES-401,2024-01-08,Edificio Saenz,Enzo Villanueva,manual,sin_clasificar,3.0,463300.0,907,False,0,0,0.0,0.13488752603880286,bajo,Seguimiento comercial estándar.,Enzo Villanueva,9374.01,722
2022-01197,CUBA-1602,2019-02-26,Edificio Cuba Connect,Enzo Villanueva,manual,sin_clasificar,1.0,359850.0,2684,False,0,0,0.0,0.17157248591426186,bajo,Seguimiento comercial estándar.,Enzo Villanueva,9261.05,723
2022-02104,CUBA-1802,2019-06-30,Edificio Cuba Connect,Enzo Villanueva,manual,sin_clasificar,1.0,359850.0,2560,False,0,0,0.0,0.17157248591426186,bajo,Seguimiento comercial estándar.,Enzo Villanueva,9261.05,724
2021-02728,CUBA-1202,2021-08-20,Edificio Cuba Connect,Enzo Villanueva,manual,sin_clasificar,1.0,344190.0,1778,False,0,0,0.0,0.17157248591426186,bajo,Seguimiento comercial estándar.,Enzo Villanueva,8858.03,725
2021-02729,CUBA-1302,2021-04-23,Edificio Cuba Connect,Enzo Villanueva,manual,sin_clasificar,1.0,344190.0,1897,False,0,0,0.0,0.17157248591426186,bajo,Seguimiento comercial estándar.,Enzo Villanueva,8858.03,726
2021-02730,CUBA-1402,2021-07-23,Edificio Cuba Connect,Enzo Villanueva,manual,sin_clasificar,1.0,344190.0,1806,False,0,0,0.0,0.17157248591426186,bajo,Seguimiento comercial estándar.,Enzo Villanueva,8858.03,727
2021-02761,CUBA-2002,2021-01-15,Edificio Cuba Connect,Enzo Villanueva,manual,sin_clasificar,1.0,334356.0,1995,False,0,0,0.0,0.17157248591426186,bajo,Seguimiento comercial estándar.,Enzo Villanueva,8604.94,728
2025-00314,ES-605,2024-01-08,Edificio Saenz,Enzo Villanueva,manual,sin_clasificar,3.0,453760.0,907,False,0,0,0.0,0.12149816139613283,bajo,Seguimiento comercial estándar.,Enzo Villanueva,8269.65,729
2025-00294,ES-203,2024-01-08,Edificio Saenz,Enzo Villanueva,manual,sin_clasificar,3.0,451380.0,907,False,0,0,0.0,0.12149816139613283,bajo,Seguimiento comercial estándar.,Enzo Villanueva,8226.28,730
2025-00297,ES-302,2024-01-08,Edificio Saenz,Enzo Villanueva,manual,sin_clasificar,3.0,451380.0,907,False,0,0,0.0,0.12149816139613283,bajo,Seguimiento comercial estándar.,Enzo Villanueva,8226.28,731
2025-00315,ES-606,2024-01-08,Edificio Saenz,Enzo Villanueva,manual,sin_clasificar,3.0,450100.0,907,False,0,0,0.0,0.12149816139613283,bajo,Seguimiento comercial estándar.,Enzo Villanueva,8202.95,732
2025-00331,ES-905,2024-01-08,Edificio Saenz,Enzo Villanueva,manual,sin_clasificar,3.0,441440.0,907,False,0,0,0.0,0.12149816139613283,bajo,Seguimiento comercial estándar.,Enzo Villanueva,8045.12,733
2025-00302,ES-403,2024-01-08,Edificio Saenz,Enzo Villanueva,manual,sin_clasificar,3.0,439381.0,907,False,0,0,0.0,0.12149816139613283,bajo,Seguimiento comercial estándar.,Enzo Villanueva,8007.6,734
2025-00298,ES-303,2024-01-08,Edificio Saenz,Enzo Villanueva,manual,sin_clasificar,3.0,438460.0,907,False,0,0,0.0,0.12149816139613283,bajo,Seguimiento comercial estándar.,Enzo Villanueva,7990.81,735
2025-00326,ES-806,2024-01-08,Edificio Saenz,Enzo Villanueva,manual,sin_clasificar,3.0,434600.0,907,False,0,0,0.0,0.12149816139613283,bajo,Seguimiento comercial estándar.,Enzo Villanueva,7920.47,736
2025-00337,ES-1005,2024-01-08,Edificio Saenz,Enzo Villanueva,manual,sin_clasificar,3.0,424520.0,907,False,0,0,0.0,0.12149816139613283,bajo,Seguimiento comercial estándar.,Enzo Villanueva,7736.76,737
2025-00307,ES-502,2024-01-08,Edificio Saenz,Enzo Villanueva,manual,sin_clasificar,3.0,423300.0,907,False,0,0,0.0,0.12149816139613283,bajo,Seguimiento comercial estándar.,Enzo Villanueva,7714.53,738
2025-00321,ES-706,2024-01-08,Edificio Saenz,Enzo Villanueva,manual,sin_clasificar,3.0,419600.0,907,False,0,0,0.0,0.1211916541778609,bajo,Seguimiento comercial estándar.,Enzo Villanueva,7627.8,739
2025-00313,ES-604,2024-01-08,Edificio Saenz,Enzo Villanueva,manual,sin_clasificar,3.0,419000.0,907,False,0,0,0.0,0.1211916541778609,bajo,Seguimiento comercial estándar.,Enzo Villanueva,7616.9,740
2025-00300,ES-306,2024-01-08,Edificio Saenz,Enzo Villanueva,manual,sin_clasificar,3.0,417100.0,907,False,0,0,0.0,0.1211916541778609,bajo,Seguimiento comercial estándar.,Enzo Villanueva,7582.36,741
2025-00308,ES-503,2024-01-08,Edificio Saenz,Enzo Villanueva,manual,sin_clasificar,3.0,415900.0,907,False,0,0,0.0,0.1211916541778609,bajo,Seguimiento comercial estándar.,Enzo Villanueva,7560.54,742
2025-00316,ES-701,2024-01-08,Edificio Saenz,Enzo Villanueva,manual,sin_clasificar,3.0,415106.0,907,False,0,0,0.0,0.1211916541778609,bajo,Seguimiento comercial estándar.,Enzo Villanueva,7546.11,743
2025-00306,ES-501,2024-01-08,Edificio Saenz,Enzo Villanueva,manual,sin_clasificar,3.0,414090.0,907,False,0,0,0.0,0.1211916541778609,bajo,Seguimiento comercial estándar.,Enzo Villanueva,7527.64,744
2025-00311,ES-602,2024-01-08,Edificio Saenz,Enzo Villanueva,manual,sin_clasificar,3.0,413300.0,907,False,0,0,0.0,0.1211916541778609,bajo,Seguimiento comercial estándar.,Enzo Villanueva,7513.28,745
2025-00312,ES-603,2024-01-08,Edificio Saenz,Enzo Villanueva,manual,sin_clasificar,3.0,413300.0,907,False,0,0,0.0,0.1211916541778609,bajo,Seguimiento comercial estándar.,Enzo Villanueva,7513.28,746
2025-00324,ES-803,2024-01-08,Edificio Saenz,Enzo Villanueva,manual,sin_clasificar,3.0,410380.0,907,False,0,0,0.0,0.1211916541778609,bajo,Seguimiento comercial estándar.,Enzo Villanueva,7460.19,747
2025-00332,ES-906,2024-01-08,Edificio Saenz,Enzo Villanueva,manual,sin_clasificar,3.0,410000.0,907,False,0,0,0.0,0.1211916541778609,bajo,Seguimiento comercial estándar.,Enzo Villanueva,7453.29,748
2025-00309,ES-504,2024-01-08,Edificio Saenz,Enzo Villanueva,manual,sin_clasificar,3.0,409900.0,907,False,0,0,0.0,0.1211916541778609,bajo,Seguimiento comercial estándar.,Enzo Villanueva,7451.47,749
2025-00319,ES-704,2024-01-08,Edificio Saenz,Enzo Villanueva,manual,sin_clasificar,3.0,406980.0,907,False,0,0,0.0,0.1211916541778609,bajo,Seguimiento comercial estándar.,Enzo Villanueva,7398.39,750
2025-00325,ES-804,2024-01-08,Edificio Saenz,Enzo Villanueva,manual,sin_clasificar,3.0,406980.0,907,False,0,0,0.0,0.1211916541778609,bajo,Seguimiento comercial estándar.,Enzo Villanueva,7398.39,751
2025-00322,ES-801,2024-01-08,Edificio Saenz,Enzo Villanueva,manual,sin_clasificar,3.0,405100.0,907,False,0,0,0.0,0.1211916541778609,bajo,Seguimiento comercial estándar.,Enzo Villanueva,7364.21,752
2025-00317,ES-702,2024-01-08,Edificio Saenz,Enzo Villanueva,manual,sin_clasificar,3.0,400380.0,907,False,0,0,0.0,0.1211916541778609,bajo,Seguimiento comercial estándar.,Enzo Villanueva,7278.41,753
2025-00318,ES-703,2024-01-08,Edificio Saenz,Enzo Villanueva,manual,sin_clasificar,3.0,400380.0,907,False,0,0,0.0,0.1211916541778609,bajo,Seguimiento comercial estándar.,Enzo Villanueva,7278.41,754
2025-00323,ES-802,2024-01-08,Edificio Saenz,Enzo Villanueva,manual,sin_clasificar,3.0,395380.0,907,False,0,0,0.0,0.1211916541778609,bajo,Seguimiento comercial estándar.,Enzo Villanueva,7187.51,755
2025-00303,ES-404,2024-01-08,Edificio Saenz,Enzo Villanueva,manual,sin_clasificar,3.0,393720.0,907,False,0,0,0.0,0.1211916541778609,bajo,Seguimiento comercial estándar.,Enzo Villanueva,7157.34,756
2025-00330,ES-904,2024-01-08,Edificio Saenz,Enzo Villanueva,manual,sin_clasificar,3.0,393720.0,907,False,0,0,0.0,0.1211916541778609,bajo,Seguimiento comercial estándar.,Enzo Villanueva,7157.34,757
2025-00328,ES-902,2024-01-08,Edificio Saenz,Enzo Villanueva,manual,sin_clasificar,3.0,387460.0,907,False,0,0,0.0,0.1211916541778609,bajo,Seguimiento comercial estándar.,Enzo Villanueva,7043.54,758
2025-00334,ES-1002,2024-01-08,Edificio Saenz,Enzo Villanueva,manual,sin_clasificar,3.0,387460.0,907,False,0,0,0.0,0.1211916541778609,bajo,Seguimiento comercial estándar.,Enzo Villanueva,7043.54,759
2025-00327,ES-901,2024-01-08,Edificio Saenz,Enzo Villanueva,manual,sin_clasificar,3.0,386100.0,907,False,0,0,0.0,0.1211916541778609,bajo,Seguimiento comercial estándar.,Enzo Villanueva,7018.81,760
2025-00333,ES-1001,2024-01-08,Edificio Saenz,Enzo Villanueva,manual,sin_clasificar,3.0,386100.0,907,False,0,0,0.0,0.1211916541778609,bajo,Seguimiento comercial estándar.,Enzo Villanueva,7018.81,761
2025-00329,ES-903,2024-01-08,Edificio Saenz,Enzo Villanueva,manual,sin_clasificar,3.0,384460.0,907,False,0,0,0.0,0.1211916541778609,bajo,Seguimiento comercial estándar.,Enzo Villanueva,6989.0,762
2025-00336,ES-1004,2024-01-08,Edificio Saenz,Enzo Villanueva,manual,sin_clasificar,3.0,383720.0,907,False,0,0,0.0,0.1211916541778609,bajo,Seguimiento comercial estándar.,Enzo Villanueva,6975.55,763
