codigo_proforma,codigo_unidad,proyecto,asesor,precio_departamento,dias_en_tuberia,riesgo_caida,nivel_riesgo,decision_recomendada,responsable,valor_esperado_en_riesgo,ranking_prioridad,fecha_separacion,medio_captacion,canal_agrupado,dormitorios,tiene_cuota_inicial,cambios_unidad,interacciones_ult_7d,descuento_pct,prioridad_operativa,sla_horas,fecha_limite_accion,accion_operativa,estado_accion,decision_owner,ranking_decision
2025-00092,TP00-SS002,Tradiciones Prime,Luis Peñaloza,1179239.12,907,0.643844799582159,medio,Priorizar seguimiento del asesor en 24 horas.,Luis Peñaloza,113887.05,1,2024-01-08,manual,sin_clasificar,3.0,False,0,0,0.08568650605824542,P0_intervenir_hoy,8,2026-07-04 06:01,Llamada gerente/asesor hoy + revisar condición financiera y cuota inicial.,pendiente,Luis Peñaloza,1
2025-03734,TP00-202,Tradiciones Prime,Luis Peñaloza,995000.0,373,0.6385709249034374,medio,Priorizar seguimiento del asesor en 24 horas.,Luis Peñaloza,95306.71,2,2025-06-25,manual,sin_clasificar,3.0,False,0,0,0.06816014070351759,P0_intervenir_hoy,8,2026-07-04 06:01,Llamada gerente/asesor hoy + revisar condición financiera y cuota inicial.,pendiente,Luis Peñaloza,2
2024-02488,TZ-1707,Tizón y Bueno,Nelly Román Villavicencio,860120.0,666,0.6694010072261358,medio,Priorizar seguimiento del asesor en 24 horas.,Nelly Román Villavicencio,86364.78,3,2024-09-05,manual,sin_clasificar,3.0,False,0,0,0.08356810677579873,P0_intervenir_hoy,8,2026-07-04 06:01,Llamada gerente/asesor hoy + revisar condición financiera y cuota inicial.,pendiente,Nelly Román Villavicencio,3
2024-03866,TZ-1702,Tizón y Bueno,Nelly Román Villavicencio,851865.0,611,0.6373601988121341,medio,Priorizar seguimiento del asesor en 24 horas.,Nelly Román Villavicencio,81441.73,4,2024-10-30,manual,sin_clasificar,3.0,False,0,0,0.11869381885627417,P0_intervenir_hoy,8,2026-07-04 06:01,Llamada gerente/asesor hoy + revisar condición financiera y cuota inicial.,pendiente,Nelly Román Villavicencio,4
2025-04783,MT-A1303,Matera,Ivan La Riva,931345.99,316,0.5577036519661296,medio,Priorizar seguimiento del asesor en 24 horas.,Ivan La Riva,77912.26,6,2025-08-21,manual,sin_clasificar,3.0,False,0,0,0.11111111349714406,P0_intervenir_hoy,8,2026-07-04 06:01,Llamada gerente/asesor hoy + revisar condición financiera y cuota inicial.,pendiente,Ivan La Riva,5
2024-00533,TP00-SS001,Tradiciones Prime,Ivan La Riva,821859.86,831,0.6221347555927514,medio,Priorizar seguimiento del asesor en 24 horas.,Ivan La Riva,76696.14,7,2024-03-24,manual,sin_clasificar,2.0,False,0,0,0.06382978723404255,P0_intervenir_hoy,8,2026-07-04 06:01,Llamada gerente/asesor hoy + revisar condición financiera y cuota inicial.,pendiente,Ivan La Riva,6
2025-01739,SL-104,Sialia,Joceline Arizabal Corimanya,792100.22,502,0.6210056168516321,medio,Priorizar seguimiento del asesor en 24 horas.,Joceline Arizabal Corimanya,73784.8,8,2025-02-16,manual,sin_clasificar,1.0,False,0,0,0.10246809425201271,P0_intervenir_hoy,8,2026-07-04 06:01,Llamada gerente/asesor hoy + revisar condición financiera y cuota inicial.,pendiente,Joceline Arizabal Corimanya,7
2025-04514,FX-1702,Fenix,Ana Lucia DelSolar,757100.0,335,0.6281303269538018,medio,Priorizar seguimiento del asesor en 24 horas.,Ana Lucia DelSolar,71333.62,9,2025-08-02,manual,sin_clasificar,3.0,False,0,0,0.10830801743494915,P0_intervenir_hoy,8,2026-07-04 06:01,Llamada gerente/asesor hoy + revisar condición financiera y cuota inicial.,pendiente,Ana Lucia DelSolar,8
2025-04398,CP-B1305,Capadocia,Antonio Martinez,750000.0,341,0.6291192931672236,medio,Priorizar seguimiento del asesor en 24 horas.,Antonio Martinez,70775.92,10,2025-07-27,manual,sin_clasificar,3.0,False,0,0,0.08252845333333333,P0_intervenir_hoy,8,2026-07-04 06:01,Llamada gerente/asesor hoy + revisar condición financiera y cuota inicial.,pendiente,Antonio Martinez,9
2025-02605,FX-103,Fenix,Nelly Román Villavicencio,716196.0,417,0.6321732119824091,medio,Priorizar seguimiento del asesor en 24 horas.,Nelly Román Villavicencio,67913.99,11,2025-05-12,manual,sin_clasificar,3.0,False,0,0,0.10038841322766394,P0_intervenir_hoy,8,2026-07-04 06:01,Llamada gerente/asesor hoy + revisar condición financiera y cuota inicial.,pendiente,Nelly Román Villavicencio,10
2025-00589,TZ-104,Tizón y Bueno,Ivan La Riva,674000.0,521,0.6420828020226106,medio,Priorizar seguimiento del asesor en 24 horas.,Ivan La Riva,64914.57,12,2025-01-28,manual,sin_clasificar,3.0,False,0,0,0.11111111275964392,P0_intervenir_hoy,8,2026-07-04 06:01,Llamada gerente/asesor hoy + revisar condición financiera y cuota inicial.,pendiente,Ivan La Riva,11
2025-0008124,EEUU-801,Edificio Urbanzen,Ivan La Riva,700000.0,229,0.5996982944234902,medio,Priorizar seguimiento del asesor en 24 horas.,Ivan La Riva,62968.32,13,2025-11-16,manual,sin_clasificar,3.0,False,0,0,0.12371428571428572,P0_intervenir_hoy,8,2026-07-04 06:01,Llamada gerente/asesor hoy + revisar condición financiera y cuota inicial.,pendiente,Ivan La Riva,12
2024-03323,MA-303,Edificio Mariategui,Luis Peñaloza,628300.0,595,0.6523480898450399,medio,Priorizar seguimiento del asesor en 24 horas.,Luis Peñaloza,61480.55,14,2024-11-15,manual,sin_clasificar,3.0,False,0,0,0.10587851344898934,P0_intervenir_hoy,8,2026-07-04 06:01,Llamada gerente/asesor hoy + revisar condición financiera y cuota inicial.,pendiente,Luis Peñaloza,13
2025-03842,MA-203,Edificio Mariategui,Ivan La Riva,635000.0,367,0.636891698770991,medio,Priorizar seguimiento del asesor en 24 horas.,Ivan La Riva,60663.93,15,2025-07-01,manual,sin_clasificar,3.0,False,0,0,0.1331923937007874,P0_intervenir_hoy,8,2026-07-04 06:01,Llamada gerente/asesor hoy + revisar condición financiera y cuota inicial.,pendiente,Ivan La Riva,14
2024-02537,MA-201,Edificio Mariategui,Joceline Arizabal Corimanya,643240.0,663,0.6241927213823619,medio,Priorizar seguimiento del asesor en 24 horas.,Joceline Arizabal Corimanya,60225.86,16,2024-09-08,manual,sin_clasificar,3.0,False,0,0,0.0859088365151421,P0_intervenir_hoy,8,2026-07-04 06:01,Llamada gerente/asesor hoy + revisar condición financiera y cuota inicial.,pendiente,Joceline Arizabal Corimanya,15
2025-05167,CP-B304,Capadocia,Edwing Soller,660600.0,309,0.5971962694821202,medio,Priorizar seguimiento del asesor en 24 horas.,Edwing Soller,59176.18,17,2025-08-28,manual,sin_clasificar,3.0,False,0,0,0.11853463518013926,P0_intervenir_hoy,8,2026-07-04 06:01,Llamada gerente/asesor hoy + revisar condición financiera y cuota inicial.,pendiente,Edwing Soller,16
2025-0007651,EEUU-1201,Edificio Urbanzen,Karlo  Vargas,677000.0,231,0.5696132284401306,medio,Priorizar seguimiento del asesor en 24 horas.,Karlo  Vargas,57844.22,20,2025-11-14,manual,sin_clasificar,3.0,False,0,0,0.11603480059084195,P0_intervenir_hoy,8,2026-07-04 06:01,Llamada gerente/asesor hoy + revisar condición financiera y cuota inicial.,pendiente,Karlo  Vargas,17
2025-06536,CP-B1204,Capadocia,Joceline Arizabal Corimanya,721222.34,263,0.533862036593186,medio,Priorizar seguimiento del asesor en 24 horas.,Joceline Arizabal Corimanya,57754.98,21,2025-10-13,manual,sin_clasificar,3.0,False,0,0,0.04558372387632918,P0_intervenir_hoy,8,2026-07-04 06:01,Llamada gerente/asesor hoy + revisar condición financiera y cuota inicial.,pendiente,Joceline Arizabal Corimanya,18
2025-0007922,EEUU-602,Edificio Urbanzen,Antonio Martinez,652600.0,229,0.5869540017311347,medio,Priorizar seguimiento del asesor en 24 horas.,Antonio Martinez,57456.93,23,2025-11-16,manual,sin_clasificar,3.0,False,0,0,0.09201267238737358,P0_intervenir_hoy,8,2026-07-04 06:01,Llamada gerente/asesor hoy + revisar condición financiera y cuota inicial.,pendiente,Antonio Martinez,19
2025-04237,MD-605,Modena,Yomira  Pacheco,641299.0,348,0.5958829875669788,medio,Priorizar seguimiento del asesor en 24 horas.,Yomira  Pacheco,57320.87,24,2025-07-20,manual,sin_clasificar,3.0,False,0,0,0.09895660214658061,P0_intervenir_hoy,8,2026-07-04 06:01,Llamada gerente/asesor hoy + revisar condición financiera y cuota inicial.,pendiente,Yomira  Pacheco,20
2025-0008294,TZ-202,Tizón y Bueno,Luis Peñaloza,614380.0,223,0.6178701311799649,medio,Priorizar seguimiento del asesor en 24 horas.,Luis Peñaloza,56941.06,25,2025-11-22,manual,sin_clasificar,3.0,False,0,0,0.11111110387707934,P0_intervenir_hoy,8,2026-07-04 06:01,Llamada gerente/asesor hoy + revisar condición financiera y cuota inicial.,pendiente,Luis Peñaloza,21
2025-01463,TZ-302,Tizón y Bueno,Yomira  Pacheco,598000.0,474,0.6270191029535311,medio,Priorizar seguimiento del asesor en 24 horas.,Yomira  Pacheco,56243.61,27,2025-03-16,manual,sin_clasificar,3.0,False,0,0,0.13154961538461538,P0_intervenir_hoy,8,2026-07-04 06:01,Llamada gerente/asesor hoy + revisar condición financiera y cuota inicial.,pendiente,Yomira  Pacheco,22
2024-03078,MA-703,Edificio Mariategui,Nelly Román Villavicencio,617018.06,616,0.6039534985746506,medio,Priorizar seguimiento del asesor en 24 horas.,Nelly Román Villavicencio,55897.53,28,2024-10-25,manual,sin_clasificar,3.0,False,0,0,0.05695043999198337,P0_intervenir_hoy,8,2026-07-04 06:01,Llamada gerente/asesor hoy + revisar condición financiera y cuota inicial.,pendiente,Nelly Román Villavicencio,23
2022-01415,VALDIZAN-703,Edificio Valdizan,Joceline Arizabal Corimanya,612250.0,1576,0.6070700849135909,medio,Priorizar seguimiento del asesor en 24 horas.,Joceline Arizabal Corimanya,55751.8,29,2022-03-10,manual,sin_clasificar,0.0,True,0,0,0.03413638219681503,P0_intervenir_hoy,8,2026-07-04 06:01,Llamada gerente/asesor hoy + revisar condición financiera y cuota inicial.,pendiente,Joceline Arizabal Corimanya,24
2025-02619,FX-301,Fenix,Nelly Román Villavicencio,624942.0,417,0.5936007899044022,medio,Priorizar seguimiento del asesor en 24 horas.,Nelly Román Villavicencio,55644.91,30,2025-05-12,manual,sin_clasificar,3.0,False,0,0,0.09966080052228847,P0_intervenir_hoy,8,2026-07-04 06:01,Llamada gerente/asesor hoy + revisar condición financiera y cuota inicial.,pendiente,Nelly Román Villavicencio,25
2025-04255,EEUU-204,Edificio Urbanzen,Ivan La Riva,644560.61,348,0.5752268091113188,medio,Priorizar seguimiento del asesor en 24 horas.,Ivan La Riva,55615.28,31,2025-07-20,manual,sin_clasificar,3.0,False,0,0,0.11066292121077645,P0_intervenir_hoy,8,2026-07-04 06:01,Llamada gerente/asesor hoy + revisar condición financiera y cuota inicial.,pendiente,Ivan La Riva,26
2025-03281,CP-B504,Capadocia,Antonio Martinez,644677.93,391,0.5736504494397131,medio,Priorizar seguimiento del asesor en 24 horas.,Antonio Martinez,55472.97,32,2025-06-07,manual,sin_clasificar,3.0,False,0,0,0.13636364129915227,P0_intervenir_hoy,8,2026-07-04 06:01,Llamada gerente/asesor hoy + revisar condición financiera y cuota inicial.,pendiente,Antonio Martinez,27
2025-05685,CP-B105,Capadocia,Yomira  Pacheco,619262.0,293,0.5968151494531443,medio,Priorizar seguimiento del asesor en 24 horas.,Yomira  Pacheco,55437.74,33,2025-09-13,manual,sin_clasificar,3.0,False,0,0,0.05263092196840756,P0_intervenir_hoy,8,2026-07-04 06:01,Llamada gerente/asesor hoy + revisar condición financiera y cuota inicial.,pendiente,Yomira  Pacheco,28
2025-04135,CP-B1308,Capadocia,Joceline Arizabal Corimanya,647000.0,355,0.5711518713138636,medio,Priorizar seguimiento del asesor en 24 horas.,Joceline Arizabal Corimanya,55430.29,34,2025-07-13,manual,sin_clasificar,3.0,False,0,0,0.07534190108191653,P0_intervenir_hoy,8,2026-07-04 06:01,Llamada gerente/asesor hoy + revisar condición financiera y cuota inicial.,pendiente,Joceline Arizabal Corimanya,29
2025-05384,CP-B604,Capadocia,Nelly Román Villavicencio,641899.15,303,0.5753293061589495,medio,Priorizar seguimiento del asesor en 24 horas.,Nelly Román Villavicencio,55395.51,35,2025-09-03,manual,sin_clasificar,3.0,False,0,0,0.13636363282300654,P0_intervenir_hoy,8,2026-07-04 06:01,Llamada gerente/asesor hoy + revisar condición financiera y cuota inicial.,pendiente,Nelly Román Villavicencio,30
2025-02396,TZ-1402,Tizón y Bueno,Antonio Martinez,592129.0,431,0.6230640847546297,medio,Priorizar seguimiento del asesor en 24 horas.,Antonio Martinez,55340.15,36,2025-04-28,manual,sin_clasificar,3.0,False,0,0,0.10789691097716883,P0_intervenir_hoy,8,2026-07-04 06:01,Llamada gerente/asesor hoy + revisar condición financiera y cuota inicial.,pendiente,Antonio Martinez,31
2024-02979,MA-1003,Edificio Mariategui,Luis Peñaloza,572206.0,628,0.6421884783605291,medio,Priorizar seguimiento del asesor en 24 horas.,Luis Peñaloza,55119.62,37,2024-10-13,manual,sin_clasificar,3.0,False,0,0,0.05661247872269777,P0_intervenir_hoy,8,2026-07-04 06:01,Llamada gerente/asesor hoy + revisar condición financiera y cuota inicial.,pendiente,Luis Peñaloza,32
2024-02950,MA-903,Edificio Mariategui,Ivan La Riva,569334.0,631,0.6446437029801431,medio,Priorizar seguimiento del asesor en 24 horas.,Ivan La Riva,55052.64,38,2024-10-10,manual,sin_clasificar,3.0,False,0,0,0.057551454857781195,P0_intervenir_hoy,8,2026-07-04 06:01,Llamada gerente/asesor hoy + revisar condición financiera y cuota inicial.,pendiente,Ivan La Riva,33
2025-01412,CP-B804,Capadocia,Antonio Martinez,634000.0,468,0.5761027524056389,medio,Priorizar seguimiento del asesor en 24 horas.,Antonio Martinez,54787.37,39,2025-03-22,manual,sin_clasificar,3.0,False,0,0,0.1331628548895899,P0_intervenir_hoy,8,2026-07-04 06:01,Llamada gerente/asesor hoy + revisar condición financiera y cuota inicial.,pendiente,Antonio Martinez,34
2023-02173,MA-1401,Edificio Mariategui,Joceline Arizabal Corimanya,608300.0,972,0.5990840210853072,medio,Priorizar seguimiento del asesor en 24 horas.,Joceline Arizabal Corimanya,54663.42,40,2023-11-04,manual,sin_clasificar,3.0,True,0,0,0.05983889528193326,P0_intervenir_hoy,8,2026-07-04 06:01,Llamada gerente/asesor hoy + revisar condición financiera y cuota inicial.,pendiente,Joceline Arizabal Corimanya,35
2025-05785,EEUU-302,Edificio Urbanzen,Yomira  Pacheco,635000.0,290,0.5733044871666102,medio,Priorizar seguimiento del asesor en 24 horas.,Yomira  Pacheco,54607.25,41,2025-09-16,manual,sin_clasificar,3.0,False,0,0,0.12198425196850393,P0_intervenir_hoy,8,2026-07-04 06:01,Llamada gerente/asesor hoy + revisar condición financiera y cuota inicial.,pendiente,Yomira  Pacheco,36
2024-01258,EEUU-901,Edificio Urbanzen,Nelly Román Villavicencio,642994.32,764,0.5646596070131762,medio,Priorizar seguimiento del asesor en 24 horas.,Nelly Román Villavicencio,54460.94,43,2024-05-30,manual,sin_clasificar,3.0,False,0,0,0.09877300315809945,P0_intervenir_hoy,8,2026-07-04 06:01,Llamada gerente/asesor hoy + revisar condición financiera y cuota inicial.,pendiente,Nelly Román Villavicencio,37
2024-02729,MA-1501,Edificio Mariategui,Joceline Arizabal Corimanya,584961.9,823,0.6192620219259103,medio,Priorizar seguimiento del asesor en 24 horas.,Joceline Arizabal Corimanya,54336.7,44,2024-04-01,manual,sin_clasificar,3.0,False,0,0,0.06747123188706819,P0_intervenir_hoy,8,2026-07-04 06:01,Llamada gerente/asesor hoy + revisar condición financiera y cuota inicial.,pendiente,Joceline Arizabal Corimanya,38
2025-01853,CP-B904,Capadocia,Nelly Román Villavicencio,629454.0,465,0.570679332543729,medio,Priorizar seguimiento del asesor en 24 horas.,Nelly Román Villavicencio,53882.46,45,2025-03-25,manual,sin_clasificar,3.0,False,0,0,0.13636267304679928,P0_intervenir_hoy,8,2026-07-04 06:01,Llamada gerente/asesor hoy + revisar condición financiera y cuota inicial.,pendiente,Nelly Román Villavicencio,39
2024-02956,MA-401,Edificio Mariategui,Joceline Arizabal Corimanya,583870.0,630,0.6095222630484604,medio,Priorizar seguimiento del asesor en 24 horas.,Joceline Arizabal Corimanya,53382.26,46,2024-10-11,manual,sin_clasificar,3.0,False,0,0,0.05263157894736842,P0_intervenir_hoy,8,2026-07-04 06:01,Llamada gerente/asesor hoy + revisar condición financiera y cuota inicial.,pendiente,Joceline Arizabal Corimanya,40
2025-0008593,EEUU-1502,Edificio Urbanzen,Silvia Orellana,602675.36,210,0.5872345300533162,medio,Priorizar seguimiento del asesor en 24 horas.,Silvia Orellana,53086.77,47,2025-12-05,manual,sin_clasificar,3.0,False,0,0,0.1026119767033449,P0_intervenir_hoy,8,2026-07-04 06:01,Llamada gerente/asesor hoy + revisar condición financiera y cuota inicial.,pendiente,Silvia Orellana,41
2025-04694,TZ-407,Tizón y Bueno,Edwing Soller,537025.0,324,0.6567815846251921,medio,Priorizar seguimiento del asesor en 24 horas.,Edwing Soller,52906.22,48,2025-08-13,manual,sin_clasificar,3.0,False,0,0,0.09840601461756901,P0_intervenir_hoy,8,2026-07-04 06:01,Llamada gerente/asesor hoy + revisar condición financiera y cuota inicial.,pendiente,Edwing Soller,42
2021-04736,VALDIZAN-401,Edificio Valdizan,Joceline Arizabal Corimanya,573550.0,1676,0.6091482229504357,medio,Priorizar seguimiento del asesor en 24 horas.,Joceline Arizabal Corimanya,52406.54,49,2021-11-30,manual,sin_clasificar,0.0,True,0,0,0.026152907331531687,P0_intervenir_hoy,8,2026-07-04 06:01,Llamada gerente/asesor hoy + revisar condición financiera y cuota inicial.,pendiente,Joceline Arizabal Corimanya,43
2025-06280,MD-1005,Modena,Luis Peñaloza,584008.57,271,0.5932461186399273,medio,Priorizar seguimiento del asesor en 24 horas.,Luis Peñaloza,51969.12,50,2025-10-05,manual,sin_clasificar,3.0,False,0,0,0.13752465995490445,P0_intervenir_hoy,8,2026-07-04 06:01,Llamada gerente/asesor hoy + revisar condición financiera y cuota inicial.,pendiente,Luis Peñaloza,44
2024-00829,EEUU-202,Edificio Urbanzen,Ivan La Riva,585645.1,794,0.5903521972660968,medio,Priorizar seguimiento del asesor en 24 horas.,Ivan La Riva,51860.53,51,2024-04-30,manual,sin_clasificar,3.0,False,0,0,0.10773572595416576,P0_intervenir_hoy,8,2026-07-04 06:01,Llamada gerente/asesor hoy + revisar condición financiera y cuota inicial.,pendiente,Ivan La Riva,45
2025-06301,EEUU-502,Edificio Urbanzen,Edwing Soller,589771.0,270,0.5858303289026107,medio,Priorizar seguimiento del asesor en 24 horas.,Edwing Soller,51825.86,52,2025-10-06,manual,sin_clasificar,3.0,False,0,0,0.09874239323398404,P0_intervenir_hoy,8,2026-07-04 06:01,Llamada gerente/asesor hoy + revisar condición financiera y cuota inicial.,pendiente,Edwing Soller,46
2025-0008188,EEUU-304,Edificio Urbanzen,Ivan La Riva,606900.0,227,0.5689387077249459,medio,Priorizar seguimiento del asesor en 24 horas.,Ivan La Riva,51793.34,53,2025-11-18,manual,sin_clasificar,3.0,False,0,0,0.12152212885154061,P0_intervenir_hoy,8,2026-07-04 06:01,Llamada gerente/asesor hoy + revisar condición financiera y cuota inicial.,pendiente,Ivan La Riva,47
2025-06988,TZ-207,Tizón y Bueno,Percy Soto,555686.0,251,0.6202187805763745,medio,Priorizar seguimiento del asesor en 24 horas.,Percy Soto,51697.03,54,2025-10-25,manual,sin_clasificar,3.0,False,0,0,0.09735134590398174,P0_intervenir_hoy,8,2026-07-04 06:01,Llamada gerente/asesor hoy + revisar condición financiera y cuota inicial.,pendiente,Percy Soto,48
2021-04023,CRUZ-1702,Edificio Santa Cruz Infinite,Cinthia Román Villavicencio,876975.0,1681,0.38819795574019944,bajo,Seguimiento comercial estándar.,Cinthia Román Villavicencio,51065.99,56,2021-11-25,manual,sin_clasificar,3.0,False,0,0,0.049630833262065625,P0_intervenir_hoy,8,2026-07-04 06:01,Llamada gerente/asesor hoy + revisar condición financiera y cuota inicial.,pendiente,Cinthia Román Villavicencio,49
2024-01511,EEUU-601,Edificio Urbanzen,Nelly Román Villavicencio,628254.84,746,0.5397941080277774,medio,Priorizar seguimiento del asesor en 24 horas.,Nelly Román Villavicencio,50869.24,57,2024-06-17,manual,sin_clasificar,3.0,False,0,0,0.11288419202628029,P0_intervenir_hoy,8,2026-07-04 06:01,Llamada gerente/asesor hoy + revisar condición financiera y cuota inicial.,pendiente,Nelly Román Villavicencio,50
2025-03122,MD-205,Modena,Ana Lucia DelSolar,590000.0,396,0.574769978134972,medio,Priorizar seguimiento del asesor en 24 horas.,Ana Lucia DelSolar,50867.14,58,2025-06-02,manual,sin_clasificar,3.0,False,0,0,0.1490714406779661,P0_intervenir_hoy,8,2026-07-04 06:01,Llamada gerente/asesor hoy + revisar condición financiera y cuota inicial.,pendiente,Ana Lucia DelSolar,51
2024-02725,EEUU-1601,Edificio Urbanzen,Nelly Román Villavicencio,597400.74,804,0.5670946138090219,medio,Priorizar seguimiento del asesor en 24 horas.,Nelly Román Villavicencio,50817.41,59,2024-04-20,manual,sin_clasificar,1.0,False,0,0,0.11609962183843295,P0_intervenir_hoy,8,2026-07-04 06:01,Llamada gerente/asesor hoy + revisar condición financiera y cuota inicial.,pendiente,Nelly Román Villavicencio,52
2025-05581,MT-A603,Matera,Percy Soto,648365.0,297,0.5188283302444626,medio,Priorizar seguimiento del asesor en 24 horas.,Percy Soto,50458.52,60,2025-09-09,manual,sin_clasificar,3.0,False,0,0,0.10553922559052387,P0_intervenir_hoy,8,2026-07-04 06:01,Llamada gerente/asesor hoy + revisar condición financiera y cuota inicial.,pendiente,Percy Soto,53
2025-02654,TZ-1302,Tizón y Bueno,Edwing Soller,539000.0,430,0.6191368462296531,medio,Priorizar seguimiento del asesor en 24 horas.,Edwing Soller,50057.21,61,2025-04-29,manual,sin_clasificar,3.0,False,0,0,0.12347970315398886,P0_intervenir_hoy,8,2026-07-04 06:01,Llamada gerente/asesor hoy + revisar condición financiera y cuota inicial.,pendiente,Edwing Soller,54
2026-0001693,EEUU-1402,Edificio Urbanzen,Karlo  Vargas,612500.0,136,0.5428598310365108,medio,Priorizar seguimiento del asesor en 24 horas.,Karlo  Vargas,49875.25,62,2026-02-17,manual,sin_clasificar,3.0,True,0,0,0.11110964897959184,P0_intervenir_hoy,8,2026-07-04 06:01,Llamada gerente/asesor hoy + revisar condición financiera y cuota inicial.,pendiente,Karlo  Vargas,55
2025-07093,EEUU-1304,Edificio Urbanzen,Nelly Román Villavicencio,610000.0,246,0.5437100325343531,medio,Priorizar seguimiento del asesor en 24 horas.,Nelly Román Villavicencio,49749.47,63,2025-10-30,manual,sin_clasificar,3.0,False,0,0,0.11059744262295082,P0_intervenir_hoy,8,2026-07-04 06:01,Llamada gerente/asesor hoy + revisar condición financiera y cuota inicial.,pendiente,Nelly Román Villavicencio,56
2025-02127,CP-B1003,Capadocia,Nelly Román Villavicencio,594999.1,446,0.5552264098433713,medio,Priorizar seguimiento del asesor en 24 horas.,Nelly Román Villavicencio,49553.88,64,2025-04-13,manual,sin_clasificar,2.0,False,0,0,0.12565163543944857,P0_intervenir_hoy,8,2026-07-04 06:01,Llamada gerente/asesor hoy + revisar condición financiera y cuota inicial.,pendiente,Nelly Román Villavicencio,57
2025-05964,MD-1505,Modena,Ana Lucia DelSolar,570000.0,284,0.5784498372764473,medio,Priorizar seguimiento del asesor en 24 horas.,Ana Lucia DelSolar,49457.46,65,2025-09-22,manual,sin_clasificar,3.0,False,0,0,0.1374302456140351,P0_intervenir_hoy,8,2026-07-04 06:01,Llamada gerente/asesor hoy + revisar condición financiera y cuota inicial.,pendiente,Ana Lucia DelSolar,58
2026-0000706,MT-A503,Matera,Nelly Román Villavicencio,636755.0,165,0.5157304857437999,medio,Priorizar seguimiento del asesor en 24 horas.,Nelly Román Villavicencio,49259.09,66,2026-01-19,manual,sin_clasificar,3.0,False,0,0,0.13636397044389129,P0_intervenir_hoy,8,2026-07-04 06:01,Llamada gerente/asesor hoy + revisar condición financiera y cuota inicial.,pendiente,Nelly Román Villavicencio,59
2025-03131,EEUU-404,Edificio Urbanzen,Joceline Arizabal Corimanya,625048.0,427,0.5237095474365548,medio,Priorizar seguimiento del asesor en 24 horas.,Joceline Arizabal Corimanya,49101.54,67,2025-05-02,manual,sin_clasificar,3.0,True,0,0,0.10129852427333581,P0_intervenir_hoy,8,2026-07-04 06:01,Llamada gerente/asesor hoy + revisar condición financiera y cuota inicial.,pendiente,Joceline Arizabal Corimanya,60
2026-0001127,CP-B803,Capadocia,Nelly Román Villavicencio,591212.0,155,0.5526233398024349,medio,Priorizar seguimiento del asesor en 24 horas.,Nelly Román Villavicencio,49007.63,68,2026-01-29,manual,sin_clasificar,2.0,False,0,0,0.16450713111371215,P0_intervenir_hoy,8,2026-07-04 06:01,Llamada gerente/asesor hoy + revisar condición financiera y cuota inicial.,pendiente,Nelly Román Villavicencio,61
2024-03094,TZ-902,Tizón y Bueno,Ivan La Riva,512420.06,618,0.6375084208286264,medio,Priorizar seguimiento del asesor en 24 horas.,Ivan La Riva,49000.82,69,2024-10-23,manual,sin_clasificar,3.0,False,0,0,0.1111111067743913,P0_intervenir_hoy,8,2026-07-04 06:01,Llamada gerente/asesor hoy + revisar condición financiera y cuota inicial.,pendiente,Ivan La Riva,62
2026-0002052,SL-505,Sialia,Karlo  Vargas,529527.7,125,0.6127868785946593,medio,Priorizar seguimiento del asesor en 24 horas.,Karlo  Vargas,48673.14,70,2026-02-28,manual,sin_clasificar,3.0,True,0,0,0.10668369190129243,P0_intervenir_hoy,8,2026-07-04 06:01,Llamada gerente/asesor hoy + revisar condición financiera y cuota inicial.,pendiente,Karlo  Vargas,63
2024-02413,GY-302,Alicanto,Yomira  Pacheco,536200.0,673,0.6044508718824508,medio,Priorizar seguimiento del asesor en 24 horas.,Yomira  Pacheco,48615.98,71,2024-08-29,manual,sin_clasificar,3.0,False,0,0,0.12230234986945171,P0_intervenir_hoy,8,2026-07-04 06:01,Llamada gerente/asesor hoy + revisar condición financiera y cuota inicial.,pendiente,Yomira  Pacheco,64
2025-01446,GY-401,Alicanto,Nelly Román Villavicencio,561336.0,464,0.5769647188948043,medio,Priorizar seguimiento del asesor en 24 horas.,Nelly Román Villavicencio,48580.66,72,2025-03-26,manual,sin_clasificar,3.0,False,0,0,0.12275950589308364,P0_intervenir_hoy,8,2026-07-04 06:01,Llamada gerente/asesor hoy + revisar condición financiera y cuota inicial.,pendiente,Nelly Román Villavicencio,65
2022-04452,VALDIZAN-501,Edificio Valdizan,Nelly Román Villavicencio,524900.0,1322,0.6134520498476681,medio,Priorizar seguimiento del asesor en 24 horas.,Nelly Román Villavicencio,48300.15,74,2022-11-19,manual,sin_clasificar,0.0,False,0,0,0.038102495713469235,P0_intervenir_hoy,8,2026-07-04 06:01,Llamada gerente/asesor hoy + revisar condición financiera y cuota inicial.,pendiente,Nelly Román Villavicencio,66
2024-00320,EEUU-201,Edificio Urbanzen,Nelly Román Villavicencio,591802.2,844,0.5409646552767975,medio,Priorizar seguimiento del asesor en 24 horas.,Nelly Román Villavicencio,48021.61,75,2024-03-11,manual,sin_clasificar,3.0,False,0,0,0.11111111111111112,P0_intervenir_hoy,8,2026-07-04 06:01,Llamada gerente/asesor hoy + revisar condición financiera y cuota inicial.,pendiente,Nelly Román Villavicencio,67
2025-03654,EEUU-604,Edificio Urbanzen,Edwing Soller,561600.0,373,0.568175422432279,medio,Priorizar seguimiento del asesor en 24 horas.,Edwing Soller,47863.1,76,2025-06-25,manual,sin_clasificar,3.0,False,0,0,0.11051812678062678,P0_intervenir_hoy,8,2026-07-04 06:01,Llamada gerente/asesor hoy + revisar condición financiera y cuota inicial.,pendiente,Edwing Soller,68
2025-04873,TZ-203,Tizón y Bueno,Joceline Arizabal Corimanya,539661.0,320,0.5893641183519006,medio,Priorizar seguimiento del asesor en 24 horas.,Joceline Arizabal Corimanya,47708.52,77,2025-08-17,manual,sin_clasificar,3.0,True,0,0,0.09742864501974388,P0_intervenir_hoy,8,2026-07-04 06:01,Llamada gerente/asesor hoy + revisar condición financiera y cuota inicial.,pendiente,Joceline Arizabal Corimanya,69
2024-00167,EEUU-1001,Edificio Urbanzen,Andres Vargas,568707.48,869,0.5588657329956943,medio,Priorizar seguimiento del asesor en 24 horas.,Andres Vargas,47674.67,78,2024-02-15,manual,sin_clasificar,3.0,False,0,0,0.11111111111111112,P0_intervenir_hoy,8,2026-07-04 06:01,Llamada gerente/asesor hoy + revisar condición financiera y cuota inicial.,pendiente,Andres Vargas,70
2025-05551,CP-A601,Capadocia,Ivan La Riva,540507.64,298,0.5878922153142434,medio,Priorizar seguimiento del asesor en 24 horas.,Ivan La Riva,47664.04,79,2025-09-08,manual,sin_clasificar,3.0,False,0,0,0.14267084180345718,P0_intervenir_hoy,8,2026-07-04 06:01,Llamada gerente/asesor hoy + revisar condición financiera y cuota inicial.,pendiente,Ivan La Riva,71
2022-00973,VALDIZAN-202,Edificio Valdizan,Nelly Román Villavicencio,648250.0,1604,0.4890169688327604,medio,Priorizar seguimiento del asesor en 24 horas.,Nelly Román Villavicencio,47550.79,80,2022-02-10,manual,sin_clasificar,0.0,False,0,0,0.015426147319706903,P0_intervenir_hoy,8,2026-07-04 06:01,Llamada gerente/asesor hoy + revisar condición financiera y cuota inicial.,pendiente,Nelly Román Villavicencio,72
2026-0000872,MD-1108,Modena,Nelly Román Villavicencio,543084.0,161,0.583108566103094,medio,Priorizar seguimiento del asesor en 24 horas.,Nelly Román Villavicencio,47501.54,81,2026-01-23,manual,sin_clasificar,3.0,False,0,0,0.10654392322366338,P0_intervenir_hoy,8,2026-07-04 06:01,Llamada gerente/asesor hoy + revisar condición financiera y cuota inicial.,pendiente,Nelly Román Villavicencio,73
2024-00497,EEUU-1501,Edificio Urbanzen,Nelly Román Villavicencio,586764.69,835,0.5394381899410837,medio,Priorizar seguimiento del asesor en 24 horas.,Nelly Román Villavicencio,47478.49,82,2024-03-20,manual,sin_clasificar,3.0,False,0,0,0.12397560937076837,P0_intervenir_hoy,8,2026-07-04 06:01,Llamada gerente/asesor hoy + revisar condición financiera y cuota inicial.,pendiente,Nelly Román Villavicencio,74
2022-04112,VALDIZAN-402,Edificio Valdizan,Jackeline Espichan Medina,642650.0,1358,0.4916119109029271,medio,Priorizar seguimiento del asesor en 24 horas.,Jackeline Espichan Medina,47390.16,83,2022-10-14,manual,sin_clasificar,0.0,False,0,0,0.023340854275266474,P0_intervenir_hoy,8,2026-07-04 06:01,Llamada gerente/asesor hoy + revisar condición financiera y cuota inicial.,pendiente,Jackeline Espichan Medina,75
2025-05036,GY-1002,Alicanto,Antonio Martinez,509000.0,314,0.6175023876429785,medio,Priorizar seguimiento del asesor en 24 horas.,Antonio Martinez,47146.31,84,2025-08-23,manual,sin_clasificar,3.0,False,0,0,0.10530888015717092,P0_intervenir_hoy,8,2026-07-04 06:01,Llamada gerente/asesor hoy + revisar condición financiera y cuota inicial.,pendiente,Antonio Martinez,76
2025-04024,TZ-807,Tizón y Bueno,Joceline Arizabal Corimanya,512895.0,359,0.6111084954984889,medio,Priorizar seguimiento del asesor en 24 horas.,Joceline Arizabal Corimanya,47015.17,85,2025-07-09,manual,sin_clasificar,3.0,False,0,0,0.10123900603437351,P0_intervenir_hoy,8,2026-07-04 06:01,Llamada gerente/asesor hoy + revisar condición financiera y cuota inicial.,pendiente,Joceline Arizabal Corimanya,77
2025-02965,EEUU-504,Edificio Urbanzen,Antonio Martinez,564149.52,406,0.5536838221073405,medio,Priorizar seguimiento del asesor en 24 horas.,Antonio Martinez,46854.07,87,2025-05-23,manual,sin_clasificar,3.0,False,0,0,0.1111111111111111,P0_intervenir_hoy,8,2026-07-04 06:01,Llamada gerente/asesor hoy + revisar condición financiera y cuota inicial.,pendiente,Antonio Martinez,78
2025-03322,EEUU-1004,Edificio Urbanzen,Yomira  Pacheco,545000.0,390,0.572215812227587,medio,Priorizar seguimiento del asesor en 24 horas.,Yomira  Pacheco,46778.64,88,2025-06-08,manual,sin_clasificar,3.0,False,0,0,0.1211076880733945,P0_intervenir_hoy,8,2026-07-04 06:01,Llamada gerente/asesor hoy + revisar condición financiera y cuota inicial.,pendiente,Yomira  Pacheco,79
2023-00011,VALDIZAN-802,Edificio Valdizan,Enzo Villanueva,960200.0,1332,0.32444503616047904,bajo,Seguimiento comercial estándar.,Enzo Villanueva,46729.82,89,2022-11-09,manual,sin_clasificar,0.0,False,0,0,0.0,P0_intervenir_hoy,8,2026-07-04 06:01,Llamada gerente/asesor hoy + revisar condición financiera y cuota inicial.,pendiente,Enzo Villanueva,80
2024-02801,EEUU-804,Edificio Urbanzen,Joceline Arizabal Corimanya,597234.14,645,0.5215330795999314,medio,Priorizar seguimiento del asesor en 24 horas.,Joceline Arizabal Corimanya,46721.6,90,2024-09-26,manual,sin_clasificar,3.0,True,0,0,0.10072992478293354,P0_intervenir_hoy,8,2026-07-04 06:01,Llamada gerente/asesor hoy + revisar condición financiera y cuota inicial.,pendiente,Joceline Arizabal Corimanya,81
2024-01877,EEUU-802,Edificio Urbanzen,Nelly Román Villavicencio,554833.02,717,0.560982127087931,medio,Priorizar seguimiento del asesor en 24 horas.,Nelly Román Villavicencio,46687.71,91,2024-07-16,manual,sin_clasificar,3.0,False,0,0,0.10135842311620169,P0_intervenir_hoy,8,2026-07-04 06:01,Llamada gerente/asesor hoy + revisar condición financiera y cuota inicial.,pendiente,Nelly Román Villavicencio,82
2025-0008003,EEUU-402,Edificio Urbanzen,Percy Soto,579360.0,229,0.5363812884706328,medio,Priorizar seguimiento del asesor en 24 horas.,Percy Soto,46613.68,92,2025-11-16,manual,sin_clasificar,3.0,False,0,0,0.12359384493233913,P0_intervenir_hoy,8,2026-07-04 06:01,Llamada gerente/asesor hoy + revisar condición financiera y cuota inicial.,pendiente,Percy Soto,83
2020-02574,ES-103,Edificio Saenz,Joceline Arizabal Corimanya,684800.0,2108,0.45096604909210253,medio,Priorizar seguimiento del asesor en 24 horas.,Joceline Arizabal Corimanya,46323.23,94,2020-09-24,manual,sin_clasificar,3.0,False,0,0,0.029205607476635514,P0_intervenir_hoy,8,2026-07-04 06:01,Llamada gerente/asesor hoy + revisar condición financiera y cuota inicial.,pendiente,Joceline Arizabal Corimanya,84
2025-02402,GY-702,Alicanto,Antonio Martinez,523426.23,431,0.5893061089060444,medio,Priorizar seguimiento del asesor en 24 horas.,Antonio Martinez,46268.74,95,2025-04-28,manual,sin_clasificar,3.0,False,0,0,0.13417491515471053,P0_intervenir_hoy,8,2026-07-04 06:01,Llamada gerente/asesor hoy + revisar condición financiera y cuota inicial.,pendiente,Antonio Martinez,85
2025-05848,MT-A1203,Matera,Nelly Román Villavicencio,610000.0,288,0.5050803859928424,medio,Priorizar seguimiento del asesor en 24 horas.,Nelly Román Villavicencio,46214.86,96,2025-09-18,manual,sin_clasificar,3.0,False,0,0,0.14897049180327868,P0_intervenir_hoy,8,2026-07-04 06:01,Llamada gerente/asesor hoy + revisar condición financiera y cuota inicial.,pendiente,Nelly Román Villavicencio,86
2026-0000854,GY-1102,Alicanto,Nelly Román Villavicencio,512415.0,159,0.5983882383901399,medio,Priorizar seguimiento del asesor en 24 horas.,Nelly Román Villavicencio,45993.47,97,2026-01-25,manual,sin_clasificar,3.0,False,0,0,0.08695625615955818,P0_intervenir_hoy,8,2026-07-04 06:01,Llamada gerente/asesor hoy + revisar condición financiera y cuota inicial.,pendiente,Nelly Román Villavicencio,87
2023-02260,CUBA-102,Edificio Cuba Connect,Enzo Villanueva,1001429.0,1068,0.30551295077755763,bajo,Seguimiento comercial estándar.,Enzo Villanueva,45892.43,98,2023-07-31,manual,sin_clasificar,3.0,False,0,0,0.0,P0_intervenir_hoy,8,2026-07-04 06:01,Llamada gerente/asesor hoy + revisar condición financiera y cuota inicial.,pendiente,Enzo Villanueva,88
2025-03799,MD-2002,Modena,Antonio Martinez,535338.81,370,0.5683522213318315,medio,Priorizar seguimiento del asesor en 24 horas.,Antonio Martinez,45639.15,99,2025-06-28,manual,sin_clasificar,3.0,False,0,0,0.12402226171496886,P0_intervenir_hoy,8,2026-07-04 06:01,Llamada gerente/asesor hoy + revisar condición financiera y cuota inicial.,pendiente,Antonio Martinez,89
2023-00435,ES-204,Edificio Saenz,Joceline Arizabal Corimanya,611764.0,1190,0.49562719096766716,medio,Priorizar seguimiento del asesor en 24 horas.,Joceline Arizabal Corimanya,45481.03,100,2023-03-31,manual,sin_clasificar,3.0,False,0,0,0.07034738886237177,P0_intervenir_hoy,8,2026-07-04 06:01,Llamada gerente/asesor hoy + revisar condición financiera y cuota inicial.,pendiente,Joceline Arizabal Corimanya,90
2021-02762,CUBA-2003,Edificio Cuba Connect,Enzo Villanueva,989312.0,1807,0.30551295077755763,bajo,Seguimiento comercial estándar.,Enzo Villanueva,45337.14,101,2021-07-22,manual,sin_clasificar,3.0,False,0,0,0.0,P0_intervenir_hoy,8,2026-07-04 06:01,Llamada gerente/asesor hoy + revisar condición financiera y cuota inicial.,pendiente,Enzo Villanueva,91
2025-04269,EEUU-904,Edificio Urbanzen,Antonio Martinez,550000.0,348,0.5491228494989837,medio,Priorizar seguimiento del asesor en 24 horas.,Antonio Martinez,45302.64,102,2025-07-20,manual,sin_clasificar,3.0,False,0,0,0.11667183636363637,P0_intervenir_hoy,8,2026-07-04 06:01,Llamada gerente/asesor hoy + revisar condición financiera y cuota inicial.,pendiente,Antonio Martinez,92
2024-03828,EEUU-702,Edificio Urbanzen,Joceline Arizabal Corimanya,597600.13,559,0.5039145867603668,medio,Priorizar seguimiento del asesor en 24 horas.,Joceline Arizabal Corimanya,45170.91,103,2024-12-21,manual,sin_clasificar,3.0,False,0,0,0.11974227649515404,P0_intervenir_hoy,8,2026-07-04 06:01,Llamada gerente/asesor hoy + revisar condición financiera y cuota inicial.,pendiente,Joceline Arizabal Corimanya,93
2025-05946,CP-B506,Capadocia,Nelly Román Villavicencio,527688.0,284,0.5680836155725881,medio,Priorizar seguimiento del asesor en 24 horas.,Nelly Román Villavicencio,44965.64,104,2025-09-22,manual,sin_clasificar,3.0,False,0,0,0.10810668425281605,P0_intervenir_hoy,8,2026-07-04 06:01,Llamada gerente/asesor hoy + revisar condición financiera y cuota inicial.,pendiente,Nelly Román Villavicencio,94
2022-02416,MA-1402,Edificio Mariategui,Nelly Román Villavicencio,531771.0,1531,0.5612934523396885,medio,Priorizar seguimiento del asesor en 24 horas.,Nelly Román Villavicencio,44771.94,105,2022-04-24,manual,sin_clasificar,0.0,False,0,0,0.027321911123397102,P0_intervenir_hoy,8,2026-07-04 06:01,Llamada gerente/asesor hoy + revisar condición financiera y cuota inicial.,pendiente,Nelly Román Villavicencio,95
2025-0008621,MD-402,Modena,Nelly Román Villavicencio,532096.95,204,0.556553344624305,medio,Priorizar seguimiento del asesor en 24 horas.,Nelly Román Villavicencio,44421.05,106,2025-12-11,manual,sin_clasificar,3.0,False,0,0,0.1494252880043759,P0_intervenir_hoy,8,2026-07-04 06:01,Llamada gerente/asesor hoy + revisar condición financiera y cuota inicial.,pendiente,Nelly Román Villavicencio,96
2022-03878,MA-702,Edificio Mariategui,Nelly Román Villavicencio,548704.0,1389,0.5387629895514993,medio,Priorizar seguimiento del asesor en 24 horas.,Nelly Román Villavicencio,44343.21,107,2022-09-13,manual,sin_clasificar,3.0,False,0,0,0.04755933982620866,P0_intervenir_hoy,8,2026-07-04 06:01,Llamada gerente/asesor hoy + revisar condición financiera y cuota inicial.,pendiente,Nelly Román Villavicencio,97
2022-02189,VALDIZAN-302,Edificio Valdizan,Cinthia Román Villavicencio,652050.0,1519,0.451190007590469,medio,Priorizar seguimiento del asesor en 24 horas.,Cinthia Román Villavicencio,44129.77,108,2022-05-06,manual,sin_clasificar,0.0,False,0,0,0.023004370830457786,P0_intervenir_hoy,8,2026-07-04 06:01,Llamada gerente/asesor hoy + revisar condición financiera y cuota inicial.,pendiente,Cinthia Román Villavicencio,98
2025-05404,MT-B606,Matera,Nelly Román Villavicencio,573874.0,313,0.5117477367811498,medio,Priorizar seguimiento del asesor en 24 horas.,Nelly Román Villavicencio,44051.81,109,2025-08-24,manual,sin_clasificar,3.0,False,0,0,0.10873637767175373,P0_intervenir_hoy,8,2026-07-04 06:01,Llamada gerente/asesor hoy + revisar condición financiera y cuota inicial.,pendiente,Nelly Román Villavicencio,99
2024-02953,TZ-402,Tizón y Bueno,Joceline Arizabal Corimanya,517000.0,631,0.5616824707203725,medio,Priorizar seguimiento del asesor en 24 horas.,Joceline Arizabal Corimanya,43558.48,110,2024-10-10,manual,sin_clasificar,3.0,False,0,0,0.11805096711798839,P0_intervenir_hoy,8,2026-07-04 06:01,Llamada gerente/asesor hoy + revisar condición financiera y cuota inicial.,pendiente,Joceline Arizabal Corimanya,100
2023-00190,VALDIZAN-601,Edificio Valdizan,Nelly Román Villavicencio,500000.0,1226,0.5807084341245585,medio,Priorizar seguimiento del asesor en 24 horas.,Nelly Román Villavicencio,43553.13,111,2023-02-23,manual,sin_clasificar,0.0,False,0,0,0.0726,P0_intervenir_hoy,8,2026-07-04 06:01,Llamada gerente/asesor hoy + revisar condición financiera y cuota inicial.,pendiente,Nelly Román Villavicencio,101
2020-02423,ES-102,Edificio Saenz,Joceline Arizabal Corimanya,671130.0,2115,0.43174932400393495,medio,Priorizar seguimiento del asesor en 24 horas.,Joceline Arizabal Corimanya,43463.99,112,2020-09-17,manual,sin_clasificar,3.0,False,0,0,0.02980048574791769,P0_intervenir_hoy,8,2026-07-04 06:01,Llamada gerente/asesor hoy + revisar condición financiera y cuota inicial.,pendiente,Joceline Arizabal Corimanya,102
2025-03135,GY-902,Alicanto,Joceline Arizabal Corimanya,529288.0,417,0.546866967015751,medio,Priorizar seguimiento del asesor en 24 horas.,Joceline Arizabal Corimanya,43417.52,113,2025-05-12,manual,sin_clasificar,3.0,False,0,0,0.12592546968758028,P0_intervenir_hoy,8,2026-07-04 06:01,Llamada gerente/asesor hoy + revisar condición financiera y cuota inicial.,pendiente,Joceline Arizabal Corimanya,103
2022-02097,MA-1202,Edificio Mariategui,Nelly Román Villavicencio,525436.0,1554,0.5508373916263367,medio,Priorizar seguimiento del asesor en 24 horas.,Nelly Román Villavicencio,43414.47,114,2022-04-01,manual,sin_clasificar,3.0,False,0,0,0.03780479449447697,P0_intervenir_hoy,8,2026-07-04 06:01,Llamada gerente/asesor hoy + revisar condición financiera y cuota inicial.,pendiente,Nelly Román Villavicencio,104
2023-00138,VALDIZAN-801,Edificio Valdizan,Jackeline Espichan Medina,504200.0,1240,0.56899375620847,medio,Priorizar seguimiento del asesor en 24 horas.,Jackeline Espichan Medina,43033.0,115,2023-02-09,manual,sin_clasificar,0.0,False,0,0,0.029750099166997224,P0_intervenir_hoy,8,2026-07-04 06:01,Llamada gerente/asesor hoy + revisar condición financiera y cuota inicial.,pendiente,Jackeline Espichan Medina,105
2025-0008186,MT-B1205,Matera,Nelly Román Villavicencio,564039.17,226,0.5070293437727609,medio,Priorizar seguimiento del asesor en 24 horas.,Nelly Román Villavicencio,42897.66,116,2025-11-19,manual,sin_clasificar,3.0,False,0,0,0.1363636323342579,P0_intervenir_hoy,8,2026-07-04 06:01,Llamada gerente/asesor hoy + revisar condición financiera y cuota inicial.,pendiente,Nelly Román Villavicencio,106
2022-00220,CUBA-1005,Edificio Cuba Connect,Nelly Román Villavicencio,610764.0,1656,0.4680249371674129,medio,Priorizar seguimiento del asesor en 24 horas.,Nelly Román Villavicencio,42877.92,117,2021-12-20,manual,sin_clasificar,3.0,False,0,0,0.1502855440071779,P0_intervenir_hoy,8,2026-07-04 06:01,Llamada gerente/asesor hoy + revisar condición financiera y cuota inicial.,pendiente,Nelly Román Villavicencio,107
2024-02526,EEUU-701,Edificio Urbanzen,Yomira  Pacheco,638000.0,662,0.4477346162337188,medio,Priorizar seguimiento del asesor en 24 horas.,Yomira  Pacheco,42848.2,118,2024-09-09,manual,sin_clasificar,3.0,False,0,0,0.0,P0_intervenir_hoy,8,2026-07-04 06:01,Llamada gerente/asesor hoy + revisar condición financiera y cuota inicial.,pendiente,Yomira  Pacheco,108
2024-02955,MA-1201,Edificio Mariategui,Joceline Arizabal Corimanya,614100.0,630,0.4637255743986613,medio,Priorizar seguimiento del asesor en 24 horas.,Joceline Arizabal Corimanya,42716.08,119,2024-10-11,manual,sin_clasificar,3.0,False,0,0,0.0,P0_intervenir_hoy,8,2026-07-04 06:01,Llamada gerente/asesor hoy + revisar condición financiera y cuota inicial.,pendiente,Joceline Arizabal Corimanya,109
2025-05989,MD-1405,Modena,Percy Soto,523000.0,282,0.5438471446346161,medio,Priorizar seguimiento del asesor en 24 horas.,Percy Soto,42664.81,120,2025-09-24,manual,sin_clasificar,3.0,False,0,0,0.14954464627151054,P0_intervenir_hoy,8,2026-07-04 06:01,Llamada gerente/asesor hoy + revisar condición financiera y cuota inicial.,pendiente,Percy Soto,110
2022-03825,MA-1302,Edificio Mariategui,Nelly Román Villavicencio,516275.0,1366,0.5423421727680562,medio,Priorizar seguimiento del asesor en 24 horas.,Nelly Román Villavicencio,41999.66,122,2022-10-06,manual,sin_clasificar,3.0,False,0,0,0.04750375284489855,P0_intervenir_hoy,8,2026-07-04 06:01,Llamada gerente/asesor hoy + revisar condición financiera y cuota inicial.,pendiente,Nelly Román Villavicencio,111
2022-04160,VALDIZAN-701,Edificio Valdizan,Joceline Arizabal Corimanya,500000.0,1348,0.5579104634025959,medio,Priorizar seguimiento del asesor en 24 horas.,Joceline Arizabal Corimanya,41843.28,123,2022-10-24,manual,sin_clasificar,0.0,True,0,0,0.0554,P0_intervenir_hoy,8,2026-07-04 06:01,Llamada gerente/asesor hoy + revisar condición financiera y cuota inicial.,pendiente,Joceline Arizabal Corimanya,112
2021-02763,CUBA-2004,Edificio Cuba Connect,Enzo Villanueva,912584.0,1807,0.30551295077755763,bajo,Seguimiento comercial estándar.,Enzo Villanueva,41820.93,124,2021-07-22,manual,sin_clasificar,3.0,False,0,0,0.0,P0_intervenir_hoy,8,2026-07-04 06:01,Llamada gerente/asesor hoy + revisar condición financiera y cuota inicial.,pendiente,Enzo Villanueva,113
2024-00757,EEUU-1401,Edificio Urbanzen,Joceline Arizabal Corimanya,552160.12,799,0.5036543078323235,medio,Priorizar seguimiento del asesor en 24 horas.,Joceline Arizabal Corimanya,41714.67,125,2024-04-25,manual,sin_clasificar,3.0,False,0,0,0.12117260478717658,P0_intervenir_hoy,8,2026-07-04 06:01,Llamada gerente/asesor hoy + revisar condición financiera y cuota inicial.,pendiente,Joceline Arizabal Corimanya,114
2022-03826,CUBA-804,Edificio Cuba Connect,Joceline Arizabal Corimanya,609011.4,1397,0.45335585819020235,medio,Priorizar seguimiento del asesor en 24 horas.,Joceline Arizabal Corimanya,41414.83,127,2022-09-05,manual,sin_clasificar,3.0,True,0,0,0.05755327404380279,P0_intervenir_hoy,8,2026-07-04 06:01,Llamada gerente/asesor hoy + revisar condición financiera y cuota inicial.,pendiente,Joceline Arizabal Corimanya,115
2022-03625,VALDIZAN-403,Edificio Valdizan,Cinthia Román Villavicencio,610200.0,1442,0.45215996893979793,medio,Priorizar seguimiento del asesor en 24 horas.,Cinthia Román Villavicencio,41386.2,128,2022-07-22,manual,sin_clasificar,0.0,False,0,0,0.0,P0_intervenir_hoy,8,2026-07-04 06:01,Llamada gerente/asesor hoy + revisar condición financiera y cuota inicial.,pendiente,Cinthia Román Villavicencio,116
2025-0008009,SL-804,Sialia,Nelly Román Villavicencio,491230.56,229,0.56028736227658,medio,Priorizar seguimiento del asesor en 24 horas.,Nelly Román Villavicencio,41284.54,129,2025-11-16,manual,sin_clasificar,3.0,False,0,0,0.11111110432543121,P0_intervenir_hoy,8,2026-07-04 06:01,Llamada gerente/asesor hoy + revisar condición financiera y cuota inicial.,pendiente,Nelly Román Villavicencio,117
2024-03588,TZ-1102,Tizón y Bueno,Ana Lucia DelSolar,550000.0,864,0.4987645235036964,medio,Priorizar seguimiento del asesor en 24 horas.,Ana Lucia DelSolar,41148.07,130,2024-02-20,manual,sin_clasificar,3.0,False,0,0,0.0,P0_intervenir_hoy,8,2026-07-04 06:01,Llamada gerente/asesor hoy + revisar condición financiera y cuota inicial.,pendiente,Ana Lucia DelSolar,118
2025-04344,TZ-304,Tizón y Bueno,Edwing Soller,481500.0,345,0.568303923849602,medio,Priorizar seguimiento del asesor en 24 horas.,Edwing Soller,41045.75,131,2025-07-23,manual,sin_clasificar,3.0,False,0,0,0.1013511111111111,P0_intervenir_hoy,8,2026-07-04 06:01,Llamada gerente/asesor hoy + revisar condición financiera y cuota inicial.,pendiente,Edwing Soller,119
2025-04308,CP-B1206,Capadocia,Nelly Román Villavicencio,504689.79,347,0.5409665608911959,medio,Priorizar seguimiento del asesor en 24 horas.,Nelly Román Villavicencio,40953.05,132,2025-07-21,manual,sin_clasificar,3.0,False,0,0,0.1237964413744134,P0_intervenir_hoy,8,2026-07-04 06:01,Llamada gerente/asesor hoy + revisar condición financiera y cuota inicial.,pendiente,Nelly Román Villavicencio,120
2025-04491,GY-602,Alicanto,Yomira  Pacheco,499000.0,335,0.546754375271505,medio,Priorizar seguimiento del asesor en 24 horas.,Yomira  Pacheco,40924.56,133,2025-08-02,manual,sin_clasificar,3.0,False,0,0,0.13632204408817636,P0_intervenir_hoy,8,2026-07-04 06:01,Llamada gerente/asesor hoy + revisar condición financiera y cuota inicial.,pendiente,Yomira  Pacheco,121
2025-01931,TZ-1204,Tizón y Bueno,Nelly Román Villavicencio,477824.0,454,0.5654412720641879,medio,Priorizar seguimiento del asesor en 24 horas.,Nelly Román Villavicencio,40527.21,134,2025-04-05,manual,sin_clasificar,3.0,False,0,0,0.09715338702116261,P0_intervenir_hoy,8,2026-07-04 06:01,Llamada gerente/asesor hoy + revisar condición financiera y cuota inicial.,pendiente,Nelly Román Villavicencio,122
2024-00058,EEUU-1603,Edificio Urbanzen,Joceline Arizabal Corimanya,648334.0,904,0.41624475512674974,medio,Priorizar seguimiento del asesor en 24 horas.,Joceline Arizabal Corimanya,40479.84,135,2024-01-11,manual,sin_clasificar,3.0,False,0,0,0.0,P0_intervenir_hoy,8,2026-07-04 06:01,Llamada gerente/asesor hoy + revisar condición financiera y cuota inicial.,pendiente,Joceline Arizabal Corimanya,123
2022-03870,CRUZ-1504,Edificio Santa Cruz Infinite,Nelly Román Villavicencio,529540.0,1391,0.5074676953386185,medio,Priorizar seguimiento del asesor en 24 horas.,Nelly Román Villavicencio,40308.67,136,2022-09-11,manual,sin_clasificar,3.0,False,0,0,0.06819126033916229,P0_intervenir_hoy,8,2026-07-04 06:01,Llamada gerente/asesor hoy + revisar condición financiera y cuota inicial.,pendiente,Nelly Román Villavicencio,124
2022-01393,CRUZ-1701,Edificio Santa Cruz Infinite,Enzo Villanueva,984852.0,2567,0.27280225855408274,bajo,Seguimiento comercial estándar.,Enzo Villanueva,40300.48,137,2019-06-23,manual,sin_clasificar,3.0,False,0,0,0.0,P0_intervenir_hoy,8,2026-07-04 06:01,Llamada gerente/asesor hoy + revisar condición financiera y cuota inicial.,pendiente,Enzo Villanueva,125
2022-03415,CRUZ-1303,Edificio Santa Cruz Infinite,Nelly Román Villavicencio,527284.0,1452,0.5074676953386185,medio,Priorizar seguimiento del asesor en 24 horas.,Nelly Román Villavicencio,40136.94,139,2022-07-12,manual,sin_clasificar,3.0,False,0,0,0.06820992102927455,P0_intervenir_hoy,8,2026-07-04 06:01,Llamada gerente/asesor hoy + revisar condición financiera y cuota inicial.,pendiente,Nelly Román Villavicencio,126
2025-01557,SL-1507,Sialia,Nelly Román Villavicencio,464347.82,472,0.5758518733970015,medio,Priorizar seguimiento del asesor en 24 horas.,Nelly Román Villavicencio,40109.33,140,2025-03-18,manual,sin_clasificar,3.0,False,0,0,0.09960154437679927,P0_intervenir_hoy,8,2026-07-04 06:01,Llamada gerente/asesor hoy + revisar condición financiera y cuota inicial.,pendiente,Nelly Román Villavicencio,127
2025-01830,SL-1107,Sialia,Antonio Martinez,475152.86,463,0.5625987570981278,medio,Priorizar seguimiento del asesor en 24 horas.,Antonio Martinez,40098.06,141,2025-03-27,manual,sin_clasificar,3.0,False,0,0,0.09981650957546588,P0_intervenir_hoy,8,2026-07-04 06:01,Llamada gerente/asesor hoy + revisar condición financiera y cuota inicial.,pendiente,Antonio Martinez,128
2025-06684,EEUU-704,Edificio Urbanzen,Nelly Román Villavicencio,642661.91,258,0.4152977775937669,medio,Priorizar seguimiento del asesor en 24 horas.,Nelly Román Villavicencio,40034.41,142,2025-10-18,manual,sin_clasificar,3.0,False,0,0,0.0,P0_intervenir_hoy,8,2026-07-04 06:01,Llamada gerente/asesor hoy + revisar condición financiera y cuota inicial.,pendiente,Nelly Román Villavicencio,129
2025-05694,EEUU-1204,Edificio Urbanzen,Nelly Román Villavicencio,636330.27,293,0.4156421302108468,medio,Priorizar seguimiento del asesor en 24 horas.,Nelly Román Villavicencio,39672.85,143,2025-09-13,manual,sin_clasificar,3.0,False,0,0,0.0,P0_intervenir_hoy,8,2026-07-04 06:01,Llamada gerente/asesor hoy + revisar condición financiera y cuota inicial.,pendiente,Nelly Román Villavicencio,130
2025-04329,MT-B805,Matera,Joceline Arizabal Corimanya,520000.0,346,0.5073213317142833,medio,Priorizar seguimiento del asesor en 24 horas.,Joceline Arizabal Corimanya,39571.06,144,2025-07-22,manual,sin_clasificar,3.0,False,0,0,0.09638642307692308,P0_intervenir_hoy,8,2026-07-04 06:01,Llamada gerente/asesor hoy + revisar condición financiera y cuota inicial.,pendiente,Joceline Arizabal Corimanya,131
2024-02891,EEUU-1602,Edificio Urbanzen,Luis Peñaloza,502365.44,636,0.5223373705034347,medio,Priorizar seguimiento del asesor en 24 horas.,Luis Peñaloza,39360.64,145,2024-10-05,manual,sin_clasificar,3.0,False,0,0,0.11111110668759379,P0_intervenir_hoy,8,2026-07-04 06:01,Llamada gerente/asesor hoy + revisar condición financiera y cuota inicial.,pendiente,Luis Peñaloza,132
2022-03877,MA-1002,Edificio Mariategui,Joceline Arizabal Corimanya,566100.0,1649,0.4623305309266803,medio,Priorizar seguimiento del asesor en 24 horas.,Joceline Arizabal Corimanya,39258.8,146,2021-12-27,manual,sin_clasificar,0.0,False,0,0,0.0,P0_intervenir_hoy,8,2026-07-04 06:01,Llamada gerente/asesor hoy + revisar condición financiera y cuota inicial.,pendiente,Joceline Arizabal Corimanya,133
2025-06790,TZ-403,Tizón y Bueno,Antonio Martinez,450000.0,257,0.5814991556839461,medio,Priorizar seguimiento del asesor en 24 horas.,Antonio Martinez,39251.19,147,2025-10-19,manual,sin_clasificar,3.0,False,0,0,0.10689777777777777,P0_intervenir_hoy,8,2026-07-04 06:01,Llamada gerente/asesor hoy + revisar condición financiera y cuota inicial.,pendiente,Antonio Martinez,134
2025-06196,MD-1705,Modena,Joceline Arizabal Corimanya,510000.02,274,0.5129109197252141,medio,Priorizar seguimiento del asesor en 24 horas.,Joceline Arizabal Corimanya,39237.69,148,2025-10-02,manual,sin_clasificar,3.0,False,0,0,0.16192548384605945,P0_intervenir_hoy,8,2026-07-04 06:01,Llamada gerente/asesor hoy + revisar condición financiera y cuota inicial.,pendiente,Joceline Arizabal Corimanya,135
2025-00405,SL-1407,Sialia,Luis Peñaloza,471499.08,534,0.553730818926029,medio,Priorizar seguimiento del asesor en 24 horas.,Luis Peñaloza,39162.54,149,2025-01-15,manual,sin_clasificar,3.0,False,0,0,0.09871565390965342,P0_intervenir_hoy,8,2026-07-04 06:01,Llamada gerente/asesor hoy + revisar condición financiera y cuota inicial.,pendiente,Luis Peñaloza,136
2022-02684,CUBA-1505,Edificio Cuba Connect,Nelly Román Villavicencio,678297.0,1514,0.38478458250877884,bajo,Seguimiento comercial estándar.,Nelly Román Villavicencio,39149.73,150,2022-05-11,manual,sin_clasificar,3.0,False,0,0,0.03127096242501441,P0_intervenir_hoy,8,2026-07-04 06:01,Llamada gerente/asesor hoy + revisar condición financiera y cuota inicial.,pendiente,Nelly Román Villavicencio,137
2021-03342,CUBA-1203,Edificio Cuba Connect,Nelly Román Villavicencio,594000.0,1726,0.43878943400993314,medio,Priorizar seguimiento del asesor en 24 horas.,Nelly Román Villavicencio,39096.14,151,2021-10-11,manual,sin_clasificar,3.0,False,0,0,0.05702020202020202,P0_intervenir_hoy,8,2026-07-04 06:01,Llamada gerente/asesor hoy + revisar condición financiera y cuota inicial.,pendiente,Nelly Román Villavicencio,138
2024-03321,SL-1504,Sialia,Yomira  Pacheco,466347.0,595,0.5565617326440789,medio,Priorizar seguimiento del asesor en 24 horas.,Yomira  Pacheco,38932.63,152,2024-11-15,manual,sin_clasificar,3.0,False,0,0,0.1363634804126541,P0_intervenir_hoy,8,2026-07-04 06:01,Llamada gerente/asesor hoy + revisar condición financiera y cuota inicial.,pendiente,Yomira  Pacheco,139
2024-02372,TZ-1002,Tizón y Bueno,Ana Lucia DelSolar,485116.46,674,0.5346260587054842,medio,Priorizar seguimiento del asesor en 24 horas.,Ana Lucia DelSolar,38903.39,153,2024-08-28,manual,sin_clasificar,3.0,False,0,0,0.11111111340151188,P0_intervenir_hoy,8,2026-07-04 06:01,Llamada gerente/asesor hoy + revisar condición financiera y cuota inicial.,pendiente,Ana Lucia DelSolar,140
2022-03624,VALDIZAN-702,Edificio Valdizan,Cinthia Román Villavicencio,578300.0,1469,0.4483520305266535,medio,Priorizar seguimiento del asesor en 24 horas.,Cinthia Román Villavicencio,38892.3,154,2022-06-25,manual,sin_clasificar,0.0,False,0,0,0.0,P0_intervenir_hoy,8,2026-07-04 06:01,Llamada gerente/asesor hoy + revisar condición financiera y cuota inicial.,pendiente,Cinthia Román Villavicencio,141
2024-03377,MA-302,Edificio Mariategui,Enzo Villanueva,560600.0,590,0.4618720558592087,medio,Priorizar seguimiento del asesor en 24 horas.,Enzo Villanueva,38838.82,155,2024-11-20,manual,sin_clasificar,3.0,False,0,0,0.06956831965750981,P0_intervenir_hoy,8,2026-07-04 06:01,Llamada gerente/asesor hoy + revisar condición financiera y cuota inicial.,pendiente,Enzo Villanueva,142
2025-03385,MD-608,Modena,Joceline Arizabal Corimanya,508330.71,388,0.508625794870442,medio,Priorizar seguimiento del asesor en 24 horas.,Joceline Arizabal Corimanya,38782.52,156,2025-06-10,manual,sin_clasificar,3.0,False,0,0,0.13636362831590482,P0_intervenir_hoy,8,2026-07-04 06:01,Llamada gerente/asesor hoy + revisar condición financiera y cuota inicial.,pendiente,Joceline Arizabal Corimanya,143
2025-03843,MD-1002,Modena,Joceline Arizabal Corimanya,517063.73,368,0.49990093234444183,medio,Priorizar seguimiento del asesor en 24 horas.,Joceline Arizabal Corimanya,38772.1,157,2025-06-30,manual,sin_clasificar,3.0,True,0,0,0.1363636548245223,P0_intervenir_hoy,8,2026-07-04 06:01,Llamada gerente/asesor hoy + revisar condición financiera y cuota inicial.,pendiente,Joceline Arizabal Corimanya,144
2024-03378,MA-502,Edificio Mariategui,Enzo Villanueva,526240.0,590,0.49040492479625813,medio,Priorizar seguimiento del asesor en 24 horas.,Enzo Villanueva,38710.6,158,2024-11-20,manual,sin_clasificar,3.0,False,0,0,0.08695652173913043,P0_intervenir_hoy,8,2026-07-04 06:01,Llamada gerente/asesor hoy + revisar condición financiera y cuota inicial.,pendiente,Enzo Villanueva,145
2025-01367,MD-1408,Modena,Yomira  Pacheco,490942.0,475,0.5242288662428151,medio,Priorizar seguimiento del asesor en 24 horas.,Yomira  Pacheco,38604.9,159,2025-03-15,manual,sin_clasificar,3.0,False,0,0,0.12242625401778622,P0_intervenir_hoy,8,2026-07-04 06:01,Llamada gerente/asesor hoy + revisar condición financiera y cuota inicial.,pendiente,Yomira  Pacheco,146
2023-02270,TZ-107,Tizón y Bueno,Enzo Villanueva,591469.0,1037,0.43425972022323334,medio,Priorizar seguimiento del asesor en 24 horas.,Enzo Villanueva,38527.67,160,2023-08-31,manual,sin_clasificar,3.0,False,0,0,0.133787231452536,P0_intervenir_hoy,8,2026-07-04 06:01,Llamada gerente/asesor hoy + revisar condición financiera y cuota inicial.,pendiente,Enzo Villanueva,147
2022-03874,MA-802,Edificio Mariategui,Cinthia Román Villavicencio,545140.0,1389,0.4709155626110553,medio,Priorizar seguimiento del asesor en 24 horas.,Cinthia Román Villavicencio,38507.24,161,2022-09-13,manual,sin_clasificar,3.0,False,0,0,0.04780423377481014,P0_intervenir_hoy,8,2026-07-04 06:01,Llamada gerente/asesor hoy + revisar condición financiera y cuota inicial.,pendiente,Cinthia Román Villavicencio,148
2022-04061,ES-1205,Edificio Saenz,Joceline Arizabal Corimanya,528798.0,1359,0.4809915659807635,medio,Priorizar seguimiento del asesor en 24 horas.,Joceline Arizabal Corimanya,38152.11,163,2022-10-13,manual,sin_clasificar,2.0,True,0,0,0.07526881720430108,P0_intervenir_hoy,8,2026-07-04 06:01,Llamada gerente/asesor hoy + revisar condición financiera y cuota inicial.,pendiente,Joceline Arizabal Corimanya,149
2020-02575,ES-104,Edificio Saenz,Joceline Arizabal Corimanya,693400.0,2108,0.36641285562039266,bajo,Seguimiento comercial estándar.,Joceline Arizabal Corimanya,38110.6,164,2020-09-24,manual,sin_clasificar,3.0,False,0,0,0.0,P0_intervenir_hoy,8,2026-07-04 06:01,Llamada gerente/asesor hoy + revisar condición financiera y cuota inicial.,pendiente,Joceline Arizabal Corimanya,150
2024-03380,MA-403,Edificio Mariategui,Enzo Villanueva,557000.0,590,0.4547597725381964,medio,Priorizar seguimiento del asesor en 24 horas.,Enzo Villanueva,37995.18,165,2024-11-20,manual,sin_clasificar,3.0,False,0,0,0.1098113105924596,P0_intervenir_hoy,8,2026-07-04 06:01,Llamada gerente/asesor hoy + revisar condición financiera y cuota inicial.,pendiente,Enzo Villanueva,151
2025-03353,EEUU-1104,Edificio Urbanzen,Antonio Martinez,590000.0,390,0.4272533684832666,medio,Priorizar seguimiento del asesor en 24 horas.,Antonio Martinez,37811.92,166,2025-06-08,manual,sin_clasificar,3.0,True,0,0,0.0,P0_intervenir_hoy,8,2026-07-04 06:01,Llamada gerente/asesor hoy + revisar condición financiera y cuota inicial.,pendiente,Antonio Martinez,152
2025-00806,TZ-703,Tizón y Bueno,Yomira  Pacheco,444355.0,503,0.5664274223906813,medio,Priorizar seguimiento del asesor en 24 horas.,Yomira  Pacheco,37754.23,167,2025-02-15,manual,sin_clasificar,3.0,False,0,0,0.10927200099019928,P0_intervenir_hoy,8,2026-07-04 06:01,Llamada gerente/asesor hoy + revisar condición financiera y cuota inicial.,pendiente,Yomira  Pacheco,153
2025-03022,CP-B1202,Capadocia,Nelly Román Villavicencio,500000.0,402,0.5018045625830392,medio,Priorizar seguimiento del asesor en 24 horas.,Nelly Román Villavicencio,37635.34,168,2025-05-27,manual,sin_clasificar,2.0,False,0,0,0.21576026,P0_intervenir_hoy,8,2026-07-04 06:01,Llamada gerente/asesor hoy + revisar condición financiera y cuota inicial.,pendiente,Nelly Román Villavicencio,154
2024-02357,CUBA-2001,Edificio Cuba Connect,Ana Lucia DelSolar,535443.78,678,0.4683194109687771,medio,Priorizar seguimiento del asesor en 24 horas.,Ana Lucia DelSolar,37613.81,169,2024-08-24,manual,sin_clasificar,3.0,False,0,0,0.07526881720430108,P0_intervenir_hoy,8,2026-07-04 06:01,Llamada gerente/asesor hoy + revisar condición financiera y cuota inicial.,pendiente,Ana Lucia DelSolar,155
2025-05396,MT-B1106,Matera,Percy Soto,507405.0,302,0.4938678153650153,medio,Priorizar seguimiento del asesor en 24 horas.,Percy Soto,37588.65,170,2025-09-04,manual,sin_clasificar,3.0,False,0,0,0.1111105330061785,P0_intervenir_hoy,8,2026-07-04 06:01,Llamada gerente/asesor hoy + revisar condición financiera y cuota inicial.,pendiente,Percy Soto,156
2024-00840,TZ-802,Tizón y Bueno,Nelly Román Villavicencio,471870.0,792,0.5303257202690111,medio,Priorizar seguimiento del asesor en 24 horas.,Nelly Román Villavicencio,37536.72,171,2024-05-02,manual,sin_clasificar,3.0,False,0,0,0.1111111111111111,P0_intervenir_hoy,8,2026-07-04 06:01,Llamada gerente/asesor hoy + revisar condición financiera y cuota inicial.,pendiente,Nelly Román Villavicencio,157
2024-03381,TZ-1602,Tizón y Bueno,Luis Peñaloza,482630.48,593,0.5172481283205417,medio,Priorizar seguimiento del asesor en 24 horas.,Luis Peñaloza,37445.96,172,2024-11-17,manual,sin_clasificar,3.0,False,0,0,0.1111111134133095,P0_intervenir_hoy,8,2026-07-04 06:01,Llamada gerente/asesor hoy + revisar condición financiera y cuota inicial.,pendiente,Luis Peñaloza,158
2025-03345,MD-2005,Modena,Ana Lucia DelSolar,500000.0,390,0.49916262442515524,medio,Priorizar seguimiento del asesor en 24 horas.,Ana Lucia DelSolar,37437.2,173,2025-06-08,manual,sin_clasificar,3.0,False,0,0,0.16312672,P0_intervenir_hoy,8,2026-07-04 06:01,Llamada gerente/asesor hoy + revisar condición financiera y cuota inicial.,pendiente,Ana Lucia DelSolar,159
2025-00786,TZ-803,Tizón y Bueno,Luis Peñaloza,449798.0,507,0.5545810070898953,medio,Priorizar seguimiento del asesor en 24 horas.,Luis Peñaloza,37417.41,174,2025-02-11,manual,sin_clasificar,3.0,False,0,0,0.09337524844485746,P0_intervenir_hoy,8,2026-07-04 06:01,Llamada gerente/asesor hoy + revisar condición financiera y cuota inicial.,pendiente,Luis Peñaloza,160
2024-02917,GY-402,Alicanto,Ana Lucia DelSolar,497049.0,635,0.5002650197377098,medio,Priorizar seguimiento del asesor en 24 horas.,Ana Lucia DelSolar,37298.43,175,2024-10-06,manual,sin_clasificar,3.0,False,0,0,0.13636353759890876,P0_intervenir_hoy,8,2026-07-04 06:01,Llamada gerente/asesor hoy + revisar condición financiera y cuota inicial.,pendiente,Ana Lucia DelSolar,161
2025-06514,TZ-704,Tizón y Bueno,Ivan La Riva,469088.72,264,0.5293736777936429,medio,Priorizar seguimiento del asesor en 24 horas.,Ivan La Riva,37248.48,176,2025-10-12,manual,sin_clasificar,3.0,False,0,0,0.11111111347976989,P0_intervenir_hoy,8,2026-07-04 06:01,Llamada gerente/asesor hoy + revisar condición financiera y cuota inicial.,pendiente,Ivan La Riva,162
2022-02556,CRUZ-1703,Edificio Santa Cruz Infinite,Enzo Villanueva,901100.0,1530,0.27280225855408274,bajo,Seguimiento comercial estándar.,Enzo Villanueva,36873.32,177,2022-04-25,manual,sin_clasificar,3.0,False,0,0,0.0,P0_intervenir_hoy,8,2026-07-04 06:01,Llamada gerente/asesor hoy + revisar condición financiera y cuota inicial.,pendiente,Enzo Villanueva,163
2026-0004900,SL-302,Sialia,Nelly Román Villavicencio,440129.34,256,0.5552338779391568,medio,Priorizar seguimiento del asesor en 24 horas.,Nelly Román Villavicencio,36656.21,178,2025-10-20,manual,sin_clasificar,2.0,False,0,0,0.1111111111111111,P0_intervenir_hoy,8,2026-07-04 06:01,Llamada gerente/asesor hoy + revisar condición financiera y cuota inicial.,pendiente,Nelly Román Villavicencio,164
2025-04608,MT-B806,Matera,Percy Soto,510000.0,329,0.47836814573821346,medio,Priorizar seguimiento del asesor en 24 horas.,Percy Soto,36595.16,179,2025-08-08,manual,sin_clasificar,3.0,False,0,0,0.12147803921568628,P0_intervenir_hoy,8,2026-07-04 06:01,Llamada gerente/asesor hoy + revisar condición financiera y cuota inicial.,pendiente,Percy Soto,165
2025-01881,TZ-503,Tizón y Bueno,Yomira  Pacheco,436600.0,457,0.556054887294405,medio,Priorizar seguimiento del asesor en 24 horas.,Yomira  Pacheco,36416.03,180,2025-04-02,manual,sin_clasificar,3.0,False,0,0,0.12383570774163995,P0_intervenir_hoy,8,2026-07-04 06:01,Llamada gerente/asesor hoy + revisar condición financiera y cuota inicial.,pendiente,Yomira  Pacheco,166
2022-02697,CRUZ-1206,Edificio Santa Cruz Infinite,Joceline Arizabal Corimanya,505875.0,1513,0.4794131892563128,medio,Priorizar seguimiento del asesor en 24 horas.,Joceline Arizabal Corimanya,36378.47,181,2022-05-12,manual,sin_clasificar,3.0,True,0,0,0.05263157894736842,P0_intervenir_hoy,8,2026-07-04 06:01,Llamada gerente/asesor hoy + revisar condición financiera y cuota inicial.,pendiente,Joceline Arizabal Corimanya,167
2024-03235,EEUU-1102,Edificio Urbanzen,Ivan La Riva,499750.87,603,0.48502859843591895,medio,Priorizar seguimiento del asesor en 24 horas.,Ivan La Riva,36359.02,182,2024-11-07,manual,sin_clasificar,3.0,False,0,0,0.11177811456336234,P0_intervenir_hoy,8,2026-07-04 06:01,Llamada gerente/asesor hoy + revisar condición financiera y cuota inicial.,pendiente,Ivan La Riva,168
2022-00968,CUBA-1503,Edificio Cuba Connect,Nelly Román Villavicencio,648354.4,1604,0.3735058258518941,bajo,Seguimiento comercial estándar.,Nelly Román Villavicencio,36324.62,183,2022-02-10,manual,sin_clasificar,3.0,False,0,0,0.03876830326130277,P0_intervenir_hoy,8,2026-07-04 06:01,Llamada gerente/asesor hoy + revisar condición financiera y cuota inicial.,pendiente,Nelly Román Villavicencio,169
2022-00970,CUBA-1403,Edificio Cuba Connect,Nelly Román Villavicencio,648354.4,1604,0.3735058258518941,bajo,Seguimiento comercial estándar.,Nelly Román Villavicencio,36324.62,184,2022-02-10,manual,sin_clasificar,3.0,False,0,0,0.03876830326130277,P0_intervenir_hoy,8,2026-07-04 06:01,Llamada gerente/asesor hoy + revisar condición financiera y cuota inicial.,pendiente,Nelly Román Villavicencio,170
2025-03446,GY-606,Alicanto,Yomira  Pacheco,453000.0,384,0.533963836045959,medio,Priorizar seguimiento del asesor en 24 horas.,Yomira  Pacheco,36282.84,185,2025-06-14,manual,sin_clasificar,3.0,False,0,0,0.14072324503311257,P0_intervenir_hoy,8,2026-07-04 06:01,Llamada gerente/asesor hoy + revisar condición financiera y cuota inicial.,pendiente,Yomira  Pacheco,171
2025-02776,TZ-404,Tizón y Bueno,Ivan La Riva,453200.0,411,0.533054065463585,medio,Priorizar seguimiento del asesor en 24 horas.,Ivan La Riva,36237.02,186,2025-05-18,manual,sin_clasificar,3.0,False,0,0,0.11111112091791703,P0_intervenir_hoy,8,2026-07-04 06:01,Llamada gerente/asesor hoy + revisar condición financiera y cuota inicial.,pendiente,Ivan La Riva,172
2024-03436,SL-807,Sialia,Yomira  Pacheco,430300.0,587,0.5606655460035115,medio,Priorizar seguimiento del asesor en 24 horas.,Yomira  Pacheco,36188.16,187,2024-11-23,manual,sin_clasificar,3.0,False,0,0,0.13370169649082034,P0_intervenir_hoy,8,2026-07-04 06:01,Llamada gerente/asesor hoy + revisar condición financiera y cuota inicial.,pendiente,Yomira  Pacheco,173
2022-03548,CUBA-1706,Edificio Cuba Connect,Nelly Román Villavicencio,557934.18,1421,0.43190061667886975,medio,Priorizar seguimiento del asesor en 24 horas.,Nelly Román Villavicencio,36145.82,188,2022-08-12,manual,sin_clasificar,3.0,False,0,0,0.06382978723404255,P0_intervenir_hoy,8,2026-07-04 06:01,Llamada gerente/asesor hoy + revisar condición financiera y cuota inicial.,pendiente,Nelly Román Villavicencio,174
2021-04033,CRUZ-604,Edificio Santa Cruz Infinite,Nelly Román Villavicencio,522160.0,1681,0.46125469887120374,medio,Priorizar seguimiento del asesor en 24 horas.,Nelly Román Villavicencio,36127.31,189,2021-11-25,manual,sin_clasificar,3.0,False,0,0,0.03799601654665237,P0_intervenir_hoy,8,2026-07-04 06:01,Llamada gerente/asesor hoy + revisar condición financiera y cuota inicial.,pendiente,Nelly Román Villavicencio,175
2022-03827,CUBA-1304,Edificio Cuba Connect,Joceline Arizabal Corimanya,550101.15,1397,0.43510282537785155,medio,Priorizar seguimiento del asesor en 24 horas.,Joceline Arizabal Corimanya,35902.58,190,2022-09-05,manual,sin_clasificar,3.0,True,0,0,0.06219919736579354,P0_intervenir_hoy,8,2026-07-04 06:01,Llamada gerente/asesor hoy + revisar condición financiera y cuota inicial.,pendiente,Joceline Arizabal Corimanya,176
2022-03997,MA-1702,Edificio Mariategui,Joceline Arizabal Corimanya,500100.0,1373,0.4772380113265547,medio,Priorizar seguimiento del asesor en 24 horas.,Joceline Arizabal Corimanya,35800.01,191,2022-09-29,manual,sin_clasificar,3.0,True,0,0,0.033993201359728054,P0_intervenir_hoy,8,2026-07-04 06:01,Llamada gerente/asesor hoy + revisar condición financiera y cuota inicial.,pendiente,Joceline Arizabal Corimanya,177
2024-03169,TZ-1404,Tizón y Bueno,Sonia Paredes,455792.42,611,0.5227494707029309,medio,Priorizar seguimiento del asesor en 24 horas.,Sonia Paredes,35739.79,192,2024-10-30,manual,sin_clasificar,3.0,False,0,0,0.11111110623559733,P0_intervenir_hoy,8,2026-07-04 06:01,Llamada gerente/asesor hoy + revisar condición financiera y cuota inicial.,pendiente,Sonia Paredes,178
2022-00972,CUBA-401,Edificio Cuba Connect,Nelly Román Villavicencio,643585.12,1604,0.36842727076584253,bajo,Seguimiento comercial estándar.,Nelly Román Villavicencio,35567.15,193,2022-02-10,manual,sin_clasificar,3.0,False,0,0,0.043602437545479614,P0_intervenir_hoy,8,2026-07-04 06:01,Llamada gerente/asesor hoy + revisar condición financiera y cuota inicial.,pendiente,Nelly Román Villavicencio,179
2025-01715,TZ-1007,Tizón y Bueno,Nelly Román Villavicencio,464575.0,466,0.5100671992050896,medio,Priorizar seguimiento del asesor en 24 horas.,Nelly Román Villavicencio,35544.67,194,2025-03-24,manual,sin_clasificar,3.0,False,0,0,0.12306947209815422,P0_intervenir_hoy,8,2026-07-04 06:01,Llamada gerente/asesor hoy + revisar condición financiera y cuota inicial.,pendiente,Nelly Román Villavicencio,180
2022-03879,CUBA-1504,Edificio Cuba Connect,Nelly Román Villavicencio,540000.0,1389,0.4386753125698891,medio,Priorizar seguimiento del asesor en 24 horas.,Nelly Román Villavicencio,35532.7,195,2022-09-13,manual,sin_clasificar,3.0,False,0,0,0.08206851851851851,P0_intervenir_hoy,8,2026-07-04 06:01,Llamada gerente/asesor hoy + revisar condición financiera y cuota inicial.,pendiente,Nelly Román Villavicencio,181
2024-02475,GY-601,Alicanto,Luis Peñaloza,478769.05,668,0.49469249609123883,medio,Priorizar seguimiento del asesor en 24 horas.,Luis Peñaloza,35526.52,196,2024-09-03,manual,sin_clasificar,3.0,False,0,0,0.11111110879034473,P0_intervenir_hoy,8,2026-07-04 06:01,Llamada gerente/asesor hoy + revisar condición financiera y cuota inicial.,pendiente,Luis Peñaloza,182
2025-04486,CP-B1106,Capadocia,Nelly Román Villavicencio,486061.27,338,0.48724671496695265,medio,Priorizar seguimiento del asesor en 24 horas.,Nelly Román Villavicencio,35524.76,197,2025-07-30,manual,sin_clasificar,3.0,False,0,0,0.17224923104858775,P0_intervenir_hoy,8,2026-07-04 06:01,Llamada gerente/asesor hoy + revisar condición financiera y cuota inicial.,pendiente,Nelly Román Villavicencio,183
2022-03681,CRUZ-903,Edificio Santa Cruz Infinite,Nelly Román Villavicencio,504735.0,1402,0.46854439118129626,medio,Priorizar seguimiento del asesor en 24 horas.,Nelly Román Villavicencio,35473.61,198,2022-08-31,manual,sin_clasificar,3.0,False,0,0,0.05263157894736842,P0_intervenir_hoy,8,2026-07-04 06:01,Llamada gerente/asesor hoy + revisar condición financiera y cuota inicial.,pendiente,Nelly Román Villavicencio,184
2021-03274,CUBA-301,Edificio Cuba Connect,Nelly Román Villavicencio,541594.0,1745,0.43480805341897594,medio,Priorizar seguimiento del asesor en 24 horas.,Nelly Román Villavicencio,35323.41,199,2021-09-22,manual,sin_clasificar,3.0,False,0,0,0.07489743239400731,P0_intervenir_hoy,8,2026-07-04 06:01,Llamada gerente/asesor hoy + revisar condición financiera y cuota inicial.,pendiente,Nelly Román Villavicencio,185
2025-04552,TZ-507,Tizón y Bueno,Ana Lucia DelSolar,471000.0,333,0.49875694825579503,medio,Priorizar seguimiento del asesor en 24 horas.,Ana Lucia DelSolar,35237.18,200,2025-08-04,manual,sin_clasificar,3.0,False,0,0,0.11664779193205944,P0_intervenir_hoy,8,2026-07-04 06:01,Llamada gerente/asesor hoy + revisar condición financiera y cuota inicial.,pendiente,Ana Lucia DelSolar,186
2024-03405,TZ-1604,Tizón y Bueno,Luis Peñaloza,464392.0,588,0.5048923083794433,medio,Priorizar seguimiento del asesor en 24 horas.,Luis Peñaloza,35170.19,201,2024-11-22,manual,sin_clasificar,3.0,False,0,0,0.10997467656634911,P0_intervenir_hoy,8,2026-07-04 06:01,Llamada gerente/asesor hoy + revisar condición financiera y cuota inicial.,pendiente,Luis Peñaloza,187
2025-03199,TZ-904,Tizón y Bueno,Nelly Román Villavicencio,431200.0,392,0.5426554741020372,medio,Priorizar seguimiento del asesor en 24 horas.,Nelly Román Villavicencio,35098.96,202,2025-06-06,manual,sin_clasificar,3.0,False,0,0,0.11111110853432282,P0_intervenir_hoy,8,2026-07-04 06:01,Llamada gerente/asesor hoy + revisar condición financiera y cuota inicial.,pendiente,Nelly Román Villavicencio,188
2024-03374,GY-301,Alicanto,Enzo Villanueva,547894.71,591,0.42593815833260873,medio,Priorizar seguimiento del asesor en 24 horas.,Enzo Villanueva,35005.39,203,2024-11-19,manual,sin_clasificar,3.0,False,0,0,0.2030136958248785,P0_intervenir_hoy,8,2026-07-04 06:01,Llamada gerente/asesor hoy + revisar condición financiera y cuota inicial.,pendiente,Enzo Villanueva,189
2021-05013,CUBA-603,Edificio Cuba Connect,Nelly Román Villavicencio,626529.92,1667,0.3716578478445036,bajo,Seguimiento comercial estándar.,Nelly Román Villavicencio,34928.21,204,2021-12-09,manual,sin_clasificar,3.0,False,0,0,0.03834147298184898,P0_intervenir_hoy,8,2026-07-04 06:01,Llamada gerente/asesor hoy + revisar condición financiera y cuota inicial.,pendiente,Nelly Román Villavicencio,190
2026-0002159,MD-403,Modena,Nelly Román Villavicencio,492226.48,341,0.4716935747691603,medio,Priorizar seguimiento del asesor en 24 horas.,Nelly Román Villavicencio,34827.01,205,2025-07-27,manual,sin_clasificar,2.0,False,0,0,0.12294131351893138,P0_intervenir_hoy,8,2026-07-04 06:01,Llamada gerente/asesor hoy + revisar condición financiera y cuota inicial.,pendiente,Nelly Román Villavicencio,191
2022-03644,CRUZ-904,Edificio Santa Cruz Infinite,Cinthia Román Villavicencio,553022.0,1405,0.4193070854590079,medio,Priorizar seguimiento del asesor en 24 horas.,Cinthia Román Villavicencio,34782.91,206,2022-08-28,manual,sin_clasificar,3.0,False,0,0,0.057914513346666134,P0_intervenir_hoy,8,2026-07-04 06:01,Llamada gerente/asesor hoy + revisar condición financiera y cuota inicial.,pendiente,Cinthia Román Villavicencio,192
2025-01250,FX-703,Fenix,Ana Lucia DelSolar,470075.12,473,0.4926826839918589,medio,Priorizar seguimiento del asesor en 24 horas.,Ana Lucia DelSolar,34739.68,207,2025-03-17,manual,sin_clasificar,3.0,False,0,0,0.10995289433739867,P0_intervenir_hoy,8,2026-07-04 06:01,Llamada gerente/asesor hoy + revisar condición financiera y cuota inicial.,pendiente,Ana Lucia DelSolar,193
2025-04481,TZ-907,Tizón y Bueno,Ivan La Riva,460000.0,336,0.5034720332721119,medio,Priorizar seguimiento del asesor en 24 horas.,Ivan La Riva,34739.57,208,2025-08-01,manual,sin_clasificar,3.0,False,0,0,0.11721652173913043,P0_intervenir_hoy,8,2026-07-04 06:01,Llamada gerente/asesor hoy + revisar condición financiera y cuota inicial.,pendiente,Ivan La Riva,194
2025-02169,SL-707,Sialia,Luis Peñaloza,437457.9,444,0.5278853927122611,medio,Priorizar seguimiento del asesor en 24 horas.,Luis Peñaloza,34639.15,209,2025-04-15,manual,sin_clasificar,3.0,False,0,0,0.11111110349133024,P0_intervenir_hoy,8,2026-07-04 06:01,Llamada gerente/asesor hoy + revisar condición financiera y cuota inicial.,pendiente,Luis Peñaloza,195
2022-01102,CUBA-1004,Edificio Cuba Connect,Nelly Román Villavicencio,622071.52,1598,0.3699689561521851,bajo,Seguimiento comercial estándar.,Nelly Román Villavicencio,34522.07,211,2022-02-16,manual,sin_clasificar,3.0,False,0,0,0.038645845738123484,P0_intervenir_hoy,8,2026-07-04 06:01,Llamada gerente/asesor hoy + revisar condición financiera y cuota inicial.,pendiente,Nelly Román Villavicencio,196
2024-01432,TZ-1202,Tizón y Bueno,Ivan La Riva,456670.0,753,0.5034720332721119,medio,Priorizar seguimiento del asesor en 24 horas.,Ivan La Riva,34488.09,212,2024-06-10,manual,sin_clasificar,3.0,False,0,0,0.12072174655659448,P0_intervenir_hoy,8,2026-07-04 06:01,Llamada gerente/asesor hoy + revisar condición financiera y cuota inicial.,pendiente,Ivan La Riva,197
2024-03117,SL-904,Sialia,Joceline Arizabal Corimanya,511642.69,615,0.449101350794683,medio,Priorizar seguimiento del asesor en 24 horas.,Joceline Arizabal Corimanya,34466.91,213,2024-10-26,manual,sin_clasificar,3.0,False,0,0,0.0,P0_intervenir_hoy,8,2026-07-04 06:01,Llamada gerente/asesor hoy + revisar condición financiera y cuota inicial.,pendiente,Joceline Arizabal Corimanya,198
2025-05327,CP-B905,Capadocia,Percy Soto,467454.0,306,0.4902877036674331,medio,Priorizar seguimiento del asesor en 24 horas.,Percy Soto,34378.04,214,2025-08-31,manual,sin_clasificar,2.0,False,0,0,0.09890209517941873,P0_intervenir_hoy,8,2026-07-04 06:01,Llamada gerente/asesor hoy + revisar condición financiera y cuota inicial.,pendiente,Percy Soto,199
2024-03180,TZ-1507,Tizón y Bueno,Luis Peñaloza,449329.97,609,0.5099949609027585,medio,Priorizar seguimiento del asesor en 24 horas.,Luis Peñaloza,34373.4,215,2024-11-01,manual,sin_clasificar,3.0,False,0,0,0.11111110616547569,P0_intervenir_hoy,8,2026-07-04 06:01,Llamada gerente/asesor hoy + revisar condición financiera y cuota inicial.,pendiente,Luis Peñaloza,200
2024-03609,GY-1402,Alicanto,Yomira  Pacheco,510300.0,581,0.4483468198733887,medio,Priorizar seguimiento del asesor en 24 horas.,Yomira  Pacheco,34318.71,216,2024-11-29,manual,sin_clasificar,3.0,False,0,0,0.0,P0_intervenir_hoy,8,2026-07-04 06:01,Llamada gerente/asesor hoy + revisar condición financiera y cuota inicial.,pendiente,Yomira  Pacheco,201
2025-07527,MD-101,Modena,Yomira  Pacheco,430000.0,231,0.5312938858371157,medio,Priorizar seguimiento del asesor en 24 horas.,Yomira  Pacheco,34268.46,217,2025-11-14,manual,sin_clasificar,2.0,False,0,0,0.1480296046511628,P0_intervenir_hoy,8,2026-07-04 06:01,Llamada gerente/asesor hoy + revisar condición financiera y cuota inicial.,pendiente,Yomira  Pacheco,202
2026-0001431,FX-205,Fenix,Antonio Martinez,469000.0,146,0.4863979575871658,medio,Priorizar seguimiento del asesor en 24 horas.,Antonio Martinez,34218.1,219,2026-02-07,manual,sin_clasificar,3.0,False,0,0,0.10859441364605543,P0_intervenir_hoy,8,2026-07-04 06:01,Llamada gerente/asesor hoy + revisar condición financiera y cuota inicial.,pendiente,Antonio Martinez,203
2025-04089,FX-601,Fenix,Luis Peñaloza,456419.52,359,0.49971979224966373,medio,Priorizar seguimiento del asesor en 24 horas.,Luis Peñaloza,34212.28,220,2025-07-09,manual,sin_clasificar,3.0,False,0,0,0.1111111111111111,P0_intervenir_hoy,8,2026-07-04 06:01,Llamada gerente/asesor hoy + revisar condición financiera y cuota inicial.,pendiente,Luis Peñaloza,204
2025-07404,CP-B706,Capadocia,Luis Peñaloza,454582.92,236,0.5013498632748866,medio,Priorizar seguimiento del asesor en 24 horas.,Luis Peñaloza,34185.76,221,2025-11-09,manual,sin_clasificar,3.0,False,0,0,0.1764705765891952,P0_intervenir_hoy,8,2026-07-04 06:01,Llamada gerente/asesor hoy + revisar condición financiera y cuota inicial.,pendiente,Luis Peñaloza,205
2019-00009,URT-1002,Los Jardines de Urteaga,Jackeline Espichan Medina,571160.0,2465,0.39901067923087113,bajo,Seguimiento comercial estándar.,Jackeline Espichan Medina,34184.84,222,2019-10-03,manual,sin_clasificar,3.0,True,0,0,0.035016457735135516,P0_intervenir_hoy,8,2026-07-04 06:01,Llamada gerente/asesor hoy + revisar condición financiera y cuota inicial.,pendiente,Jackeline Espichan Medina,206
2025-00952,TZ-1303,Tizón y Bueno,Luis Peñaloza,417134.34,496,0.5461740762079489,medio,Priorizar seguimiento del asesor en 24 horas.,Luis Peñaloza,34174.19,223,2025-02-22,manual,sin_clasificar,2.0,False,0,0,0.09788275882537026,P0_intervenir_hoy,8,2026-07-04 06:01,Llamada gerente/asesor hoy + revisar condición financiera y cuota inicial.,pendiente,Luis Peñaloza,207
2022-03423,CUBA-1903,Edificio Cuba Connect,Nelly Román Villavicencio,622964.2,1452,0.3652130165980456,bajo,Seguimiento comercial estándar.,Nelly Román Villavicencio,34127.2,224,2022-07-12,manual,sin_clasificar,3.0,False,0,0,0.04899446870301696,P0_intervenir_hoy,8,2026-07-04 06:01,Llamada gerente/asesor hoy + revisar condición financiera y cuota inicial.,pendiente,Nelly Román Villavicencio,208
2021-01742,CRUZ-206,Edificio Santa Cruz Infinite,Cinthia Román Villavicencio,536751.0,1780,0.4230039227149005,medio,Priorizar seguimiento del asesor en 24 horas.,Cinthia Román Villavicencio,34057.17,225,2021-08-18,manual,sin_clasificar,3.0,False,0,0,0.07506087552701346,P0_intervenir_hoy,8,2026-07-04 06:01,Llamada gerente/asesor hoy + revisar condición financiera y cuota inicial.,pendiente,Cinthia Román Villavicencio,209
2025-06634,TZ-205,Tizón y Bueno,Nelly Román Villavicencio,428184.0,260,0.5292194553118292,medio,Priorizar seguimiento del asesor en 24 horas.,Nelly Román Villavicencio,33990.5,226,2025-10-16,manual,sin_clasificar,2.0,False,0,0,0.1111111111111111,P0_intervenir_hoy,8,2026-07-04 06:01,Llamada gerente/asesor hoy + revisar condición financiera y cuota inicial.,pendiente,Nelly Román Villavicencio,210
2021-03275,CUBA-706,Edificio Cuba Connect,Nelly Román Villavicencio,609523.2,1745,0.37176788497689406,bajo,Seguimiento comercial estándar.,Nelly Román Villavicencio,33990.17,227,2021-09-22,manual,sin_clasificar,3.0,False,0,0,0.03838541338541339,P0_intervenir_hoy,8,2026-07-04 06:01,Llamada gerente/asesor hoy + revisar condición financiera y cuota inicial.,pendiente,Nelly Román Villavicencio,211
2025-0008055,MD-1008,Modena,Ana Lucia DelSolar,479729.0,229,0.4713242186878968,medio,Priorizar seguimiento del asesor en 24 horas.,Ana Lucia DelSolar,33916.18,228,2025-11-16,manual,sin_clasificar,3.0,False,0,0,0.14942450842037902,P0_intervenir_hoy,8,2026-07-04 06:01,Llamada gerente/asesor hoy + revisar condición financiera y cuota inicial.,pendiente,Ana Lucia DelSolar,212
2025-03796,TZ-804,Tizón y Bueno,Luis Peñaloza,466000.0,374,0.48517915677639517,medio,Priorizar seguimiento del asesor en 24 horas.,Luis Peñaloza,33914.02,229,2025-06-24,manual,sin_clasificar,3.0,False,0,0,0.11197296137339056,P0_intervenir_hoy,8,2026-07-04 06:01,Llamada gerente/asesor hoy + revisar condición financiera y cuota inicial.,pendiente,Luis Peñaloza,213
2026-0001124,FX-1602,Fenix,Nelly Román Villavicencio,432134.0,155,0.5225637269283742,medio,Priorizar seguimiento del asesor en 24 horas.,Nelly Román Villavicencio,33872.63,230,2026-01-29,manual,sin_clasificar,2.0,False,0,0,0.10463134120434865,P0_intervenir_hoy,8,2026-07-04 06:01,Llamada gerente/asesor hoy + revisar condición financiera y cuota inicial.,pendiente,Nelly Román Villavicencio,214
2024-03173,FX-903,Fenix,Sonia Paredes,439418.07,610,0.5138893504358922,medio,Priorizar seguimiento del asesor en 24 horas.,Sonia Paredes,33871.84,231,2024-10-31,manual,sin_clasificar,3.0,False,0,0,0.07761385415943409,P0_intervenir_hoy,8,2026-07-04 06:01,Llamada gerente/asesor hoy + revisar condición financiera y cuota inicial.,pendiente,Sonia Paredes,215
2022-03626,CUBA-403,Edificio Cuba Connect,Nelly Román Villavicencio,664298.0,1457,0.33989920387094064,bajo,Seguimiento comercial estándar.,Nelly Román Villavicencio,33869.15,232,2022-07-07,manual,sin_clasificar,3.0,False,0,0,0.0,P0_intervenir_hoy,8,2026-07-04 06:01,Llamada gerente/asesor hoy + revisar condición financiera y cuota inicial.,pendiente,Nelly Román Villavicencio,216
2026-0002138,SL-1505,Sialia,Luis Peñaloza,426132.0,124,0.5291272227776205,medio,Priorizar seguimiento del asesor en 24 horas.,Luis Peñaloza,33821.71,233,2026-03-01,manual,sin_clasificar,3.0,False,0,0,0.1111111111111111,P0_intervenir_hoy,8,2026-07-04 06:01,Llamada gerente/asesor hoy + revisar condición financiera y cuota inicial.,pendiente,Luis Peñaloza,217
2025-04532,CP-B1006,Capadocia,Luis Peñaloza,463000.0,334,0.4867300134551273,medio,Priorizar seguimiento del asesor en 24 horas.,Luis Peñaloza,33803.4,234,2025-08-03,manual,sin_clasificar,3.0,False,0,0,0.1358300647948164,P0_intervenir_hoy,8,2026-07-04 06:01,Llamada gerente/asesor hoy + revisar condición financiera y cuota inicial.,pendiente,Luis Peñaloza,218
2022-02099,CUBA-504,Edificio Cuba Connect,Nelly Román Villavicencio,599175.79,1554,0.3743135706687405,bajo,Seguimiento comercial estándar.,Nelly Román Villavicencio,33641.94,235,2022-04-01,manual,sin_clasificar,3.0,False,0,0,0.03092783505154639,P0_intervenir_hoy,8,2026-07-04 06:01,Llamada gerente/asesor hoy + revisar condición financiera y cuota inicial.,pendiente,Nelly Román Villavicencio,219
2021-05014,CUBA-703,Edificio Cuba Connect,Nelly Román Villavicencio,616524.4,1667,0.3636737098354844,bajo,Seguimiento comercial estándar.,Nelly Román Villavicencio,33632.06,236,2021-12-09,manual,sin_clasificar,3.0,False,0,0,0.04870464169787927,P0_intervenir_hoy,8,2026-07-04 06:01,Llamada gerente/asesor hoy + revisar condición financiera y cuota inicial.,pendiente,Nelly Román Villavicencio,220
2024-01189,TZ-701,Tizón y Bueno,Ana Lucia DelSolar,402083.0,770,0.5575650506443541,medio,Priorizar seguimiento del asesor en 24 horas.,Ana Lucia DelSolar,33628.11,237,2024-05-24,manual,sin_clasificar,2.0,False,0,0,0.09858661022724163,P0_intervenir_hoy,8,2026-07-04 06:01,Llamada gerente/asesor hoy + revisar condición financiera y cuota inicial.,pendiente,Ana Lucia DelSolar,221
2025-0008073,FX-305,Fenix,Antonio Martinez,457000.0,229,0.48912012863712656,medio,Priorizar seguimiento del asesor en 24 horas.,Antonio Martinez,33529.18,238,2025-11-16,manual,sin_clasificar,3.0,False,0,0,0.11017652078774616,P0_intervenir_hoy,8,2026-07-04 06:01,Llamada gerente/asesor hoy + revisar condición financiera y cuota inicial.,pendiente,Antonio Martinez,222
2025-03009,SL-905,Sialia,Nelly Román Villavicencio,408856.0,402,0.543765272660706,medio,Priorizar seguimiento del asesor en 24 horas.,Nelly Román Villavicencio,33348.25,240,2025-05-27,manual,sin_clasificar,3.0,False,0,0,0.1442740965034144,P0_intervenir_hoy,8,2026-07-04 06:01,Llamada gerente/asesor hoy + revisar condición financiera y cuota inicial.,pendiente,Nelly Román Villavicencio,223
2025-04702,TZ-603,Tizón y Bueno,Luis Peñaloza,435841.0,326,0.5099949609027585,medio,Priorizar seguimiento del asesor en 24 horas.,Luis Peñaloza,33341.51,241,2025-08-11,manual,sin_clasificar,3.0,False,0,0,0.11111111620981046,P0_intervenir_hoy,8,2026-07-04 06:01,Llamada gerente/asesor hoy + revisar condición financiera y cuota inicial.,pendiente,Luis Peñaloza,224
2025-07163,FX-805,Fenix,Nelly Román Villavicencio,462000.0,245,0.47956372591060237,medio,Priorizar seguimiento del asesor en 24 horas.,Nelly Román Villavicencio,33233.77,242,2025-10-31,manual,sin_clasificar,3.0,False,0,0,0.15481246753246752,P0_intervenir_hoy,8,2026-07-04 06:01,Llamada gerente/asesor hoy + revisar condición financiera y cuota inicial.,pendiente,Nelly Román Villavicencio,225
2025-01113,SL-1307,Sialia,Nelly Román Villavicencio,400000.0,484,0.553140174821193,medio,Priorizar seguimiento del asesor en 24 horas.,Nelly Román Villavicencio,33188.41,243,2025-03-06,manual,sin_clasificar,3.0,False,0,0,0.170973175,P0_intervenir_hoy,8,2026-07-04 06:01,Llamada gerente/asesor hoy + revisar condición financiera y cuota inicial.,pendiente,Nelly Román Villavicencio,226
2022-00216,CUBA-903,Edificio Cuba Connect,Jackeline Espichan Medina,646344.0,1639,0.34182900016453727,bajo,Seguimiento comercial estándar.,Jackeline Espichan Medina,33140.87,244,2022-01-06,manual,sin_clasificar,3.0,False,0,0,0.0,P0_intervenir_hoy,8,2026-07-04 06:01,Llamada gerente/asesor hoy + revisar condición financiera y cuota inicial.,pendiente,Jackeline Espichan Medina,227
2019-00046,ES-1102,Edificio Saenz,Joceline Arizabal Corimanya,508200.0,2387,0.4342940181895903,medio,Priorizar seguimiento del asesor en 24 horas.,Joceline Arizabal Corimanya,33106.23,245,2019-12-20,manual,sin_clasificar,3.0,False,0,0,0.03935458480913026,P0_intervenir_hoy,8,2026-07-04 06:01,Llamada gerente/asesor hoy + revisar condición financiera y cuota inicial.,pendiente,Joceline Arizabal Corimanya,228
2024-03669,FX-403,Fenix,Nelly Román Villavicencio,472226.0,576,0.4668228097818359,medio,Priorizar seguimiento del asesor en 24 horas.,Nelly Román Villavicencio,33066.88,246,2024-12-04,manual,sin_clasificar,3.0,False,0,0,0.11404181472430575,P0_intervenir_hoy,8,2026-07-04 06:01,Llamada gerente/asesor hoy + revisar condición financiera y cuota inicial.,pendiente,Nelly Román Villavicencio,229
2024-01018,TZ-801,Tizón y Bueno,Luis Peñaloza,402710.0,778,0.5452873875390819,medio,Priorizar seguimiento del asesor en 24 horas.,Luis Peñaloza,32938.9,248,2024-05-16,manual,sin_clasificar,2.0,False,0,0,0.09729085446102655,P0_intervenir_hoy,8,2026-07-04 06:01,Llamada gerente/asesor hoy + revisar condición financiera y cuota inicial.,pendiente,Luis Peñaloza,230
2025-01080,SL-1607,Sialia,Luis Peñaloza,413596.56,497,0.5287554631710523,medio,Priorizar seguimiento del asesor en 24 horas.,Luis Peñaloza,32803.72,249,2025-02-21,manual,sin_clasificar,3.0,False,0,0,0.1111111030517275,P0_intervenir_hoy,8,2026-07-04 06:01,Llamada gerente/asesor hoy + revisar condición financiera y cuota inicial.,pendiente,Luis Peñaloza,231
2025-02557,GY-1202,Alicanto,Nelly Román Villavicencio,460000.0,420,0.4753811765424954,medio,Priorizar seguimiento del asesor en 24 horas.,Nelly Román Villavicencio,32801.3,250,2025-05-09,manual,sin_clasificar,3.0,False,0,0,0.13970252173913045,P0_intervenir_hoy,8,2026-07-04 06:01,Llamada gerente/asesor hoy + revisar condición financiera y cuota inicial.,pendiente,Nelly Román Villavicencio,232
2025-02240,MD-2208,Modena,Yomira  Pacheco,419800.0,435,0.520762376940936,medio,Priorizar seguimiento del asesor en 24 horas.,Yomira  Pacheco,32792.41,251,2025-04-24,manual,sin_clasificar,3.0,False,0,0,0.10927117675083373,P0_intervenir_hoy,8,2026-07-04 06:01,Llamada gerente/asesor hoy + revisar condición financiera y cuota inicial.,pendiente,Yomira  Pacheco,233
2025-00988,FX-1103,Fenix,Yomira  Pacheco,409900.0,498,0.5323510568365312,medio,Priorizar seguimiento del asesor en 24 horas.,Yomira  Pacheco,32731.6,252,2025-02-20,manual,sin_clasificar,3.0,False,0,0,0.11103674066845572,P0_intervenir_hoy,8,2026-07-04 06:01,Llamada gerente/asesor hoy + revisar condición financiera y cuota inicial.,pendiente,Yomira  Pacheco,234
2025-01707,TZ-504,Tizón y Bueno,Ivan La Riva,409689.0,466,0.5316698637869478,medio,Priorizar seguimiento del asesor en 24 horas.,Ivan La Riva,32672.89,253,2025-03-24,manual,sin_clasificar,3.0,False,0,0,0.21555619018328537,P0_intervenir_hoy,8,2026-07-04 06:01,Llamada gerente/asesor hoy + revisar condición financiera y cuota inicial.,pendiente,Ivan La Riva,235
2025-03088,MD-1308,Modena,Antonio Martinez,510000.0,399,0.4251927459060613,medio,Priorizar seguimiento del asesor en 24 horas.,Antonio Martinez,32527.25,254,2025-05-30,manual,sin_clasificar,3.0,False,0,0,0.0,P0_intervenir_hoy,8,2026-07-04 06:01,Llamada gerente/asesor hoy + revisar condición financiera y cuota inicial.,pendiente,Antonio Martinez,236
2025-01225,SL-405,Sialia,Luis Peñaloza,417000.0,476,0.519387661044937,medio,Priorizar seguimiento del asesor en 24 horas.,Luis Peñaloza,32487.7,255,2025-03-14,manual,sin_clasificar,3.0,False,0,0,0.13544364508393286,P0_intervenir_hoy,8,2026-07-04 06:01,Llamada gerente/asesor hoy + revisar condición financiera y cuota inicial.,pendiente,Luis Peñaloza,237
2024-03880,FX-1501,Fenix,Nelly Román Villavicencio,450000.0,550,0.47639816346180813,medio,Priorizar seguimiento del asesor en 24 horas.,Nelly Román Villavicencio,32156.88,258,2024-12-30,manual,sin_clasificar,3.0,False,0,0,0.14144306666666667,P0_intervenir_hoy,8,2026-07-04 06:01,Llamada gerente/asesor hoy + revisar condición financiera y cuota inicial.,pendiente,Nelly Román Villavicencio,238
2022-02050,VALDIZAN-303,Edificio Valdizan,Enzo Villanueva,670850.0,1556,0.318468501643474,bajo,Seguimiento comercial estándar.,Enzo Villanueva,32046.69,259,2022-03-30,manual,sin_clasificar,0.0,False,0,0,0.0,P0_intervenir_hoy,8,2026-07-04 06:01,Llamada gerente/asesor hoy + revisar condición financiera y cuota inicial.,pendiente,Enzo Villanueva,239
2025-04442,FX-1101,Fenix,Antonio Martinez,505000.0,338,0.42298071271521476,medio,Priorizar seguimiento del asesor en 24 horas.,Antonio Martinez,32040.79,260,2025-07-30,manual,sin_clasificar,3.0,False,0,0,0.0,P0_intervenir_hoy,8,2026-07-04 06:01,Llamada gerente/asesor hoy + revisar condición financiera y cuota inicial.,pendiente,Antonio Martinez,240
2025-06716,TZ-206,Tizón y Bueno,Luis Peñaloza,440000.0,258,0.48515809606894106,medio,Priorizar seguimiento del asesor en 24 horas.,Luis Peñaloza,32020.43,261,2025-10-18,manual,sin_clasificar,2.0,False,0,0,0.1119085909090909,P0_intervenir_hoy,8,2026-07-04 06:01,Llamada gerente/asesor hoy + revisar condición financiera y cuota inicial.,pendiente,Luis Peñaloza,241
2025-01490,CP-B1205,Capadocia,Ana Lucia DelSolar,436000.0,474,0.4885508578850868,medio,Priorizar seguimiento del asesor en 24 horas.,Ana Lucia DelSolar,31951.23,262,2025-03-16,manual,sin_clasificar,2.0,False,0,0,0.16232935779816515,P0_intervenir_hoy,8,2026-07-04 06:01,Llamada gerente/asesor hoy + revisar condición financiera y cuota inicial.,pendiente,Ana Lucia DelSolar,242
2025-00941,FX-1503,Fenix,Yomira  Pacheco,399600.0,495,0.5315575807503158,medio,Priorizar seguimiento del asesor en 24 horas.,Yomira  Pacheco,31861.56,264,2025-02-23,manual,sin_clasificar,3.0,False,0,0,0.1110277027027027,P0_intervenir_hoy,8,2026-07-04 06:01,Llamada gerente/asesor hoy + revisar condición financiera y cuota inicial.,pendiente,Yomira  Pacheco,243
2025-05651,MT-A201,Matera,Nelly Román Villavicencio,503892.52,294,0.42136850216622224,medio,Priorizar seguimiento del asesor en 24 horas.,Nelly Román Villavicencio,31848.67,265,2025-09-12,manual,sin_clasificar,2.0,False,0,0,0.0684984170830716,P0_intervenir_hoy,8,2026-07-04 06:01,Llamada gerente/asesor hoy + revisar condición financiera y cuota inicial.,pendiente,Nelly Román Villavicencio,244
2025-0008404,MD-904,Modena,Yomira  Pacheco,391800.0,219,0.5414051392381954,medio,Priorizar seguimiento del asesor en 24 horas.,Yomira  Pacheco,31818.38,266,2025-11-26,manual,sin_clasificar,2.0,False,0,0,0.14939954058192956,P0_intervenir_hoy,8,2026-07-04 06:01,Llamada gerente/asesor hoy + revisar condición financiera y cuota inicial.,pendiente,Yomira  Pacheco,245
2025-01619,TZ-604,Tizón y Bueno,Luis Peñaloza,409089.0,469,0.5184447676147469,medio,Priorizar seguimiento del asesor en 24 horas.,Luis Peñaloza,31813.51,267,2025-03-21,manual,sin_clasificar,3.0,False,0,0,0.2010426337545131,P0_intervenir_hoy,8,2026-07-04 06:01,Llamada gerente/asesor hoy + revisar condición financiera y cuota inicial.,pendiente,Luis Peñaloza,246
2025-05765,NP-A2406,Torre Nápoles,Luis Peñaloza,395619.4,289,0.5359341965697034,medio,Priorizar seguimiento del asesor en 24 horas.,Luis Peñaloza,31803.89,268,2025-09-17,manual,sin_clasificar,3.0,False,0,0,0.09812162902021487,P0_intervenir_hoy,8,2026-07-04 06:01,Llamada gerente/asesor hoy + revisar condición financiera y cuota inicial.,pendiente,Luis Peñaloza,247
2025-02898,TZ-1304,Tizón y Bueno,Luis Peñaloza,414700.0,407,0.511236790968118,medio,Priorizar seguimiento del asesor en 24 horas.,Luis Peñaloza,31801.48,269,2025-05-22,manual,sin_clasificar,3.0,False,0,0,0.11111111646973716,P0_intervenir_hoy,8,2026-07-04 06:01,Llamada gerente/asesor hoy + revisar condición financiera y cuota inicial.,pendiente,Luis Peñaloza,248
2025-02399,CP-B1105,Capadocia,Ana Lucia DelSolar,444000.0,431,0.4772308837490946,medio,Priorizar seguimiento del asesor en 24 horas.,Ana Lucia DelSolar,31783.58,270,2025-04-28,manual,sin_clasificar,2.0,False,0,0,0.1465746171171171,P0_intervenir_hoy,8,2026-07-04 06:01,Llamada gerente/asesor hoy + revisar condición financiera y cuota inicial.,pendiente,Ana Lucia DelSolar,249
2025-0008388,MT-A1009,Matera,Percy Soto,546524.0,220,0.38675389893106704,bajo,Seguimiento comercial estándar.,Percy Soto,31705.54,271,2025-11-25,manual,sin_clasificar,3.0,False,0,0,0.0,P0_intervenir_hoy,8,2026-07-04 06:01,Llamada gerente/asesor hoy + revisar condición financiera y cuota inicial.,pendiente,Percy Soto,250
2025-0008376,MD-1004,Modena,Yomira  Pacheco,390000.0,220,0.5414051392381954,medio,Priorizar seguimiento del asesor en 24 horas.,Yomira  Pacheco,31672.2,272,2025-11-25,manual,sin_clasificar,2.0,False,0,0,0.1493832564102564,P0_intervenir_hoy,8,2026-07-04 06:01,Llamada gerente/asesor hoy + revisar condición financiera y cuota inicial.,pendiente,Yomira  Pacheco,251
2025-01489,FX-905,Fenix,Ana Lucia DelSolar,442300.0,474,0.477228503380182,medio,Priorizar seguimiento del asesor en 24 horas.,Ana Lucia DelSolar,31661.73,273,2025-03-16,manual,sin_clasificar,3.0,False,0,0,0.11865430703142664,P0_intervenir_hoy,8,2026-07-04 06:01,Llamada gerente/asesor hoy + revisar condición financiera y cuota inicial.,pendiente,Ana Lucia DelSolar,252
2025-06776,MD-603,Modena,Luis Peñaloza,416969.99,257,0.5051490061183753,medio,Priorizar seguimiento del asesor en 24 horas.,Luis Peñaloza,31594.8,276,2025-10-19,manual,sin_clasificar,2.0,False,0,0,0.14942528597801488,P0_intervenir_hoy,8,2026-07-04 06:01,Llamada gerente/asesor hoy + revisar condición financiera y cuota inicial.,pendiente,Luis Peñaloza,253
2020-02586,ES-601,Edificio Saenz,Joceline Arizabal Corimanya,504500.0,2107,0.4160701834670573,medio,Priorizar seguimiento del asesor en 24 horas.,Joceline Arizabal Corimanya,31486.11,278,2020-09-25,manual,sin_clasificar,3.0,True,0,0,0.06481665014866204,P0_intervenir_hoy,8,2026-07-04 06:01,Llamada gerente/asesor hoy + revisar condición financiera y cuota inicial.,pendiente,Joceline Arizabal Corimanya,254
2025-04314,TZ-307,Tizón y Bueno,Joceline Arizabal Corimanya,478756.0,346,0.4377141944571452,medio,Priorizar seguimiento del asesor en 24 horas.,Joceline Arizabal Corimanya,31433.74,279,2025-07-22,manual,sin_clasificar,3.0,False,0,0,0.11111269623774951,P0_intervenir_hoy,8,2026-07-04 06:01,Llamada gerente/asesor hoy + revisar condición financiera y cuota inicial.,pendiente,Joceline Arizabal Corimanya,255
2025-00783,FX-404,Fenix,Luis Peñaloza,401527.5,505,0.5217577895160881,medio,Priorizar seguimiento del asesor en 24 horas.,Luis Peñaloza,31425.02,280,2025-02-13,manual,sin_clasificar,2.0,False,0,0,0.09633419877841493,P0_intervenir_hoy,8,2026-07-04 06:01,Llamada gerente/asesor hoy + revisar condición financiera y cuota inicial.,pendiente,Luis Peñaloza,256
2024-03356,TZ-1103,Tizón y Bueno,Ana Lucia DelSolar,390703.97,592,0.5349567609913966,medio,Priorizar seguimiento del asesor en 24 horas.,Ana Lucia DelSolar,31351.46,281,2024-11-18,manual,sin_clasificar,3.0,False,0,0,0.11111110542337209,P0_intervenir_hoy,8,2026-07-04 06:01,Llamada gerente/asesor hoy + revisar condición financiera y cuota inicial.,pendiente,Ana Lucia DelSolar,257
2025-0008318,SL-1406,Sialia,Ivan La Riva,400300.72,222,0.5203159004673249,medio,Priorizar seguimiento del asesor en 24 horas.,Ivan La Riva,31242.42,282,2025-11-23,manual,sin_clasificar,3.0,False,0,0,0.1165165528555632,P0_intervenir_hoy,8,2026-07-04 06:01,Llamada gerente/asesor hoy + revisar condición financiera y cuota inicial.,pendiente,Ivan La Riva,258
2025-01540,MD-704,Modena,Ivan La Riva,421512.3,474,0.49109373694277725,medio,Priorizar seguimiento del asesor en 24 horas.,Ivan La Riva,31050.31,283,2025-03-16,manual,sin_clasificar,2.0,False,0,0,0.1111111111111111,P0_intervenir_hoy,8,2026-07-04 06:01,Llamada gerente/asesor hoy + revisar condición financiera y cuota inicial.,pendiente,Ivan La Riva,259
2022-02052,VALDIZAN-502,Edificio Valdizan,Enzo Villanueva,648250.0,1556,0.31792965452567956,bajo,Seguimiento comercial estándar.,Enzo Villanueva,30914.68,284,2022-03-30,manual,sin_clasificar,0.0,False,0,0,0.0,P0_intervenir_hoy,8,2026-07-04 06:01,Llamada gerente/asesor hoy + revisar condición financiera y cuota inicial.,pendiente,Enzo Villanueva,260
2025-02135,TZ-1104,Tizón y Bueno,Luis Peñaloza,420000.0,445,0.4904103817624231,medio,Priorizar seguimiento del asesor en 24 horas.,Luis Peñaloza,30895.85,285,2025-04-14,manual,sin_clasificar,3.0,False,0,0,0.1132275238095238,P0_intervenir_hoy,8,2026-07-04 06:01,Llamada gerente/asesor hoy + revisar condición financiera y cuota inicial.,pendiente,Luis Peñaloza,261
2025-03031,TZ-1004,Tizón y Bueno,Luis Peñaloza,409089.0,401,0.5033835063897618,medio,Priorizar seguimiento del asesor en 24 horas.,Luis Peñaloza,30889.3,286,2025-05-28,manual,sin_clasificar,3.0,False,0,0,0.16573383786902116,P0_intervenir_hoy,8,2026-07-04 06:01,Llamada gerente/asesor hoy + revisar condición financiera y cuota inicial.,pendiente,Luis Peñaloza,262
2020-00098,URT-1801,Los Jardines de Urteaga,Jackeline Espichan Medina,645995.0,2293,0.3187105443390616,bajo,Seguimiento comercial estándar.,Jackeline Espichan Medina,30882.81,287,2020-03-23,manual,sin_clasificar,3.0,False,0,0,0.01934999496900131,P0_intervenir_hoy,8,2026-07-04 06:01,Llamada gerente/asesor hoy + revisar condición financiera y cuota inicial.,pendiente,Jackeline Espichan Medina,263
2021-03825,CRUZ-403,Edificio Santa Cruz Infinite,Cinthia Román Villavicencio,531392.0,1681,0.38628626035213565,bajo,Seguimiento comercial estándar.,Cinthia Román Villavicencio,30790.41,288,2021-11-25,manual,sin_clasificar,3.0,False,0,0,0.03821660845477538,P0_intervenir_hoy,8,2026-07-04 06:01,Llamada gerente/asesor hoy + revisar condición financiera y cuota inicial.,pendiente,Cinthia Román Villavicencio,264
2023-01970,TZ-105,Tizón y Bueno,Joceline Arizabal Corimanya,463579.2,1028,0.4415884547362205,medio,Priorizar seguimiento del asesor en 24 horas.,Joceline Arizabal Corimanya,30706.68,289,2023-09-09,manual,sin_clasificar,2.0,True,0,0,0.11111111111111112,P0_intervenir_hoy,8,2026-07-04 06:01,Llamada gerente/asesor hoy + revisar condición financiera y cuota inicial.,pendiente,Joceline Arizabal Corimanya,265
2025-03095,MD-1504,Modena,Antonio Martinez,432600.0,398,0.47294068054395694,medio,Priorizar seguimiento del asesor en 24 horas.,Antonio Martinez,30689.12,290,2025-05-31,manual,sin_clasificar,2.0,False,0,0,0.11928791030975497,P0_intervenir_hoy,8,2026-07-04 06:01,Llamada gerente/asesor hoy + revisar condición financiera y cuota inicial.,pendiente,Antonio Martinez,266
2025-0008575,MD-804,Modena,Luis Peñaloza,387010.83,245,0.5267694471864844,medio,Priorizar seguimiento del asesor en 24 horas.,Luis Peñaloza,30579.82,291,2025-10-31,manual,sin_clasificar,2.0,False,0,0,0.1689854002276887,P0_intervenir_hoy,8,2026-07-04 06:01,Llamada gerente/asesor hoy + revisar condición financiera y cuota inicial.,pendiente,Luis Peñaloza,267
2022-04243,MA-1503,Edificio Mariategui,Cinthia Román Villavicencio,453375.0,1331,0.44832123751706376,medio,Priorizar seguimiento del asesor en 24 horas.,Cinthia Román Villavicencio,30488.65,293,2022-11-10,manual,sin_clasificar,3.0,False,0,0,0.1224703611800386,P0_intervenir_hoy,8,2026-07-04 06:01,Llamada gerente/asesor hoy + revisar condición financiera y cuota inicial.,pendiente,Cinthia Román Villavicencio,268
2025-03096,MD-503,Modena,Edwing Soller,423680.0,398,0.47841981950317347,medio,Priorizar seguimiento del asesor en 24 horas.,Edwing Soller,30404.54,294,2025-05-31,manual,sin_clasificar,2.0,False,0,0,0.13636324584592144,P0_intervenir_hoy,8,2026-07-04 06:01,Llamada gerente/asesor hoy + revisar condición financiera y cuota inicial.,pendiente,Edwing Soller,269
2025-05468,MT-A1204,Matera,Nelly Román Villavicencio,474785.0,299,0.4265313946495903,medio,Priorizar seguimiento del asesor en 24 horas.,Nelly Román Villavicencio,30376.61,295,2025-09-07,manual,sin_clasificar,3.0,False,0,0,0.10752561685815686,P0_intervenir_hoy,8,2026-07-04 06:01,Llamada gerente/asesor hoy + revisar condición financiera y cuota inicial.,pendiente,Nelly Román Villavicencio,270
2025-07537,MD-1003,Modena,Ana Lucia DelSolar,407320.0,230,0.49680790693808335,medio,Priorizar seguimiento del asesor en 24 horas.,Ana Lucia DelSolar,30353.97,296,2025-11-15,manual,sin_clasificar,2.0,False,0,0,0.1494253167043111,P0_intervenir_hoy,8,2026-07-04 06:01,Llamada gerente/asesor hoy + revisar condición financiera y cuota inicial.,pendiente,Ana Lucia DelSolar,271
2025-01766,TZ-306,Tizón y Bueno,Yomira  Pacheco,380000.0,463,0.5251906866064389,medio,Priorizar seguimiento del asesor en 24 horas.,Yomira  Pacheco,29935.87,297,2025-03-27,manual,sin_clasificar,2.0,False,0,0,0.125731,P0_intervenir_hoy,8,2026-07-04 06:01,Llamada gerente/asesor hoy + revisar condición financiera y cuota inicial.,pendiente,Yomira  Pacheco,272
2023-00821,CUBA-1906,Edificio Cuba Connect,Joceline Arizabal Corimanya,593547.0,1189,0.3359568031124129,bajo,Seguimiento comercial estándar.,Joceline Arizabal Corimanya,29910.92,298,2023-04-01,manual,sin_clasificar,3.0,False,0,0,0.0,P0_intervenir_hoy,8,2026-07-04 06:01,Llamada gerente/asesor hoy + revisar condición financiera y cuota inicial.,pendiente,Joceline Arizabal Corimanya,273
2022-03050,CRUZ-1203,Edificio Santa Cruz Infinite,Nelly Román Villavicencio,490295.0,1486,0.4056926917010372,medio,Priorizar seguimiento del asesor en 24 horas.,Nelly Román Villavicencio,29836.36,299,2022-06-08,manual,sin_clasificar,3.0,False,0,0,0.05263157894736842,P0_intervenir_hoy,8,2026-07-04 06:01,Llamada gerente/asesor hoy + revisar condición financiera y cuota inicial.,pendiente,Nelly Román Villavicencio,274
2025-0008807,SL-1108,Sialia,Karlo  Vargas,381359.95,217,0.5209124255232958,medio,Priorizar seguimiento del asesor en 24 horas.,Karlo  Vargas,29798.27,300,2025-11-28,manual,sin_clasificar,3.0,False,0,0,0.12359551651923595,P0_intervenir_hoy,8,2026-07-04 06:01,Llamada gerente/asesor hoy + revisar condición financiera y cuota inicial.,pendiente,Karlo  Vargas,275
2025-05729,MT-A1004,Matera,Edwing Soller,452000.0,292,0.43923210619888226,medio,Priorizar seguimiento del asesor en 24 horas.,Edwing Soller,29779.94,301,2025-09-14,manual,sin_clasificar,3.0,False,0,0,0.0750908407079646,P0_intervenir_hoy,8,2026-07-04 06:01,Llamada gerente/asesor hoy + revisar condición financiera y cuota inicial.,pendiente,Edwing Soller,276
2025-04553,FX-1402,Fenix,Antonio Martinez,421200.0,333,0.47050438856544435,medio,Priorizar seguimiento del asesor en 24 horas.,Antonio Martinez,29726.47,302,2025-08-04,manual,sin_clasificar,2.0,False,0,0,0.11870845204178537,P0_intervenir_hoy,8,2026-07-04 06:01,Llamada gerente/asesor hoy + revisar condición financiera y cuota inicial.,pendiente,Antonio Martinez,277
2022-02703,CUBA-604,Edificio Cuba Connect,Joceline Arizabal Corimanya,579012.0,1513,0.34190936930094795,bajo,Seguimiento comercial estándar.,Joceline Arizabal Corimanya,29695.44,304,2022-05-12,manual,sin_clasificar,3.0,True,0,0,0.03799575829171071,P0_intervenir_hoy,8,2026-07-04 06:01,Llamada gerente/asesor hoy + revisar condición financiera y cuota inicial.,pendiente,Joceline Arizabal Corimanya,278
2022-04110,CRUZ-304,Edificio Santa Cruz Infinite,Cinthia Román Villavicencio,532530.0,1359,0.37161535260126166,bajo,Seguimiento comercial estándar.,Cinthia Román Villavicencio,29684.45,305,2022-10-13,manual,sin_clasificar,3.0,False,0,0,0.030927835051546393,P0_intervenir_hoy,8,2026-07-04 06:01,Llamada gerente/asesor hoy + revisar condición financiera y cuota inicial.,pendiente,Cinthia Román Villavicencio,279
2024-03725,TZ-1301,Tizón y Bueno,Yomira  Pacheco,355000.0,571,0.5571166074400046,medio,Priorizar seguimiento del asesor en 24 horas.,Yomira  Pacheco,29666.46,306,2024-12-09,manual,sin_clasificar,2.0,False,0,0,0.21859154929577465,P0_intervenir_hoy,8,2026-07-04 06:01,Llamada gerente/asesor hoy + revisar condición financiera y cuota inicial.,pendiente,Yomira  Pacheco,280
2024-02806,TZ-305,Tizón y Bueno,Ivan La Riva,392000.0,644,0.5026961869601285,medio,Priorizar seguimiento del asesor en 24 horas.,Ivan La Riva,29558.54,307,2024-09-27,manual,sin_clasificar,2.0,False,0,0,0.14780188775510203,P0_intervenir_hoy,8,2026-07-04 06:01,Llamada gerente/asesor hoy + revisar condición financiera y cuota inicial.,pendiente,Ivan La Riva,281
2025-0009129,GY-805,Alicanto,Yomira  Pacheco,362000.0,184,0.5441710372461245,medio,Priorizar seguimiento del asesor en 24 horas.,Yomira  Pacheco,29548.49,308,2025-12-31,manual,sin_clasificar,2.0,False,0,0,0.08618599447513813,P0_intervenir_hoy,8,2026-07-04 06:01,Llamada gerente/asesor hoy + revisar condición financiera y cuota inicial.,pendiente,Yomira  Pacheco,282
2022-02046,CUBA-906,Edificio Cuba Connect,Enzo Villanueva,672570.0,1585,0.2927491979639456,bajo,Seguimiento comercial estándar.,Enzo Villanueva,29534.15,309,2022-03-01,manual,sin_clasificar,3.0,False,0,0,0.0,P0_intervenir_hoy,8,2026-07-04 06:01,Llamada gerente/asesor hoy + revisar condición financiera y cuota inicial.,pendiente,Enzo Villanueva,283
2022-03416,CRUZ-1706,Edificio Santa Cruz Infinite,Nelly Román Villavicencio,485792.0,1452,0.4042488121012293,medio,Priorizar seguimiento del asesor en 24 horas.,Nelly Román Villavicencio,29457.13,310,2022-07-12,manual,sin_clasificar,3.0,False,0,0,0.06382978723404255,P0_intervenir_hoy,8,2026-07-04 06:01,Llamada gerente/asesor hoy + revisar condición financiera y cuota inicial.,pendiente,Nelly Román Villavicencio,284
2025-04318,TZ-607,Tizón y Bueno,Antonio Martinez,465000.0,347,0.42149499796187556,medio,Priorizar seguimiento del asesor en 24 horas.,Antonio Martinez,29399.28,312,2025-07-21,manual,sin_clasificar,3.0,False,0,0,0.0,P0_intervenir_hoy,8,2026-07-04 06:01,Llamada gerente/asesor hoy + revisar condición financiera y cuota inicial.,pendiente,Antonio Martinez,285
2022-01190,CUBA-205,Edificio Cuba Connect,Enzo Villanueva,669395.0,2569,0.2927491979639456,bajo,Seguimiento comercial estándar.,Enzo Villanueva,29394.73,313,2019-06-21,manual,sin_clasificar,3.0,False,0,0,0.0,P0_intervenir_hoy,8,2026-07-04 06:01,Llamada gerente/asesor hoy + revisar condición financiera y cuota inicial.,pendiente,Enzo Villanueva,286
2022-01192,CUBA-305,Edificio Cuba Connect,Enzo Villanueva,669395.0,2483,0.2927491979639456,bajo,Seguimiento comercial estándar.,Enzo Villanueva,29394.73,314,2019-09-15,manual,sin_clasificar,3.0,False,0,0,0.0,P0_intervenir_hoy,8,2026-07-04 06:01,Llamada gerente/asesor hoy + revisar condición financiera y cuota inicial.,pendiente,Enzo Villanueva,287
2021-04808,CRUZ-1005,Edificio Santa Cruz Infinite,Cinthia Román Villavicencio,519955.0,1673,0.37660685020343526,bajo,Seguimiento comercial estándar.,Cinthia Román Villavicencio,29372.79,315,2021-12-03,manual,sin_clasificar,3.0,False,0,0,0.047975305555288436,P0_intervenir_hoy,8,2026-07-04 06:01,Llamada gerente/asesor hoy + revisar condición financiera y cuota inicial.,pendiente,Cinthia Román Villavicencio,288
2022-00797,VALDIZAN-203,Edificio Valdizan,Enzo Villanueva,610700.0,1641,0.3205162936179968,bajo,Seguimiento comercial estándar.,Enzo Villanueva,29360.9,316,2022-01-04,manual,sin_clasificar,0.0,False,0,0,0.0,P0_intervenir_hoy,8,2026-07-04 06:01,Llamada gerente/asesor hoy + revisar condición financiera y cuota inicial.,pendiente,Enzo Villanueva,289
2025-06481,FX-1205,Fenix,Ivan La Riva,390600.0,264,0.5009857168926317,medio,Priorizar seguimiento del asesor en 24 horas.,Ivan La Riva,29352.75,317,2025-10-12,manual,sin_clasificar,3.0,False,0,0,0.1111111111111111,P0_intervenir_hoy,8,2026-07-04 06:01,Llamada gerente/asesor hoy + revisar condición financiera y cuota inicial.,pendiente,Ivan La Riva,290
2022-03979,CRUZ-1404,Edificio Santa Cruz Infinite,Nelly Román Villavicencio,482390.0,1376,0.4053786181178203,medio,Priorizar seguimiento del asesor en 24 horas.,Nelly Román Villavicencio,29332.59,318,2022-09-26,manual,sin_clasificar,3.0,False,0,0,0.07485644395613508,P0_intervenir_hoy,8,2026-07-04 06:01,Llamada gerente/asesor hoy + revisar condición financiera y cuota inicial.,pendiente,Nelly Román Villavicencio,291
2022-03904,ES-1202,Edificio Saenz,Cinthia Román Villavicencio,502582.0,1384,0.3882264923886759,bajo,Seguimiento comercial estándar.,Cinthia Román Villavicencio,29267.35,319,2022-09-18,manual,sin_clasificar,2.0,False,0,0,0.06927824713181133,P0_intervenir_hoy,8,2026-07-04 06:01,Llamada gerente/asesor hoy + revisar condición financiera y cuota inicial.,pendiente,Cinthia Román Villavicencio,292
2024-03379,MA-1102,Edificio Mariategui,Enzo Villanueva,482688.0,590,0.40383500284004886,medio,Priorizar seguimiento del asesor en 24 horas.,Enzo Villanueva,29238.95,320,2024-11-20,manual,sin_clasificar,3.0,False,0,0,0.09573886237072395,P0_intervenir_hoy,8,2026-07-04 06:01,Llamada gerente/asesor hoy + revisar condición financiera y cuota inicial.,pendiente,Enzo Villanueva,293
2022-01189,CUBA-203,Edificio Cuba Connect,Enzo Villanueva,664298.0,2541,0.2927491979639456,bajo,Seguimiento comercial estándar.,Enzo Villanueva,29170.91,322,2019-07-19,manual,sin_clasificar,3.0,False,0,0,0.0,P0_intervenir_hoy,8,2026-07-04 06:01,Llamada gerente/asesor hoy + revisar condición financiera y cuota inicial.,pendiente,Enzo Villanueva,294
2022-01191,CUBA-303,Edificio Cuba Connect,Enzo Villanueva,664298.0,1868,0.2927491979639456,bajo,Seguimiento comercial estándar.,Enzo Villanueva,29170.91,323,2021-05-22,manual,sin_clasificar,3.0,False,0,0,0.0,P0_intervenir_hoy,8,2026-07-04 06:01,Llamada gerente/asesor hoy + revisar condición financiera y cuota inicial.,pendiente,Enzo Villanueva,295
2025-0008236,MD-2202,Modena,Percy Soto,434264.0,259,0.4465411460245384,medio,Priorizar seguimiento del asesor en 24 horas.,Percy Soto,29087.51,324,2025-10-17,manual,sin_clasificar,2.0,False,0,0,0.12271553709264411,P0_intervenir_hoy,8,2026-07-04 06:01,Llamada gerente/asesor hoy + revisar condición financiera y cuota inicial.,pendiente,Percy Soto,296
2025-03430,SL-602,Sialia,Edwing Soller,370350.0,386,0.5213415917886973,medio,Priorizar seguimiento del asesor en 24 horas.,Edwing Soller,28961.83,325,2025-06-12,manual,sin_clasificar,2.0,False,0,0,0.11072887808829486,P0_intervenir_hoy,8,2026-07-04 06:01,Llamada gerente/asesor hoy + revisar condición financiera y cuota inicial.,pendiente,Edwing Soller,297
2024-02777,MA-1103,Edificio Mariategui,Enzo Villanueva,533700.0,833,0.360830310382564,bajo,Seguimiento comercial estándar.,Enzo Villanueva,28886.27,326,2024-03-22,manual,sin_clasificar,3.0,False,0,0,0.0,P0_intervenir_hoy,8,2026-07-04 06:01,Llamada gerente/asesor hoy + revisar condición financiera y cuota inicial.,pendiente,Enzo Villanueva,298
2024-02754,GY-306,Alicanto,Ivan La Riva,403242.1,648,0.47706862894627505,medio,Priorizar seguimiento del asesor en 24 horas.,Ivan La Riva,28856.12,327,2024-09-23,manual,sin_clasificar,3.0,False,0,0,0.13636363861809073,P0_intervenir_hoy,8,2026-07-04 06:01,Llamada gerente/asesor hoy + revisar condición financiera y cuota inicial.,pendiente,Ivan La Riva,299
2025-0009124,SL-1208,Sialia,Antonio Martinez,375000.0,179,0.5126829009121646,medio,Priorizar seguimiento del asesor en 24 horas.,Antonio Martinez,28838.41,328,2026-01-05,manual,sin_clasificar,3.0,False,0,0,0.12195365333333334,P0_intervenir_hoy,8,2026-07-04 06:01,Llamada gerente/asesor hoy + revisar condición financiera y cuota inicial.,pendiente,Antonio Martinez,300
2025-02507,MD-504,Modena,Ivan La Riva,404263.97,424,0.4748913134043325,medio,Priorizar seguimiento del asesor en 24 horas.,Ivan La Riva,28797.22,329,2025-05-05,manual,sin_clasificar,2.0,False,0,0,0.13636362399548,P0_intervenir_hoy,8,2026-07-04 06:01,Llamada gerente/asesor hoy + revisar condición financiera y cuota inicial.,pendiente,Ivan La Riva,301
2025-03728,MD-1509,Modena,Ivan La Riva,402419.53,373,0.4758677267108429,medio,Priorizar seguimiento del asesor en 24 horas.,Ivan La Riva,28724.77,330,2025-06-25,manual,sin_clasificar,2.0,False,0,0,0.13124121982847103,P0_intervenir_hoy,8,2026-07-04 06:01,Llamada gerente/asesor hoy + revisar condición financiera y cuota inicial.,pendiente,Ivan La Riva,302
2022-03533,VALDIZAN-503,Edificio Valdizan,Enzo Villanueva,600800.0,1457,0.3180497447328722,bajo,Seguimiento comercial estándar.,Enzo Villanueva,28662.64,331,2022-07-07,manual,sin_clasificar,0.0,False,0,0,0.0,P0_intervenir_hoy,8,2026-07-04 06:01,Llamada gerente/asesor hoy + revisar condición financiera y cuota inicial.,pendiente,Enzo Villanueva,303
2025-05499,MT-A909,Matera,Luis Peñaloza,459502.73,338,0.41490659471284647,medio,Priorizar seguimiento del asesor en 24 horas.,Luis Peñaloza,28597.61,332,2025-07-30,manual,sin_clasificar,3.0,False,0,0,0.11111111352918404,P0_intervenir_hoy,8,2026-07-04 06:01,Llamada gerente/asesor hoy + revisar condición financiera y cuota inicial.,pendiente,Luis Peñaloza,304
2025-0008137,MD-1104,Modena,Nelly Román Villavicencio,379256.56,227,0.5020213912409484,medio,Priorizar seguimiento del asesor en 24 horas.,Nelly Román Villavicencio,28559.24,333,2025-11-18,manual,sin_clasificar,2.0,False,0,0,0.17647059288836034,P0_intervenir_hoy,8,2026-07-04 06:01,Llamada gerente/asesor hoy + revisar condición financiera y cuota inicial.,pendiente,Nelly Román Villavicencio,305
2022-03417,CRUZ-1406,Edificio Santa Cruz Infinite,Cinthia Román Villavicencio,532500.0,1470,0.3570715829423548,bajo,Seguimiento comercial estándar.,Cinthia Román Villavicencio,28521.09,334,2022-06-24,manual,sin_clasificar,3.0,False,0,0,0.0,P0_intervenir_hoy,8,2026-07-04 06:01,Llamada gerente/asesor hoy + revisar condición financiera y cuota inicial.,pendiente,Cinthia Román Villavicencio,306
2022-03038,MA-602,Edificio Mariategui,Enzo Villanueva,533500.0,1507,0.354939835788733,bajo,Seguimiento comercial estándar.,Enzo Villanueva,28404.06,335,2022-05-18,manual,sin_clasificar,0.0,False,0,0,0.0,P0_intervenir_hoy,8,2026-07-04 06:01,Llamada gerente/asesor hoy + revisar condición financiera y cuota inicial.,pendiente,Enzo Villanueva,307
2025-06239,FX-1005,Fenix,Ana Lucia DelSolar,390000.0,267,0.48551726537430845,medio,Priorizar seguimiento del asesor en 24 horas.,Ana Lucia DelSolar,28402.76,336,2025-10-09,manual,sin_clasificar,3.0,False,0,0,0.12564102564102564,P0_intervenir_hoy,8,2026-07-04 06:01,Llamada gerente/asesor hoy + revisar condición financiera y cuota inicial.,pendiente,Ana Lucia DelSolar,308
2025-01724,GY-502,Alicanto,Joceline Arizabal Corimanya,475720.0,465,0.39632054084501683,bajo,Seguimiento comercial estándar.,Joceline Arizabal Corimanya,28280.64,337,2025-03-25,manual,sin_clasificar,3.0,True,0,0,0.13636416379382832,P0_intervenir_hoy,8,2026-07-04 06:01,Llamada gerente/asesor hoy + revisar condición financiera y cuota inicial.,pendiente,Joceline Arizabal Corimanya,309
2025-02252,GY-1406,Alicanto,Ivan La Riva,392304.17,436,0.47884035890408094,medio,Priorizar seguimiento del asesor en 24 horas.,Ivan La Riva,28177.66,339,2025-04-23,manual,sin_clasificar,3.0,False,0,0,0.1363636282530466,P0_intervenir_hoy,8,2026-07-04 06:01,Llamada gerente/asesor hoy + revisar condición financiera y cuota inicial.,pendiente,Ivan La Riva,310
2025-0007976,CP-B906,Capadocia,Joceline Arizabal Corimanya,449229.83,227,0.41795536861444127,medio,Priorizar seguimiento del asesor en 24 horas.,Joceline Arizabal Corimanya,28163.7,340,2025-11-18,manual,sin_clasificar,3.0,False,0,0,0.17647058299757165,P0_intervenir_hoy,8,2026-07-04 06:01,Llamada gerente/asesor hoy + revisar condición financiera y cuota inicial.,pendiente,Joceline Arizabal Corimanya,311
2025-02253,GY-1306,Alicanto,Ivan La Riva,393403.67,446,0.47706862894627505,medio,Priorizar seguimiento del asesor en 24 horas.,Ivan La Riva,28152.08,341,2025-04-13,manual,sin_clasificar,3.0,False,0,0,0.136363649073228,P0_intervenir_hoy,8,2026-07-04 06:01,Llamada gerente/asesor hoy + revisar condición financiera y cuota inicial.,pendiente,Ivan La Riva,312
2022-04011,CUBA-806,Edificio Cuba Connect,Enzo Villanueva,629520.0,1382,0.29779459625454746,bajo,Seguimiento comercial estándar.,Enzo Villanueva,28120.15,342,2022-09-20,manual,sin_clasificar,3.0,False,0,0,0.0,P0_intervenir_hoy,8,2026-07-04 06:01,Llamada gerente/asesor hoy + revisar condición financiera y cuota inicial.,pendiente,Enzo Villanueva,313
2021-04034,CRUZ-1506,Edificio Santa Cruz Infinite,Nelly Román Villavicencio,484100.0,1704,0.38707873393396625,bajo,Seguimiento comercial estándar.,Nelly Román Villavicencio,28107.72,343,2021-11-02,manual,sin_clasificar,3.0,False,0,0,0.12125593885560834,P0_intervenir_hoy,8,2026-07-04 06:01,Llamada gerente/asesor hoy + revisar condición financiera y cuota inicial.,pendiente,Nelly Román Villavicencio,314
2026-0001672,NP-A2605,Torre Nápoles,Nelly Román Villavicencio,403509.0,137,0.46359559863624755,medio,Priorizar seguimiento del asesor en 24 horas.,Nelly Román Villavicencio,28059.75,344,2026-02-16,manual,sin_clasificar,3.0,False,0,0,0.04979950880897328,P0_intervenir_hoy,8,2026-07-04 06:01,Llamada gerente/asesor hoy + revisar condición financiera y cuota inicial.,pendiente,Nelly Román Villavicencio,315
2025-04740,GY-1206,Alicanto,Ivan La Riva,392000.0,317,0.4768533190956423,medio,Priorizar seguimiento del asesor en 24 horas.,Ivan La Riva,28038.98,345,2025-08-20,manual,sin_clasificar,3.0,False,0,0,0.14298260204081634,P0_intervenir_hoy,8,2026-07-04 06:01,Llamada gerente/asesor hoy + revisar condición financiera y cuota inicial.,pendiente,Ivan La Riva,316
2025-00608,FX-804,Fenix,Yomira  Pacheco,345000.0,519,0.5408330810246694,medio,Priorizar seguimiento del asesor en 24 horas.,Yomira  Pacheco,27988.11,346,2025-01-30,manual,sin_clasificar,2.0,False,0,0,0.09555652173913043,P0_intervenir_hoy,8,2026-07-04 06:01,Llamada gerente/asesor hoy + revisar condición financiera y cuota inicial.,pendiente,Yomira  Pacheco,317
2024-02780,MA-1701,Edificio Mariategui,Enzo Villanueva,517600.0,861,0.36036474134536634,bajo,Seguimiento comercial estándar.,Enzo Villanueva,27978.72,347,2024-02-23,manual,sin_clasificar,3.0,False,0,0,0.0,P0_intervenir_hoy,8,2026-07-04 06:01,Llamada gerente/asesor hoy + revisar condición financiera y cuota inicial.,pendiente,Enzo Villanueva,318
2023-02286,EEUU-703,Edificio Urbanzen,Nelly Román Villavicencio,353019.6,936,0.5283221884651608,medio,Priorizar seguimiento del asesor en 24 horas.,Nelly Román Villavicencio,27976.21,348,2023-12-10,manual,sin_clasificar,1.0,False,0,0,0.0973724971644634,P0_intervenir_hoy,8,2026-07-04 06:01,Llamada gerente/asesor hoy + revisar condición financiera y cuota inicial.,pendiente,Nelly Román Villavicencio,319
2025-0008067,MD-1604,Modena,Edwing Soller,370000.0,229,0.5034297239401818,medio,Priorizar seguimiento del asesor en 24 horas.,Edwing Soller,27940.35,349,2025-11-16,manual,sin_clasificar,2.0,False,0,0,0.17785897297297298,P0_intervenir_hoy,8,2026-07-04 06:01,Llamada gerente/asesor hoy + revisar condición financiera y cuota inicial.,pendiente,Edwing Soller,320
2025-00428,SL-1603,Sialia,Yomira  Pacheco,324000.0,531,0.57418203512626,medio,Priorizar seguimiento del asesor en 24 horas.,Yomira  Pacheco,27905.25,350,2025-01-18,manual,sin_clasificar,2.0,False,0,0,0.08442043209876543,P0_intervenir_hoy,8,2026-07-04 06:01,Llamada gerente/asesor hoy + revisar condición financiera y cuota inicial.,pendiente,Yomira  Pacheco,321
2025-02951,SL-607,Sialia,Edwing Soller,456800.0,405,0.406582677821691,medio,Priorizar seguimiento del asesor en 24 horas.,Edwing Soller,27859.05,351,2025-05-24,manual,sin_clasificar,3.0,False,0,0,0.0,P0_intervenir_hoy,8,2026-07-04 06:01,Llamada gerente/asesor hoy + revisar condición financiera y cuota inicial.,pendiente,Edwing Soller,322
2022-04214,CRUZ-1003,Edificio Santa Cruz Infinite,Enzo Villanueva,531300.0,1497,0.3487535636966914,bajo,Seguimiento comercial estándar.,Enzo Villanueva,27793.92,353,2022-05-28,manual,sin_clasificar,3.0,False,0,0,0.0,P0_intervenir_hoy,8,2026-07-04 06:01,Llamada gerente/asesor hoy + revisar condición financiera y cuota inicial.,pendiente,Enzo Villanueva,323
2025-05668,MT-B1206,Matera,Nelly Román Villavicencio,450000.0,294,0.41155168985861224,medio,Priorizar seguimiento del asesor en 24 horas.,Nelly Román Villavicencio,27779.74,354,2025-09-12,manual,sin_clasificar,3.0,False,0,0,0.1764706,P0_intervenir_hoy,8,2026-07-04 06:01,Llamada gerente/asesor hoy + revisar condición financiera y cuota inicial.,pendiente,Nelly Román Villavicencio,324
2025-05559,MD-703,Modena,Joceline Arizabal Corimanya,453450.0,298,0.40815335782883594,medio,Priorizar seguimiento del asesor en 24 horas.,Joceline Arizabal Corimanya,27761.57,355,2025-09-08,manual,sin_clasificar,2.0,True,0,0,0.1589973095159334,P0_intervenir_hoy,8,2026-07-04 06:01,Llamada gerente/asesor hoy + revisar condición financiera y cuota inicial.,pendiente,Joceline Arizabal Corimanya,325
2025-04488,MT-A709,Matera,Edwing Soller,454520.0,337,0.40631938301135706,medio,Priorizar seguimiento del asesor en 24 horas.,Edwing Soller,27702.04,356,2025-07-31,manual,sin_clasificar,3.0,False,0,0,0.13577281527765556,P0_intervenir_hoy,8,2026-07-04 06:01,Llamada gerente/asesor hoy + revisar condición financiera y cuota inicial.,pendiente,Edwing Soller,326
2021-02723,CUBA-405,Edificio Cuba Connect,Enzo Villanueva,621970.0,1798,0.2966515238622455,bajo,Seguimiento comercial estándar.,Enzo Villanueva,27676.25,357,2021-07-31,manual,sin_clasificar,3.0,False,0,0,0.0,P0_intervenir_hoy,8,2026-07-04 06:01,Llamada gerente/asesor hoy + revisar condición financiera y cuota inicial.,pendiente,Enzo Villanueva,327
2025-05095,NP-A1005,Torre Nápoles,Luis Peñaloza,366460.3,313,0.5021984406323087,medio,Priorizar seguimiento del asesor en 24 horas.,Luis Peñaloza,27605.37,358,2025-08-24,manual,sin_clasificar,3.0,False,0,0,0.11111113536718711,P0_intervenir_hoy,8,2026-07-04 06:01,Llamada gerente/asesor hoy + revisar condición financiera y cuota inicial.,pendiente,Luis Peñaloza,328
2020-00003,ES-1103,Edificio Saenz,Joceline Arizabal Corimanya,518200.0,2370,0.3551135522396099,bajo,Seguimiento comercial estándar.,Joceline Arizabal Corimanya,27602.98,359,2020-01-06,manual,sin_clasificar,3.0,False,0,0,0.0192975685063682,P0_intervenir_hoy,8,2026-07-04 06:01,Llamada gerente/asesor hoy + revisar condición financiera y cuota inicial.,pendiente,Joceline Arizabal Corimanya,329
2022-03532,CUBA-1606,Edificio Cuba Connect,Cinthia Román Villavicencio,593547.0,1478,0.3100308478710017,bajo,Seguimiento comercial estándar.,Cinthia Román Villavicencio,27602.68,360,2022-06-16,manual,sin_clasificar,3.0,False,0,0,0.0,P0_intervenir_hoy,8,2026-07-04 06:01,Llamada gerente/asesor hoy + revisar condición financiera y cuota inicial.,pendiente,Cinthia Román Villavicencio,330
2025-04107,EEUU-1503,Edificio Urbanzen,Yomira  Pacheco,326000.0,356,0.5634772121127278,medio,Priorizar seguimiento del asesor en 24 horas.,Yomira  Pacheco,27554.04,361,2025-07-12,manual,sin_clasificar,1.0,False,0,0,0.11202453987730061,P0_intervenir_hoy,8,2026-07-04 06:01,Llamada gerente/asesor hoy + revisar condición financiera y cuota inicial.,pendiente,Yomira  Pacheco,331
2025-04460,MD-907,Modena,Edwing Soller,356000.0,337,0.5159088404052912,medio,Priorizar seguimiento del asesor en 24 horas.,Edwing Soller,27549.53,362,2025-07-31,manual,sin_clasificar,2.0,False,0,0,0.10118233146067417,P0_intervenir_hoy,8,2026-07-04 06:01,Llamada gerente/asesor hoy + revisar condición financiera y cuota inicial.,pendiente,Edwing Soller,332
2022-01199,CUBA-1705,Edificio Cuba Connect,Enzo Villanueva,615119.0,2484,0.2966515238622455,bajo,Seguimiento comercial estándar.,Enzo Villanueva,27371.4,363,2019-09-14,manual,sin_clasificar,3.0,False,0,0,0.0,P0_intervenir_hoy,8,2026-07-04 06:01,Llamada gerente/asesor hoy + revisar condición financiera y cuota inicial.,pendiente,Enzo Villanueva,333
2025-06664,MD-1903,Modena,Percy Soto,392331.0,259,0.46486318379097735,medio,Priorizar seguimiento del asesor en 24 horas.,Percy Soto,27357.04,364,2025-10-17,manual,sin_clasificar,2.0,False,0,0,0.1494248733849734,P0_intervenir_hoy,8,2026-07-04 06:01,Llamada gerente/asesor hoy + revisar condición financiera y cuota inicial.,pendiente,Percy Soto,334
2022-01198,CUBA-1603,Edificio Cuba Connect,Enzo Villanueva,610436.0,2681,0.2987606378721397,bajo,Seguimiento comercial estándar.,Enzo Villanueva,27356.14,366,2019-03-01,manual,sin_clasificar,3.0,False,0,0,0.0,P0_intervenir_hoy,8,2026-07-04 06:01,Llamada gerente/asesor hoy + revisar condición financiera y cuota inicial.,pendiente,Enzo Villanueva,335
2022-00788,CUBA-1803,Edificio Cuba Connect,Enzo Villanueva,610436.0,1664,0.2987606378721397,bajo,Seguimiento comercial estándar.,Enzo Villanueva,27356.14,365,2021-12-12,manual,sin_clasificar,3.0,False,0,0,0.0,P0_intervenir_hoy,8,2026-07-04 06:01,Llamada gerente/asesor hoy + revisar condición financiera y cuota inicial.,pendiente,Enzo Villanueva,336
2025-03950,FX-1605,Fenix,Edwing Soller,378000.0,362,0.48228205643704797,medio,Priorizar seguimiento del asesor en 24 horas.,Edwing Soller,27345.39,367,2025-07-06,manual,sin_clasificar,3.0,False,0,0,0.11012164021164023,P0_intervenir_hoy,8,2026-07-04 06:01,Llamada gerente/asesor hoy + revisar condición financiera y cuota inicial.,pendiente,Edwing Soller,337
2023-00014,CUBA-1306,Edificio Cuba Connect,Enzo Villanueva,611533.0,1311,0.29795896303553837,bajo,Seguimiento comercial estándar.,Enzo Villanueva,27331.76,368,2022-11-30,manual,sin_clasificar,3.0,False,0,0,0.0,P0_intervenir_hoy,8,2026-07-04 06:01,Llamada gerente/asesor hoy + revisar condición financiera y cuota inicial.,pendiente,Enzo Villanueva,338
2023-02261,CUBA-1506,Edificio Cuba Connect,Enzo Villanueva,611533.0,1058,0.29795896303553837,bajo,Seguimiento comercial estándar.,Enzo Villanueva,27331.76,369,2023-08-10,manual,sin_clasificar,3.0,False,0,0,0.0,P0_intervenir_hoy,8,2026-07-04 06:01,Llamada gerente/asesor hoy + revisar condición financiera y cuota inicial.,pendiente,Enzo Villanueva,339
2022-01388,CRUZ-1405,Edificio Santa Cruz Infinite,Enzo Villanueva,521600.0,1850,0.3487535636966914,bajo,Seguimiento comercial estándar.,Enzo Villanueva,27286.48,370,2021-06-09,manual,sin_clasificar,3.0,False,0,0,0.0,P0_intervenir_hoy,8,2026-07-04 06:01,Llamada gerente/asesor hoy + revisar condición financiera y cuota inicial.,pendiente,Enzo Villanueva,340
2022-03530,CUBA-704,Edificio Cuba Connect,Enzo Villanueva,601012.0,1497,0.30259078741111045,bajo,Seguimiento comercial estándar.,Enzo Villanueva,27279.1,371,2022-05-28,manual,sin_clasificar,3.0,False,0,0,0.0,P0_intervenir_hoy,8,2026-07-04 06:01,Llamada gerente/asesor hoy + revisar condición financiera y cuota inicial.,pendiente,Enzo Villanueva,341
2022-03531,CUBA-904,Edificio Cuba Connect,Enzo Villanueva,601012.0,1476,0.30259078741111045,bajo,Seguimiento comercial estándar.,Enzo Villanueva,27279.1,372,2022-06-18,manual,sin_clasificar,3.0,False,0,0,0.0,P0_intervenir_hoy,8,2026-07-04 06:01,Llamada gerente/asesor hoy + revisar condición financiera y cuota inicial.,pendiente,Enzo Villanueva,342
2024-03253,FX-1105,Fenix,Ana Lucia DelSolar,378771.47,601,0.480060502645395,medio,Priorizar seguimiento del asesor en 24 horas.,Ana Lucia DelSolar,27274.98,373,2024-11-09,manual,sin_clasificar,3.0,False,0,0,0.14536403705379394,P0_intervenir_hoy,8,2026-07-04 06:01,Llamada gerente/asesor hoy + revisar condición financiera y cuota inicial.,pendiente,Ana Lucia DelSolar,343
2022-01289,CRUZ-1501,Edificio Santa Cruz Infinite,Enzo Villanueva,520800.0,1586,0.3487535636966914,bajo,Seguimiento comercial estándar.,Enzo Villanueva,27244.63,374,2022-02-28,manual,sin_clasificar,3.0,False,0,0,0.0,P0_intervenir_hoy,8,2026-07-04 06:01,Llamada gerente/asesor hoy + revisar condición financiera y cuota inicial.,pendiente,Enzo Villanueva,344
2021-02722,CUBA-206,Edificio Cuba Connect,Enzo Villanueva,601632.0,1920,0.30171795315154853,bajo,Seguimiento comercial estándar.,Enzo Villanueva,27228.48,375,2021-03-31,manual,sin_clasificar,3.0,False,0,0,0.0,P0_intervenir_hoy,8,2026-07-04 06:01,Llamada gerente/asesor hoy + revisar condición financiera y cuota inicial.,pendiente,Enzo Villanueva,345
2024-03783,TZ-1207,Tizón y Bueno,Ivan La Riva,355100.0,565,0.5090366207657523,medio,Priorizar seguimiento del asesor en 24 horas.,Ivan La Riva,27113.84,377,2024-12-15,manual,sin_clasificar,3.0,False,0,0,0.3486029005913827,P0_intervenir_hoy,8,2026-07-04 06:01,Llamada gerente/asesor hoy + revisar condición financiera y cuota inicial.,pendiente,Ivan La Riva,346
2025-0009087,NP-A304,Torre Nápoles,Ana Lucia DelSolar,369978.84,186,0.4879385151986661,medio,Priorizar seguimiento del asesor en 24 horas.,Ana Lucia DelSolar,27079.04,378,2025-12-29,manual,sin_clasificar,3.0,False,0,0,0.13636363636363635,P0_intervenir_hoy,8,2026-07-04 06:01,Llamada gerente/asesor hoy + revisar condición financiera y cuota inicial.,pendiente,Ana Lucia DelSolar,347
2024-01700,TZ-505,Tizón y Bueno,Ana Lucia DelSolar,365327.1,730,0.4934351516934377,medio,Priorizar seguimiento del asesor en 24 horas.,Ana Lucia DelSolar,27039.78,379,2024-07-03,manual,sin_clasificar,2.0,False,0,0,0.11111111111111112,P0_intervenir_hoy,8,2026-07-04 06:01,Llamada gerente/asesor hoy + revisar condición financiera y cuota inicial.,pendiente,Ana Lucia DelSolar,348
2025-05533,NP-A1405,Torre Nápoles,Antonio Martinez,359000.0,299,0.5020255103168523,medio,Priorizar seguimiento del asesor en 24 horas.,Antonio Martinez,27034.07,380,2025-09-07,manual,sin_clasificar,3.0,False,0,0,0.10978337047353762,P0_intervenir_hoy,8,2026-07-04 06:01,Llamada gerente/asesor hoy + revisar condición financiera y cuota inicial.,pendiente,Antonio Martinez,349
2023-02266,MA-801,Edificio Mariategui,Enzo Villanueva,575800.0,1000,0.31287351163301785,bajo,Seguimiento comercial estándar.,Enzo Villanueva,27022.89,381,2023-10-07,manual,sin_clasificar,3.0,False,0,0,0.0,P0_intervenir_hoy,8,2026-07-04 06:01,Llamada gerente/asesor hoy + revisar condición financiera y cuota inicial.,pendiente,Enzo Villanueva,350
2021-04030,VALDIZAN-602,Edificio Valdizan,Enzo Villanueva,570500.0,1714,0.315556260233908,bajo,Seguimiento comercial estándar.,Enzo Villanueva,27003.73,383,2021-10-23,manual,sin_clasificar,0.0,False,0,0,0.0,P0_intervenir_hoy,8,2026-07-04 06:01,Llamada gerente/asesor hoy + revisar condición financiera y cuota inicial.,pendiente,Enzo Villanueva,351
2025-02021,TZ-1504,Tizón y Bueno,Joceline Arizabal Corimanya,409000.0,449,0.43954724585091315,medio,Priorizar seguimiento del asesor en 24 horas.,Joceline Arizabal Corimanya,26966.22,385,2025-04-10,manual,sin_clasificar,3.0,False,0,0,0.11328442542787287,P0_intervenir_hoy,8,2026-07-04 06:01,Llamada gerente/asesor hoy + revisar condición financiera y cuota inicial.,pendiente,Joceline Arizabal Corimanya,352
2025-05787,MD-409,Modena,Edwing Soller,373230.0,290,0.4811472379947299,medio,Priorizar seguimiento del asesor en 24 horas.,Edwing Soller,26936.79,386,2025-09-16,manual,sin_clasificar,2.0,False,0,0,0.14925150711357607,P0_intervenir_hoy,8,2026-07-04 06:01,Llamada gerente/asesor hoy + revisar condición financiera y cuota inicial.,pendiente,Edwing Soller,353
2023-02296,TZ-1605,Tizón y Bueno,Kenyi Arotinco,342148.0,929,0.524743600456991,medio,Priorizar seguimiento del asesor en 24 horas.,Kenyi Arotinco,26931.0,387,2023-12-17,manual,sin_clasificar,2.0,False,0,0,0.08695652173913043,P0_intervenir_hoy,8,2026-07-04 06:01,Llamada gerente/asesor hoy + revisar condición financiera y cuota inicial.,pendiente,Kenyi Arotinco,354
2025-06369,MD-1007,Modena,Percy Soto,389147.0,267,0.4611824123732353,medio,Priorizar seguimiento del asesor en 24 horas.,Percy Soto,26920.16,388,2025-10-09,manual,sin_clasificar,2.0,False,0,0,0.12933223177873657,P0_intervenir_hoy,8,2026-07-04 06:01,Llamada gerente/asesor hoy + revisar condición financiera y cuota inicial.,pendiente,Percy Soto,355
2025-01857,SL-402,Sialia,Edwing Soller,339750.0,459,0.5267768172394496,medio,Priorizar seguimiento del asesor en 24 horas.,Edwing Soller,26845.86,389,2025-03-31,manual,sin_clasificar,2.0,False,0,0,0.11105774834437086,P0_intervenir_hoy,8,2026-07-04 06:01,Llamada gerente/asesor hoy + revisar condición financiera y cuota inicial.,pendiente,Edwing Soller,356
2025-0007658,SL-1002,Sialia,Nelly Román Villavicencio,326667.0,227,0.5476705912714017,medio,Priorizar seguimiento del asesor en 24 horas.,Nelly Román Villavicencio,26835.89,390,2025-11-18,manual,sin_clasificar,2.0,False,0,0,0.11111110090703989,P0_intervenir_hoy,8,2026-07-04 06:01,Llamada gerente/asesor hoy + revisar condición financiera y cuota inicial.,pendiente,Nelly Román Villavicencio,357
2026-0000222,EEUU-803,Edificio Urbanzen,Luis Peñaloza,339380.0,174,0.5267296858796228,medio,Priorizar seguimiento del asesor en 24 horas.,Luis Peñaloza,26814.23,391,2026-01-10,manual,sin_clasificar,1.0,False,0,0,0.12093293653132182,P0_intervenir_hoy,8,2026-07-04 06:01,Llamada gerente/asesor hoy + revisar condición financiera y cuota inicial.,pendiente,Luis Peñaloza,358
2020-02762,CUBA-1905,Edificio Cuba Connect,Nelly Román Villavicencio,480410.0,2090,0.37165360772915257,bajo,Seguimiento comercial estándar.,Nelly Román Villavicencio,26781.92,392,2020-10-12,manual,sin_clasificar,3.0,False,0,0,0.1334401865073583,P0_intervenir_hoy,8,2026-07-04 06:01,Llamada gerente/asesor hoy + revisar condición financiera y cuota inicial.,pendiente,Nelly Román Villavicencio,359
2025-06520,NP-A1605,Torre Nápoles,Antonio Martinez,355000.0,264,0.5029415408512034,medio,Priorizar seguimiento del asesor en 24 horas.,Antonio Martinez,26781.64,393,2025-10-12,manual,sin_clasificar,3.0,False,0,0,0.1099416338028169,P0_intervenir_hoy,8,2026-07-04 06:01,Llamada gerente/asesor hoy + revisar condición financiera y cuota inicial.,pendiente,Antonio Martinez,360
2024-01184,TZ-605,Tizón y Bueno,Nelly Román Villavicencio,357570.0,771,0.49893519490178845,medio,Priorizar seguimiento del asesor en 24 horas.,Nelly Román Villavicencio,26760.64,394,2024-05-23,manual,sin_clasificar,2.0,False,0,0,0.1111111111111111,P0_intervenir_hoy,8,2026-07-04 06:01,Llamada gerente/asesor hoy + revisar condición financiera y cuota inicial.,pendiente,Nelly Román Villavicencio,361
2025-02866,CP-A1002,Capadocia,Ivan La Riva,334292.24,408,0.5330662715796275,medio,Priorizar seguimiento del asesor en 24 horas.,Ivan La Riva,26729.99,395,2025-05-21,manual,sin_clasificar,1.0,False,0,0,0.1735534453327424,P0_intervenir_hoy,8,2026-07-04 06:01,Llamada gerente/asesor hoy + revisar condición financiera y cuota inicial.,pendiente,Ivan La Riva,362
2025-06191,MT-A1101,Matera,Yomira  Pacheco,366500.0,276,0.4856961650939175,medio,Priorizar seguimiento del asesor en 24 horas.,Yomira  Pacheco,26701.15,396,2025-09-30,manual,sin_clasificar,2.0,False,0,0,0.37049530695770805,P0_intervenir_hoy,8,2026-07-04 06:01,Llamada gerente/asesor hoy + revisar condición financiera y cuota inicial.,pendiente,Yomira  Pacheco,363
2025-00159,TZ-1003,Tizón y Bueno,Luis Peñaloza,376068.52,537,0.473321189322817,medio,Priorizar seguimiento del asesor en 24 horas.,Luis Peñaloza,26700.18,397,2025-01-12,manual,sin_clasificar,3.0,False,0,0,0.1434086532954154,P0_intervenir_hoy,8,2026-07-04 06:01,Llamada gerente/asesor hoy + revisar condición financiera y cuota inicial.,pendiente,Luis Peñaloza,364
2021-04829,CUBA-1904,Edificio Cuba Connect,Nelly Román Villavicencio,548311.68,1672,0.3242969615354124,bajo,Seguimiento comercial estándar.,Nelly Román Villavicencio,26672.37,399,2021-12-04,manual,sin_clasificar,3.0,False,0,0,0.03847505127010973,P0_intervenir_hoy,8,2026-07-04 06:01,Llamada gerente/asesor hoy + revisar condición financiera y cuota inicial.,pendiente,Nelly Román Villavicencio,365
2025-05242,NP-A1206,Torre Nápoles,Ivan La Riva,371058.68,317,0.47860361423428305,medio,Priorizar seguimiento del asesor en 24 horas.,Ivan La Riva,26638.5,400,2025-08-20,manual,sin_clasificar,3.0,False,0,0,0.12009442819124998,P0_intervenir_hoy,8,2026-07-04 06:01,Llamada gerente/asesor hoy + revisar condición financiera y cuota inicial.,pendiente,Ivan La Riva,366
2024-01580,TZ-1005,Tizón y Bueno,Yomira  Pacheco,347692.0,739,0.5103143564873197,medio,Priorizar seguimiento del asesor en 24 horas.,Yomira  Pacheco,26614.83,401,2024-06-24,manual,sin_clasificar,2.0,False,0,0,0.12069877937945078,P0_intervenir_hoy,8,2026-07-04 06:01,Llamada gerente/asesor hoy + revisar condición financiera y cuota inicial.,pendiente,Yomira  Pacheco,367
2023-00415,VALDIZAN-301,Edificio Valdizan,Enzo Villanueva,562000.0,1194,0.31502164579685454,bajo,Seguimiento comercial estándar.,Enzo Villanueva,26556.32,402,2023-03-27,manual,sin_clasificar,0.0,False,0,0,0.0,P0_intervenir_hoy,8,2026-07-04 06:01,Llamada gerente/asesor hoy + revisar condición financiera y cuota inicial.,pendiente,Enzo Villanueva,368
2024-02818,GY-1105,Alicanto,Ana Lucia DelSolar,373000.0,644,0.47403295945056206,medio,Priorizar seguimiento del asesor en 24 horas.,Ana Lucia DelSolar,26522.14,403,2024-09-27,manual,sin_clasificar,2.0,False,0,0,0.14776067024128686,P0_intervenir_hoy,8,2026-07-04 06:01,Llamada gerente/asesor hoy + revisar condición financiera y cuota inicial.,pendiente,Ana Lucia DelSolar,369
2025-0008333,MT-A908,Matera,Ana Lucia DelSolar,441234.89,222,0.40034436034362514,medio,Priorizar seguimiento del asesor en 24 horas.,Ana Lucia DelSolar,26496.88,405,2025-11-23,manual,sin_clasificar,2.0,False,0,0,0.1306537658434037,P0_intervenir_hoy,8,2026-07-04 06:01,Llamada gerente/asesor hoy + revisar condición financiera y cuota inicial.,pendiente,Ana Lucia DelSolar,370
2025-05591,EEUU-903,Edificio Urbanzen,Luis Peñaloza,335000.0,296,0.5267296858796228,medio,Priorizar seguimiento del asesor en 24 horas.,Luis Peñaloza,26468.17,406,2025-09-10,manual,sin_clasificar,1.0,False,0,0,0.12222886567164179,P0_intervenir_hoy,8,2026-07-04 06:01,Llamada gerente/asesor hoy + revisar condición financiera y cuota inicial.,pendiente,Luis Peñaloza,371
2024-03383,SL-802,Sialia,Nelly Román Villavicencio,333000.0,589,0.5297282640340698,medio,Priorizar seguimiento del asesor en 24 horas.,Nelly Román Villavicencio,26459.93,407,2024-11-21,manual,sin_clasificar,2.0,False,0,0,0.14888645645645646,P0_intervenir_hoy,8,2026-07-04 06:01,Llamada gerente/asesor hoy + revisar condición financiera y cuota inicial.,pendiente,Nelly Román Villavicencio,372
2021-03251,CUBA-1901,Edificio Cuba Connect,Nelly Román Villavicencio,556208.2,1744,0.3166911175442378,bajo,Seguimiento comercial estándar.,Nelly Román Villavicencio,26421.93,408,2021-09-23,manual,sin_clasificar,3.0,False,0,0,0.048089546324559765,P0_intervenir_hoy,8,2026-07-04 06:01,Llamada gerente/asesor hoy + revisar condición financiera y cuota inicial.,pendiente,Nelly Román Villavicencio,373
2024-01149,TZ-1305,Tizón y Bueno,Yomira  Pacheco,321138.0,774,0.548022665402259,medio,Priorizar seguimiento del asesor en 24 horas.,Yomira  Pacheco,26398.64,409,2024-05-20,manual,sin_clasificar,2.0,False,0,0,0.1795552067958323,P0_intervenir_hoy,8,2026-07-04 06:01,Llamada gerente/asesor hoy + revisar condición financiera y cuota inicial.,pendiente,Yomira  Pacheco,374
2025-03813,GY-904,Alicanto,Antonio Martinez,375379.4,369,0.466362191839357,medio,Priorizar seguimiento del asesor en 24 horas.,Antonio Martinez,26259.41,410,2025-06-29,manual,sin_clasificar,2.0,False,0,0,0.11923552544439038,P0_intervenir_hoy,8,2026-07-04 06:01,Llamada gerente/asesor hoy + revisar condición financiera y cuota inicial.,pendiente,Antonio Martinez,375
2022-01285,URT-2001,Los Jardines de Urteaga,Enzo Villanueva,1062720.0,2863,0.1647186013838449,bajo,Seguimiento comercial estándar.,Enzo Villanueva,26257.46,411,2018-08-31,manual,sin_clasificar,3.0,False,0,0,0.0,P0_intervenir_hoy,8,2026-07-04 06:01,Llamada gerente/asesor hoy + revisar condición financiera y cuota inicial.,pendiente,Enzo Villanueva,376
2024-01601,TZ-1001,Tizón y Bueno,Nelly Román Villavicencio,351606.15,739,0.4977111901483719,medio,Priorizar seguimiento del asesor en 24 horas.,Nelly Román Villavicencio,26249.75,412,2024-06-24,manual,sin_clasificar,2.0,False,0,0,0.1111111111111111,P0_intervenir_hoy,8,2026-07-04 06:01,Llamada gerente/asesor hoy + revisar condición financiera y cuota inicial.,pendiente,Nelly Román Villavicencio,377
2025-0008618,SL-1402,Sialia,Karlo  Vargas,335378.12,207,0.5207054458700222,medio,Priorizar seguimiento del asesor en 24 horas.,Karlo  Vargas,26194.98,413,2025-12-08,manual,sin_clasificar,2.0,False,0,0,0.11111112436315165,P0_intervenir_hoy,8,2026-07-04 06:01,Llamada gerente/asesor hoy + revisar condición financiera y cuota inicial.,pendiente,Karlo  Vargas,378
2025-06047,FX-1705,Fenix,Antonio Martinez,375000.0,279,0.46527909770519427,medio,Priorizar seguimiento del asesor en 24 horas.,Antonio Martinez,26171.95,415,2025-09-27,manual,sin_clasificar,3.0,False,0,0,0.11466666666666667,P0_intervenir_hoy,8,2026-07-04 06:01,Llamada gerente/asesor hoy + revisar condición financiera y cuota inicial.,pendiente,Antonio Martinez,379
2024-02662,GY-1305,Alicanto,Nelly Román Villavicencio,374640.0,656,0.46517673214583816,medio,Priorizar seguimiento del asesor en 24 horas.,Nelly Román Villavicencio,26141.07,416,2024-09-15,manual,sin_clasificar,2.0,False,0,0,0.1199465620328849,P0_intervenir_hoy,8,2026-07-04 06:01,Llamada gerente/asesor hoy + revisar condición financiera y cuota inicial.,pendiente,Nelly Román Villavicencio,380
2025-00065,FX-1504,Fenix,Ivan La Riva,350977.03,543,0.4960415284803225,medio,Priorizar seguimiento del asesor en 24 horas.,Ivan La Riva,26114.88,417,2025-01-06,manual,sin_clasificar,2.0,False,0,0,0.05263159244352828,P0_intervenir_hoy,8,2026-07-04 06:01,Llamada gerente/asesor hoy + revisar condición financiera y cuota inicial.,pendiente,Ivan La Riva,381
2025-07575,MD-2209,Modena,Luis Peñaloza,341444.58,232,0.509157018593724,medio,Priorizar seguimiento del asesor en 24 horas.,Luis Peñaloza,26077.34,419,2025-11-13,manual,sin_clasificar,2.0,False,0,0,0.1494253035148486,P0_intervenir_hoy,8,2026-07-04 06:01,Llamada gerente/asesor hoy + revisar condición financiera y cuota inicial.,pendiente,Luis Peñaloza,382
2025-06010,SL-1102,Sialia,Percy Soto,348450.0,281,0.4988831457927171,medio,Priorizar seguimiento del asesor en 24 horas.,Percy Soto,26075.37,420,2025-09-25,manual,sin_clasificar,2.0,False,0,0,0.11109453293155402,P0_intervenir_hoy,8,2026-07-04 06:01,Llamada gerente/asesor hoy + revisar condición financiera y cuota inicial.,pendiente,Percy Soto,383
2024-02070,TZ-405,Tizón y Bueno,Ana Lucia DelSolar,365402.85,699,0.4738580713965946,medio,Priorizar seguimiento del asesor en 24 horas.,Ana Lucia DelSolar,25972.36,421,2024-08-03,manual,sin_clasificar,2.0,False,0,0,0.12359550561797754,P0_intervenir_hoy,8,2026-07-04 06:01,Llamada gerente/asesor hoy + revisar condición financiera y cuota inicial.,pendiente,Ana Lucia DelSolar,384
2026-0001970,NP-A1204,Torre Nápoles,Antonio Martinez,352708.0,162,0.4893532334334582,medio,Priorizar seguimiento del asesor en 24 horas.,Antonio Martinez,25889.82,422,2026-01-22,manual,sin_clasificar,3.0,False,0,0,0.13635967996189483,P0_intervenir_hoy,8,2026-07-04 06:01,Llamada gerente/asesor hoy + revisar condición financiera y cuota inicial.,pendiente,Antonio Martinez,385
2025-03380,SL-1602,Sialia,Edwing Soller,326700.0,389,0.5282853416368629,medio,Priorizar seguimiento del asesor en 24 horas.,Edwing Soller,25888.62,423,2025-06-09,manual,sin_clasificar,2.0,False,0,0,0.11099886746250383,P0_intervenir_hoy,8,2026-07-04 06:01,Llamada gerente/asesor hoy + revisar condición financiera y cuota inicial.,pendiente,Edwing Soller,386
2025-00979,GY-905,Alicanto,Luis Peñaloza,352783.49,494,0.4883387300005475,medio,Priorizar seguimiento del asesor en 24 horas.,Luis Peñaloza,25841.68,425,2025-02-24,manual,sin_clasificar,2.0,False,0,0,0.11111112370933231,P0_intervenir_hoy,8,2026-07-04 06:01,Llamada gerente/asesor hoy + revisar condición financiera y cuota inicial.,pendiente,Luis Peñaloza,387
2024-01379,EEUU-303,Edificio Urbanzen,Nelly Román Villavicencio,315406.08,754,0.545479886152335,medio,Priorizar seguimiento del asesor en 24 horas.,Nelly Román Villavicencio,25807.15,426,2024-06-09,manual,sin_clasificar,1.0,True,0,0,0.11111111111111112,P0_intervenir_hoy,8,2026-07-04 06:01,Llamada gerente/asesor hoy + revisar condición financiera y cuota inicial.,pendiente,Nelly Román Villavicencio,388
2021-01563,CUBA-1001,Edificio Cuba Connect,Nelly Román Villavicencio,583499.0,1811,0.29350655138554,bajo,Seguimiento comercial estándar.,Nelly Román Villavicencio,25689.12,427,2021-07-18,manual,sin_clasificar,3.0,False,0,0,0.01713798995371029,P0_intervenir_hoy,8,2026-07-04 06:01,Llamada gerente/asesor hoy + revisar condición financiera y cuota inicial.,pendiente,Nelly Román Villavicencio,389
2022-01382,CRUZ-1201,Edificio Santa Cruz Infinite,Enzo Villanueva,652400.0,2152,0.26202048896462415,bajo,Seguimiento comercial estándar.,Enzo Villanueva,25641.33,428,2020-08-11,manual,sin_clasificar,3.0,False,0,0,0.0,P0_intervenir_hoy,8,2026-07-04 06:01,Llamada gerente/asesor hoy + revisar condición financiera y cuota inicial.,pendiente,Enzo Villanueva,390
2024-01881,TZ-806,Tizón y Bueno,Yomira  Pacheco,315000.0,716,0.5422766537849852,medio,Priorizar seguimiento del asesor en 24 horas.,Yomira  Pacheco,25622.57,429,2024-07-17,manual,sin_clasificar,2.0,False,0,0,0.13087936507936507,P0_intervenir_hoy,8,2026-07-04 06:01,Llamada gerente/asesor hoy + revisar condición financiera y cuota inicial.,pendiente,Yomira  Pacheco,391
2025-05488,CP-B1201,Capadocia,Luis Peñaloza,357226.97,300,0.47713303905388926,medio,Priorizar seguimiento del asesor en 24 horas.,Luis Peñaloza,25566.72,430,2025-09-06,manual,sin_clasificar,2.0,False,0,0,0.13636364018091915,P0_intervenir_hoy,8,2026-07-04 06:01,Llamada gerente/asesor hoy + revisar condición financiera y cuota inicial.,pendiente,Luis Peñaloza,392
2025-02980,FX-902,Fenix,Nelly Román Villavicencio,370000.0,403,0.46065881825664917,medio,Priorizar seguimiento del asesor en 24 horas.,Nelly Román Villavicencio,25566.56,431,2025-05-26,manual,sin_clasificar,2.0,False,0,0,0.1159048108108108,P0_intervenir_hoy,8,2026-07-04 06:01,Llamada gerente/asesor hoy + revisar condición financiera y cuota inicial.,pendiente,Nelly Román Villavicencio,393
2024-01096,TZ-1206,Tizón y Bueno,Ivan La Riva,318642.0,775,0.534296071247742,medio,Priorizar seguimiento del asesor en 24 horas.,Ivan La Riva,25537.38,432,2024-05-19,manual,sin_clasificar,2.0,False,0,0,0.08052296935118408,P0_intervenir_hoy,8,2026-07-04 06:01,Llamada gerente/asesor hoy + revisar condición financiera y cuota inicial.,pendiente,Ivan La Riva,394
2025-0009098,MD-2207,Modena,Yomira  Pacheco,285000.0,185,0.5973084650547439,medio,Priorizar seguimiento del asesor en 24 horas.,Yomira  Pacheco,25534.94,433,2025-12-30,manual,sin_clasificar,2.0,False,0,0,0.18045729824561405,P0_intervenir_hoy,8,2026-07-04 06:01,Llamada gerente/asesor hoy + revisar condición financiera y cuota inicial.,pendiente,Yomira  Pacheco,395
2025-0009128,CP-B601,Capadocia,Silvia Orellana,355348.74,184,0.47852480867064096,medio,Priorizar seguimiento del asesor en 24 horas.,Silvia Orellana,25506.48,434,2025-12-31,manual,sin_clasificar,2.0,False,0,0,0.17647058492454484,P0_intervenir_hoy,8,2026-07-04 06:01,Llamada gerente/asesor hoy + revisar condición financiera y cuota inicial.,pendiente,Silvia Orellana,396
2026-0001141,MD-1909,Modena,Antonio Martinez,340000.0,154,0.49990287584548115,medio,Priorizar seguimiento del asesor en 24 horas.,Antonio Martinez,25495.05,435,2026-01-30,manual,sin_clasificar,2.0,False,0,0,0.17206755882352942,P0_intervenir_hoy,8,2026-07-04 06:01,Llamada gerente/asesor hoy + revisar condición financiera y cuota inicial.,pendiente,Antonio Martinez,397
2025-0008080,MD-1203,Modena,Joceline Arizabal Corimanya,398909.0,227,0.4260154161617082,medio,Priorizar seguimiento del asesor en 24 horas.,Joceline Arizabal Corimanya,25491.21,436,2025-11-18,manual,sin_clasificar,2.0,False,0,0,0.162793770007696,P0_intervenir_hoy,8,2026-07-04 06:01,Llamada gerente/asesor hoy + revisar condición financiera y cuota inicial.,pendiente,Joceline Arizabal Corimanya,398
2025-06061,NP-A2205,Torre Nápoles,Nelly Román Villavicencio,342792.4,276,0.4954211238499615,medio,Priorizar seguimiento del asesor en 24 horas.,Nelly Román Villavicencio,25473.99,437,2025-09-30,manual,sin_clasificar,3.0,False,0,0,0.11111109814569985,P0_intervenir_hoy,8,2026-07-04 06:01,Llamada gerente/asesor hoy + revisar condición financiera y cuota inicial.,pendiente,Nelly Román Villavicencio,399
2025-01943,SL-1303,Sialia,Edwing Soller,322200.0,454,0.5264137965298203,medio,Priorizar seguimiento del asesor en 24 horas.,Edwing Soller,25441.58,438,2025-04-05,manual,sin_clasificar,2.0,False,0,0,0.1097224084419615,P0_intervenir_hoy,8,2026-07-04 06:01,Llamada gerente/asesor hoy + revisar condición financiera y cuota inicial.,pendiente,Edwing Soller,400
2024-02453,TZ-406,Tizón y Bueno,Ana Lucia DelSolar,342222.6,670,0.4939618517673976,medio,Priorizar seguimiento del asesor en 24 horas.,Ana Lucia DelSolar,25356.74,439,2024-09-01,manual,sin_clasificar,2.0,False,0,0,0.11111110137086214,P0_intervenir_hoy,8,2026-07-04 06:01,Llamada gerente/asesor hoy + revisar condición financiera y cuota inicial.,pendiente,Ana Lucia DelSolar,401
2025-04052,EEUU-1403,Edificio Urbanzen,Yomira  Pacheco,330000.0,356,0.5120388065973124,medio,Priorizar seguimiento del asesor en 24 horas.,Yomira  Pacheco,25345.92,440,2025-07-12,manual,sin_clasificar,3.0,False,0,0,0.11210775757575757,P0_intervenir_hoy,8,2026-07-04 06:01,Llamada gerente/asesor hoy + revisar condición financiera y cuota inicial.,pendiente,Yomira  Pacheco,402
2025-05560,FX-704,Fenix,Antonio Martinez,350000.0,298,0.482724489903282,medio,Priorizar seguimiento del asesor en 24 horas.,Antonio Martinez,25343.04,441,2025-09-08,manual,sin_clasificar,2.0,False,0,0,0.10915897142857142,P0_intervenir_hoy,8,2026-07-04 06:01,Llamada gerente/asesor hoy + revisar condición financiera y cuota inicial.,pendiente,Antonio Martinez,403
2025-04044,MD-2107,Modena,Nelly Román Villavicencio,359018.0,390,0.47054788825987515,medio,Priorizar seguimiento del asesor en 24 horas.,Nelly Román Villavicencio,25340.27,442,2025-06-08,manual,sin_clasificar,2.0,False,0,0,0.1279976491429399,P0_intervenir_hoy,8,2026-07-04 06:01,Llamada gerente/asesor hoy + revisar condición financiera y cuota inicial.,pendiente,Nelly Román Villavicencio,404
2025-05534,MD-1409,Modena,Percy Soto,367918.0,298,0.45905988425787997,medio,Priorizar seguimiento del asesor en 24 horas.,Percy Soto,25334.46,443,2025-09-08,manual,sin_clasificar,2.0,False,0,0,0.11110992123244852,P0_intervenir_hoy,8,2026-07-04 06:01,Llamada gerente/asesor hoy + revisar condición financiera y cuota inicial.,pendiente,Percy Soto,405
2024-02124,EEUU-1103,Edificio Urbanzen,Sonia Paredes,300000.0,696,0.5622991450181359,medio,Priorizar seguimiento del asesor en 24 horas.,Sonia Paredes,25303.46,444,2024-08-06,manual,sin_clasificar,1.0,False,0,0,0.13469056666666665,P0_intervenir_hoy,8,2026-07-04 06:01,Llamada gerente/asesor hoy + revisar condición financiera y cuota inicial.,pendiente,Sonia Paredes,406
2025-06646,NP-A1305,Torre Nápoles,Karlo  Vargas,357543.33,259,0.47128762321735435,medio,Priorizar seguimiento del asesor en 24 horas.,Karlo  Vargas,25275.86,445,2025-10-17,manual,sin_clasificar,3.0,False,0,0,0.12043399047606342,P0_intervenir_hoy,8,2026-07-04 06:01,Llamada gerente/asesor hoy + revisar condición financiera y cuota inicial.,pendiente,Karlo  Vargas,407
2025-05521,MD-1809,Modena,Ivan La Riva,345645.74,297,0.48697857251337157,medio,Priorizar seguimiento del asesor en 24 horas.,Ivan La Riva,25248.31,446,2025-09-09,manual,sin_clasificar,2.0,False,0,0,0.15940161739010583,P0_intervenir_hoy,8,2026-07-04 06:01,Llamada gerente/asesor hoy + revisar condición financiera y cuota inicial.,pendiente,Ivan La Riva,408
2024-02779,CRUZ-804,Edificio Santa Cruz Infinite,Enzo Villanueva,533800.0,856,0.31503620126924864,bajo,Seguimiento comercial estándar.,Enzo Villanueva,25224.95,448,2024-02-28,manual,sin_clasificar,3.0,False,0,0,0.0,P0_intervenir_hoy,8,2026-07-04 06:01,Llamada gerente/asesor hoy + revisar condición financiera y cuota inicial.,pendiente,Enzo Villanueva,409
2025-04724,SL-1705,Sialia,Percy Soto,436700.0,324,0.38486886882716187,bajo,Seguimiento comercial estándar.,Percy Soto,25210.84,449,2025-08-13,manual,sin_clasificar,3.0,False,0,0,0.0,P0_intervenir_hoy,8,2026-07-04 06:01,Llamada gerente/asesor hoy + revisar condición financiera y cuota inicial.,pendiente,Percy Soto,410
2022-01387,CRUZ-1403,Edificio Santa Cruz Infinite,Enzo Villanueva,538600.0,2195,0.3118408833097797,bajo,Seguimiento comercial estándar.,Enzo Villanueva,25193.62,450,2020-06-29,manual,sin_clasificar,3.0,False,0,0,0.0,P0_intervenir_hoy,8,2026-07-04 06:01,Llamada gerente/asesor hoy + revisar condición financiera y cuota inicial.,pendiente,Enzo Villanueva,411
2025-03932,FX-1002,Fenix,Nelly Román Villavicencio,361781.0,363,0.4631272780169755,medio,Priorizar seguimiento del asesor en 24 horas.,Nelly Román Villavicencio,25132.6,451,2025-07-05,manual,sin_clasificar,2.0,False,0,0,0.11111197105431185,P0_intervenir_hoy,8,2026-07-04 06:01,Llamada gerente/asesor hoy + revisar condición financiera y cuota inicial.,pendiente,Nelly Román Villavicencio,412
2024-03642,FX-604,Fenix,Ivan La Riva,358023.86,580,0.46795667454068557,medio,Priorizar seguimiento del asesor en 24 horas.,Ivan La Riva,25130.95,452,2024-11-30,manual,sin_clasificar,2.0,False,0,0,0.1269559241107562,P0_intervenir_hoy,8,2026-07-04 06:01,Llamada gerente/asesor hoy + revisar condición financiera y cuota inicial.,pendiente,Ivan La Riva,413
2025-04598,MT-A609,Matera,Percy Soto,462000.0,330,0.3624740464136876,bajo,Seguimiento comercial estándar.,Percy Soto,25119.45,453,2025-08-07,manual,sin_clasificar,3.0,False,0,0,0.12352359307359308,P0_intervenir_hoy,8,2026-07-04 06:01,Llamada gerente/asesor hoy + revisar condición financiera y cuota inicial.,pendiente,Percy Soto,414
2022-00221,CRUZ-805,Edificio Santa Cruz Infinite,Enzo Villanueva,536900.0,1656,0.3118408833097797,bajo,Seguimiento comercial estándar.,Enzo Villanueva,25114.11,454,2021-12-20,manual,sin_clasificar,3.0,False,0,0,0.0,P0_intervenir_hoy,8,2026-07-04 06:01,Llamada gerente/asesor hoy + revisar condición financiera y cuota inicial.,pendiente,Enzo Villanueva,415
2024-02036,TZ-601,Tizón y Bueno,Luis Peñaloza,355000.0,702,0.4705737943233371,medio,Priorizar seguimiento del asesor en 24 horas.,Luis Peñaloza,25058.05,455,2024-07-31,manual,sin_clasificar,2.0,False,0,0,0.1465211267605634,P0_intervenir_hoy,8,2026-07-04 06:01,Llamada gerente/asesor hoy + revisar condición financiera y cuota inicial.,pendiente,Luis Peñaloza,416
2022-01373,CRUZ-802,Edificio Santa Cruz Infinite,Enzo Villanueva,522800.0,2522,0.3195225842817824,bajo,Seguimiento comercial estándar.,Enzo Villanueva,25056.96,457,2019-08-07,manual,sin_clasificar,1.0,False,0,0,0.0,P0_intervenir_hoy,8,2026-07-04 06:01,Llamada gerente/asesor hoy + revisar condición financiera y cuota inicial.,pendiente,Enzo Villanueva,417
2022-01366,CRUZ-602,Edificio Santa Cruz Infinite,Enzo Villanueva,522800.0,2452,0.3195225842817824,bajo,Seguimiento comercial estándar.,Enzo Villanueva,25056.96,456,2019-10-16,manual,sin_clasificar,1.0,False,0,0,0.0,P0_intervenir_hoy,8,2026-07-04 06:01,Llamada gerente/asesor hoy + revisar condición financiera y cuota inicial.,pendiente,Enzo Villanueva,418
2025-0007763,NP-A1604,Torre Nápoles,Edwing Soller,342048.0,230,0.48833261786657906,medio,Priorizar seguimiento del asesor en 24 horas.,Edwing Soller,25054.98,458,2025-11-15,manual,sin_clasificar,3.0,False,0,0,0.14627151744784356,P0_intervenir_hoy,8,2026-07-04 06:01,Llamada gerente/asesor hoy + revisar condición financiera y cuota inicial.,pendiente,Edwing Soller,419
2025-06006,SL-1103,Sialia,Percy Soto,332960.0,281,0.5011177142798822,medio,Priorizar seguimiento del asesor en 24 horas.,Percy Soto,25027.82,459,2025-09-25,manual,sin_clasificar,2.0,False,0,0,0.11110409658817877,P0_intervenir_hoy,8,2026-07-04 06:01,Llamada gerente/asesor hoy + revisar condición financiera y cuota inicial.,pendiente,Percy Soto,420
2024-01882,TZ-606,Tizón y Bueno,Yomira  Pacheco,320000.0,716,0.5205791490865986,medio,Priorizar seguimiento del asesor en 24 horas.,Yomira  Pacheco,24987.8,461,2024-07-17,manual,sin_clasificar,2.0,False,0,0,0.132778125,P0_intervenir_hoy,8,2026-07-04 06:01,Llamada gerente/asesor hoy + revisar condición financiera y cuota inicial.,pendiente,Yomira  Pacheco,421
2025-04196,CP-B1001,Capadocia,Antonio Martinez,358000.0,351,0.464659105507628,medio,Priorizar seguimiento del asesor en 24 horas.,Antonio Martinez,24952.19,462,2025-07-17,manual,sin_clasificar,2.0,False,0,0,0.14519256983240225,P0_intervenir_hoy,8,2026-07-04 06:01,Llamada gerente/asesor hoy + revisar condición financiera y cuota inicial.,pendiente,Antonio Martinez,422
2025-0008747,NP-A1702,Torre Nápoles,Ivan La Riva,342763.0,246,0.4832759105842071,medio,Priorizar seguimiento del asesor en 24 horas.,Ivan La Riva,24847.37,464,2025-10-30,manual,sin_clasificar,2.0,False,0,0,0.1292620557061293,P0_intervenir_hoy,8,2026-07-04 06:01,Llamada gerente/asesor hoy + revisar condición financiera y cuota inicial.,pendiente,Ivan La Riva,423
2025-0008199,MD-706,Modena,Nelly Román Villavicencio,288627.98,225,0.573708284694228,medio,Priorizar seguimiento del asesor en 24 horas.,Nelly Román Villavicencio,24838.24,465,2025-11-20,manual,sin_clasificar,1.0,False,0,0,0.14942529133869836,P0_intervenir_hoy,8,2026-07-04 06:01,Llamada gerente/asesor hoy + revisar condición financiera y cuota inicial.,pendiente,Nelly Román Villavicencio,424
2025-0007664,MD-2007,Modena,Ana Lucia DelSolar,313451.0,231,0.5278832150937288,medio,Priorizar seguimiento del asesor en 24 horas.,Ana Lucia DelSolar,24819.83,466,2025-11-14,manual,sin_clasificar,2.0,False,0,0,0.16042418113197918,P0_intervenir_hoy,8,2026-07-04 06:01,Llamada gerente/asesor hoy + revisar condición financiera y cuota inicial.,pendiente,Ana Lucia DelSolar,425
2026-0001317,NP-A1401,Torre Nápoles,Antonio Martinez,312000.0,150,0.529211961543906,medio,Priorizar seguimiento del asesor en 24 horas.,Antonio Martinez,24767.12,467,2026-02-03,manual,sin_clasificar,2.0,False,0,0,0.13506945512820512,P0_intervenir_hoy,8,2026-07-04 06:01,Llamada gerente/asesor hoy + revisar condición financiera y cuota inicial.,pendiente,Antonio Martinez,426
2025-04203,CP-B1101,Capadocia,Ivan La Riva,359004.21,351,0.4598883221199831,medio,Priorizar seguimiento del asesor en 24 horas.,Ivan La Riva,24765.28,468,2025-07-17,manual,sin_clasificar,2.0,False,0,0,0.1363636654845914,P0_intervenir_hoy,8,2026-07-04 06:01,Llamada gerente/asesor hoy + revisar condición financiera y cuota inicial.,pendiente,Ivan La Riva,427
2024-01837,TZ-705,Tizón y Bueno,Luis Peñaloza,353964.3,720,0.46582539420910707,medio,Priorizar seguimiento del asesor en 24 horas.,Luis Peñaloza,24732.83,469,2024-07-13,manual,sin_clasificar,2.0,False,0,0,0.12052825666317196,P0_intervenir_hoy,8,2026-07-04 06:01,Llamada gerente/asesor hoy + revisar condición financiera y cuota inicial.,pendiente,Luis Peñaloza,428
2024-01886,TZ-506,Tizón y Bueno,Ivan La Riva,330057.9,715,0.4993238416772371,medio,Priorizar seguimiento del asesor en 24 horas.,Ivan La Riva,24720.87,470,2024-07-18,manual,sin_clasificar,2.0,False,0,0,0.1111111111111111,P0_intervenir_hoy,8,2026-07-04 06:01,Llamada gerente/asesor hoy + revisar condición financiera y cuota inicial.,pendiente,Ivan La Riva,429
2023-01911,TZ-1501,Tizón y Bueno,Nelly Román Villavicencio,329250.6,1034,0.5002042773057156,medio,Priorizar seguimiento del asesor en 24 horas.,Nelly Román Villavicencio,24703.88,471,2023-09-03,manual,sin_clasificar,2.0,False,0,0,0.11111111111111112,P0_intervenir_hoy,8,2026-07-04 06:01,Llamada gerente/asesor hoy + revisar condición financiera y cuota inicial.,pendiente,Nelly Román Villavicencio,430
2024-02339,SL-1601,Sialia,Nelly Román Villavicencio,265824.0,680,0.6190710445168855,medio,Priorizar seguimiento del asesor en 24 horas.,Nelly Román Villavicencio,24684.59,472,2024-08-22,manual,sin_clasificar,1.0,False,0,0,0.1111111111111111,P0_intervenir_hoy,8,2026-07-04 06:01,Llamada gerente/asesor hoy + revisar condición financiera y cuota inicial.,pendiente,Nelly Román Villavicencio,431
2022-01286,URT-2002,Los Jardines de Urteaga,Enzo Villanueva,997930.0,2484,0.1647186013838449,bajo,Seguimiento comercial estándar.,Enzo Villanueva,24656.65,473,2019-09-14,manual,sin_clasificar,3.0,False,0,0,0.0,P0_intervenir_hoy,8,2026-07-04 06:01,Llamada gerente/asesor hoy + revisar condición financiera y cuota inicial.,pendiente,Enzo Villanueva,432
2025-04194,EEUU-1003,Edificio Urbanzen,Nelly Román Villavicencio,325000.0,351,0.5050381909282975,medio,Priorizar seguimiento del asesor en 24 horas.,Nelly Román Villavicencio,24620.61,474,2025-07-17,manual,sin_clasificar,1.0,False,0,0,0.14298803076923078,P0_intervenir_hoy,8,2026-07-04 06:01,Llamada gerente/asesor hoy + revisar condición financiera y cuota inicial.,pendiente,Nelly Román Villavicencio,433
2026-0001335,NP-A1102,Torre Nápoles,Antonio Martinez,310000.0,153,0.529211961543906,medio,Priorizar seguimiento del asesor en 24 horas.,Antonio Martinez,24608.36,475,2026-01-31,manual,sin_clasificar,2.0,False,0,0,0.13517467741935485,P0_intervenir_hoy,8,2026-07-04 06:01,Llamada gerente/asesor hoy + revisar condición financiera y cuota inicial.,pendiente,Antonio Martinez,434
2023-02191,TZ-1401,Tizón y Bueno,Joceline Arizabal Corimanya,340644.0,965,0.48087970686195075,medio,Priorizar seguimiento del asesor en 24 horas.,Joceline Arizabal Corimanya,24571.32,476,2023-11-11,manual,sin_clasificar,2.0,False,0,0,0.10291095689341365,P0_intervenir_hoy,8,2026-07-04 06:01,Llamada gerente/asesor hoy + revisar condición financiera y cuota inicial.,pendiente,Joceline Arizabal Corimanya,435
2025-04780,SL-1005,Sialia,Yomira  Pacheco,380000.0,337,0.4308171191096276,medio,Priorizar seguimiento del asesor en 24 horas.,Yomira  Pacheco,24556.58,477,2025-07-31,manual,sin_clasificar,3.0,False,0,0,0.0,P0_intervenir_hoy,8,2026-07-04 06:01,Llamada gerente/asesor hoy + revisar condición financiera y cuota inicial.,pendiente,Yomira  Pacheco,436
2024-01597,TZ-805,Tizón y Bueno,Ana Lucia DelSolar,347692.2,739,0.46817994383290995,medio,Priorizar seguimiento del asesor en 24 horas.,Ana Lucia DelSolar,24417.38,478,2024-06-24,manual,sin_clasificar,2.0,False,0,0,0.12069813472951076,P0_intervenir_hoy,8,2026-07-04 06:01,Llamada gerente/asesor hoy + revisar condición financiera y cuota inicial.,pendiente,Ana Lucia DelSolar,437
2023-00013,CUBA-1806,Edificio Cuba Connect,Enzo Villanueva,593547.0,1328,0.2732251984940108,bajo,Seguimiento comercial estándar.,Enzo Villanueva,24325.8,479,2022-11-13,manual,sin_clasificar,3.0,False,0,0,0.0,P0_intervenir_hoy,8,2026-07-04 06:01,Llamada gerente/asesor hoy + revisar condición financiera y cuota inicial.,pendiente,Enzo Villanueva,438
2023-00825,CUBA-2006,Edificio Cuba Connect,Enzo Villanueva,593547.0,1135,0.2732251984940108,bajo,Seguimiento comercial estándar.,Enzo Villanueva,24325.8,480,2023-05-25,manual,sin_clasificar,3.0,False,0,0,0.0,P0_intervenir_hoy,8,2026-07-04 06:01,Llamada gerente/asesor hoy + revisar condición financiera y cuota inicial.,pendiente,Enzo Villanueva,439
2025-0008810,MD-1107,Modena,Ivan La Riva,330907.55,199,0.48983391546810345,medio,Priorizar seguimiento del asesor en 24 horas.,Ivan La Riva,24313.46,481,2025-12-16,manual,sin_clasificar,2.0,False,0,0,0.14942530020847214,P0_intervenir_hoy,8,2026-07-04 06:01,Llamada gerente/asesor hoy + revisar condición financiera y cuota inicial.,pendiente,Ivan La Riva,440
2020-00068,CRUZ-302,Edificio Santa Cruz Infinite,Cinthia Román Villavicencio,439450.0,2310,0.3685646675864341,bajo,Seguimiento comercial estándar.,Cinthia Román Villavicencio,24294.86,482,2020-03-06,manual,sin_clasificar,1.0,False,0,0,0.0857890544999431,P0_intervenir_hoy,8,2026-07-04 06:01,Llamada gerente/asesor hoy + revisar condición financiera y cuota inicial.,pendiente,Cinthia Román Villavicencio,441
2024-01853,TZ-706,Tizón y Bueno,Nelly Román Villavicencio,322514.0,719,0.5002042773057156,medio,Priorizar seguimiento del asesor en 24 horas.,Nelly Román Villavicencio,24198.43,483,2024-07-14,manual,sin_clasificar,2.0,False,0,0,0.11110835498614013,P0_intervenir_hoy,8,2026-07-04 06:01,Llamada gerente/asesor hoy + revisar condición financiera y cuota inicial.,pendiente,Nelly Román Villavicencio,442
2024-00643,EEUU-1203,Edificio Urbanzen,Nelly Román Villavicencio,295000.0,813,0.546834663798421,medio,Priorizar seguimiento del asesor en 24 horas.,Nelly Román Villavicencio,24197.43,484,2024-04-11,manual,sin_clasificar,1.0,False,0,0,0.1368135593220339,P0_intervenir_hoy,8,2026-07-04 06:01,Llamada gerente/asesor hoy + revisar condición financiera y cuota inicial.,pendiente,Nelly Román Villavicencio,443
2022-01363,CRUZ-501,Edificio Santa Cruz Infinite,Enzo Villanueva,617823.0,2414,0.26068268895301616,bajo,Seguimiento comercial estándar.,Enzo Villanueva,24158.36,485,2019-11-23,manual,sin_clasificar,3.0,False,0,0,0.0,P0_intervenir_hoy,8,2026-07-04 06:01,Llamada gerente/asesor hoy + revisar condición financiera y cuota inicial.,pendiente,Enzo Villanueva,444
2025-07218,MD-1501,Modena,Nelly Román Villavicencio,281453.57,239,0.5720866299158311,medio,Priorizar seguimiento del asesor en 24 horas.,Nelly Román Villavicencio,24152.37,486,2025-11-06,manual,sin_clasificar,1.0,False,0,0,0.11111111505887099,P0_intervenir_hoy,8,2026-07-04 06:01,Llamada gerente/asesor hoy + revisar condición financiera y cuota inicial.,pendiente,Nelly Román Villavicencio,445
2024-01415,TZ-1205,Tizón y Bueno,Ivan La Riva,339990.0,754,0.4725519898110715,medio,Priorizar seguimiento del asesor en 24 horas.,Ivan La Riva,24099.44,487,2024-06-09,manual,sin_clasificar,2.0,False,0,0,0.12091532103885408,P0_intervenir_hoy,8,2026-07-04 06:01,Llamada gerente/asesor hoy + revisar condición financiera y cuota inicial.,pendiente,Ivan La Riva,446
2025-03885,GY-1505,Alicanto,Antonio Martinez,340000.0,365,0.47246221347560824,medio,Priorizar seguimiento del asesor en 24 horas.,Antonio Martinez,24095.57,488,2025-07-03,manual,sin_clasificar,2.0,False,0,0,0.1356058823529412,P0_intervenir_hoy,8,2026-07-04 06:01,Llamada gerente/asesor hoy + revisar condición financiera y cuota inicial.,pendiente,Antonio Martinez,447
2025-06797,NP-A1507,Torre Nápoles,Karlo  Vargas,301999.77,257,0.5313092318713364,medio,Priorizar seguimiento del asesor en 24 horas.,Karlo  Vargas,24068.29,489,2025-10-19,manual,sin_clasificar,2.0,False,0,0,0.1111111111111111,P0_intervenir_hoy,8,2026-07-04 06:01,Llamada gerente/asesor hoy + revisar condición financiera y cuota inicial.,pendiente,Karlo  Vargas,448
2025-0008139,NP-A1502,Torre Nápoles,Ivan La Riva,296727.37,229,0.5396435781432067,medio,Priorizar seguimiento del asesor en 24 horas.,Ivan La Riva,24019.05,490,2025-11-16,manual,sin_clasificar,2.0,False,0,0,0.16104631669131161,P0_intervenir_hoy,8,2026-07-04 06:01,Llamada gerente/asesor hoy + revisar condición financiera y cuota inicial.,pendiente,Ivan La Riva,449
2021-01583,CUBA-801,Edificio Cuba Connect,Nelly Román Villavicencio,526686.0,1807,0.3035436892459918,bajo,Seguimiento comercial estándar.,Nelly Román Villavicencio,23980.83,491,2021-07-22,manual,sin_clasificar,3.0,False,0,0,0.018986644794051863,P0_intervenir_hoy,8,2026-07-04 06:01,Llamada gerente/asesor hoy + revisar condición financiera y cuota inicial.,pendiente,Nelly Román Villavicencio,450
2024-02384,GY-505,Alicanto,Nelly Román Villavicencio,340000.0,675,0.47017929993697066,medio,Priorizar seguimiento del asesor en 24 horas.,Nelly Román Villavicencio,23979.14,492,2024-08-27,manual,sin_clasificar,2.0,False,0,0,0.12007011764705881,P0_intervenir_hoy,8,2026-07-04 06:01,Llamada gerente/asesor hoy + revisar condición financiera y cuota inicial.,pendiente,Nelly Román Villavicencio,451
2020-02330,CUBA-1205,Edificio Cuba Connect,Nelly Román Villavicencio,548850.0,1939,0.2910610223256605,bajo,Seguimiento comercial estándar.,Nelly Román Villavicencio,23962.33,494,2021-03-12,manual,sin_clasificar,3.0,False,0,0,0.0,P0_intervenir_hoy,8,2026-07-04 06:01,Llamada gerente/asesor hoy + revisar condición financiera y cuota inicial.,pendiente,Nelly Román Villavicencio,452
2024-02798,GY-1005,Alicanto,Ivan La Riva,343264.66,645,0.46447007377113086,medio,Priorizar seguimiento del asesor en 24 horas.,Ivan La Riva,23915.42,495,2024-09-26,manual,sin_clasificar,2.0,False,0,0,0.140509774586175,P0_intervenir_hoy,8,2026-07-04 06:01,Llamada gerente/asesor hoy + revisar condición financiera y cuota inicial.,pendiente,Ivan La Riva,453
2024-01214,TZ-1105,Tizón y Bueno,Luis Peñaloza,321138.0,768,0.4963712399424266,medio,Priorizar seguimiento del asesor en 24 horas.,Luis Peñaloza,23910.55,496,2024-05-26,manual,sin_clasificar,2.0,False,0,0,0.19419065946726952,P0_intervenir_hoy,8,2026-07-04 06:01,Llamada gerente/asesor hoy + revisar condición financiera y cuota inicial.,pendiente,Luis Peñaloza,454
2025-00630,FX-1304,Fenix,Ana Lucia DelSolar,295000.0,518,0.5396670060525884,medio,Priorizar seguimiento del asesor en 24 horas.,Ana Lucia DelSolar,23880.27,497,2025-01-31,manual,sin_clasificar,2.0,False,0,0,0.26735081355932205,P0_intervenir_hoy,8,2026-07-04 06:01,Llamada gerente/asesor hoy + revisar condición financiera y cuota inicial.,pendiente,Ana Lucia DelSolar,455
2025-06673,MD-1507,Modena,Edwing Soller,329000.0,259,0.48327185983077026,medio,Priorizar seguimiento del asesor en 24 horas.,Edwing Soller,23849.47,498,2025-10-17,manual,sin_clasificar,2.0,False,0,0,0.14832462006079028,P0_intervenir_hoy,8,2026-07-04 06:01,Llamada gerente/asesor hoy + revisar condición financiera y cuota inicial.,pendiente,Edwing Soller,456
2024-03664,FX-1104,Fenix,Ana Lucia DelSolar,312507.25,577,0.5076300418515765,medio,Priorizar seguimiento del asesor en 24 horas.,Ana Lucia DelSolar,23795.71,500,2024-12-03,manual,sin_clasificar,2.0,False,0,0,0.13636365236326517,P0_intervenir_hoy,8,2026-07-04 06:01,Llamada gerente/asesor hoy + revisar condición financiera y cuota inicial.,pendiente,Ana Lucia DelSolar,457
2025-05434,NP-A1402,Torre Nápoles,Nelly Román Villavicencio,308725.53,300,0.5129983995319183,medio,Priorizar seguimiento del asesor en 24 horas.,Nelly Román Villavicencio,23756.36,501,2025-09-06,manual,sin_clasificar,2.0,False,0,0,0.12190818815664514,P0_intervenir_hoy,8,2026-07-04 06:01,Llamada gerente/asesor hoy + revisar condición financiera y cuota inicial.,pendiente,Nelly Román Villavicencio,458
2020-00034,CUBA-601,Edificio Cuba Connect,Nelly Román Villavicencio,419481.0,1973,0.37730102494181644,bajo,Seguimiento comercial estándar.,Nelly Román Villavicencio,23740.59,502,2021-02-06,manual,sin_clasificar,3.0,True,0,0,0.06198135314829516,P0_intervenir_hoy,8,2026-07-04 06:01,Llamada gerente/asesor hoy + revisar condición financiera y cuota inicial.,pendiente,Nelly Román Villavicencio,459
2025-05062,MT-A102,Matera,Joceline Arizabal Corimanya,383513.14,313,0.4126204119116926,medio,Priorizar seguimiento del asesor en 24 horas.,Joceline Arizabal Corimanya,23736.8,503,2025-08-24,manual,sin_clasificar,1.0,False,0,0,0.08695652514018164,P0_intervenir_hoy,8,2026-07-04 06:01,Llamada gerente/asesor hoy + revisar condición financiera y cuota inicial.,pendiente,Joceline Arizabal Corimanya,460
2024-03096,GY-704,Alicanto,Ana Lucia DelSolar,330663.08,613,0.4783635330683614,medio,Priorizar seguimiento del asesor en 24 horas.,Ana Lucia DelSolar,23726.57,504,2024-10-28,manual,sin_clasificar,2.0,False,0,0,0.13636363636363635,P0_intervenir_hoy,8,2026-07-04 06:01,Llamada gerente/asesor hoy + revisar condición financiera y cuota inicial.,pendiente,Ana Lucia DelSolar,461
2023-02271,TZ-502,Tizón y Bueno,Enzo Villanueva,463634.0,1001,0.3403591694660224,bajo,Seguimiento comercial estándar.,Enzo Villanueva,23670.31,505,2023-10-06,manual,sin_clasificar,3.0,False,0,0,0.15824119887670016,P0_intervenir_hoy,8,2026-07-04 06:01,Llamada gerente/asesor hoy + revisar condición financiera y cuota inicial.,pendiente,Enzo Villanueva,462
2023-01969,TZ-1506,Tizón y Bueno,Nelly Román Villavicencio,289075.5,951,0.5454663086814155,medio,Priorizar seguimiento del asesor en 24 horas.,Nelly Román Villavicencio,23652.14,506,2023-11-25,manual,sin_clasificar,2.0,False,0,0,0.1111111111111111,P0_intervenir_hoy,8,2026-07-04 06:01,Llamada gerente/asesor hoy + revisar condición financiera y cuota inicial.,pendiente,Nelly Román Villavicencio,463
2024-03567,FX-1204,Fenix,Ana Lucia DelSolar,300000.0,586,0.5247032881744137,medio,Priorizar seguimiento del asesor en 24 horas.,Ana Lucia DelSolar,23611.65,507,2024-11-24,manual,sin_clasificar,2.0,False,0,0,0.16917793333333334,P0_intervenir_hoy,8,2026-07-04 06:01,Llamada gerente/asesor hoy + revisar condición financiera y cuota inicial.,pendiente,Ana Lucia DelSolar,464
2022-01367,CRUZ-603,Edificio Santa Cruz Infinite,Enzo Villanueva,603000.0,2174,0.26068268895301616,bajo,Seguimiento comercial estándar.,Enzo Villanueva,23578.75,509,2020-07-20,manual,sin_clasificar,3.0,False,0,0,0.0,P0_intervenir_hoy,8,2026-07-04 06:01,Llamada gerente/asesor hoy + revisar condición financiera y cuota inicial.,pendiente,Enzo Villanueva,465
2025-02818,GY-804,Alicanto,Ivan La Riva,322500.0,411,0.4855449974449551,medio,Priorizar seguimiento del asesor en 24 horas.,Ivan La Riva,23488.24,510,2025-05-18,manual,sin_clasificar,2.0,False,0,0,0.15843339534883719,P0_intervenir_hoy,8,2026-07-04 06:01,Llamada gerente/asesor hoy + revisar condición financiera y cuota inicial.,pendiente,Ivan La Riva,466
2025-01839,GY-504,Alicanto,Antonio Martinez,331100.0,460,0.47246221347560824,medio,Priorizar seguimiento del asesor en 24 horas.,Antonio Martinez,23464.84,511,2025-03-30,manual,sin_clasificar,2.0,False,0,0,0.13628598610691633,P0_intervenir_hoy,8,2026-07-04 06:01,Llamada gerente/asesor hoy + revisar condición financiera y cuota inicial.,pendiente,Antonio Martinez,467
2024-03376,FX-1404,Fenix,Ana Lucia DelSolar,300000.0,591,0.5213169756645014,medio,Priorizar seguimiento del asesor en 24 horas.,Ana Lucia DelSolar,23459.26,512,2024-11-19,manual,sin_clasificar,2.0,False,0,0,0.16413836666666667,P0_intervenir_hoy,8,2026-07-04 06:01,Llamada gerente/asesor hoy + revisar condición financiera y cuota inicial.,pendiente,Ana Lucia DelSolar,468
2024-03183,GY-1104,Alicanto,Ivan La Riva,331406.33,607,0.47158419337261204,medio,Priorizar seguimiento del asesor en 24 horas.,Ivan La Riva,23442.9,513,2024-11-03,manual,sin_clasificar,2.0,False,0,0,0.14836469780163825,P0_intervenir_hoy,8,2026-07-04 06:01,Llamada gerente/asesor hoy + revisar condición financiera y cuota inicial.,pendiente,Ivan La Riva,469
2025-01551,GY-604,Alicanto,Nelly Román Villavicencio,325188.0,472,0.47886696592407463,medio,Priorizar seguimiento del asesor en 24 horas.,Nelly Román Villavicencio,23358.27,514,2025-03-18,manual,sin_clasificar,2.0,False,0,0,0.15383390531015906,P0_intervenir_hoy,8,2026-07-04 06:01,Llamada gerente/asesor hoy + revisar condición financiera y cuota inicial.,pendiente,Nelly Román Villavicencio,470
2026-0002432,GY-1503,Alicanto,Luis Peñaloza,254960.56,169,0.6090042889286127,medio,Priorizar seguimiento del asesor en 24 horas.,Luis Peñaloza,23290.81,515,2026-01-15,manual,sin_clasificar,1.0,False,0,0,0.09974621172780605,P0_intervenir_hoy,8,2026-07-04 06:01,Llamada gerente/asesor hoy + revisar condición financiera y cuota inicial.,pendiente,Luis Peñaloza,471
2020-02760,CUBA-1804,Edificio Cuba Connect,Nelly Román Villavicencio,406077.0,2090,0.38086338933054986,bajo,Seguimiento comercial estándar.,Nelly Román Villavicencio,23198.98,517,2020-10-12,manual,sin_clasificar,3.0,False,0,0,0.15267301521632598,P0_intervenir_hoy,8,2026-07-04 06:01,Llamada gerente/asesor hoy + revisar condición financiera y cuota inicial.,pendiente,Nelly Román Villavicencio,472
2023-02274,EEUU-301,Edificio Urbanzen,Enzo Villanueva,570476.0,1008,0.2709319467428966,bajo,Seguimiento comercial estándar.,Enzo Villanueva,23184.03,518,2023-09-29,manual,sin_clasificar,3.0,False,0,0,0.0,P0_intervenir_hoy,8,2026-07-04 06:01,Llamada gerente/asesor hoy + revisar condición financiera y cuota inicial.,pendiente,Enzo Villanueva,473
2024-02079,TZ-906,Tizón y Bueno,Luis Peñaloza,318695.4,699,0.48427635856113466,medio,Priorizar seguimiento del asesor en 24 horas.,Luis Peñaloza,23150.5,519,2024-08-03,manual,sin_clasificar,2.0,False,0,0,0.1111111111111111,P0_intervenir_hoy,8,2026-07-04 06:01,Llamada gerente/asesor hoy + revisar condición financiera y cuota inicial.,pendiente,Luis Peñaloza,474
2025-01532,FX-1704,Fenix,Edwing Soller,323590.0,474,0.47671529764374904,medio,Priorizar seguimiento del asesor en 24 horas.,Edwing Soller,23139.05,520,2025-03-16,manual,sin_clasificar,2.0,False,0,0,0.12806492784078619,P0_intervenir_hoy,8,2026-07-04 06:01,Llamada gerente/asesor hoy + revisar condición financiera y cuota inicial.,pendiente,Edwing Soller,475
2025-03926,SL-1301,Sialia,Luis Peñaloza,246240.0,363,0.6249712797440398,medio,Priorizar seguimiento del asesor en 24 horas.,Luis Peñaloza,23083.94,521,2025-07-05,manual,sin_clasificar,1.0,False,0,0,0.1111111111111111,P0_intervenir_hoy,8,2026-07-04 06:01,Llamada gerente/asesor hoy + revisar condición financiera y cuota inicial.,pendiente,Luis Peñaloza,476
2025-03710,FX-1305,Fenix,Joceline Arizabal Corimanya,384000.49,368,0.39972539647438804,bajo,Seguimiento comercial estándar.,Joceline Arizabal Corimanya,23024.21,522,2025-06-30,manual,sin_clasificar,3.0,False,0,0,0.11740089185823696,P0_intervenir_hoy,8,2026-07-04 06:01,Llamada gerente/asesor hoy + revisar condición financiera y cuota inicial.,pendiente,Joceline Arizabal Corimanya,477
2025-02981,GY-1004,Alicanto,Ivan La Riva,324695.4,402,0.4722121630790131,medio,Priorizar seguimiento del asesor en 24 horas.,Ivan La Riva,22998.77,523,2025-05-27,manual,sin_clasificar,2.0,False,0,0,0.14686299836708494,P0_intervenir_hoy,8,2026-07-04 06:01,Llamada gerente/asesor hoy + revisar condición financiera y cuota inicial.,pendiente,Ivan La Riva,478
2025-06786,GY-503,Alicanto,Silvia Orellana,262900.0,257,0.583083468065878,medio,Priorizar seguimiento del asesor en 24 horas.,Silvia Orellana,22993.9,524,2025-10-19,manual,sin_clasificar,1.0,False,0,0,0.0896831875237733,P0_intervenir_hoy,8,2026-07-04 06:01,Llamada gerente/asesor hoy + revisar condición financiera y cuota inicial.,pendiente,Silvia Orellana,479
2025-03362,MD-1601,Modena,Nelly Román Villavicencio,270889.0,389,0.5645968453045961,medio,Priorizar seguimiento del asesor en 24 horas.,Nelly Román Villavicencio,22941.46,525,2025-06-09,manual,sin_clasificar,1.0,False,0,0,0.14894665342631117,P0_intervenir_hoy,8,2026-07-04 06:01,Llamada gerente/asesor hoy + revisar condición financiera y cuota inicial.,pendiente,Nelly Román Villavicencio,480
2025-01287,SL-1501,Sialia,Yomira  Pacheco,236000.0,476,0.6422107006544693,medio,Priorizar seguimiento del asesor en 24 horas.,Yomira  Pacheco,22734.26,527,2025-03-14,manual,sin_clasificar,1.0,False,0,0,0.145009406779661,P0_intervenir_hoy,8,2026-07-04 06:01,Llamada gerente/asesor hoy + revisar condición financiera y cuota inicial.,pendiente,Yomira  Pacheco,481
2025-0008002,MT-A302,Matera,Luis Peñaloza,351881.69,229,0.43046717754949354,medio,Priorizar seguimiento del asesor en 24 horas.,Luis Peñaloza,22721.03,528,2025-11-16,manual,sin_clasificar,1.0,False,0,0,0.13636364540593177,P0_intervenir_hoy,8,2026-07-04 06:01,Llamada gerente/asesor hoy + revisar condición financiera y cuota inicial.,pendiente,Luis Peñaloza,482
2025-0008814,SL-1201,Sialia,Antonio Martinez,245000.0,200,0.6174982231518643,medio,Priorizar seguimiento del asesor en 24 horas.,Antonio Martinez,22693.06,529,2025-12-15,manual,sin_clasificar,1.0,False,0,0,0.12362812244897958,P0_intervenir_hoy,8,2026-07-04 06:01,Llamada gerente/asesor hoy + revisar condición financiera y cuota inicial.,pendiente,Antonio Martinez,483
2022-01374,CRUZ-901,Edificio Santa Cruz Infinite,Enzo Villanueva,585700.0,2414,0.25786048025381014,bajo,Seguimiento comercial estándar.,Enzo Villanueva,22654.33,530,2019-11-23,manual,sin_clasificar,3.0,False,0,0,0.0,P0_intervenir_hoy,8,2026-07-04 06:01,Llamada gerente/asesor hoy + revisar condición financiera y cuota inicial.,pendiente,Enzo Villanueva,484
2022-01365,CRUZ-601,Edificio Santa Cruz Infinite,Enzo Villanueva,583238.0,2480,0.25786048025381014,bajo,Seguimiento comercial estándar.,Enzo Villanueva,22559.1,532,2019-09-18,manual,sin_clasificar,3.0,False,0,0,0.0,P0_intervenir_hoy,8,2026-07-04 06:01,Llamada gerente/asesor hoy + revisar condición financiera y cuota inicial.,pendiente,Enzo Villanueva,485
2025-06521,MD-2201,Modena,Antonio Martinez,250000.0,263,0.599504262048317,medio,Priorizar seguimiento del asesor en 24 horas.,Antonio Martinez,22481.41,533,2025-10-13,manual,sin_clasificar,1.0,False,0,0,0.16574667999999998,P0_intervenir_hoy,8,2026-07-04 06:01,Llamada gerente/asesor hoy + revisar condición financiera y cuota inicial.,pendiente,Antonio Martinez,486
2025-04038,GY-403,Alicanto,Luis Peñaloza,258497.89,358,0.5782480725248446,medio,Priorizar seguimiento del asesor en 24 horas.,Luis Peñaloza,22421.39,534,2025-07-10,manual,sin_clasificar,1.0,False,0,0,0.11111111970778562,P0_intervenir_hoy,8,2026-07-04 06:01,Llamada gerente/asesor hoy + revisar condición financiera y cuota inicial.,pendiente,Luis Peñaloza,487
2022-01877,CRUZ-701,Edificio Santa Cruz Infinite,Enzo Villanueva,581600.0,1575,0.2567793991727291,bajo,Seguimiento comercial estándar.,Enzo Villanueva,22401.43,535,2022-03-11,manual,sin_clasificar,3.0,False,0,0,0.0,P0_intervenir_hoy,8,2026-07-04 06:01,Llamada gerente/asesor hoy + revisar condición financiera y cuota inicial.,pendiente,Enzo Villanueva,488
2022-00795,CRUZ-1503,Edificio Santa Cruz Infinite,Enzo Villanueva,516100.0,1641,0.28771824135052304,bajo,Seguimiento comercial estándar.,Enzo Villanueva,22273.71,536,2022-01-04,manual,sin_clasificar,3.0,False,0,0,0.0,P0_intervenir_hoy,8,2026-07-04 06:01,Llamada gerente/asesor hoy + revisar condición financiera y cuota inicial.,pendiente,Enzo Villanueva,489
2021-04809,CRUZ-1304,Edificio Santa Cruz Infinite,Cinthia Román Villavicencio,455000.0,1673,0.3260229168513984,bajo,Seguimiento comercial estándar.,Cinthia Román Villavicencio,22251.06,537,2021-12-03,manual,sin_clasificar,3.0,False,0,0,0.0589010989010989,P0_intervenir_hoy,8,2026-07-04 06:01,Llamada gerente/asesor hoy + revisar condición financiera y cuota inicial.,pendiente,Cinthia Román Villavicencio,490
2024-03578,GY-803,Alicanto,Ivan La Riva,249443.44,586,0.5938372711004111,medio,Priorizar seguimiento del asesor en 24 horas.,Ivan La Riva,22219.32,538,2024-11-24,manual,sin_clasificar,1.0,False,0,0,0.15003044377514999,P0_intervenir_hoy,8,2026-07-04 06:01,Llamada gerente/asesor hoy + revisar condición financiera y cuota inicial.,pendiente,Ivan La Riva,491
2022-01378,CRUZ-1001,Edificio Santa Cruz Infinite,Enzo Villanueva,576350.0,2638,0.2567793991727291,bajo,Seguimiento comercial estándar.,Enzo Villanueva,22199.22,540,2019-04-13,manual,sin_clasificar,3.0,False,0,0,0.0,P0_intervenir_hoy,8,2026-07-04 06:01,Llamada gerente/asesor hoy + revisar condición financiera y cuota inicial.,pendiente,Enzo Villanueva,492
2022-01372,CRUZ-801,Edificio Santa Cruz Infinite,Enzo Villanueva,576350.0,2419,0.2567793991727291,bajo,Seguimiento comercial estándar.,Enzo Villanueva,22199.22,539,2019-11-18,manual,sin_clasificar,3.0,False,0,0,0.0,P0_intervenir_hoy,8,2026-07-04 06:01,Llamada gerente/asesor hoy + revisar condición financiera y cuota inicial.,pendiente,Enzo Villanueva,493
2021-04745,CUBA-1701,Edificio Cuba Connect,Enzo Villanueva,534956.0,1705,0.2755756466773332,bajo,Seguimiento comercial estándar.,Enzo Villanueva,22113.13,542,2021-11-01,manual,sin_clasificar,3.0,False,0,0,0.0,P0_intervenir_hoy,8,2026-07-04 06:01,Llamada gerente/asesor hoy + revisar condición financiera y cuota inicial.,pendiente,Enzo Villanueva,494
2022-01385,CRUZ-1401,Edificio Santa Cruz Infinite,Enzo Villanueva,513800.0,2303,0.2852592249570804,bajo,Seguimiento comercial estándar.,Enzo Villanueva,21984.93,543,2020-03-13,manual,sin_clasificar,3.0,False,0,0,0.0,P0_intervenir_hoy,8,2026-07-04 06:01,Llamada gerente/asesor hoy + revisar condición financiera y cuota inicial.,pendiente,Enzo Villanueva,495
2025-05422,MT-B1201,Matera,Luis Peñaloza,368301.8,301,0.3975392112802647,bajo,Seguimiento comercial estándar.,Luis Peñaloza,21962.16,544,2025-09-05,manual,sin_clasificar,2.0,False,0,0,0.12016164460776461,P0_intervenir_hoy,8,2026-07-04 06:01,Llamada gerente/asesor hoy + revisar condición financiera y cuota inicial.,pendiente,Luis Peñaloza,496
2022-01377,CRUZ-902,Edificio Santa Cruz Infinite,Enzo Villanueva,592452.0,2485,0.24603901900207434,bajo,Seguimiento comercial estándar.,Enzo Villanueva,21864.95,545,2019-09-13,manual,sin_clasificar,1.0,False,0,0,0.0,P0_intervenir_hoy,8,2026-07-04 06:01,Llamada gerente/asesor hoy + revisar condición financiera y cuota inicial.,pendiente,Enzo Villanueva,497
2022-01364,CRUZ-502,Edificio Santa Cruz Infinite,Enzo Villanueva,592000.0,2414,0.24603901900207434,bajo,Seguimiento comercial estándar.,Enzo Villanueva,21848.26,546,2019-11-23,manual,sin_clasificar,1.0,False,0,0,0.0,P0_intervenir_hoy,8,2026-07-04 06:01,Llamada gerente/asesor hoy + revisar condición financiera y cuota inicial.,pendiente,Enzo Villanueva,498
2022-01371,CRUZ-706,Edificio Santa Cruz Infinite,Enzo Villanueva,569200.0,2302,0.2558850902296397,bajo,Seguimiento comercial estándar.,Enzo Villanueva,21847.47,547,2020-03-14,manual,sin_clasificar,3.0,False,0,0,0.0,P0_intervenir_hoy,8,2026-07-04 06:01,Llamada gerente/asesor hoy + revisar condición financiera y cuota inicial.,pendiente,Enzo Villanueva,499
2025-01673,SL-1401,Sialia,Ivan La Riva,239720.0,467,0.607462677861336,medio,Priorizar seguimiento del asesor en 24 horas.,Ivan La Riva,21843.14,548,2025-03-23,manual,sin_clasificar,1.0,False,0,0,0.13428629234106457,P0_intervenir_hoy,8,2026-07-04 06:01,Llamada gerente/asesor hoy + revisar condición financiera y cuota inicial.,pendiente,Ivan La Riva,500
2020-00056,CRUZ-202,Edificio Santa Cruz Infinite,Cinthia Román Villavicencio,389900.0,2317,0.3733471746296157,bajo,Seguimiento comercial estándar.,Cinthia Román Villavicencio,21835.21,549,2020-02-28,manual,sin_clasificar,1.0,False,0,0,0.09617850730956655,P0_intervenir_hoy,8,2026-07-04 06:01,Llamada gerente/asesor hoy + revisar condición financiera y cuota inicial.,pendiente,Cinthia Román Villavicencio,501
2021-02732,CUBA-1604,Edificio Cuba Connect,Enzo Villanueva,527408.0,1869,0.2758310313557526,bajo,Seguimiento comercial estándar.,Enzo Villanueva,21821.32,551,2021-05-21,manual,sin_clasificar,3.0,False,0,0,0.0,P0_intervenir_hoy,8,2026-07-04 06:01,Llamada gerente/asesor hoy + revisar condición financiera y cuota inicial.,pendiente,Enzo Villanueva,502
2020-00055,CRUZ-201,Edificio Santa Cruz Infinite,Cinthia Román Villavicencio,437950.0,1768,0.33119228045076726,bajo,Seguimiento comercial estándar.,Cinthia Román Villavicencio,21756.85,552,2021-08-30,manual,sin_clasificar,3.0,False,0,0,0.08562621303801804,P0_intervenir_hoy,8,2026-07-04 06:01,Llamada gerente/asesor hoy + revisar condición financiera y cuota inicial.,pendiente,Cinthia Román Villavicencio,503
2025-00236,CRUZ-102,Edificio Santa Cruz Infinite,Enzo Villanueva,509700.0,907,0.28456714142138345,bajo,Seguimiento comercial estándar.,Enzo Villanueva,21756.58,553,2024-01-08,manual,sin_clasificar,3.0,False,0,0,0.0,P0_intervenir_hoy,8,2026-07-04 06:01,Llamada gerente/asesor hoy + revisar condición financiera y cuota inicial.,pendiente,Enzo Villanueva,504
2022-01391,CRUZ-1601,Edificio Santa Cruz Infinite,Enzo Villanueva,543400.0,2447,0.2666824998841516,bajo,Seguimiento comercial estándar.,Enzo Villanueva,21737.29,554,2019-10-21,manual,sin_clasificar,3.0,False,0,0,0.0,P0_intervenir_hoy,8,2026-07-04 06:01,Llamada gerente/asesor hoy + revisar condición financiera y cuota inicial.,pendiente,Enzo Villanueva,505
2022-01380,CRUZ-1101,Edificio Santa Cruz Infinite,Enzo Villanueva,565900.0,1977,0.2558850902296397,bajo,Seguimiento comercial estándar.,Enzo Villanueva,21720.81,555,2021-02-02,manual,sin_clasificar,3.0,False,0,0,0.0,P0_intervenir_hoy,8,2026-07-04 06:01,Llamada gerente/asesor hoy + revisar condición financiera y cuota inicial.,pendiente,Enzo Villanueva,506
2023-02162,MA-604,Edificio Mariategui,Joceline Arizabal Corimanya,292896.0,981,0.4938000662087449,medio,Priorizar seguimiento del asesor en 24 horas.,Joceline Arizabal Corimanya,21694.81,557,2023-10-26,manual,sin_clasificar,1.0,True,0,0,0.041666666666666664,P0_intervenir_hoy,8,2026-07-04 06:01,Llamada gerente/asesor hoy + revisar condición financiera y cuota inicial.,pendiente,Joceline Arizabal Corimanya,507
2022-01353,CRUZ-506,Edificio Santa Cruz Infinite,Enzo Villanueva,563800.0,1594,0.2558850902296397,bajo,Seguimiento comercial estándar.,Enzo Villanueva,21640.2,558,2022-02-20,manual,sin_clasificar,3.0,False,0,0,0.0,P0_intervenir_hoy,8,2026-07-04 06:01,Llamada gerente/asesor hoy + revisar condición financiera y cuota inicial.,pendiente,Enzo Villanueva,508
2022-03041,CRUZ-306,Edificio Santa Cruz Infinite,Enzo Villanueva,563800.0,1497,0.2558850902296397,bajo,Seguimiento comercial estándar.,Enzo Villanueva,21640.2,559,2022-05-28,manual,sin_clasificar,3.0,False,0,0,0.0,P0_intervenir_hoy,8,2026-07-04 06:01,Llamada gerente/asesor hoy + revisar condición financiera y cuota inicial.,pendiente,Enzo Villanueva,509
2023-00787,MA-904,Edificio Mariategui,Nelly Román Villavicencio,283046.0,1133,0.508563288219878,medio,Priorizar seguimiento del asesor en 24 horas.,Nelly Román Villavicencio,21592.02,560,2023-05-27,manual,sin_clasificar,1.0,False,0,0,0.030927835051546393,P0_intervenir_hoy,8,2026-07-04 06:01,Llamada gerente/asesor hoy + revisar condición financiera y cuota inicial.,pendiente,Nelly Román Villavicencio,510
2022-01370,CRUZ-705,Edificio Santa Cruz Infinite,Enzo Villanueva,561050.0,2489,0.2558850902296397,bajo,Seguimiento comercial estándar.,Enzo Villanueva,21534.65,561,2019-09-09,manual,sin_clasificar,3.0,False,0,0,0.0,P0_intervenir_hoy,8,2026-07-04 06:01,Llamada gerente/asesor hoy + revisar condición financiera y cuota inicial.,pendiente,Enzo Villanueva,511
2025-05341,MT-B501,Matera,Percy Soto,385986.0,308,0.3719367371080459,bajo,Seguimiento comercial estándar.,Percy Soto,21534.36,562,2025-08-29,manual,sin_clasificar,2.0,False,0,0,0.11111125792127176,P0_intervenir_hoy,8,2026-07-04 06:01,Llamada gerente/asesor hoy + revisar condición financiera y cuota inicial.,pendiente,Percy Soto,512
2025-07551,NP-A703,Torre Nápoles,Edwing Soller,236280.0,232,0.605898360724217,medio,Priorizar seguimiento del asesor en 24 horas.,Edwing Soller,21474.25,563,2025-11-13,manual,sin_clasificar,1.0,False,0,0,0.13462430167597764,P0_intervenir_hoy,8,2026-07-04 06:01,Llamada gerente/asesor hoy + revisar condición financiera y cuota inicial.,pendiente,Edwing Soller,513
2022-01368,CRUZ-605,Edificio Santa Cruz Infinite,Enzo Villanueva,559000.0,2506,0.2558850902296397,bajo,Seguimiento comercial estándar.,Enzo Villanueva,21455.96,564,2019-08-23,manual,sin_clasificar,3.0,False,0,0,0.0,P0_intervenir_hoy,8,2026-07-04 06:01,Llamada gerente/asesor hoy + revisar condición financiera y cuota inicial.,pendiente,Enzo Villanueva,514
2022-01288,CRUZ-401,Edificio Santa Cruz Infinite,Enzo Villanueva,544700.0,2025,0.262598483490709,bajo,Seguimiento comercial estándar.,Enzo Villanueva,21455.61,565,2020-12-16,manual,sin_clasificar,3.0,False,0,0,0.0,P0_intervenir_hoy,8,2026-07-04 06:01,Llamada gerente/asesor hoy + revisar condición financiera y cuota inicial.,pendiente,Enzo Villanueva,515
2025-01683,SL-703,Sialia,Joceline Arizabal Corimanya,327000.22,467,0.4343685544453453,medio,Priorizar seguimiento del asesor en 24 horas.,Joceline Arizabal Corimanya,21305.79,566,2025-03-23,manual,sin_clasificar,2.0,True,0,0,0.13135465168800192,P0_intervenir_hoy,8,2026-07-04 06:01,Llamada gerente/asesor hoy + revisar condición financiera y cuota inicial.,pendiente,Joceline Arizabal Corimanya,516
2025-0008281,CP-B701,Capadocia,Joceline Arizabal Corimanya,353632.08,223,0.4008551675025725,medio,Priorizar seguimiento del asesor en 24 horas.,Joceline Arizabal Corimanya,21263.29,567,2025-11-22,manual,sin_clasificar,2.0,True,0,0,0.17647058490847323,P0_intervenir_hoy,8,2026-07-04 06:01,Llamada gerente/asesor hoy + revisar condición financiera y cuota inicial.,pendiente,Joceline Arizabal Corimanya,517
2024-03679,FX-1302,Fenix,Joceline Arizabal Corimanya,352786.0,573,0.4016633953464544,medio,Priorizar seguimiento del asesor en 24 horas.,Joceline Arizabal Corimanya,21255.18,568,2024-12-07,manual,sin_clasificar,2.0,False,0,0,0.13636371624724336,P0_intervenir_hoy,8,2026-07-04 06:01,Llamada gerente/asesor hoy + revisar condición financiera y cuota inicial.,pendiente,Joceline Arizabal Corimanya,518
2025-05083,NP-A505,Torre Nápoles,Antonio Martinez,373000.0,313,0.37950798526193863,bajo,Seguimiento comercial estándar.,Antonio Martinez,21233.47,569,2025-08-24,manual,sin_clasificar,3.0,False,0,0,0.0,P0_intervenir_hoy,8,2026-07-04 06:01,Llamada gerente/asesor hoy + revisar condición financiera y cuota inicial.,pendiente,Antonio Martinez,519
2022-03040,CRUZ-1006,Edificio Santa Cruz Infinite,Enzo Villanueva,548200.0,1507,0.25803562786404827,bajo,Seguimiento comercial estándar.,Enzo Villanueva,21218.27,570,2022-05-18,manual,sin_clasificar,3.0,False,0,0,0.0,P0_intervenir_hoy,8,2026-07-04 06:01,Llamada gerente/asesor hoy + revisar condición financiera y cuota inicial.,pendiente,Enzo Villanueva,520
2022-04215,CRUZ-305,Edificio Santa Cruz Infinite,Enzo Villanueva,552300.0,1372,0.2558850902296397,bajo,Seguimiento comercial estándar.,Enzo Villanueva,21198.8,571,2022-09-30,manual,sin_clasificar,3.0,False,0,0,0.0,P0_intervenir_hoy,8,2026-07-04 06:01,Llamada gerente/asesor hoy + revisar condición financiera y cuota inicial.,pendiente,Enzo Villanueva,521
2022-00791,CRUZ-303,Edificio Santa Cruz Infinite,Enzo Villanueva,546500.0,1633,0.25803562786404827,bajo,Seguimiento comercial estándar.,Enzo Villanueva,21152.47,572,2022-01-12,manual,sin_clasificar,3.0,False,0,0,0.0,P0_intervenir_hoy,8,2026-07-04 06:01,Llamada gerente/asesor hoy + revisar condición financiera y cuota inicial.,pendiente,Enzo Villanueva,522
2023-02262,CRUZ-503,Edificio Santa Cruz Infinite,Enzo Villanueva,546500.0,995,0.25803562786404827,bajo,Seguimiento comercial estándar.,Enzo Villanueva,21152.47,573,2023-10-12,manual,sin_clasificar,3.0,False,0,0,0.0,P0_intervenir_hoy,8,2026-07-04 06:01,Llamada gerente/asesor hoy + revisar condición financiera y cuota inicial.,pendiente,Enzo Villanueva,523
2021-02724,CUBA-606,Edificio Cuba Connect,Enzo Villanueva,584920.0,1829,0.240715239475531,bajo,Seguimiento comercial estándar.,Enzo Villanueva,21119.87,574,2021-06-30,manual,sin_clasificar,3.0,False,0,0,0.0,P0_intervenir_hoy,8,2026-07-04 06:01,Llamada gerente/asesor hoy + revisar condición financiera y cuota inicial.,pendiente,Enzo Villanueva,524
2021-02727,CUBA-1103,Edificio Cuba Connect,Enzo Villanueva,583870.0,1990,0.240715239475531,bajo,Seguimiento comercial estándar.,Enzo Villanueva,21081.96,575,2021-01-20,manual,sin_clasificar,3.0,False,0,0,0.0,P0_intervenir_hoy,8,2026-07-04 06:01,Llamada gerente/asesor hoy + revisar condición financiera y cuota inicial.,pendiente,Enzo Villanueva,525
2025-03968,MT-A902,Matera,Luis Peñaloza,310000.0,361,0.4532100437265412,medio,Priorizar seguimiento del asesor en 24 horas.,Luis Peñaloza,21074.27,576,2025-07-07,manual,sin_clasificar,1.0,False,0,0,0.14332932258064515,P0_intervenir_hoy,8,2026-07-04 06:01,Llamada gerente/asesor hoy + revisar condición financiera y cuota inicial.,pendiente,Luis Peñaloza,526
2022-01354,CRUZ-204,Edificio Santa Cruz Infinite,Enzo Villanueva,549000.0,1603,0.2558850902296397,bajo,Seguimiento comercial estándar.,Enzo Villanueva,21072.14,577,2022-02-11,manual,sin_clasificar,3.0,False,0,0,0.0,P0_intervenir_hoy,8,2026-07-04 06:01,Llamada gerente/asesor hoy + revisar condición financiera y cuota inicial.,pendiente,Enzo Villanueva,527
2023-00849,MA-1104,Edificio Mariategui,Joceline Arizabal Corimanya,276644.0,1124,0.5062622053566117,medio,Priorizar seguimiento del asesor en 24 horas.,Joceline Arizabal Corimanya,21008.16,578,2023-06-05,manual,sin_clasificar,1.0,False,0,0,0.030927835051546393,P0_intervenir_hoy,8,2026-07-04 06:01,Llamada gerente/asesor hoy + revisar condición financiera y cuota inicial.,pendiente,Joceline Arizabal Corimanya,528
2025-05401,MT-A808,Matera,Percy Soto,370350.0,302,0.3770710359465873,bajo,Seguimiento comercial estándar.,Percy Soto,20947.24,579,2025-09-04,manual,sin_clasificar,2.0,False,0,0,0.1111061428378561,P0_intervenir_hoy,8,2026-07-04 06:01,Llamada gerente/asesor hoy + revisar condición financiera y cuota inicial.,pendiente,Percy Soto,529
2025-0009080,NP-A2503,Torre Nápoles,Yomira  Pacheco,209000.0,185,0.6670622774765563,medio,Priorizar seguimiento del asesor en 24 horas.,Yomira  Pacheco,20912.4,580,2025-12-30,manual,sin_clasificar,1.0,False,0,0,0.16766081339712918,P0_intervenir_hoy,8,2026-07-04 06:01,Llamada gerente/asesor hoy + revisar condición financiera y cuota inicial.,pendiente,Yomira  Pacheco,530
2025-02714,SL-1503,Sialia,Joceline Arizabal Corimanya,320000.11,412,0.4355630547806908,medio,Priorizar seguimiento del asesor en 24 horas.,Joceline Arizabal Corimanya,20907.03,581,2025-05-17,manual,sin_clasificar,2.0,True,0,0,0.1302687052201326,P0_intervenir_hoy,8,2026-07-04 06:01,Llamada gerente/asesor hoy + revisar condición financiera y cuota inicial.,pendiente,Joceline Arizabal Corimanya,531
2022-03655,MA-504,Edificio Mariategui,Cinthia Román Villavicencio,276450.0,1384,0.5037555041769394,medio,Priorizar seguimiento del asesor en 24 horas.,Cinthia Román Villavicencio,20889.48,582,2022-09-18,manual,sin_clasificar,1.0,False,0,0,0.05263157894736842,P0_intervenir_hoy,8,2026-07-04 06:01,Llamada gerente/asesor hoy + revisar condición financiera y cuota inicial.,pendiente,Cinthia Román Villavicencio,532
2024-00143,TZ-1101,Tizón y Bueno,Joceline Arizabal Corimanya,343000.0,873,0.40570769981220967,medio,Priorizar seguimiento del asesor en 24 horas.,Joceline Arizabal Corimanya,20873.66,583,2024-02-11,manual,sin_clasificar,2.0,False,0,0,0.11545189504373178,P0_intervenir_hoy,8,2026-07-04 06:01,Llamada gerente/asesor hoy + revisar condición financiera y cuota inicial.,pendiente,Joceline Arizabal Corimanya,533
2019-00050,ES-1106,Edificio Saenz,Joceline Arizabal Corimanya,495700.0,2380,0.280663286306584,bajo,Seguimiento comercial estándar.,Joceline Arizabal Corimanya,20868.72,584,2019-12-27,manual,sin_clasificar,3.0,False,0,0,0.0,P0_intervenir_hoy,8,2026-07-04 06:01,Llamada gerente/asesor hoy + revisar condición financiera y cuota inicial.,pendiente,Joceline Arizabal Corimanya,534
2024-03496,FX-802,Fenix,Joceline Arizabal Corimanya,345037.0,587,0.4016633953464544,medio,Priorizar seguimiento del asesor en 24 horas.,Joceline Arizabal Corimanya,20788.31,585,2024-11-23,manual,sin_clasificar,2.0,False,0,0,0.14624619968293254,P0_intervenir_hoy,8,2026-07-04 06:01,Llamada gerente/asesor hoy + revisar condición financiera y cuota inicial.,pendiente,Joceline Arizabal Corimanya,535
2024-03569,GY-1204,Alicanto,Joceline Arizabal Corimanya,334176.0,586,0.412895256703288,medio,Priorizar seguimiento del asesor en 24 horas.,Joceline Arizabal Corimanya,20696.95,586,2024-11-24,manual,sin_clasificar,2.0,False,0,0,0.13636718375945608,P0_intervenir_hoy,8,2026-07-04 06:01,Llamada gerente/asesor hoy + revisar condición financiera y cuota inicial.,pendiente,Joceline Arizabal Corimanya,536
2022-01196,CUBA-1601,Edificio Cuba Connect,Enzo Villanueva,575746.0,2573,0.2396341583944499,bajo,Seguimiento comercial estándar.,Enzo Villanueva,20695.26,587,2019-06-17,manual,sin_clasificar,3.0,False,0,0,0.0,P0_intervenir_hoy,8,2026-07-04 06:01,Llamada gerente/asesor hoy + revisar condición financiera y cuota inicial.,pendiente,Enzo Villanueva,537
2022-01200,CUBA-1801,Edificio Cuba Connect,Enzo Villanueva,575746.0,2036,0.2396341583944499,bajo,Seguimiento comercial estándar.,Enzo Villanueva,20695.26,588,2020-12-05,manual,sin_clasificar,3.0,False,0,0,0.0,P0_intervenir_hoy,8,2026-07-04 06:01,Llamada gerente/asesor hoy + revisar condición financiera y cuota inicial.,pendiente,Enzo Villanueva,538
2022-01379,CRUZ-1002,Edificio Santa Cruz Infinite,Enzo Villanueva,567900.0,2405,0.24266451969390246,bajo,Seguimiento comercial estándar.,Enzo Villanueva,20671.38,589,2019-12-02,manual,sin_clasificar,1.0,False,0,0,0.0,P0_intervenir_hoy,8,2026-07-04 06:01,Llamada gerente/asesor hoy + revisar condición financiera y cuota inicial.,pendiente,Enzo Villanueva,539
2020-00102,ES-402,Edificio Saenz,Joceline Arizabal Corimanya,490004.0,2288,0.2808238919022057,bajo,Seguimiento comercial estándar.,Joceline Arizabal Corimanya,20640.72,590,2020-03-28,manual,sin_clasificar,3.0,False,0,0,0.014910082366674559,P0_intervenir_hoy,8,2026-07-04 06:01,Llamada gerente/asesor hoy + revisar condición financiera y cuota inicial.,pendiente,Joceline Arizabal Corimanya,540
2021-04746,CUBA-404,Edificio Cuba Connect,Enzo Villanueva,573944.0,1691,0.2396341583944499,bajo,Seguimiento comercial estándar.,Enzo Villanueva,20630.49,591,2021-11-15,manual,sin_clasificar,3.0,False,0,0,0.0,P0_intervenir_hoy,8,2026-07-04 06:01,Llamada gerente/asesor hoy + revisar condición financiera y cuota inicial.,pendiente,Enzo Villanueva,541
2025-0008176,MT-B1204,Matera,Yomira  Pacheco,270500.0,227,0.5079572813908338,medio,Priorizar seguimiento del asesor en 24 horas.,Yomira  Pacheco,20610.37,592,2025-11-18,manual,sin_clasificar,1.0,False,0,0,0.1493962292051756,P0_intervenir_hoy,8,2026-07-04 06:01,Llamada gerente/asesor hoy + revisar condición financiera y cuota inicial.,pendiente,Yomira  Pacheco,542
2025-07400,NP-A2703,Torre Nápoles,Yomira  Pacheco,211800.0,246,0.6481804047982429,medio,Priorizar seguimiento del asesor en 24 horas.,Yomira  Pacheco,20592.69,593,2025-10-30,manual,sin_clasificar,1.0,False,0,0,0.1396086402266289,P0_intervenir_hoy,8,2026-07-04 06:01,Llamada gerente/asesor hoy + revisar condición financiera y cuota inicial.,pendiente,Yomira  Pacheco,543
2022-01381,CRUZ-1102,Edificio Santa Cruz Infinite,Enzo Villanueva,565000.0,2549,0.24266451969390246,bajo,Seguimiento comercial estándar.,Enzo Villanueva,20565.82,594,2019-07-11,manual,sin_clasificar,1.0,False,0,0,0.0,P0_intervenir_hoy,8,2026-07-04 06:01,Llamada gerente/asesor hoy + revisar condición financiera y cuota inicial.,pendiente,Enzo Villanueva,544
2021-02760,CUBA-1605,Edificio Cuba Connect,Enzo Villanueva,571540.0,1960,0.2396341583944499,bajo,Seguimiento comercial estándar.,Enzo Villanueva,20544.08,595,2021-02-19,manual,sin_clasificar,3.0,False,0,0,0.0,P0_intervenir_hoy,8,2026-07-04 06:01,Llamada gerente/asesor hoy + revisar condición financiera y cuota inicial.,pendiente,Enzo Villanueva,545
2021-02764,CUBA-2005,Edificio Cuba Connect,Enzo Villanueva,571540.0,1834,0.2396341583944499,bajo,Seguimiento comercial estándar.,Enzo Villanueva,20544.08,596,2021-06-25,manual,sin_clasificar,3.0,False,0,0,0.0,P0_intervenir_hoy,8,2026-07-04 06:01,Llamada gerente/asesor hoy + revisar condición financiera y cuota inicial.,pendiente,Enzo Villanueva,546
2022-01384,CRUZ-1302,Edificio Santa Cruz Infinite,Enzo Villanueva,562950.0,2567,0.24266451969390246,bajo,Seguimiento comercial estándar.,Enzo Villanueva,20491.2,597,2019-06-23,manual,sin_clasificar,1.0,False,0,0,0.0,P0_intervenir_hoy,8,2026-07-04 06:01,Llamada gerente/asesor hoy + revisar condición financiera y cuota inicial.,pendiente,Enzo Villanueva,547
2025-05306,MT-A1007,Matera,Yomira  Pacheco,270153.0,303,0.5054167661290183,medio,Priorizar seguimiento del asesor en 24 horas.,Yomira  Pacheco,20480.98,598,2025-09-03,manual,sin_clasificar,1.0,False,0,0,0.11110785369771943,P0_intervenir_hoy,8,2026-07-04 06:01,Llamada gerente/asesor hoy + revisar condición financiera y cuota inicial.,pendiente,Yomira  Pacheco,548
2022-01389,CRUZ-1502,Edificio Santa Cruz Infinite,Enzo Villanueva,515800.0,2225,0.2644605394400051,bajo,Seguimiento comercial estándar.,Enzo Villanueva,20461.31,599,2020-05-30,manual,sin_clasificar,1.0,False,0,0,0.0,P0_intervenir_hoy,8,2026-07-04 06:01,Llamada gerente/asesor hoy + revisar condición financiera y cuota inicial.,pendiente,Enzo Villanueva,549
2026-0002080,NP-A1703,Torre Nápoles,Antonio Martinez,225000.0,125,0.6050655408062091,medio,Priorizar seguimiento del asesor en 24 horas.,Antonio Martinez,20420.96,600,2026-02-28,manual,sin_clasificar,1.0,False,0,0,0.1321292,P0_intervenir_hoy,8,2026-07-04 06:01,Llamada gerente/asesor hoy + revisar condición financiera y cuota inicial.,pendiente,Antonio Martinez,550
2022-01386,CRUZ-1402,Edificio Santa Cruz Infinite,Enzo Villanueva,559919.0,2415,0.24266451969390246,bajo,Seguimiento comercial estándar.,Enzo Villanueva,20380.87,602,2019-11-22,manual,sin_clasificar,1.0,False,0,0,0.0,P0_intervenir_hoy,8,2026-07-04 06:01,Llamada gerente/asesor hoy + revisar condición financiera y cuota inicial.,pendiente,Enzo Villanueva,551
2021-02725,CUBA-701,Edificio Cuba Connect,Enzo Villanueva,566424.0,1859,0.2396341583944499,bajo,Seguimiento comercial estándar.,Enzo Villanueva,20360.18,603,2021-05-31,manual,sin_clasificar,3.0,False,0,0,0.0,P0_intervenir_hoy,8,2026-07-04 06:01,Llamada gerente/asesor hoy + revisar condición financiera y cuota inicial.,pendiente,Enzo Villanueva,552
2022-01383,CRUZ-1202,Edificio Santa Cruz Infinite,Enzo Villanueva,558750.0,2544,0.24266451969390246,bajo,Seguimiento comercial estándar.,Enzo Villanueva,20338.32,604,2019-07-16,manual,sin_clasificar,1.0,False,0,0,0.0,P0_intervenir_hoy,8,2026-07-04 06:01,Llamada gerente/asesor hoy + revisar condición financiera y cuota inicial.,pendiente,Enzo Villanueva,553
2023-00416,CRUZ-702,Edificio Santa Cruz Infinite,Enzo Villanueva,558700.0,1277,0.24266451969390246,bajo,Seguimiento comercial estándar.,Enzo Villanueva,20336.5,605,2023-01-03,manual,sin_clasificar,1.0,False,0,0,0.0,P0_intervenir_hoy,8,2026-07-04 06:01,Llamada gerente/asesor hoy + revisar condición financiera y cuota inicial.,pendiente,Enzo Villanueva,554
2025-00175,CUBA-1106,Edificio Cuba Connect,Enzo Villanueva,565000.0,907,0.2396341583944499,bajo,Seguimiento comercial estándar.,Enzo Villanueva,20308.99,606,2024-01-08,manual,sin_clasificar,3.0,False,0,0,0.0,P0_intervenir_hoy,8,2026-07-04 06:01,Llamada gerente/asesor hoy + revisar condición financiera y cuota inicial.,pendiente,Enzo Villanueva,555
2025-05662,NP-A803,Torre Nápoles,Nelly Román Villavicencio,228436.0,293,0.5904330807003672,medio,Priorizar seguimiento del asesor en 24 horas.,Nelly Román Villavicencio,20231.43,607,2025-09-13,manual,sin_clasificar,1.0,False,0,0,0.13542865397748166,P0_intervenir_hoy,8,2026-07-04 06:01,Llamada gerente/asesor hoy + revisar condición financiera y cuota inicial.,pendiente,Nelly Román Villavicencio,556
2025-00241,CRUZ-1301,Edificio Santa Cruz Infinite,Ivan La Riva,429400.0,907,0.31323685940816764,bajo,Seguimiento comercial estándar.,Ivan La Riva,20175.59,608,2024-01-08,manual,sin_clasificar,3.0,False,0,0,0.0,P0_intervenir_hoy,8,2026-07-04 06:01,Llamada gerente/asesor hoy + revisar condición financiera y cuota inicial.,pendiente,Ivan La Riva,557
2025-05670,MT-A907,Matera,Yomira  Pacheco,270153.0,294,0.4974032859932542,medio,Priorizar seguimiento del asesor en 24 horas.,Yomira  Pacheco,20156.25,609,2025-09-12,manual,sin_clasificar,1.0,False,0,0,0.11671952560215879,P0_intervenir_hoy,8,2026-07-04 06:01,Llamada gerente/asesor hoy + revisar condición financiera y cuota inicial.,pendiente,Yomira  Pacheco,558
2025-0008389,MT-A706,Matera,Percy Soto,315752.0,220,0.4240645533230981,medio,Priorizar seguimiento del asesor en 24 horas.,Percy Soto,20084.88,610,2025-11-25,manual,sin_clasificar,1.0,False,0,0,0.13887354632749752,P0_intervenir_hoy,8,2026-07-04 06:01,Llamada gerente/asesor hoy + revisar condición financiera y cuota inicial.,pendiente,Percy Soto,559
2021-04029,CUBA-1204,Edificio Cuba Connect,Enzo Villanueva,542920.0,1716,0.24542742924470198,bajo,Seguimiento comercial estándar.,Enzo Villanueva,19987.12,612,2021-10-21,manual,sin_clasificar,3.0,False,0,0,0.0,P0_intervenir_hoy,8,2026-07-04 06:01,Llamada gerente/asesor hoy + revisar condición financiera y cuota inicial.,pendiente,Enzo Villanueva,560
2021-02731,CUBA-1501,Edificio Cuba Connect,Enzo Villanueva,550690.0,1961,0.24156749172778327,bajo,Seguimiento comercial estándar.,Enzo Villanueva,19954.32,614,2021-02-18,manual,sin_clasificar,3.0,False,0,0,0.0,P0_intervenir_hoy,8,2026-07-04 06:01,Llamada gerente/asesor hoy + revisar condición financiera y cuota inicial.,pendiente,Enzo Villanueva,561
2021-02726,CUBA-1101,Edificio Cuba Connect,Enzo Villanueva,550690.0,1898,0.24156749172778327,bajo,Seguimiento comercial estándar.,Enzo Villanueva,19954.32,613,2021-04-22,manual,sin_clasificar,3.0,False,0,0,0.0,P0_intervenir_hoy,8,2026-07-04 06:01,Llamada gerente/asesor hoy + revisar condición financiera y cuota inicial.,pendiente,Enzo Villanueva,562
2025-00176,CUBA-1404,Edificio Cuba Connect,Enzo Villanueva,555101.2,907,0.2396341583944499,bajo,Seguimiento comercial estándar.,Enzo Villanueva,19953.18,615,2024-01-08,manual,sin_clasificar,3.0,False,0,0,0.0,P0_intervenir_hoy,8,2026-07-04 06:01,Llamada gerente/asesor hoy + revisar condición financiera y cuota inicial.,pendiente,Enzo Villanueva,563
2023-01949,TZ-1201,Tizón y Bueno,Joceline Arizabal Corimanya,335000.0,1028,0.39600561549315877,bajo,Seguimiento comercial estándar.,Joceline Arizabal Corimanya,19899.28,617,2023-09-09,manual,sin_clasificar,2.0,True,0,0,0.11251940298507462,P0_intervenir_hoy,8,2026-07-04 06:01,Llamada gerente/asesor hoy + revisar condición financiera y cuota inicial.,pendiente,Joceline Arizabal Corimanya,564
2022-01205,URT-201,Los Jardines de Urteaga,Enzo Villanueva,803520.0,3026,0.1647186013838449,bajo,Seguimiento comercial estándar.,Enzo Villanueva,19853.2,618,2018-03-21,manual,sin_clasificar,3.0,False,0,0,0.0,P0_intervenir_hoy,8,2026-07-04 06:01,Llamada gerente/asesor hoy + revisar condición financiera y cuota inicial.,pendiente,Enzo Villanueva,565
2020-00067,CRUZ-301,Edificio Santa Cruz Infinite,Cinthia Román Villavicencio,461220.0,2310,0.2861109959455744,bajo,Seguimiento comercial estándar.,Cinthia Román Villavicencio,19794.02,619,2020-03-06,manual,sin_clasificar,3.0,False,0,0,0.03252244048393391,P0_intervenir_hoy,8,2026-07-04 06:01,Llamada gerente/asesor hoy + revisar condición financiera y cuota inicial.,pendiente,Cinthia Román Villavicencio,566
2021-02745,CUBA-1902,Edificio Cuba Connect,Nelly Román Villavicencio,306802.0,1746,0.4285355397968165,medio,Priorizar seguimiento del asesor en 24 horas.,Nelly Román Villavicencio,19721.33,620,2021-09-21,manual,sin_clasificar,1.0,False,0,0,0.08981036629487422,P0_intervenir_hoy,8,2026-07-04 06:01,Llamada gerente/asesor hoy + revisar condición financiera y cuota inicial.,pendiente,Nelly Román Villavicencio,567
2022-02557,URT-1301,Los Jardines de Urteaga,Enzo Villanueva,790669.0,1530,0.1647186013838449,bajo,Seguimiento comercial estándar.,Enzo Villanueva,19535.68,621,2022-04-25,manual,sin_clasificar,3.0,False,0,0,0.0,P0_intervenir_hoy,8,2026-07-04 06:01,Llamada gerente/asesor hoy + revisar condición financiera y cuota inicial.,pendiente,Enzo Villanueva,568
2021-03338,CUBA-702,Edificio Cuba Connect,Nelly Román Villavicencio,333000.0,1715,0.39075022448973706,bajo,Seguimiento comercial estándar.,Nelly Román Villavicencio,19517.97,622,2021-10-22,manual,sin_clasificar,1.0,False,0,0,0.06313513513513513,P0_intervenir_hoy,8,2026-07-04 06:01,Llamada gerente/asesor hoy + revisar condición financiera y cuota inicial.,pendiente,Nelly Román Villavicencio,569
2023-02264,MA-1703,Edificio Mariategui,Enzo Villanueva,496500.0,1070,0.26147455968183864,bajo,Seguimiento comercial estándar.,Enzo Villanueva,19473.32,623,2023-07-29,manual,sin_clasificar,3.0,False,0,0,0.0,P0_intervenir_hoy,8,2026-07-04 06:01,Llamada gerente/asesor hoy + revisar condición financiera y cuota inicial.,pendiente,Enzo Villanueva,570
2025-06008,NP-A2003,Torre Nápoles,Percy Soto,219407.0,281,0.5882667775415216,medio,Priorizar seguimiento del asesor en 24 horas.,Percy Soto,19360.48,624,2025-09-25,manual,sin_clasificar,1.0,False,0,0,0.11110575323485578,P0_intervenir_hoy,8,2026-07-04 06:01,Llamada gerente/asesor hoy + revisar condición financiera y cuota inicial.,pendiente,Percy Soto,571
2025-00338,ES-1101,Edificio Saenz,Enzo Villanueva,640344.0,907,0.20036750670528428,bajo,Seguimiento comercial estándar.,Enzo Villanueva,19245.62,625,2024-01-08,manual,sin_clasificar,3.0,False,0,0,0.0,P0_intervenir_hoy,8,2026-07-04 06:01,Llamada gerente/asesor hoy + revisar condición financiera y cuota inicial.,pendiente,Enzo Villanueva,572
2025-06859,NP-A1903,Torre Nápoles,Ivan La Riva,200000.0,255,0.6320638443425529,medio,Priorizar seguimiento del asesor en 24 horas.,Ivan La Riva,18961.92,626,2025-10-21,manual,sin_clasificar,1.0,False,0,0,0.22541709999999998,P0_intervenir_hoy,8,2026-07-04 06:01,Llamada gerente/asesor hoy + revisar condición financiera y cuota inicial.,pendiente,Ivan La Riva,573
2025-00292,ES-101,Edificio Saenz,Enzo Villanueva,624700.0,907,0.20036750670528428,bajo,Seguimiento comercial estándar.,Enzo Villanueva,18775.44,627,2024-01-08,manual,sin_clasificar,3.0,False,0,0,0.0,P0_intervenir_hoy,8,2026-07-04 06:01,Llamada gerente/asesor hoy + revisar condición financiera y cuota inicial.,pendiente,Enzo Villanueva,574
2022-01279,URT-1401,Los Jardines de Urteaga,Enzo Villanueva,751136.0,1833,0.16610707256178975,bajo,Seguimiento comercial estándar.,Enzo Villanueva,18715.35,629,2021-06-26,manual,sin_clasificar,3.0,False,0,0,0.0,P0_intervenir_hoy,8,2026-07-04 06:01,Llamada gerente/asesor hoy + revisar condición financiera y cuota inicial.,pendiente,Enzo Villanueva,575
2022-00798,URT-1501,Los Jardines de Urteaga,Enzo Villanueva,751136.0,1640,0.16610707256178975,bajo,Seguimiento comercial estándar.,Enzo Villanueva,18715.35,628,2022-01-05,manual,sin_clasificar,3.0,False,0,0,0.0,P0_intervenir_hoy,8,2026-07-04 06:01,Llamada gerente/asesor hoy + revisar condición financiera y cuota inicial.,pendiente,Enzo Villanueva,576
2022-02554,MA-1602,Edificio Mariategui,Enzo Villanueva,472000.0,1530,0.26324141262426054,bajo,Seguimiento comercial estándar.,Enzo Villanueva,18637.49,630,2022-04-25,manual,sin_clasificar,0.0,False,0,0,0.0,P0_intervenir_hoy,8,2026-07-04 06:01,Llamada gerente/asesor hoy + revisar condición financiera y cuota inicial.,pendiente,Enzo Villanueva,577
2025-05508,MT-B1103,Matera,Antonio Martinez,259000.0,300,0.4767768184946989,medio,Priorizar seguimiento del asesor en 24 horas.,Antonio Martinez,18522.78,632,2025-09-06,manual,sin_clasificar,1.0,False,0,0,0.10911501930501931,P0_intervenir_hoy,8,2026-07-04 06:01,Llamada gerente/asesor hoy + revisar condición financiera y cuota inicial.,pendiente,Antonio Martinez,578
2025-0008889,NP-A2010,Torre Nápoles,Ivan La Riva,195000.0,196,0.6320638443425529,medio,Priorizar seguimiento del asesor en 24 horas.,Ivan La Riva,18487.87,633,2025-12-19,manual,sin_clasificar,1.0,False,0,0,0.23529358974358974,P0_intervenir_hoy,8,2026-07-04 06:01,Llamada gerente/asesor hoy + revisar condición financiera y cuota inicial.,pendiente,Ivan La Riva,579
2019-00040,CRUZ-203,Edificio Santa Cruz Infinite,Cinthia Román Villavicencio,435650.0,2391,0.2824334753238776,bajo,Seguimiento comercial estándar.,Cinthia Román Villavicencio,18456.32,634,2019-12-16,manual,sin_clasificar,3.0,False,0,0,0.04590841271663032,P0_intervenir_hoy,8,2026-07-04 06:01,Llamada gerente/asesor hoy + revisar condición financiera y cuota inicial.,pendiente,Cinthia Román Villavicencio,580
2025-00299,ES-305,Edificio Saenz,Enzo Villanueva,610823.4,907,0.20036750670528428,bajo,Seguimiento comercial estándar.,Enzo Villanueva,18358.37,635,2024-01-08,manual,sin_clasificar,3.0,False,0,0,0.0,P0_intervenir_hoy,8,2026-07-04 06:01,Llamada gerente/asesor hoy + revisar condición financiera y cuota inicial.,pendiente,Enzo Villanueva,581
2025-05513,MT-B1003,Matera,Antonio Martinez,259847.06,299,0.47099013879424567,medio,Priorizar seguimiento del asesor en 24 horas.,Antonio Martinez,18357.81,636,2025-09-07,manual,sin_clasificar,1.0,False,0,0,0.11111112821518936,P0_intervenir_hoy,8,2026-07-04 06:01,Llamada gerente/asesor hoy + revisar condición financiera y cuota inicial.,pendiente,Antonio Martinez,582
2025-00293,ES-201,Edificio Saenz,Enzo Villanueva,607917.0,907,0.20036750670528428,bajo,Seguimiento comercial estándar.,Enzo Villanueva,18271.02,638,2024-01-08,manual,sin_clasificar,3.0,False,0,0,0.0,P0_intervenir_hoy,8,2026-07-04 06:01,Llamada gerente/asesor hoy + revisar condición financiera y cuota inicial.,pendiente,Enzo Villanueva,583
2024-03373,FX-202,Fenix,Enzo Villanueva,361964.0,591,0.335564466587371,bajo,Seguimiento comercial estándar.,Enzo Villanueva,18219.34,639,2024-11-19,manual,sin_clasificar,2.0,False,0,0,0.28024444419887057,P0_intervenir_hoy,8,2026-07-04 06:01,Llamada gerente/asesor hoy + revisar condición financiera y cuota inicial.,pendiente,Enzo Villanueva,584
2025-05526,MT-A807,Matera,Ivan La Riva,268516.62,299,0.4521718794756443,medio,Priorizar seguimiento del asesor en 24 horas.,Ivan La Riva,18212.35,640,2025-09-07,manual,sin_clasificar,1.0,False,0,0,0.12917084983417412,P0_intervenir_hoy,8,2026-07-04 06:01,Llamada gerente/asesor hoy + revisar condición financiera y cuota inicial.,pendiente,Ivan La Riva,585
2025-05085,MT-A1107,Matera,Ivan La Riva,268787.8,313,0.451392396042161,medio,Priorizar seguimiento del asesor en 24 horas.,Ivan La Riva,18199.32,641,2025-08-24,manual,sin_clasificar,1.0,False,0,0,0.11111114418139514,P0_intervenir_hoy,8,2026-07-04 06:01,Llamada gerente/asesor hoy + revisar condición financiera y cuota inicial.,pendiente,Ivan La Riva,586
2025-05091,MT-A1207,Matera,Ivan La Riva,267423.39,313,0.451392396042161,medio,Priorizar seguimiento del asesor en 24 horas.,Ivan La Riva,18106.93,643,2025-08-24,manual,sin_clasificar,1.0,False,0,0,0.11111114850499801,P0_intervenir_hoy,8,2026-07-04 06:01,Llamada gerente/asesor hoy + revisar condición financiera y cuota inicial.,pendiente,Ivan La Riva,587
2025-06399,NP-A2410,Torre Nápoles,Yomira  Pacheco,176000.0,264,0.6854444166128777,medio,Priorizar seguimiento del asesor en 24 horas.,Yomira  Pacheco,18095.73,644,2025-10-12,manual,sin_clasificar,1.0,False,0,0,0.2322878977272727,P0_intervenir_hoy,8,2026-07-04 06:01,Llamada gerente/asesor hoy + revisar condición financiera y cuota inicial.,pendiente,Yomira  Pacheco,588
2025-04935,MT-A1201,Matera,Percy Soto,416162.0,317,0.2892322903700233,bajo,Seguimiento comercial estándar.,Percy Soto,18055.12,645,2025-08-20,manual,sin_clasificar,2.0,False,0,0,0.0,P0_intervenir_hoy,8,2026-07-04 06:01,Llamada gerente/asesor hoy + revisar condición financiera y cuota inicial.,pendiente,Percy Soto,589
2022-04551,MA-804,Edificio Mariategui,Fernando Chamochumbi,295100.0,981,0.4043552548264095,medio,Priorizar seguimiento del asesor en 24 horas.,Fernando Chamochumbi,17898.79,646,2023-10-26,manual,sin_clasificar,1.0,False,0,0,0.0,P0_intervenir_hoy,8,2026-07-04 06:01,Llamada gerente/asesor hoy + revisar condición financiera y cuota inicial.,pendiente,Fernando Chamochumbi,590
2023-02272,TZ-1106,Tizón y Bueno,Enzo Villanueva,328828.0,980,0.360562356536569,bajo,Seguimiento comercial estándar.,Enzo Villanueva,17784.45,647,2023-10-27,manual,sin_clasificar,2.0,False,0,0,0.090862092035958,P0_intervenir_hoy,8,2026-07-04 06:01,Llamada gerente/asesor hoy + revisar condición financiera y cuota inicial.,pendiente,Enzo Villanueva,591
2023-00822,MA-1204,Edificio Mariategui,Fernando Chamochumbi,281900.0,1175,0.4176791805479002,medio,Priorizar seguimiento del asesor en 24 horas.,Fernando Chamochumbi,17661.56,648,2023-04-15,manual,sin_clasificar,1.0,False,0,0,0.0,P0_intervenir_hoy,8,2026-07-04 06:01,Llamada gerente/asesor hoy + revisar condición financiera y cuota inicial.,pendiente,Fernando Chamochumbi,592
2023-02275,EEUU-1303,Edificio Urbanzen,Enzo Villanueva,300314.88,967,0.39075593545755166,bajo,Seguimiento comercial estándar.,Enzo Villanueva,17602.47,649,2023-11-09,manual,sin_clasificar,1.0,False,0,0,0.1111111111111111,P0_intervenir_hoy,8,2026-07-04 06:01,Llamada gerente/asesor hoy + revisar condición financiera y cuota inicial.,pendiente,Enzo Villanueva,593
2025-00295,ES-205,Edificio Saenz,Enzo Villanueva,519000.0,907,0.22604378724573618,bajo,Seguimiento comercial estándar.,Enzo Villanueva,17597.51,650,2024-01-08,manual,sin_clasificar,3.0,False,0,0,0.0,P0_intervenir_hoy,8,2026-07-04 06:01,Llamada gerente/asesor hoy + revisar condición financiera y cuota inicial.,pendiente,Enzo Villanueva,594
2020-00009,CUBA-204,Edificio Cuba Connect,Nelly Román Villavicencio,455934.0,1994,0.25590966697063505,bajo,Seguimiento comercial estándar.,Nelly Román Villavicencio,17501.69,651,2021-01-16,manual,sin_clasificar,3.0,True,0,0,0.021932999074427438,P0_intervenir_hoy,8,2026-07-04 06:01,Llamada gerente/asesor hoy + revisar condición financiera y cuota inicial.,pendiente,Nelly Román Villavicencio,595
2025-05749,MT-B903,Matera,Nelly Román Villavicencio,260000.0,291,0.4481930084149796,medio,Priorizar seguimiento del asesor en 24 horas.,Nelly Román Villavicencio,17479.53,652,2025-09-15,manual,sin_clasificar,1.0,False,0,0,0.11606592307692308,P0_intervenir_hoy,8,2026-07-04 06:01,Llamada gerente/asesor hoy + revisar condición financiera y cuota inicial.,pendiente,Nelly Román Villavicencio,596
2025-02032,SL-502,Sialia,Enzo Villanueva,320000.0,448,0.36170211712120437,bajo,Seguimiento comercial estándar.,Enzo Villanueva,17361.7,653,2025-04-11,manual,sin_clasificar,2.0,False,0,0,0.17206909375,P0_intervenir_hoy,8,2026-07-04 06:01,Llamada gerente/asesor hoy + revisar condición financiera y cuota inicial.,pendiente,Enzo Villanueva,597
2025-06126,NP-A2810,Torre Nápoles,Antonio Martinez,188000.0,277,0.6050655408062091,medio,Priorizar seguimiento del asesor en 24 horas.,Antonio Martinez,17062.85,654,2025-09-29,manual,sin_clasificar,1.0,False,0,0,0.12743053191489362,P0_intervenir_hoy,8,2026-07-04 06:01,Llamada gerente/asesor hoy + revisar condición financiera y cuota inicial.,pendiente,Antonio Martinez,598
2022-03645,CUBA-202,Edificio Cuba Connect,Nelly Román Villavicencio,379853.94,1405,0.29790345447532945,bajo,Seguimiento comercial estándar.,Nelly Román Villavicencio,16973.97,655,2022-08-28,manual,sin_clasificar,1.0,False,0,0,0.03092783505154639,P0_intervenir_hoy,8,2026-07-04 06:01,Llamada gerente/asesor hoy + revisar condición financiera y cuota inicial.,pendiente,Nelly Román Villavicencio,599
2021-02721,URT-1502,Los Jardines de Urteaga,Enzo Villanueva,691512.0,1996,0.16341203710079683,bajo,Seguimiento comercial estándar.,Enzo Villanueva,16950.21,656,2021-01-14,manual,sin_clasificar,3.0,False,0,0,0.0,P0_intervenir_hoy,8,2026-07-04 06:01,Llamada gerente/asesor hoy + revisar condición financiera y cuota inicial.,pendiente,Enzo Villanueva,600
2022-01280,URT-1402,Los Jardines de Urteaga,Enzo Villanueva,691512.0,1899,0.16341203710079683,bajo,Seguimiento comercial estándar.,Enzo Villanueva,16950.21,657,2021-04-21,manual,sin_clasificar,3.0,False,0,0,0.0,P0_intervenir_hoy,8,2026-07-04 06:01,Llamada gerente/asesor hoy + revisar condición financiera y cuota inicial.,pendiente,Enzo Villanueva,601
2023-00220,CRUZ-1704,Edificio Santa Cruz Infinite,Enzo Villanueva,503300.0,1229,0.22284202472332676,bajo,Seguimiento comercial estándar.,Enzo Villanueva,16823.46,658,2023-02-20,manual,sin_clasificar,3.0,False,0,0,0.0,P0_intervenir_hoy,8,2026-07-04 06:01,Llamada gerente/asesor hoy + revisar condición financiera y cuota inicial.,pendiente,Enzo Villanueva,602
2019-00003,CRUZ-402,Edificio Santa Cruz Infinite,Cinthia Román Villavicencio,417400.0,2466,0.2681767839145513,bajo,Seguimiento comercial estándar.,Cinthia Román Villavicencio,16790.55,659,2019-10-02,manual,sin_clasificar,1.0,False,0,0,0.023957834211787255,P0_intervenir_hoy,8,2026-07-04 06:01,Llamada gerente/asesor hoy + revisar condición financiera y cuota inicial.,pendiente,Cinthia Román Villavicencio,603
2025-06806,NP-A2510,Torre Nápoles,Edwing Soller,175655.0,256,0.6360868040088156,medio,Priorizar seguimiento del asesor en 24 horas.,Edwing Soller,16759.77,660,2025-10-20,manual,sin_clasificar,1.0,False,0,0,0.2276977028834932,P0_intervenir_hoy,8,2026-07-04 06:01,Llamada gerente/asesor hoy + revisar condición financiera y cuota inicial.,pendiente,Edwing Soller,604
2023-02269,ES-1204,Edificio Saenz,Enzo Villanueva,561200.0,1024,0.19648179934257956,bajo,Seguimiento comercial estándar.,Enzo Villanueva,16539.84,661,2023-09-13,manual,sin_clasificar,3.0,False,0,0,0.0,P0_intervenir_hoy,8,2026-07-04 06:01,Llamada gerente/asesor hoy + revisar condición financiera y cuota inicial.,pendiente,Enzo Villanueva,605
2022-01390,CRUZ-1505,Edificio Santa Cruz Infinite,Enzo Villanueva,494400.0,2409,0.22284202472332676,bajo,Seguimiento comercial estándar.,Enzo Villanueva,16525.96,662,2019-11-28,manual,sin_clasificar,3.0,False,0,0,0.0,P0_intervenir_hoy,8,2026-07-04 06:01,Llamada gerente/asesor hoy + revisar condición financiera y cuota inicial.,pendiente,Enzo Villanueva,606
2022-02047,ES-1203,Edificio Saenz,Enzo Villanueva,543400.0,1556,0.20077619911906552,bajo,Seguimiento comercial estándar.,Enzo Villanueva,16365.27,663,2022-03-30,manual,sin_clasificar,3.0,False,0,0,0.0,P0_intervenir_hoy,8,2026-07-04 06:01,Llamada gerente/asesor hoy + revisar condición financiera y cuota inicial.,pendiente,Enzo Villanueva,607
2025-00335,ES-1003,Edificio Saenz,Enzo Villanueva,410000.0,907,0.26541709845229344,bajo,Seguimiento comercial estándar.,Enzo Villanueva,16323.15,664,2024-01-08,manual,sin_clasificar,3.0,False,0,0,0.05648780487804878,P0_intervenir_hoy,8,2026-07-04 06:01,Llamada gerente/asesor hoy + revisar condición financiera y cuota inicial.,pendiente,Enzo Villanueva,608
2025-03970,MT-B1203,Matera,Joceline Arizabal Corimanya,257222.34,361,0.42302656514681825,medio,Priorizar seguimiento del asesor en 24 horas.,Joceline Arizabal Corimanya,16321.78,665,2025-07-07,manual,sin_clasificar,1.0,False,0,0,0.11111114998798316,P0_intervenir_hoy,8,2026-07-04 06:01,Llamada gerente/asesor hoy + revisar condición financiera y cuota inicial.,pendiente,Joceline Arizabal Corimanya,609
2022-01970,CUBA-602,Edificio Cuba Connect,Nelly Román Villavicencio,369587.46,1558,0.2921750998957956,bajo,Seguimiento comercial estándar.,Nelly Román Villavicencio,16197.64,666,2022-03-28,manual,sin_clasificar,1.0,False,0,0,0.030927835051546393,P0_intervenir_hoy,8,2026-07-04 06:01,Llamada gerente/asesor hoy + revisar condición financiera y cuota inicial.,pendiente,Nelly Román Villavicencio,610
2022-00792,CRUZ-1103,Edificio Santa Cruz Infinite,Enzo Villanueva,489400.0,1638,0.2188720069561415,bajo,Seguimiento comercial estándar.,Enzo Villanueva,16067.39,667,2022-01-07,manual,sin_clasificar,3.0,False,0,0,0.0,P0_intervenir_hoy,8,2026-07-04 06:01,Llamada gerente/asesor hoy + revisar condición financiera y cuota inicial.,pendiente,Enzo Villanueva,611
2025-00239,CRUZ-906,Edificio Santa Cruz Infinite,Enzo Villanueva,488928.0,907,0.21655719214132668,bajo,Seguimiento comercial estándar.,Enzo Villanueva,15882.13,668,2024-01-08,manual,sin_clasificar,3.0,False,0,0,0.0,P0_intervenir_hoy,8,2026-07-04 06:01,Llamada gerente/asesor hoy + revisar condición financiera y cuota inicial.,pendiente,Enzo Villanueva,612
2025-00237,CRUZ-405,Edificio Santa Cruz Infinite,Enzo Villanueva,486200.0,907,0.21439052547465995,bajo,Seguimiento comercial estándar.,Enzo Villanueva,15635.5,669,2024-01-08,manual,sin_clasificar,3.0,False,0,0,0.0,P0_intervenir_hoy,8,2026-07-04 06:01,Llamada gerente/asesor hoy + revisar condición financiera y cuota inicial.,pendiente,Enzo Villanueva,613
2025-00238,CRUZ-505,Edificio Santa Cruz Infinite,Enzo Villanueva,486200.0,907,0.21439052547465995,bajo,Seguimiento comercial estándar.,Enzo Villanueva,15635.5,670,2024-01-08,manual,sin_clasificar,3.0,False,0,0,0.0,P0_intervenir_hoy,8,2026-07-04 06:01,Llamada gerente/asesor hoy + revisar condición financiera y cuota inicial.,pendiente,Enzo Villanueva,614
2022-01273,URT-1001,Los Jardines de Urteaga,Enzo Villanueva,675928.0,2472,0.15261841619244307,bajo,Seguimiento comercial estándar.,Enzo Villanueva,15473.86,671,2019-09-26,manual,sin_clasificar,3.0,False,0,0,0.0,P0_intervenir_hoy,8,2026-07-04 06:01,Llamada gerente/asesor hoy + revisar condición financiera y cuota inicial.,pendiente,Enzo Villanueva,615
2022-01210,URT-401,Los Jardines de Urteaga,Enzo Villanueva,675720.0,2688,0.15261841619244307,bajo,Seguimiento comercial estándar.,Enzo Villanueva,15469.1,673,2019-02-22,manual,sin_clasificar,3.0,False,0,0,0.0,P0_intervenir_hoy,8,2026-07-04 06:01,Llamada gerente/asesor hoy + revisar condición financiera y cuota inicial.,pendiente,Enzo Villanueva,616
2022-01208,URT-301,Los Jardines de Urteaga,Enzo Villanueva,675720.0,2679,0.15261841619244307,bajo,Seguimiento comercial estándar.,Enzo Villanueva,15469.1,672,2019-03-03,manual,sin_clasificar,3.0,False,0,0,0.0,P0_intervenir_hoy,8,2026-07-04 06:01,Llamada gerente/asesor hoy + revisar condición financiera y cuota inicial.,pendiente,Enzo Villanueva,617
2022-01212,URT-501,Los Jardines de Urteaga,Enzo Villanueva,675720.0,2587,0.15261841619244307,bajo,Seguimiento comercial estándar.,Enzo Villanueva,15469.1,674,2019-06-03,manual,sin_clasificar,3.0,False,0,0,0.0,P0_intervenir_hoy,8,2026-07-04 06:01,Llamada gerente/asesor hoy + revisar condición financiera y cuota inicial.,pendiente,Enzo Villanueva,618
2022-01270,URT-802,Los Jardines de Urteaga,Enzo Villanueva,639559.0,2335,0.15666793353573522,bajo,Seguimiento comercial estándar.,Enzo Villanueva,15029.76,675,2020-02-10,manual,sin_clasificar,3.0,False,0,0,0.0,P0_intervenir_hoy,8,2026-07-04 06:01,Llamada gerente/asesor hoy + revisar condición financiera y cuota inicial.,pendiente,Enzo Villanueva,619
2022-01275,URT-1101,Los Jardines de Urteaga,Enzo Villanueva,657153.0,2474,0.15112718812226764,bajo,Seguimiento comercial estándar.,Enzo Villanueva,14897.05,676,2019-09-24,manual,sin_clasificar,3.0,False,0,0,0.0,P0_intervenir_hoy,8,2026-07-04 06:01,Llamada gerente/asesor hoy + revisar condición financiera y cuota inicial.,pendiente,Enzo Villanueva,620
2022-01282,URT-1701,Los Jardines de Urteaga,Enzo Villanueva,657153.0,2335,0.15112718812226764,bajo,Seguimiento comercial estándar.,Enzo Villanueva,14897.05,678,2020-02-10,manual,sin_clasificar,3.0,False,0,0,0.0,P0_intervenir_hoy,8,2026-07-04 06:01,Llamada gerente/asesor hoy + revisar condición financiera y cuota inicial.,pendiente,Enzo Villanueva,621
2022-01277,URT-1201,Los Jardines de Urteaga,Enzo Villanueva,657153.0,2200,0.15112718812226764,bajo,Seguimiento comercial estándar.,Enzo Villanueva,14897.05,677,2020-06-24,manual,sin_clasificar,3.0,False,0,0,0.0,P0_intervenir_hoy,8,2026-07-04 06:01,Llamada gerente/asesor hoy + revisar condición financiera y cuota inicial.,pendiente,Enzo Villanueva,622
2022-01233,URT-601,Los Jardines de Urteaga,Enzo Villanueva,657000.0,2869,0.15112718812226764,bajo,Seguimiento comercial estándar.,Enzo Villanueva,14893.58,679,2018-08-25,manual,sin_clasificar,3.0,False,0,0,0.0,P0_intervenir_hoy,8,2026-07-04 06:01,Llamada gerente/asesor hoy + revisar condición financiera y cuota inicial.,pendiente,Enzo Villanueva,623
2022-01269,URT-801,Los Jardines de Urteaga,Enzo Villanueva,657000.0,2559,0.15112718812226764,bajo,Seguimiento comercial estándar.,Enzo Villanueva,14893.58,680,2019-07-01,manual,sin_clasificar,3.0,False,0,0,0.0,P0_intervenir_hoy,8,2026-07-04 06:01,Llamada gerente/asesor hoy + revisar condición financiera y cuota inicial.,pendiente,Enzo Villanueva,624
2022-01271,URT-901,Los Jardines de Urteaga,Enzo Villanueva,657000.0,2163,0.15112718812226764,bajo,Seguimiento comercial estándar.,Enzo Villanueva,14893.58,681,2020-07-31,manual,sin_clasificar,3.0,False,0,0,0.0,P0_intervenir_hoy,8,2026-07-04 06:01,Llamada gerente/asesor hoy + revisar condición financiera y cuota inicial.,pendiente,Enzo Villanueva,625
2022-01357,URT-701,Los Jardines de Urteaga,Enzo Villanueva,657000.0,1598,0.15112718812226764,bajo,Seguimiento comercial estándar.,Enzo Villanueva,14893.58,682,2022-02-16,manual,sin_clasificar,3.0,False,0,0,0.0,P0_intervenir_hoy,8,2026-07-04 06:01,Llamada gerente/asesor hoy + revisar condición financiera y cuota inicial.,pendiente,Enzo Villanueva,626
2022-01392,CRUZ-1605,Edificio Santa Cruz Infinite,Enzo Villanueva,479100.0,2507,0.20694323574317652,bajo,Seguimiento comercial estándar.,Enzo Villanueva,14871.98,683,2019-08-22,manual,sin_clasificar,3.0,False,0,0,0.0,P0_intervenir_hoy,8,2026-07-04 06:01,Llamada gerente/asesor hoy + revisar condición financiera y cuota inicial.,pendiente,Enzo Villanueva,627
2022-01206,URT-202,Los Jardines de Urteaga,Enzo Villanueva,647640.0,3031,0.1520795690746486,bajo,Seguimiento comercial estándar.,Enzo Villanueva,14773.92,684,2018-03-16,manual,sin_clasificar,3.0,False,0,0,0.0,P0_intervenir_hoy,8,2026-07-04 06:01,Llamada gerente/asesor hoy + revisar condición financiera y cuota inicial.,pendiente,Enzo Villanueva,628
2022-01211,URT-402,Los Jardines de Urteaga,Enzo Villanueva,622080.0,2837,0.15666793353573522,bajo,Seguimiento comercial estándar.,Enzo Villanueva,14619.0,686,2018-09-26,manual,sin_clasificar,3.0,False,0,0,0.0,P0_intervenir_hoy,8,2026-07-04 06:01,Llamada gerente/asesor hoy + revisar condición financiera y cuota inicial.,pendiente,Enzo Villanueva,629
2022-01209,URT-302,Los Jardines de Urteaga,Enzo Villanueva,622080.0,2716,0.15666793353573522,bajo,Seguimiento comercial estándar.,Enzo Villanueva,14619.0,685,2019-01-25,manual,sin_clasificar,3.0,False,0,0,0.0,P0_intervenir_hoy,8,2026-07-04 06:01,Llamada gerente/asesor hoy + revisar condición financiera y cuota inicial.,pendiente,Enzo Villanueva,630
2022-01216,URT-502,Los Jardines de Urteaga,Enzo Villanueva,622080.0,2640,0.15666793353573522,bajo,Seguimiento comercial estándar.,Enzo Villanueva,14619.0,687,2019-04-11,manual,sin_clasificar,3.0,False,0,0,0.0,P0_intervenir_hoy,8,2026-07-04 06:01,Llamada gerente/asesor hoy + revisar condición financiera y cuota inicial.,pendiente,Enzo Villanueva,631
2025-00240,CRUZ-1106,Edificio Santa Cruz Infinite,Enzo Villanueva,470060.0,907,0.20694323574317652,bajo,Seguimiento comercial estándar.,Enzo Villanueva,14591.36,688,2024-01-08,manual,sin_clasificar,3.0,False,0,0,0.0,P0_intervenir_hoy,8,2026-07-04 06:01,Llamada gerente/asesor hoy + revisar condición financiera y cuota inicial.,pendiente,Enzo Villanueva,632
2021-02712,CRUZ-703,Edificio Santa Cruz Infinite,Enzo Villanueva,467700.0,1829,0.20694323574317652,bajo,Seguimiento comercial estándar.,Enzo Villanueva,14518.1,689,2021-06-30,manual,sin_clasificar,3.0,False,0,0,0.0,P0_intervenir_hoy,8,2026-07-04 06:01,Llamada gerente/asesor hoy + revisar condición financiera y cuota inicial.,pendiente,Enzo Villanueva,633
2021-02720,CRUZ-1205,Edificio Santa Cruz Infinite,Enzo Villanueva,459200.0,1767,0.20694323574317652,bajo,Seguimiento comercial estándar.,Enzo Villanueva,14254.25,690,2021-08-31,manual,sin_clasificar,3.0,False,0,0,0.0,P0_intervenir_hoy,8,2026-07-04 06:01,Llamada gerente/asesor hoy + revisar condición financiera y cuota inicial.,pendiente,Enzo Villanueva,634
2021-04747,CRUZ-1104,Edificio Santa Cruz Infinite,Enzo Villanueva,456500.0,1681,0.20694323574317652,bajo,Seguimiento comercial estándar.,Enzo Villanueva,14170.44,691,2021-11-25,manual,sin_clasificar,3.0,False,0,0,0.0,P0_intervenir_hoy,8,2026-07-04 06:01,Llamada gerente/asesor hoy + revisar condición financiera y cuota inicial.,pendiente,Enzo Villanueva,635
2022-01276,URT-1102,Los Jardines de Urteaga,Enzo Villanueva,604989.0,2478,0.1559017294024871,bajo,Seguimiento comercial estándar.,Enzo Villanueva,14147.82,692,2019-09-20,manual,sin_clasificar,3.0,False,0,0,0.0,P0_intervenir_hoy,8,2026-07-04 06:01,Llamada gerente/asesor hoy + revisar condición financiera y cuota inicial.,pendiente,Enzo Villanueva,636
2022-01278,URT-1202,Los Jardines de Urteaga,Enzo Villanueva,604989.0,2477,0.1559017294024871,bajo,Seguimiento comercial estándar.,Enzo Villanueva,14147.82,693,2019-09-21,manual,sin_clasificar,3.0,False,0,0,0.0,P0_intervenir_hoy,8,2026-07-04 06:01,Llamada gerente/asesor hoy + revisar condición financiera y cuota inicial.,pendiente,Enzo Villanueva,637
2022-01284,URT-1902,Los Jardines de Urteaga,Enzo Villanueva,604989.0,2340,0.1559017294024871,bajo,Seguimiento comercial estándar.,Enzo Villanueva,14147.82,694,2020-02-05,manual,sin_clasificar,3.0,False,0,0,0.0,P0_intervenir_hoy,8,2026-07-04 06:01,Llamada gerente/asesor hoy + revisar condición financiera y cuota inicial.,pendiente,Enzo Villanueva,638
2022-01267,URT-602,Los Jardines de Urteaga,Enzo Villanueva,604440.0,2946,0.1559017294024871,bajo,Seguimiento comercial estándar.,Enzo Villanueva,14134.99,695,2018-06-09,manual,sin_clasificar,3.0,False,0,0,0.0,P0_intervenir_hoy,8,2026-07-04 06:01,Llamada gerente/asesor hoy + revisar condición financiera y cuota inicial.,pendiente,Enzo Villanueva,639
2022-01268,URT-702,Los Jardines de Urteaga,Enzo Villanueva,604440.0,2580,0.1559017294024871,bajo,Seguimiento comercial estándar.,Enzo Villanueva,14134.99,696,2019-06-10,manual,sin_clasificar,3.0,False,0,0,0.0,P0_intervenir_hoy,8,2026-07-04 06:01,Llamada gerente/asesor hoy + revisar condición financiera y cuota inicial.,pendiente,Enzo Villanueva,640
2022-01272,URT-902,Los Jardines de Urteaga,Enzo Villanueva,604440.0,2546,0.1559017294024871,bajo,Seguimiento comercial estándar.,Enzo Villanueva,14134.99,697,2019-07-14,manual,sin_clasificar,3.0,False,0,0,0.0,P0_intervenir_hoy,8,2026-07-04 06:01,Llamada gerente/asesor hoy + revisar condición financiera y cuota inicial.,pendiente,Enzo Villanueva,641
2021-02718,CRUZ-1606,Edificio Santa Cruz Infinite,Enzo Villanueva,455000.0,1890,0.20694323574317652,bajo,Seguimiento comercial estándar.,Enzo Villanueva,14123.88,698,2021-04-30,manual,sin_clasificar,3.0,False,0,0,0.0,P0_intervenir_hoy,8,2026-07-04 06:01,Llamada gerente/asesor hoy + revisar condición financiera y cuota inicial.,pendiente,Enzo Villanueva,642
2021-01637,CUBA-1102,Edificio Cuba Connect,Nelly Román Villavicencio,316120.0,1797,0.29627036501042325,bajo,Seguimiento comercial estándar.,Nelly Román Villavicencio,14048.55,699,2021-08-01,manual,sin_clasificar,1.0,False,0,0,0.03163355687713527,P0_intervenir_hoy,8,2026-07-04 06:01,Llamada gerente/asesor hoy + revisar condición financiera y cuota inicial.,pendiente,Nelly Román Villavicencio,643
2021-02713,CRUZ-905,Edificio Santa Cruz Infinite,Enzo Villanueva,448800.0,1920,0.20796148488361557,bajo,Seguimiento comercial estándar.,Enzo Villanueva,13999.97,700,2021-03-31,manual,sin_clasificar,3.0,False,0,0,0.0,P0_intervenir_hoy,8,2026-07-04 06:01,Llamada gerente/asesor hoy + revisar condición financiera y cuota inicial.,pendiente,Enzo Villanueva,644
2025-00339,ES-1105,Edificio Saenz,Enzo Villanueva,515900.0,907,0.17902984672429986,bajo,Seguimiento comercial estándar.,Enzo Villanueva,13854.22,701,2024-01-08,manual,sin_clasificar,3.0,False,0,0,0.0,P0_intervenir_hoy,8,2026-07-04 06:01,Llamada gerente/asesor hoy + revisar condición financiera y cuota inicial.,pendiente,Enzo Villanueva,645
2022-01283,URT-1702,Los Jardines de Urteaga,Enzo Villanueva,587703.0,2487,0.15502486737562504,bajo,Seguimiento comercial estándar.,Enzo Villanueva,13666.29,702,2019-09-11,manual,sin_clasificar,3.0,False,0,0,0.0,P0_intervenir_hoy,8,2026-07-04 06:01,Llamada gerente/asesor hoy + revisar condición financiera y cuota inicial.,pendiente,Enzo Villanueva,646
2021-02719,CRUZ-1705,Edificio Santa Cruz Infinite,Enzo Villanueva,436000.0,1767,0.20796148488361557,bajo,Seguimiento comercial estándar.,Enzo Villanueva,13600.68,703,2021-08-31,manual,sin_clasificar,3.0,False,0,0,0.0,P0_intervenir_hoy,8,2026-07-04 06:01,Llamada gerente/asesor hoy + revisar condición financiera y cuota inicial.,pendiente,Enzo Villanueva,647
2021-02715,CRUZ-1305,Edificio Santa Cruz Infinite,Enzo Villanueva,435300.0,1980,0.20796148488361557,bajo,Seguimiento comercial estándar.,Enzo Villanueva,13578.85,705,2021-01-30,manual,sin_clasificar,3.0,False,0,0,0.0,P0_intervenir_hoy,8,2026-07-04 06:01,Llamada gerente/asesor hoy + revisar condición financiera y cuota inicial.,pendiente,Enzo Villanueva,648
2021-02714,CRUZ-1105,Edificio Santa Cruz Infinite,Enzo Villanueva,435300.0,1829,0.20796148488361557,bajo,Seguimiento comercial estándar.,Enzo Villanueva,13578.85,704,2021-06-30,manual,sin_clasificar,3.0,False,0,0,0.0,P0_intervenir_hoy,8,2026-07-04 06:01,Llamada gerente/asesor hoy + revisar condición financiera y cuota inicial.,pendiente,Enzo Villanueva,649
2020-00104,CUBA-1702,Edificio Cuba Connect,Nelly Román Villavicencio,254900.0,2200,0.34580707333725696,bajo,Seguimiento comercial estándar.,Nelly Román Villavicencio,13221.93,706,2020-06-24,manual,sin_clasificar,1.0,False,0,0,0.04841898783836799,P0_intervenir_hoy,8,2026-07-04 06:01,Llamada gerente/asesor hoy + revisar condición financiera y cuota inicial.,pendiente,Nelly Román Villavicencio,650
2022-01281,URT-1602,Los Jardines de Urteaga,Enzo Villanueva,570240.0,2935,0.15394378629454397,bajo,Seguimiento comercial estándar.,Enzo Villanueva,13167.74,707,2018-06-20,manual,sin_clasificar,3.0,False,0,0,0.0,P0_intervenir_hoy,8,2026-07-04 06:01,Llamada gerente/asesor hoy + revisar condición financiera y cuota inicial.,pendiente,Enzo Villanueva,651
2023-02268,MA-404,Edificio Mariategui,Enzo Villanueva,315000.0,946,0.25770388036876574,bajo,Seguimiento comercial estándar.,Enzo Villanueva,12176.51,708,2023-11-30,manual,sin_clasificar,1.0,False,0,0,0.0,P0_intervenir_hoy,8,2026-07-04 06:01,Llamada gerente/asesor hoy + revisar condición financiera y cuota inicial.,pendiente,Enzo Villanueva,652
2022-00790,MA-1004,Edificio Mariategui,Enzo Villanueva,274400.0,1634,0.29414954745197475,bajo,Seguimiento comercial estándar.,Enzo Villanueva,12107.2,709,2022-01-11,manual,sin_clasificar,0.0,False,0,0,0.0,P0_intervenir_hoy,8,2026-07-04 06:01,Llamada gerente/asesor hoy + revisar condición financiera y cuota inicial.,pendiente,Enzo Villanueva,653
2025-00174,CUBA-201,Edificio Cuba Connect,Enzo Villanueva,434887.0,907,0.182750488261804,bajo,Seguimiento comercial estándar.,Enzo Villanueva,11921.37,710,2024-01-08,manual,sin_clasificar,3.0,False,0,0,0.0,P0_intervenir_hoy,8,2026-07-04 06:01,Llamada gerente/asesor hoy + revisar condición financiera y cuota inicial.,pendiente,Enzo Villanueva,654
2023-02265,MA-704,Edificio Mariategui,Enzo Villanueva,298400.0,1008,0.26345258661366455,bajo,Seguimiento comercial estándar.,Enzo Villanueva,11792.14,711,2023-09-29,manual,sin_clasificar,1.0,False,0,0,0.0,P0_intervenir_hoy,8,2026-07-04 06:01,Llamada gerente/asesor hoy + revisar condición financiera y cuota inicial.,pendiente,Enzo Villanueva,655
2025-00304,ES-405,Edificio Saenz,Enzo Villanueva,494900.0,907,0.1428962569467109,bajo,Seguimiento comercial estándar.,Enzo Villanueva,10607.9,712,2024-01-08,manual,sin_clasificar,3.0,False,0,0,0.0,P0_intervenir_hoy,8,2026-07-04 06:01,Llamada gerente/asesor hoy + revisar condición financiera y cuota inicial.,pendiente,Enzo Villanueva,656
2025-00242,CRUZ-1602,Edificio Santa Cruz Infinite,Enzo Villanueva,356100.0,907,0.19142821750186897,bajo,Seguimiento comercial estándar.,Enzo Villanueva,10225.14,713,2024-01-08,manual,sin_clasificar,1.0,False,0,0,0.0,P0_intervenir_hoy,8,2026-07-04 06:01,Llamada gerente/asesor hoy + revisar condición financiera y cuota inicial.,pendiente,Enzo Villanueva,657
2022-01194,CUBA-1002,Edificio Cuba Connect,Enzo Villanueva,381018.0,2482,0.17250479344217767,bajo,Seguimiento comercial estándar.,Enzo Villanueva,9859.11,714,2019-09-16,manual,sin_clasificar,1.0,False,0,0,0.0,P0_intervenir_hoy,8,2026-07-04 06:01,Llamada gerente/asesor hoy + revisar condición financiera y cuota inicial.,pendiente,Enzo Villanueva,658
2022-02103,CUBA-802,Edificio Cuba Connect,Enzo Villanueva,381018.0,2102,0.17250479344217767,bajo,Seguimiento comercial estándar.,Enzo Villanueva,9859.11,715,2020-09-30,manual,sin_clasificar,1.0,False,0,0,0.0,P0_intervenir_hoy,8,2026-07-04 06:01,Llamada gerente/asesor hoy + revisar condición financiera y cuota inicial.,pendiente,Enzo Villanueva,659
2025-00305,ES-406,Edificio Saenz,Enzo Villanueva,471300.0,907,0.13488752603880286,bajo,Seguimiento comercial estándar.,Enzo Villanueva,9535.87,716,2024-01-08,manual,sin_clasificar,3.0,False,0,0,0.0,P0_intervenir_hoy,8,2026-07-04 06:01,Llamada gerente/asesor hoy + revisar condición financiera y cuota inicial.,pendiente,Enzo Villanueva,660
2022-01195,CUBA-1502,Edificio Cuba Connect,Enzo Villanueva,370434.0,2425,0.17157248591426189,bajo,Seguimiento comercial estándar.,Enzo Villanueva,9533.44,717,2019-11-12,manual,sin_clasificar,1.0,False,0,0,0.0,P0_intervenir_hoy,8,2026-07-04 06:01,Llamada gerente/asesor hoy + revisar condición financiera y cuota inicial.,pendiente,Enzo Villanueva,661
2025-00320,ES-705,Edificio Saenz,Enzo Villanueva,470900.0,907,0.13488752603880286,bajo,Seguimiento comercial estándar.,Enzo Villanueva,9527.78,718,2024-01-08,manual,sin_clasificar,3.0,False,0,0,0.0,P0_intervenir_hoy,8,2026-07-04 06:01,Llamada gerente/asesor hoy + revisar condición financiera y cuota inicial.,pendiente,Enzo Villanueva,662
2025-00296,ES-206,Edificio Saenz,Enzo Villanueva,466300.0,907,0.13488752603880286,bajo,Seguimiento comercial estándar.,Enzo Villanueva,9434.71,719,2024-01-08,manual,sin_clasificar,3.0,False,0,0,0.0,P0_intervenir_hoy,8,2026-07-04 06:01,Llamada gerente/asesor hoy + revisar condición financiera y cuota inicial.,pendiente,Enzo Villanueva,663
2025-00340,ES-1206,Edificio Saenz,Enzo Villanueva,465500.0,907,0.13488752603880286,bajo,Seguimiento comercial estándar.,Enzo Villanueva,9418.52,720,2024-01-08,manual,sin_clasificar,3.0,False,0,0,0.0,P0_intervenir_hoy,8,2026-07-04 06:01,Llamada gerente/asesor hoy + revisar condición financiera y cuota inicial.,pendiente,Enzo Villanueva,664
2025-00310,ES-505,Edificio Saenz,Enzo Villanueva,463760.0,907,0.13488752603880286,bajo,Seguimiento comercial estándar.,Enzo Villanueva,9383.32,721,2024-01-08,manual,sin_clasificar,3.0,False,0,0,0.0,P0_intervenir_hoy,8,2026-07-04 06:01,Llamada gerente/asesor hoy + revisar condición financiera y cuota inicial.,pendiente,Enzo Villanueva,665
2025-00301,ES-401,Edificio Saenz,Enzo Villanueva,463300.0,907,0.13488752603880286,bajo,Seguimiento comercial estándar.,Enzo Villanueva,9374.01,722,2024-01-08,manual,sin_clasificar,3.0,False,0,0,0.0,P0_intervenir_hoy,8,2026-07-04 06:01,Llamada gerente/asesor hoy + revisar condición financiera y cuota inicial.,pendiente,Enzo Villanueva,666
2022-01197,CUBA-1602,Edificio Cuba Connect,Enzo Villanueva,359850.0,2684,0.17157248591426189,bajo,Seguimiento comercial estándar.,Enzo Villanueva,9261.05,723,2019-02-26,manual,sin_clasificar,1.0,False,0,0,0.0,P0_intervenir_hoy,8,2026-07-04 06:01,Llamada gerente/asesor hoy + revisar condición financiera y cuota inicial.,pendiente,Enzo Villanueva,667
2022-02104,CUBA-1802,Edificio Cuba Connect,Enzo Villanueva,359850.0,2560,0.17157248591426189,bajo,Seguimiento comercial estándar.,Enzo Villanueva,9261.05,724,2019-06-30,manual,sin_clasificar,1.0,False,0,0,0.0,P0_intervenir_hoy,8,2026-07-04 06:01,Llamada gerente/asesor hoy + revisar condición financiera y cuota inicial.,pendiente,Enzo Villanueva,668
2021-02729,CUBA-1302,Edificio Cuba Connect,Enzo Villanueva,344190.0,1897,0.17157248591426189,bajo,Seguimiento comercial estándar.,Enzo Villanueva,8858.03,726,2021-04-23,manual,sin_clasificar,1.0,False,0,0,0.0,P0_intervenir_hoy,8,2026-07-04 06:01,Llamada gerente/asesor hoy + revisar condición financiera y cuota inicial.,pendiente,Enzo Villanueva,669
2021-02730,CUBA-1402,Edificio Cuba Connect,Enzo Villanueva,344190.0,1806,0.17157248591426189,bajo,Seguimiento comercial estándar.,Enzo Villanueva,8858.03,727,2021-07-23,manual,sin_clasificar,1.0,False,0,0,0.0,P0_intervenir_hoy,8,2026-07-04 06:01,Llamada gerente/asesor hoy + revisar condición financiera y cuota inicial.,pendiente,Enzo Villanueva,670
2021-02728,CUBA-1202,Edificio Cuba Connect,Enzo Villanueva,344190.0,1778,0.17157248591426189,bajo,Seguimiento comercial estándar.,Enzo Villanueva,8858.03,725,2021-08-20,manual,sin_clasificar,1.0,False,0,0,0.0,P0_intervenir_hoy,8,2026-07-04 06:01,Llamada gerente/asesor hoy + revisar condición financiera y cuota inicial.,pendiente,Enzo Villanueva,671
2021-02761,CUBA-2002,Edificio Cuba Connect,Enzo Villanueva,334356.0,1995,0.17157248591426189,bajo,Seguimiento comercial estándar.,Enzo Villanueva,8604.94,728,2021-01-15,manual,sin_clasificar,1.0,False,0,0,0.0,P0_intervenir_hoy,8,2026-07-04 06:01,Llamada gerente/asesor hoy + revisar condición financiera y cuota inicial.,pendiente,Enzo Villanueva,672
2025-00314,ES-605,Edificio Saenz,Enzo Villanueva,453760.0,907,0.12149816139613283,bajo,Seguimiento comercial estándar.,Enzo Villanueva,8269.65,729,2024-01-08,manual,sin_clasificar,3.0,False,0,0,0.0,P0_intervenir_hoy,8,2026-07-04 06:01,Llamada gerente/asesor hoy + revisar condición financiera y cuota inicial.,pendiente,Enzo Villanueva,673
2025-00294,ES-203,Edificio Saenz,Enzo Villanueva,451380.0,907,0.12149816139613283,bajo,Seguimiento comercial estándar.,Enzo Villanueva,8226.28,730,2024-01-08,manual,sin_clasificar,3.0,False,0,0,0.0,P0_intervenir_hoy,8,2026-07-04 06:01,Llamada gerente/asesor hoy + revisar condición financiera y cuota inicial.,pendiente,Enzo Villanueva,674
2025-00297,ES-302,Edificio Saenz,Enzo Villanueva,451380.0,907,0.12149816139613283,bajo,Seguimiento comercial estándar.,Enzo Villanueva,8226.28,731,2024-01-08,manual,sin_clasificar,3.0,False,0,0,0.0,P0_intervenir_hoy,8,2026-07-04 06:01,Llamada gerente/asesor hoy + revisar condición financiera y cuota inicial.,pendiente,Enzo Villanueva,675
2025-00315,ES-606,Edificio Saenz,Enzo Villanueva,450100.0,907,0.12149816139613283,bajo,Seguimiento comercial estándar.,Enzo Villanueva,8202.95,732,2024-01-08,manual,sin_clasificar,3.0,False,0,0,0.0,P0_intervenir_hoy,8,2026-07-04 06:01,Llamada gerente/asesor hoy + revisar condición financiera y cuota inicial.,pendiente,Enzo Villanueva,676
2025-00331,ES-905,Edificio Saenz,Enzo Villanueva,441440.0,907,0.12149816139613283,bajo,Seguimiento comercial estándar.,Enzo Villanueva,8045.12,733,2024-01-08,manual,sin_clasificar,3.0,False,0,0,0.0,P0_intervenir_hoy,8,2026-07-04 06:01,Llamada gerente/asesor hoy + revisar condición financiera y cuota inicial.,pendiente,Enzo Villanueva,677
2025-00302,ES-403,Edificio Saenz,Enzo Villanueva,439381.0,907,0.12149816139613283,bajo,Seguimiento comercial estándar.,Enzo Villanueva,8007.6,734,2024-01-08,manual,sin_clasificar,3.0,False,0,0,0.0,P0_intervenir_hoy,8,2026-07-04 06:01,Llamada gerente/asesor hoy + revisar condición financiera y cuota inicial.,pendiente,Enzo Villanueva,678
2025-00298,ES-303,Edificio Saenz,Enzo Villanueva,438460.0,907,0.12149816139613283,bajo,Seguimiento comercial estándar.,Enzo Villanueva,7990.81,735,2024-01-08,manual,sin_clasificar,3.0,False,0,0,0.0,P0_intervenir_hoy,8,2026-07-04 06:01,Llamada gerente/asesor hoy + revisar condición financiera y cuota inicial.,pendiente,Enzo Villanueva,679
2025-00326,ES-806,Edificio Saenz,Enzo Villanueva,434600.0,907,0.12149816139613283,bajo,Seguimiento comercial estándar.,Enzo Villanueva,7920.47,736,2024-01-08,manual,sin_clasificar,3.0,False,0,0,0.0,P0_intervenir_hoy,8,2026-07-04 06:01,Llamada gerente/asesor hoy + revisar condición financiera y cuota inicial.,pendiente,Enzo Villanueva,680
2025-00337,ES-1005,Edificio Saenz,Enzo Villanueva,424520.0,907,0.12149816139613283,bajo,Seguimiento comercial estándar.,Enzo Villanueva,7736.76,737,2024-01-08,manual,sin_clasificar,3.0,False,0,0,0.0,P0_intervenir_hoy,8,2026-07-04 06:01,Llamada gerente/asesor hoy + revisar condición financiera y cuota inicial.,pendiente,Enzo Villanueva,681
2025-00307,ES-502,Edificio Saenz,Enzo Villanueva,423300.0,907,0.12149816139613283,bajo,Seguimiento comercial estándar.,Enzo Villanueva,7714.53,738,2024-01-08,manual,sin_clasificar,3.0,False,0,0,0.0,P0_intervenir_hoy,8,2026-07-04 06:01,Llamada gerente/asesor hoy + revisar condición financiera y cuota inicial.,pendiente,Enzo Villanueva,682
2025-00321,ES-706,Edificio Saenz,Enzo Villanueva,419600.0,907,0.1211916541778609,bajo,Seguimiento comercial estándar.,Enzo Villanueva,7627.8,739,2024-01-08,manual,sin_clasificar,3.0,False,0,0,0.0,P0_intervenir_hoy,8,2026-07-04 06:01,Llamada gerente/asesor hoy + revisar condición financiera y cuota inicial.,pendiente,Enzo Villanueva,683
2025-00313,ES-604,Edificio Saenz,Enzo Villanueva,419000.0,907,0.1211916541778609,bajo,Seguimiento comercial estándar.,Enzo Villanueva,7616.9,740,2024-01-08,manual,sin_clasificar,3.0,False,0,0,0.0,P0_intervenir_hoy,8,2026-07-04 06:01,Llamada gerente/asesor hoy + revisar condición financiera y cuota inicial.,pendiente,Enzo Villanueva,684
2025-00300,ES-306,Edificio Saenz,Enzo Villanueva,417100.0,907,0.1211916541778609,bajo,Seguimiento comercial estándar.,Enzo Villanueva,7582.36,741,2024-01-08,manual,sin_clasificar,3.0,False,0,0,0.0,P0_intervenir_hoy,8,2026-07-04 06:01,Llamada gerente/asesor hoy + revisar condición financiera y cuota inicial.,pendiente,Enzo Villanueva,685
2025-00308,ES-503,Edificio Saenz,Enzo Villanueva,415900.0,907,0.1211916541778609,bajo,Seguimiento comercial estándar.,Enzo Villanueva,7560.54,742,2024-01-08,manual,sin_clasificar,3.0,False,0,0,0.0,P0_intervenir_hoy,8,2026-07-04 06:01,Llamada gerente/asesor hoy + revisar condición financiera y cuota inicial.,pendiente,Enzo Villanueva,686
2025-00316,ES-701,Edificio Saenz,Enzo Villanueva,415106.0,907,0.1211916541778609,bajo,Seguimiento comercial estándar.,Enzo Villanueva,7546.11,743,2024-01-08,manual,sin_clasificar,3.0,False,0,0,0.0,P0_intervenir_hoy,8,2026-07-04 06:01,Llamada gerente/asesor hoy + revisar condición financiera y cuota inicial.,pendiente,Enzo Villanueva,687
2025-00306,ES-501,Edificio Saenz,Enzo Villanueva,414090.0,907,0.1211916541778609,bajo,Seguimiento comercial estándar.,Enzo Villanueva,7527.64,744,2024-01-08,manual,sin_clasificar,3.0,False,0,0,0.0,P0_intervenir_hoy,8,2026-07-04 06:01,Llamada gerente/asesor hoy + revisar condición financiera y cuota inicial.,pendiente,Enzo Villanueva,688
2025-00311,ES-602,Edificio Saenz,Enzo Villanueva,413300.0,907,0.1211916541778609,bajo,Seguimiento comercial estándar.,Enzo Villanueva,7513.28,745,2024-01-08,manual,sin_clasificar,3.0,False,0,0,0.0,P0_intervenir_hoy,8,2026-07-04 06:01,Llamada gerente/asesor hoy + revisar condición financiera y cuota inicial.,pendiente,Enzo Villanueva,689
2025-00312,ES-603,Edificio Saenz,Enzo Villanueva,413300.0,907,0.1211916541778609,bajo,Seguimiento comercial estándar.,Enzo Villanueva,7513.28,746,2024-01-08,manual,sin_clasificar,3.0,False,0,0,0.0,P0_intervenir_hoy,8,2026-07-04 06:01,Llamada gerente/asesor hoy + revisar condición financiera y cuota inicial.,pendiente,Enzo Villanueva,690
2025-00324,ES-803,Edificio Saenz,Enzo Villanueva,410380.0,907,0.1211916541778609,bajo,Seguimiento comercial estándar.,Enzo Villanueva,7460.19,747,2024-01-08,manual,sin_clasificar,3.0,False,0,0,0.0,P0_intervenir_hoy,8,2026-07-04 06:01,Llamada gerente/asesor hoy + revisar condición financiera y cuota inicial.,pendiente,Enzo Villanueva,691
2025-00332,ES-906,Edificio Saenz,Enzo Villanueva,410000.0,907,0.1211916541778609,bajo,Seguimiento comercial estándar.,Enzo Villanueva,7453.29,748,2024-01-08,manual,sin_clasificar,3.0,False,0,0,0.0,P0_intervenir_hoy,8,2026-07-04 06:01,Llamada gerente/asesor hoy + revisar condición financiera y cuota inicial.,pendiente,Enzo Villanueva,692
2025-00309,ES-504,Edificio Saenz,Enzo Villanueva,409900.0,907,0.1211916541778609,bajo,Seguimiento comercial estándar.,Enzo Villanueva,7451.47,749,2024-01-08,manual,sin_clasificar,3.0,False,0,0,0.0,P0_intervenir_hoy,8,2026-07-04 06:01,Llamada gerente/asesor hoy + revisar condición financiera y cuota inicial.,pendiente,Enzo Villanueva,693
2025-00319,ES-704,Edificio Saenz,Enzo Villanueva,406980.0,907,0.1211916541778609,bajo,Seguimiento comercial estándar.,Enzo Villanueva,7398.39,750,2024-01-08,manual,sin_clasificar,3.0,False,0,0,0.0,P0_intervenir_hoy,8,2026-07-04 06:01,Llamada gerente/asesor hoy + revisar condición financiera y cuota inicial.,pendiente,Enzo Villanueva,694
2025-00325,ES-804,Edificio Saenz,Enzo Villanueva,406980.0,907,0.1211916541778609,bajo,Seguimiento comercial estándar.,Enzo Villanueva,7398.39,751,2024-01-08,manual,sin_clasificar,3.0,False,0,0,0.0,P0_intervenir_hoy,8,2026-07-04 06:01,Llamada gerente/asesor hoy + revisar condición financiera y cuota inicial.,pendiente,Enzo Villanueva,695
2025-00322,ES-801,Edificio Saenz,Enzo Villanueva,405100.0,907,0.1211916541778609,bajo,Seguimiento comercial estándar.,Enzo Villanueva,7364.21,752,2024-01-08,manual,sin_clasificar,3.0,False,0,0,0.0,P0_intervenir_hoy,8,2026-07-04 06:01,Llamada gerente/asesor hoy + revisar condición financiera y cuota inicial.,pendiente,Enzo Villanueva,696
2025-00317,ES-702,Edificio Saenz,Enzo Villanueva,400380.0,907,0.1211916541778609,bajo,Seguimiento comercial estándar.,Enzo Villanueva,7278.41,753,2024-01-08,manual,sin_clasificar,3.0,False,0,0,0.0,P0_intervenir_hoy,8,2026-07-04 06:01,Llamada gerente/asesor hoy + revisar condición financiera y cuota inicial.,pendiente,Enzo Villanueva,697
2025-00318,ES-703,Edificio Saenz,Enzo Villanueva,400380.0,907,0.1211916541778609,bajo,Seguimiento comercial estándar.,Enzo Villanueva,7278.41,754,2024-01-08,manual,sin_clasificar,3.0,False,0,0,0.0,P0_intervenir_hoy,8,2026-07-04 06:01,Llamada gerente/asesor hoy + revisar condición financiera y cuota inicial.,pendiente,Enzo Villanueva,698
2025-00323,ES-802,Edificio Saenz,Enzo Villanueva,395380.0,907,0.1211916541778609,bajo,Seguimiento comercial estándar.,Enzo Villanueva,7187.51,755,2024-01-08,manual,sin_clasificar,3.0,False,0,0,0.0,P0_intervenir_hoy,8,2026-07-04 06:01,Llamada gerente/asesor hoy + revisar condición financiera y cuota inicial.,pendiente,Enzo Villanueva,699
2025-00303,ES-404,Edificio Saenz,Enzo Villanueva,393720.0,907,0.1211916541778609,bajo,Seguimiento comercial estándar.,Enzo Villanueva,7157.34,756,2024-01-08,manual,sin_clasificar,3.0,False,0,0,0.0,P0_intervenir_hoy,8,2026-07-04 06:01,Llamada gerente/asesor hoy + revisar condición financiera y cuota inicial.,pendiente,Enzo Villanueva,700
2025-00330,ES-904,Edificio Saenz,Enzo Villanueva,393720.0,907,0.1211916541778609,bajo,Seguimiento comercial estándar.,Enzo Villanueva,7157.34,757,2024-01-08,manual,sin_clasificar,3.0,False,0,0,0.0,P0_intervenir_hoy,8,2026-07-04 06:01,Llamada gerente/asesor hoy + revisar condición financiera y cuota inicial.,pendiente,Enzo Villanueva,701
2025-00328,ES-902,Edificio Saenz,Enzo Villanueva,387460.0,907,0.1211916541778609,bajo,Seguimiento comercial estándar.,Enzo Villanueva,7043.54,758,2024-01-08,manual,sin_clasificar,3.0,False,0,0,0.0,P0_intervenir_hoy,8,2026-07-04 06:01,Llamada gerente/asesor hoy + revisar condición financiera y cuota inicial.,pendiente,Enzo Villanueva,702
2025-00334,ES-1002,Edificio Saenz,Enzo Villanueva,387460.0,907,0.1211916541778609,bajo,Seguimiento comercial estándar.,Enzo Villanueva,7043.54,759,2024-01-08,manual,sin_clasificar,3.0,False,0,0,0.0,P0_intervenir_hoy,8,2026-07-04 06:01,Llamada gerente/asesor hoy + revisar condición financiera y cuota inicial.,pendiente,Enzo Villanueva,703
2025-00327,ES-901,Edificio Saenz,Enzo Villanueva,386100.0,907,0.1211916541778609,bajo,Seguimiento comercial estándar.,Enzo Villanueva,7018.81,760,2024-01-08,manual,sin_clasificar,3.0,False,0,0,0.0,P0_intervenir_hoy,8,2026-07-04 06:01,Llamada gerente/asesor hoy + revisar condición financiera y cuota inicial.,pendiente,Enzo Villanueva,704
2025-00333,ES-1001,Edificio Saenz,Enzo Villanueva,386100.0,907,0.1211916541778609,bajo,Seguimiento comercial estándar.,Enzo Villanueva,7018.81,761,2024-01-08,manual,sin_clasificar,3.0,False,0,0,0.0,P0_intervenir_hoy,8,2026-07-04 06:01,Llamada gerente/asesor hoy + revisar condición financiera y cuota inicial.,pendiente,Enzo Villanueva,705
2025-00329,ES-903,Edificio Saenz,Enzo Villanueva,384460.0,907,0.1211916541778609,bajo,Seguimiento comercial estándar.,Enzo Villanueva,6989.0,762,2024-01-08,manual,sin_clasificar,3.0,False,0,0,0.0,P0_intervenir_hoy,8,2026-07-04 06:01,Llamada gerente/asesor hoy + revisar condición financiera y cuota inicial.,pendiente,Enzo Villanueva,706
2025-00336,ES-1004,Edificio Saenz,Enzo Villanueva,383720.0,907,0.1211916541778609,bajo,Seguimiento comercial estándar.,Enzo Villanueva,6975.55,763,2024-01-08,manual,sin_clasificar,3.0,False,0,0,0.0,P0_intervenir_hoy,8,2026-07-04 06:01,Llamada gerente/asesor hoy + revisar condición financiera y cuota inicial.,pendiente,Enzo Villanueva,707
2026-0003243,CP-B1306,Capadocia,Antonio Martinez,855000.0,97,0.6269632428159025,medio,Priorizar seguimiento del asesor en 24 horas.,Antonio Martinez,80408.04,5,2026-03-28,manual,sin_clasificar,3.0,False,0,0,0.08307770760233918,P1_24_horas,24,2026-07-04 22:01,Seguimiento asesor en 24h + registrar compromiso concreto.,pendiente,Antonio Martinez,708
2026-0006085,GY-1401,Alicanto,Ivan La Riva,617321.94,10,0.6307426141541239,medio,Priorizar seguimiento del asesor en 24 horas.,Ivan La Riva,58405.69,18,2026-06-23,manual,sin_clasificar,3.0,False,0,0,0.08232712415826335,P1_24_horas,24,2026-07-04 22:01,Seguimiento asesor en 24h + registrar compromiso concreto.,pendiente,Ivan La Riva,709
2026-0005740,MD-405,Modena,Antonio Martinez,659000.0,19,0.5877504871232982,medio,Priorizar seguimiento del asesor en 24 horas.,Antonio Martinez,58099.14,19,2026-06-14,manual,sin_clasificar,3.0,False,0,0,0.1492432928679818,P1_24_horas,24,2026-07-04 22:01,Seguimiento asesor en 24h + registrar compromiso concreto.,pendiente,Antonio Martinez,710
2026-0003726,SL-307,Sialia,Luis Peñaloza,605636.45,76,0.6352444138844091,medio,Priorizar seguimiento del asesor en 24 horas.,Luis Peñaloza,57709.08,22,2026-04-18,manual,sin_clasificar,3.0,False,0,0,0.10092898140460338,P1_24_horas,24,2026-07-04 22:01,Seguimiento asesor en 24h + registrar compromiso concreto.,pendiente,Luis Peñaloza,711
2026-0005474,SL-1104,Sialia,Ivan La Riva,587711.46,25,0.6389183620893628,medio,Priorizar seguimiento del asesor en 24 horas.,Ivan La Riva,56324.95,26,2026-06-08,manual,sin_clasificar,3.0,False,0,0,0.10190401936351558,P1_24_horas,24,2026-07-04 22:01,Seguimiento asesor en 24h + registrar compromiso concreto.,pendiente,Ivan La Riva,712
2026-0005566,NP-A1303,Torre Nápoles,Joceline Arizabal Corimanya,639043.22,22,0.5696169939302137,medio,Priorizar seguimiento del asesor en 24 horas.,Joceline Arizabal Corimanya,54601.48,42,2026-06-11,manual,sin_clasificar,1.0,False,0,0,0.1363636249829863,P1_24_horas,24,2026-07-04 22:01,Seguimiento asesor en 24h + registrar compromiso concreto.,pendiente,Joceline Arizabal Corimanya,713
2026-0006402,FX-1401,Fenix,Nelly Román Villavicencio,570441.33,0,0.6029530744472832,medio,Priorizar seguimiento del asesor en 24 horas.,Nelly Román Villavicencio,51592.4,55,2026-07-03,manual,sin_clasificar,3.0,False,0,0,0.09891781508888917,P1_24_horas,24,2026-07-04 22:01,Seguimiento asesor en 24h + registrar compromiso concreto.,pendiente,Nelly Román Villavicencio,714
2026-0005816,FX-901,Fenix,Ivan La Riva,530000.0,18,0.6089781126063641,medio,Priorizar seguimiento del asesor en 24 horas.,Ivan La Riva,48413.76,73,2026-06-15,manual,sin_clasificar,3.0,False,0,0,0.12013430188679246,P1_24_horas,24,2026-07-04 22:01,Seguimiento asesor en 24h + registrar compromiso concreto.,pendiente,Ivan La Riva,715
2026-0003226,SL-1004,Sialia,Nelly Román Villavicencio,507336.48,99,0.6161354458313799,medio,Priorizar seguimiento del asesor en 24 horas.,Nelly Román Villavicencio,46888.2,86,2026-03-26,manual,sin_clasificar,3.0,False,0,0,0.11111111111111112,P1_24_horas,24,2026-07-04 22:01,Seguimiento asesor en 24h + registrar compromiso concreto.,pendiente,Nelly Román Villavicencio,716
2026-0005345,MD-1202,Modena,Nelly Román Villavicencio,560000.0,31,0.5545535041378523,medio,Priorizar seguimiento del asesor en 24 horas.,Nelly Román Villavicencio,46582.49,93,2026-06-02,manual,sin_clasificar,3.0,False,0,0,0.16236367857142858,P1_24_horas,24,2026-07-04 22:01,Seguimiento asesor en 24h + registrar compromiso concreto.,pendiente,Nelly Román Villavicencio,717
2026-0005821,CP-B1107,Capadocia,Yomira  Pacheco,503950.0,16,0.5575634681870706,medio,Priorizar seguimiento del asesor en 24 horas.,Yomira  Pacheco,42147.62,121,2026-06-17,manual,sin_clasificar,3.0,False,0,0,0.1477515626550253,P1_24_horas,24,2026-07-04 22:01,Seguimiento asesor en 24h + registrar compromiso concreto.,pendiente,Yomira  Pacheco,718
2026-0005998,GY-506,Alicanto,Antonio Martinez,501400.0,13,0.5524301241012382,medio,Priorizar seguimiento del asesor en 24 horas.,Antonio Martinez,41548.27,126,2026-06-20,manual,sin_clasificar,3.0,False,0,0,0.07700911447945752,P1_24_horas,24,2026-07-04 22:01,Seguimiento asesor en 24h + registrar compromiso concreto.,pendiente,Antonio Martinez,719
2026-0005898,FX-1303,Fenix,Luis Peñaloza,500000.0,16,0.5371834802142019,medio,Priorizar seguimiento del asesor en 24 horas.,Luis Peñaloza,40288.76,138,2026-06-17,manual,sin_clasificar,3.0,False,0,0,0.13576714,P1_24_horas,24,2026-07-04 22:01,Seguimiento asesor en 24h + registrar compromiso concreto.,pendiente,Luis Peñaloza,720
2026-0003024,CP-A1001,Capadocia,Antonio Martinez,500000.0,107,0.511027535492694,medio,Priorizar seguimiento del asesor en 24 horas.,Antonio Martinez,38327.07,162,2026-03-18,manual,sin_clasificar,3.0,False,0,0,0.19929262,P1_24_horas,24,2026-07-04 22:01,Seguimiento asesor en 24h + registrar compromiso concreto.,pendiente,Antonio Martinez,721
2026-0004773,SL-1006,Sialia,Yomira  Pacheco,414400.0,47,0.5567061932195958,medio,Priorizar seguimiento del asesor en 24 horas.,Yomira  Pacheco,34604.86,210,2026-05-17,manual,sin_clasificar,3.0,False,0,0,0.11544418436293437,P1_24_horas,24,2026-07-04 22:01,Seguimiento asesor en 24h + registrar compromiso concreto.,pendiente,Yomira  Pacheco,722
2026-0004774,SL-406,Sialia,Yomira  Pacheco,405000.0,47,0.5639335955897873,medio,Priorizar seguimiento del asesor en 24 horas.,Yomira  Pacheco,34258.97,218,2026-05-17,manual,sin_clasificar,3.0,False,0,0,0.13032017283950617,P1_24_horas,24,2026-07-04 22:01,Seguimiento asesor en 24h + registrar compromiso concreto.,pendiente,Yomira  Pacheco,723
2026-0004699,SL-908,Sialia,Yomira  Pacheco,391000.0,47,0.5692010968589696,medio,Priorizar seguimiento del asesor en 24 horas.,Yomira  Pacheco,33383.64,239,2026-05-17,manual,sin_clasificar,3.0,False,0,0,0.11100920716112532,P1_24_horas,24,2026-07-04 22:01,Seguimiento asesor en 24h + registrar compromiso concreto.,pendiente,Yomira  Pacheco,724
2026-0004992,CP-B1207,Capadocia,Antonio Martinez,465000.0,42,0.4736226868700775,medio,Priorizar seguimiento del asesor en 24 horas.,Antonio Martinez,33035.18,247,2026-05-22,manual,sin_clasificar,3.0,False,0,0,0.15431741935483873,P1_24_horas,24,2026-07-04 22:01,Seguimiento asesor en 24h + registrar compromiso concreto.,pendiente,Antonio Martinez,725
2026-0005846,FX-505,Fenix,Karlo  Vargas,456248.6,16,0.4727677613198735,medio,Priorizar seguimiento del asesor en 24 horas.,Karlo  Vargas,32354.94,256,2026-06-17,manual,sin_clasificar,3.0,True,0,0,0.11841706473181508,P1_24_horas,24,2026-07-04 22:01,Seguimiento asesor en 24h + registrar compromiso concreto.,pendiente,Karlo  Vargas,726
2026-0005412,FX-402,Fenix,Nelly Román Villavicencio,438509.0,27,0.49179925695422366,medio,Priorizar seguimiento del asesor en 24 horas.,Nelly Román Villavicencio,32348.76,257,2026-06-06,manual,sin_clasificar,2.0,False,0,0,0.11111042190696199,P1_24_horas,24,2026-07-04 22:01,Seguimiento asesor en 24h + registrar compromiso concreto.,pendiente,Nelly Román Villavicencio,727
2026-0003845,FX-502,Fenix,Luis Peñaloza,428508.33,72,0.49705837983328177,medio,Priorizar seguimiento del asesor en 24 horas.,Luis Peñaloza,31949.05,263,2026-04-22,manual,sin_clasificar,2.0,False,0,0,0.11111111889003418,P1_24_horas,24,2026-07-04 22:01,Seguimiento asesor en 24h + registrar compromiso concreto.,pendiente,Luis Peñaloza,728
2026-0005384,CP-B808,Capadocia,Nelly Román Villavicencio,448166.83,29,0.4702261548411734,medio,Priorizar seguimiento del asesor en 24 horas.,Nelly Román Villavicencio,31610.96,274,2026-06-04,manual,sin_clasificar,2.0,False,0,0,0.1202689855471901,P1_24_horas,24,2026-07-04 22:01,Seguimiento asesor en 24h + registrar compromiso concreto.,pendiente,Nelly Román Villavicencio,729
2026-0003842,FX-702,Fenix,Luis Peñaloza,423776.54,72,0.49705837983328177,medio,Priorizar seguimiento del asesor en 24 horas.,Luis Peñaloza,31596.25,275,2026-04-22,manual,sin_clasificar,2.0,False,0,0,0.11111110586725731,P1_24_horas,24,2026-07-04 22:01,Seguimiento asesor en 24h + registrar compromiso concreto.,pendiente,Luis Peñaloza,730
2026-0005915,SL-303,Sialia,Yomira  Pacheco,372021.0,16,0.5648620653462764,medio,Priorizar seguimiento del asesor en 24 horas.,Yomira  Pacheco,31521.08,277,2026-06-17,manual,sin_clasificar,2.0,False,0,0,0.11110813636864585,P1_24_horas,24,2026-07-04 22:01,Seguimiento asesor en 24h + registrar compromiso concreto.,pendiente,Yomira  Pacheco,731
2026-0004436,SL-808,Sialia,Karlo  Vargas,393623.76,53,0.5178110217819518,medio,Priorizar seguimiento del asesor en 24 horas.,Karlo  Vargas,30573.41,292,2026-05-11,manual,sin_clasificar,3.0,True,0,0,0.11111110264278762,P1_24_horas,24,2026-07-04 22:01,Seguimiento asesor en 24h + registrar compromiso concreto.,pendiente,Karlo  Vargas,732
2026-0002954,NP-A1205,Torre Nápoles,Antonio Martinez,370000.0,110,0.5354190731023488,medio,Priorizar seguimiento del asesor en 24 horas.,Antonio Martinez,29715.76,303,2026-03-15,manual,sin_clasificar,3.0,False,0,0,0.0886355945945946,P1_24_horas,24,2026-07-04 22:01,Seguimiento asesor en 24h + registrar compromiso concreto.,pendiente,Antonio Martinez,733
2026-0006260,NP-A1902,Torre Nápoles,Yomira  Pacheco,340000.0,5,0.5768754887712089,medio,Priorizar seguimiento del asesor en 24 horas.,Yomira  Pacheco,29420.65,311,2026-06-28,manual,sin_clasificar,2.0,False,0,0,0.15124708823529412,P1_24_horas,24,2026-07-04 22:01,Seguimiento asesor en 24h + registrar compromiso concreto.,pendiente,Yomira  Pacheco,734
2026-0004655,NP-A1506,Torre Nápoles,Antonio Martinez,388000.0,48,0.5020577131833295,medio,Priorizar seguimiento del asesor en 24 horas.,Antonio Martinez,29219.76,321,2026-05-16,manual,sin_clasificar,3.0,False,0,0,0.13534682989690722,P1_24_horas,24,2026-07-04 22:01,Seguimiento asesor en 24h + registrar compromiso concreto.,pendiente,Antonio Martinez,735
2026-0005897,CP-A602,Capadocia,Ivan La Riva,333717.15,14,0.5645862980047156,medio,Priorizar seguimiento del asesor en 24 horas.,Ivan La Riva,28261.82,338,2026-06-19,manual,sin_clasificar,1.0,False,0,0,0.18704663515195427,P1_24_horas,24,2026-07-04 22:01,Seguimiento asesor en 24h + registrar compromiso concreto.,pendiente,Ivan La Riva,736
2026-0005247,NP-A1104,Torre Nápoles,Antonio Martinez,375000.0,32,0.4945644587057076,medio,Priorizar seguimiento del asesor en 24 horas.,Antonio Martinez,27819.25,352,2026-06-01,manual,sin_clasificar,3.0,False,0,0,0.15683122666666666,P1_24_horas,24,2026-07-04 22:01,Seguimiento asesor en 24h + registrar compromiso concreto.,pendiente,Antonio Martinez,737
2026-0004831,SL-1506,Sialia,Antonio Martinez,350000.0,47,0.517841918196862,medio,Priorizar seguimiento del asesor en 24 horas.,Antonio Martinez,27186.7,376,2026-05-17,manual,sin_clasificar,3.0,False,0,0,0.12562274285714287,P1_24_horas,24,2026-07-04 22:01,Seguimiento asesor en 24h + registrar compromiso concreto.,pendiente,Antonio Martinez,738
2026-0006031,NP-A2506,Torre Nápoles,Nelly Román Villavicencio,363000.0,13,0.49616396840372906,medio,Priorizar seguimiento del asesor en 24 horas.,Nelly Román Villavicencio,27016.13,382,2026-06-20,manual,sin_clasificar,3.0,False,0,0,0.14902358126721763,P1_24_horas,24,2026-07-04 22:01,Seguimiento asesor en 24h + registrar compromiso concreto.,pendiente,Nelly Román Villavicencio,739
2026-0003832,NP-A1201,Torre Nápoles,Antonio Martinez,369900.0,72,0.4863682930200966,medio,Priorizar seguimiento del asesor en 24 horas.,Antonio Martinez,26986.14,384,2026-04-22,manual,sin_clasificar,2.0,False,0,0,0.1190271965396053,P1_24_horas,24,2026-07-04 22:01,Seguimiento asesor en 24h + registrar compromiso concreto.,pendiente,Antonio Martinez,740
2026-0005789,NP-A2606,Torre Nápoles,Silvia Orellana,361957.14,19,0.4916006005651959,medio,Priorizar seguimiento del asesor en 24 horas.,Silvia Orellana,26690.75,398,2026-06-14,manual,sin_clasificar,3.0,False,0,0,0.14578209453196586,P1_24_horas,24,2026-07-04 22:01,Seguimiento asesor en 24h + registrar compromiso concreto.,pendiente,Silvia Orellana,741
2026-0005233,NP-A2104,Torre Nápoles,Antonio Martinez,361900.0,34,0.48843720289910714,medio,Priorizar seguimiento del asesor en 24 horas.,Antonio Martinez,26514.81,404,2026-05-30,manual,sin_clasificar,3.0,False,0,0,0.13619204200055265,P1_24_horas,24,2026-07-04 22:01,Seguimiento asesor en 24h + registrar compromiso concreto.,pendiente,Antonio Martinez,742
2026-0003315,NP-A2204,Torre Nápoles,Percy Soto,357000.0,95,0.4891218183984256,medio,Priorizar seguimiento del asesor en 24 horas.,Percy Soto,26192.47,414,2026-03-30,manual,sin_clasificar,3.0,False,0,0,0.2011624649859944,P1_24_horas,24,2026-07-04 22:01,Seguimiento asesor en 24h + registrar compromiso concreto.,pendiente,Percy Soto,743
2026-0006279,NP-A2607,Torre Nápoles,Yomira  Pacheco,288603.0,5,0.6030517473666163,medio,Priorizar seguimiento del asesor en 24 horas.,Yomira  Pacheco,26106.38,418,2026-06-28,manual,sin_clasificar,2.0,False,0,0,0.13636666978513737,P1_24_horas,24,2026-07-04 22:01,Seguimiento asesor en 24h + registrar compromiso concreto.,pendiente,Yomira  Pacheco,744
2026-0003094,GY-203,Alicanto,Antonio Martinez,290000.0,104,0.5943341966067917,medio,Priorizar seguimiento del asesor en 24 horas.,Antonio Martinez,25853.54,424,2026-03-21,manual,sin_clasificar,1.0,False,0,0,0.08813937931034482,P1_24_horas,24,2026-07-04 22:01,Seguimiento asesor en 24h + registrar compromiso concreto.,pendiente,Antonio Martinez,745
2026-0006331,NP-A2107,Torre Nápoles,Antonio Martinez,294000.0,3,0.572072829212026,medio,Priorizar seguimiento del asesor en 24 horas.,Antonio Martinez,25228.41,447,2026-06-30,manual,sin_clasificar,2.0,False,0,0,0.14896326530612244,P1_24_horas,24,2026-07-04 22:01,Seguimiento asesor en 24h + registrar compromiso concreto.,pendiente,Antonio Martinez,746
2026-0004548,NP-A1901,Torre Nápoles,Antonio Martinez,315000.0,50,0.529211961543906,medio,Priorizar seguimiento del asesor en 24 horas.,Antonio Martinez,25005.27,460,2026-05-14,manual,sin_clasificar,2.0,False,0,0,0.13636361904761904,P1_24_horas,24,2026-07-04 22:01,Seguimiento asesor en 24h + registrar compromiso concreto.,pendiente,Antonio Martinez,747
2026-0002726,NP-A902,Torre Nápoles,Luis Peñaloza,312927.23,111,0.5295865503149259,medio,Priorizar seguimiento del asesor en 24 horas.,Luis Peñaloza,24858.31,463,2026-03-14,manual,sin_clasificar,2.0,False,0,0,0.1363636203854807,P1_24_horas,24,2026-07-04 22:01,Seguimiento asesor en 24h + registrar compromiso concreto.,pendiente,Luis Peñaloza,748
2026-0005781,SL-1001,Sialia,Ivan La Riva,261480.0,19,0.6112632348920689,medio,Priorizar seguimiento del asesor en 24 horas.,Ivan La Riva,23974.97,493,2026-06-14,manual,sin_clasificar,1.0,False,0,0,0.12385907143949823,P1_24_horas,24,2026-07-04 22:01,Seguimiento asesor en 24h + registrar compromiso concreto.,pendiente,Ivan La Riva,749
2026-0005534,MD-1701,Modena,Antonio Martinez,255000.0,22,0.622606976996595,medio,Priorizar seguimiento del asesor en 24 horas.,Antonio Martinez,23814.72,499,2026-06-11,manual,sin_clasificar,1.0,False,0,0,0.23915854901960784,P1_24_horas,24,2026-07-04 22:01,Seguimiento asesor en 24h + registrar compromiso concreto.,pendiente,Antonio Martinez,750
2026-0005875,NP-A2609,Torre Nápoles,Karlo  Vargas,255191.69,14,0.6075546068010734,medio,Priorizar seguimiento del asesor en 24 horas.,Karlo  Vargas,23256.43,516,2026-06-19,manual,sin_clasificar,1.0,True,0,0,0.11155073270606891,P1_24_horas,24,2026-07-04 22:01,Seguimiento asesor en 24h + registrar compromiso concreto.,pendiente,Karlo  Vargas,751
2026-0005289,NP-A2307,Torre Nápoles,Karlo  Vargas,285000.0,33,0.5296585382744293,medio,Priorizar seguimiento del asesor en 24 horas.,Karlo  Vargas,22642.9,531,2026-05-31,manual,sin_clasificar,2.0,True,0,0,0.15416817543859648,P1_24_horas,24,2026-07-04 22:01,Seguimiento asesor en 24h + registrar compromiso concreto.,pendiente,Karlo  Vargas,752
2026-0006060,MT-A1006,Matera,Ivan La Riva,310000.0,11,0.4773174835023386,medio,Priorizar seguimiento del asesor en 24 horas.,Ivan La Riva,22195.26,541,2026-06-22,manual,sin_clasificar,1.0,False,0,0,0.17014751612903226,P1_24_horas,24,2026-07-04 22:01,Seguimiento asesor en 24h + registrar compromiso concreto.,pendiente,Ivan La Riva,753
2026-0005086,NP-A2807,Torre Nápoles,Karlo  Vargas,274815.8,37,0.5296585382744293,medio,Priorizar seguimiento del asesor en 24 horas.,Karlo  Vargas,21833.78,550,2026-05-27,manual,sin_clasificar,2.0,True,0,0,0.16197289238828336,P1_24_horas,24,2026-07-04 22:01,Seguimiento asesor en 24h + registrar compromiso concreto.,pendiente,Karlo  Vargas,754
2026-0005381,NP-A1710,Torre Nápoles,Luis Peñaloza,239381.71,29,0.6043478033583384,medio,Priorizar seguimiento del asesor en 24 horas.,Luis Peñaloza,21700.47,556,2026-06-04,manual,sin_clasificar,1.0,False,0,0,0.13636363446480518,P1_24_horas,24,2026-07-04 22:01,Seguimiento asesor en 24h + registrar compromiso concreto.,pendiente,Luis Peñaloza,755
2026-0003097,NP-A1003,Torre Nápoles,Nelly Román Villavicencio,230000.0,104,0.5914637134633561,medio,Priorizar seguimiento del asesor en 24 horas.,Nelly Román Villavicencio,20405.5,601,2026-03-21,manual,sin_clasificar,1.0,False,0,0,0.1481784347826087,P1_24_horas,24,2026-07-04 22:01,Seguimiento asesor en 24h + registrar compromiso concreto.,pendiente,Nelly Román Villavicencio,756
2026-0004338,NP-A2210,Torre Nápoles,Karlo  Vargas,226012.45,59,0.5902795835174742,medio,Priorizar seguimiento del asesor en 24 horas.,Karlo  Vargas,20011.58,611,2026-05-05,manual,sin_clasificar,1.0,True,0,0,0.13636363837478865,P1_24_horas,24,2026-07-04 22:01,Seguimiento asesor en 24h + registrar compromiso concreto.,pendiente,Karlo  Vargas,757
2026-0003385,NP-A2710,Torre Nápoles,Luis Peñaloza,219908.13,90,0.6043478033583384,medio,Priorizar seguimiento del asesor en 24 horas.,Luis Peñaloza,19935.15,616,2026-04-04,manual,sin_clasificar,1.0,False,0,0,0.1363636260287421,P1_24_horas,24,2026-07-04 22:01,Seguimiento asesor en 24h + registrar compromiso concreto.,pendiente,Luis Peñaloza,758
2026-0003313,NP-A2203,Torre Nápoles,Percy Soto,205000.0,95,0.6050171521460773,medio,Priorizar seguimiento del asesor en 24 horas.,Percy Soto,18604.28,631,2026-03-30,manual,sin_clasificar,1.0,False,0,0,0.20348780487804877,P1_24_horas,24,2026-07-04 22:01,Seguimiento asesor en 24h + registrar compromiso concreto.,pendiente,Percy Soto,759
2026-0005313,MT-A1202,Matera,Joceline Arizabal Corimanya,268768.0,33,0.4541640929278331,medio,Priorizar seguimiento del asesor en 24 horas.,Joceline Arizabal Corimanya,18309.72,637,2026-05-31,manual,sin_clasificar,1.0,False,0,0,0.25,P1_24_horas,24,2026-07-04 22:01,Seguimiento asesor en 24h + registrar compromiso concreto.,pendiente,Joceline Arizabal Corimanya,760
2026-0004861,NP-A2608,Torre Nápoles,Karlo  Vargas,203487.46,47,0.5958941842086547,medio,Priorizar seguimiento del asesor en 24 horas.,Karlo  Vargas,18188.55,642,2026-05-17,manual,sin_clasificar,1.0,True,0,0,0.16637118572318904,P1_24_horas,24,2026-07-04 22:01,Seguimiento asesor en 24h + registrar compromiso concreto.,pendiente,Karlo  Vargas,761
2026-0005178,MT-B1202,Matera,Karlo  Vargas,400000.0,31,0.39328040648870577,bajo,Seguimiento comercial estándar.,Karlo  Vargas,23596.82,508,2026-06-02,manual,sin_clasificar,2.0,True,0,0,0.1728077,P2_72_horas,72,2026-07-06 22:01,Seguimiento preventivo y validación de objeciones.,pendiente,Karlo  Vargas,762
2026-0006180,MT-A702,Matera,Joceline Arizabal Corimanya,383745.5,6,0.39653642135624284,bajo,Seguimiento comercial estándar.,Joceline Arizabal Corimanya,22825.36,526,2026-06-27,manual,sin_clasificar,1.0,False,0,0,0.1228870175676327,P2_72_horas,72,2026-07-06 22:01,Seguimiento preventivo y validación de objeciones.,pendiente,Joceline Arizabal Corimanya,763
